	GO:0002159	GO:0003007	GO:0003008	GO:0003012	GO:0003013	GO:0003015	GO:0003300	GO:0006357	GO:0006366	GO:0006936	GO:0006941	GO:0006942	GO:0006996	GO:0006998	GO:0007010	GO:0007015	GO:0007077	GO:0007154	GO:0007275	GO:0007507	GO:0007517	GO:0008015	GO:0008016	GO:0009653	GO:0009719	GO:0009888	GO:0009891	GO:0009893	GO:0010557	GO:0010604	GO:0010927	GO:0010959	GO:0014706	GO:0014896	GO:0014897	GO:0022402	GO:0023052	GO:0030029	GO:0030035	GO:0030036	GO:0030048	GO:0030154	GO:0030239	GO:0030240	GO:0031032	GO:0032501	GO:0032502	GO:0032956	GO:0032970	GO:0032989	GO:0033043	GO:0034329	GO:0034330	GO:0034334	GO:0034605	GO:0035051	GO:0035265	GO:0035295	GO:0035556	GO:0040007	GO:0042391	GO:0042692	GO:0043266	GO:0043502	GO:0044057	GO:0045214	GO:0045216	GO:0045595	GO:0045893	GO:0045935	GO:0045944	GO:0048468	GO:0048513	GO:0048518	GO:0048522	GO:0048523	GO:0048646	GO:0048729	GO:0048731	GO:0048738	GO:0048856	GO:0048869	GO:0050789	GO:0050793	GO:0050794	GO:0051093	GO:0051128	GO:0051146	GO:0051239	GO:0051252	GO:0051254	GO:0051493	GO:0051495	GO:0051716	GO:0055001	GO:0055002	GO:0055003	GO:0055006	GO:0055007	GO:0055013	GO:0060047	GO:0060048	GO:0060306	GO:0060419	GO:0060537	GO:0061061	GO:0061337	GO:0065007	GO:0065008	GO:0065009	GO:0070252	GO:0070925	GO:0071495	GO:0072359	GO:0086001	GO:0086002	GO:0086003	GO:0086005	GO:0086019	GO:0086023	GO:0090257	GO:0097435	GO:0098903	GO:0110053	GO:0140694	GO:0141124	GO:1901016	GO:1901018	GO:1901379	GO:1901381	GO:1902261	GO:1902680	GO:1902903	GO:1902905	GO:1903522	GO:1903760	GO:1903762	GO:1905024	GO:1905026	GO:1905031	GO:1905033	GO:1905335	GO:1905337
GO:0002159	1	-0	-0	-0	-0	-0	-0	-0	0.008612367334510576	-0	-0	-0	0.2475008839405181	0.18599391153464342	0.22840469669576652	0.21026422954651158	0.14410818611741108	0.010325466970400382	-0	-0	-0	-0	-0	-0	-0	-0	-0	-0	-0	-0	0.3119562306202953	-0	-0	-0	-0	0.009293250951931117	-0	0.008836066050985296	0.2418145415301062	0.21637671047036708	0.007782525111062916	0.00935679503503522	0.3076968135787863	0.2668823829618117	0.19525671302547534	-0	-0	-0	-0	0.19074194440001424	-0	0.6170962660159984	0.2058566221844691	0.5894018282569974	0.008030928896653673	0.007361906713718132	-0	-0	0.00982030296999611	-0	-0	0.007980955493709878	-0	-0	-0	0.2970077148244209	0.6137259558698718	-0	-0	-0	-0	0.008978987108082622	-0	-0	-0	-0	-0	-0	-0	-0	-0	0.009371017651623762	-0	-0	-0	-0	-0	0.007878277919735378	-0	-0	-0	-0	-0	0.01062051378993991	0.007843913526892815	0.007764682911479524	0.28660561204526813	0.007266881073837262	0.007319960269286408	0.007260906448854426	-0	-0	-0	-0	-0	-0	-0	-0	-0	-0	0.007264577781788439	0.36915488359724685	-0	-0	-0	0.007114477569559158	0.0071229630404885174	0.0069755175258763005	0.0066404230386737486	0.006455099028217641	-0	0.2165805196972538	-0	-0	0.35836382978397596	0.008826595018902652	-0	-0	-0	-0	-0	-0	-0	-0	-0	-0	-0	-0	-0	-0	-0	-0	-0
GO:0003007	-0	1	0.5429263822078781	0.45802508866891534	0.46489555891343365	0.4279101168972199	0.35257758112509235	-0	-0	0.4559953494020428	0.43307248920524694	-0	-0	-0	-0	-0	-0	-0	0.5936336256124939	0.8415252551022755	0.6229939350973769	0.46391501560986703	-0	0.5729610159326395	-0	0.5339288985600413	-0	-0	-0	-0	0.5749459211385974	-0	0.4584260563808762	0.3542728381001211	0.35370628153293227	-0	-0	-0	-0	-0	-0	0.5595858098469642	0.5645552055800537	0.46951538236062235	-0	-0	-0	-0	-0	-0	-0	-0	-0	-0	-0	0.8058917436541841	0.397867191260875	0.5524730456904715	-0	-0	-0	0.4738929231863231	-0	-0	-0	0.5388848834083326	-0	-0	-0	-0	-0	0.5569291368001889	0.5564435364336783	-0	-0	-0	0.6492251770908501	0.5928325907271708	0.66329683784144	0.8326203670872991	0.5835186303069827	0.5607988961233831	-0	-0	-0	-0	-0	0.4657505993429983	-0	-0	-0	-0	-0	-0	0.46304138649749627	0.45682509200882937	0.7746776862255944	0.792351969424781	0.7999017877040876	0.7915042399597105	0.42610911623098074	0.417780651855543	-0	0.7144518819686834	0.46076081469280533	0.4894539104448758	-0	-0	-0	-0	-0	-0	-0	0.5894064097033753	-0	0.39504077970977824	0.39565041845061716	0.38511756242947653	-0	0.34893811952280746	-0	-0	-0	-0	-0	-0	-0	-0	-0	-0	-0	-0	-0	-0	-0	-0	-0	-0	-0	-0	-0	-0	-0
GO:0003008	-0	0.5429263822078781	1	0.5744028049867634	0.5852495501985094	0.5278182852992112	0.4177271254836827	-0	-0	0.5712141605807164	0.5356948726360109	-0	-0	-0	-0	-0	-0	-0	0.7724008373673376	0.5962064300125617	-0	0.5836964442349274	-0	-0	-0	-0	-0	-0	-0	-0	-0	-0	-0	0.42010888292897236	0.41931242608946945	-0	-0	-0	-0	-0	-0	-0	-0	-0	-0	-0	-0	-0	-0	-0	-0	-0	-0	-0	-0	0.505307544159963	0.48284603290372213	0.6009723089308187	-0	-0	-0	-0	-0	-0	-0	-0	-0	-0	-0	-0	-0	-0	-0	-0	-0	-0	-0	-0	0.7621683706872602	0.525966053078168	-0	-0	-0	-0	-0	-0	-0	-0	-0	-0	-0	-0	-0	-0	-0	-0	0.4815666393557304	0.4949591180046688	0.5007198603976122	0.49431377508077146	0.5250808045932012	0.5124913061605484	-0	0.43689287476181043	-0	-0	-0	-0	-0	-0	-0	-0	-0	0.6271618951555461	-0	0.4786896263105364	0.47958507080283086	0.4641961424896809	-0	0.4126281194063239	-0	-0	-0	-0	-0	-0	-0	-0	-0	-0	-0	-0	-0	-0	-0	-0	-0	-0	-0	-0	-0	-0	-0
GO:0003012	-0	0.45802508866891534	0.5744028049867634	1	0.6750182974111152	0.6188921632420644	0.5059173493902801	-0	-0	0.6614719216501168	0.6266998519072928	-0	-0	-0	-0	-0	-0	-0	0.6112167756608563	0.4953713523809573	-0	0.6735246306432371	-0	-0	-0	-0	-0	-0	-0	-0	-0	-0	-0	0.508440098704122	0.5075968937703698	-0	-0	-0	-0	-0	-0	-0	-0	-0	-0	-0	-0	-0	-0	-0	-0	-0	-0	-0	-0	0.4309585091115029	0.4145129702706973	0.49865702826004765	-0	-0	-0	-0	-0	-0	-0	-0	-0	-0	-0	-0	-0	-0	-0	-0	-0	-0	-0	-0	0.604791560594818	0.44589517647274024	-0	-0	-0	-0	-0	-0	-0	-0	-0	-0	-0	-0	-0	-0	-0	-0	0.41356972213462756	0.4234085555049241	0.42761707140725685	0.4229362173637469	0.6161702895342804	0.6035968175470372	-0	0.38018378846620404	-0	-0	-0	-0	-0	-0	-0	-0	-0	0.5165553930975634	-0	0.5693785848350978	0.570293815428355	0.5544976629926313	-0	0.5005044089070187	-0	-0	-0	-0	-0	-0	-0	-0	-0	-0	-0	-0	-0	-0	-0	-0	-0	-0	-0	-0	-0	-0	-0
GO:0003013	-0	0.46489555891343365	0.5852495501985094	0.6750182974111152	1	0.627953579091981	0.511956363672592	-0	-0	0.6718335167734452	0.6359930566314995	-0	-0	-0	-0	-0	-0	-0	0.6235133118903066	0.5034177447302565	-0	0.6842703311108499	-0	-0	-0	-0	-0	-0	-0	-0	-0	-0	-0	0.5145398531284472	0.5136763121605563	-0	-0	-0	-0	-0	-0	-0	-0	-0	-0	-0	-0	-0	-0	-0	-0	-0	-0	-0	-0	0.4370355764684607	0.4201320570988388	0.5068113925906821	-0	-0	-0	-0	-0	-0	-0	-0	-0	-0	-0	-0	-0	-0	-0	-0	-0	-0	-0	-0	0.6168283834772541	0.4524039773721826	-0	-0	-0	-0	-0	-0	-0	-0	-0	-0	-0	-0	-0	-0	-0	-0	0.41916309240824773	0.42927311117679523	0.43359961289194	0.4287876053804611	0.6251515985215522	0.6122127613471097	-0	0.38490539056917183	-0	-0	-0	-0	-0	-0	-0	-0	-0	0.5253107732145481	-0	0.5770391345364331	0.5779791785747159	0.5617604688102417	-0	0.5064141337934001	-0	-0	-0	-0	-0	-0	-0	-0	-0	-0	-0	-0	-0	-0	-0	-0	-0	-0	-0	-0	-0	-0	-0
GO:0003015	-0	0.4279101168972199	0.5278182852992112	0.6188921632420644	0.627953579091981	1	0.4790096707124682	-0	-0	0.6162139274727083	0.585928369978792	-0	-0	-0	-0	-0	-0	-0	0.5587423720667597	0.4603330030479001	-0	0.9123431901801223	-0	-0	-0	-0	-0	-0	-0	-0	-0	-0	-0	0.48127060713174974	0.4805150440719391	-0	-0	-0	-0	-0	-0	-0	-0	-0	-0	-0	-0	-0	-0	-0	-0	-0	-0	-0	-0	0.4041936139705556	0.3896929940587583	0.4631689850477415	-0	-0	-0	-0	-0	-0	-0	-0	-0	-0	-0	-0	-0	-0	-0	-0	-0	-0	-0	-0	0.5533681887323767	0.41730437371811435	-0	-0	-0	-0	-0	-0	-0	-0	-0	-0	-0	-0	-0	-0	-0	-0	0.38885920905111715	0.39754509306744196	0.40125291531994683	0.39712866868788854	0.8396270270405566	0.8235698707192286	-0	0.35920060891975414	-0	-0	-0	-0	-0	-0	-0	-0	-0	0.47857110331471625	-0	0.7796573866294292	0.780835992532284	0.7604625306832723	-0	0.6903122332116837	-0	-0	-0	-0	-0	-0	-0	-0	-0	-0	-0	-0	-0	-0	-0	-0	-0	-0	-0	-0	-0	-0	-0
GO:0003300	-0	0.35257758112509235	0.4177271254836827	0.5059173493902801	0.511956363672592	0.4790096707124682	1	-0	-0	0.757638271548717	0.7269004027793124	-0	-0	-0	-0	-0	-0	-0	0.43686256091978803	0.37429964645236735	-0	0.5110967155347373	-0	-0	-0	-0	-0	-0	-0	-0	-0	-0	-0	0.6162729313789773	0.9946252209121264	-0	-0	-0	-0	-0	-0	-0	-0	-0	-0	-0	-0	-0	-0	-0	-0	-0	-0	-0	-0	0.3363178535181265	0.32621760993978655	0.3761724762924704	-0	-0	-0	-0	-0	-0	-0	-0	-0	-0	-0	-0	-0	-0	-0	-0	-0	-0	-0	-0	0.4335703241757115	0.34534581281182014	-0	-0	-0	-0	-0	-0	-0	-0	-0	-0	-0	-0	-0	-0	-0	-0	0.3256331226511251	0.3317020504412942	0.3342793925473411	0.3314120924936295	0.47737752666730765	0.7060436658544832	-0	0.30457389464443174	-0	-0	-0	-0	-0	-0	-0	-0	-0	0.38626898838951224	-0	0.6744938753973808	0.6753481822419724	0.6605214649508622	-0	0.40488542074321315	-0	-0	-0	-0	-0	-0	-0	-0	-0	-0	-0	-0	-0	-0	-0	-0	-0	-0	-0	-0	-0	-0	-0
GO:0006357	-0	-0	-0	-0	-0	-0	-0	1	-0	-0	-0	0.16606539386892982	-0	-0	-0	-0	-0	-0	-0	-0	-0	-0	0.18109917209076662	-0	-0	-0	0.47627795545007967	0.46330978060369	0.47892767162874417	0.4719785628638425	-0	0.20345486196485746	-0	-0	-0	-0	0.34845494274157873	-0	-0	-0	-0	-0	-0	-0	-0	-0	-0	0.23597916818152032	0.2365454230625274	-0	0.2642770677093634	-0	-0	-0	-0	-0	-0	-0	0.3326858453898368	-0	0.21037723682546758	-0	0.18373354139133538	0.14776657445657554	0.20034714525242592	-0	-0	0.2403222660082935	0.5306192769736872	0.5240514223425344	0.5015957262232796	-0	-0	0.3079306217144124	0.32362778743487985	0.33173513994266207	-0	-0	-0	-0	-0	-0	0.4083871322723126	0.26110300348593607	0.4242858506099175	0.20466520470519575	0.28320285324007693	-0	0.24437311764946296	0.7064590789091487	0.5282030155058988	0.24568950246846047	0.20376541924316677	-0	-0	-0	-0	-0	-0	-0	-0	-0	0.16239090516212604	-0	-0	-0	0.16637940101823478	-0	0.2751730224402615	0.2478619103440327	-0	-0	-0	-0	0.15266775910750194	0.15180264225262474	-0	0.146721901499372	0.14256411195216095	0.14720645438304059	0.179958647300583	-0	0.1372193009105622	0.23032076520046332	-0	0.2615252569565593	0.18546793283676546	0.1729153501666332	0.19566814613031056	0.17991420501904248	0.12859401243084947	0.530550523574848	0.23481285697030732	0.20227475352420612	0.1881923768602167	0.14641695137809346	0.14641695137809346	0.13626978493262323	0.13561491751114219	0.13656172553608428	0.13561491751114219	0.21614189912519366	0.21265224316423015
GO:0006366	0.008612367334510576	-0	-0	-0	-0	-0	-0	-0	1	-0	-0	-0	0.018720103487932713	0.011600361498434866	0.016205491648282132	0.01408925639973335	0.008028923447340436	0.019560224848069276	-0	-0	-0	-0	-0	-0	-0	-0	-0	-0	-0	-0	0.012059787511271128	-0	-0	-0	-0	0.016159994888764954	-0	0.01482606675956408	0.008317033248401367	0.014775548351687389	0.01208178351814161	0.016353112544659962	0.011806235147355813	0.009555943043970661	0.01250849535952074	-0	-0	-0	-0	0.012059787511271128	-0	0.012830758415952178	0.013610120913928651	0.009862135462191814	0.012691187383854963	0.011097472074515077	-0	-0	0.017823377485901307	-0	-0	0.012566837180804405	-0	-0	-0	0.011186320192452331	0.012719926018824396	-0	-0	-0	-0	0.01523290195446233	-0	-0	-0	-0	-0	-0	-0	-0	-0	0.01639660560893821	-0	-0	-0	-0	-0	0.012314129114957075	-0	-0	-0	-0	-0	0.020646806689386617	0.012230378466197074	0.012038837811730407	0.010604575622993431	0.010882949444605964	0.01100243154307964	0.010869554832976776	-0	-0	-0	-0	-0	-0	-0	-0	-0	-0	0.010877784357687756	0.015876171146200622	-0	-0	-0	0.010544664051778114	0.010563315185283247	0.010242252268248878	0.00953570173573504	0.009158135828793318	-0	0.014798883045190628	-0	-0	0.015091835447360107	0.014799421751775493	-0	-0	-0	-0	-0	-0	-0	-0	-0	-0	-0	-0	-0	-0	-0	-0	-0
GO:0006936	-0	0.4559953494020428	0.5712141605807164	0.6614719216501168	0.6718335167734452	0.6162139274727083	0.757638271548717	-0	-0	1	0.9377239484940765	-0	-0	-0	-0	-0	-0	-0	0.6076075916092255	0.4929979761068864	-0	0.6703538957447485	-0	-0	-0	-0	-0	-0	-0	-0	-0	-0	-0	0.761402781896225	0.7601445449506091	-0	-0	-0	-0	-0	-0	-0	-0	-0	-0	-0	-0	-0	-0	-0	-0	-0	-0	-0	-0	0.42916110229285487	0.4128498607891443	0.4962521399583816	-0	-0	-0	-0	-0	-0	-0	-0	-0	-0	-0	-0	-0	-0	-0	-0	-0	-0	-0	-0	0.6012576390623222	0.4439712953247732	-0	-0	-0	-0	-0	-0	-0	-0	-0	-0	-0	-0	-0	-0	-0	-0	0.41191415792874136	0.4216734477261722	0.42584737170136877	0.42120497074898056	0.6135155090763132	0.9033010516059053	-0	0.3787842781260931	-0	-0	-0	-0	-0	-0	-0	-0	-0	0.5139752152044168	-0	0.8522963676509697	0.8536609010438927	0.8301076878817012	-0	0.49875135887059985	-0	-0	-0	-0	-0	-0	-0	-0	-0	-0	-0	-0	-0	-0	-0	-0	-0	-0	-0	-0	-0	-0	-0
GO:0006941	-0	0.43307248920524694	0.5356948726360109	0.6266998519072928	0.6359930566314995	0.585928369978792	0.7269004027793124	-0	-0	0.9377239484940765	1	-0	-0	-0	-0	-0	-0	-0	0.5675766756435867	0.4663127886093461	-0	0.6346669362827974	-0	-0	-0	-0	-0	-0	-0	-0	-0	-0	-0	0.7303649538411584	0.7292071296411587	-0	-0	-0	-0	-0	-0	-0	-0	-0	-0	-0	-0	-0	-0	-0	-0	-0	-0	-0	-0	0.4087965275130794	0.39396982147637183	0.4692231616253529	-0	-0	-0	-0	-0	-0	-0	-0	-0	-0	-0	-0	-0	-0	-0	-0	-0	-0	-0	-0	0.562032049064525	0.4222125510772464	-0	-0	-0	-0	-0	-0	-0	-0	-0	-0	-0	-0	-0	-0	-0	-0	0.3931176546983794	0.40199699278960893	0.4057887199823817	0.4015711945447513	0.5834881509968395	0.8680383872875318	-0	0.3628312044321457	-0	-0	-0	-0	-0	-0	-0	-0	-0	0.4850374338627005	-0	0.821250473940869	0.8225055059196393	0.8008167567258605	-0	0.4787237721040372	-0	-0	-0	-0	-0	-0	-0	-0	-0	-0	-0	-0	-0	-0	-0	-0	-0	-0	-0	-0	-0	-0	-0
GO:0006942	-0	-0	-0	-0	-0	-0	-0	0.16606539386892982	-0	-0	-0	1	-0	-0	-0	-0	-0	-0	-0	-0	-0	-0	0.8100011588877216	-0	-0	-0	0.15627601628715715	0.16091080192894314	0.1560698613670234	0.15994365672607933	-0	0.13051983741135478	-0	-0	-0	-0	0.17805040974416173	-0	-0	-0	-0	-0	-0	-0	-0	-0	-0	0.13641895572214383	0.13662346903984232	-0	0.14620859044475124	-0	-0	-0	-0	-0	-0	-0	0.16672435925440182	-0	0.13066977527695023	-0	0.12211145592150427	0.8234774806660209	0.6289602462500439	-0	-0	0.13797820288304183	0.1528812102503942	0.1549139199912076	0.14791625158568272	-0	-0	0.16683182393037596	0.16423257098129335	0.16646575125499175	-0	-0	-0	-0	-0	-0	0.1869798399520857	0.1520569899484999	0.19594484048868788	0.13101688741868117	0.152299264053716	-0	0.14622707960435607	0.18189649841994	0.15443398930799998	0.13987587528107892	0.12414617417335402	-0	-0	-0	-0	-0	-0	-0	-0	-0	0.1123020645264805	-0	-0	-0	0.7648136339698602	-0	0.15305520324819746	0.1442165338490301	-0	-0	-0	-0	0.10582363717984956	0.10540724624756849	-0	0.10293224918370508	0.6861436574816222	0.09906280359257652	0.8065873058156953	-0	0.0996593642321085	0.1343549386252195	-0	0.1452937128746525	0.1165673766579061	0.11108509498392723	0.12085032625009125	0.11417140057215837	0.08962062597323435	0.1528833820241088	0.1359965601299375	0.12354615036853785	0.8309162201188217	0.09867549838181598	0.09867549838181598	0.09915756330139884	0.09881036730347177	0.09931205093893143	0.09881036730347177	0.09480127602473727	0.09366444291113002
GO:0006996	0.2475008839405181	-0	-0	-0	-0	-0	-0	-0	0.018720103487932713	-0	-0	-0	1	0.3544163594217023	0.548482030634973	0.4543511582287659	0.2280891226749085	0.02927886034971054	-0	-0	-0	-0	-0	-0	-0	-0	-0	-0	-0	-0	0.37206457777315877	-0	-0	-0	-0	0.02226606864455593	-0	0.019810237582933266	0.23761888768575687	0.4838890170923833	0.015197703536331196	0.02263436049483183	0.36228215939998	0.27986555856448053	0.3896382799240436	-0	-0	-0	-0	0.37206457777315877	-0	0.40247084714632075	0.4342595952065583	0.2906354760946399	0.016174683502908776	0.01367226137892739	-0	-0	0.025551747213455288	-0	-0	0.015973242841050762	-0	-0	-0	0.3388025212225915	0.39803728927705767	-0	-0	-0	-0	0.02054335051129253	-0	-0	-0	-0	-0	-0	-0	-0	-0	0.022717766918246438	-0	-0	-0	-0	-0	0.015567180724311496	-0	-0	-0	-0	-0	0.03178253824529422	0.015433576214229859	0.01512981199985774	0.3173165246843343	0.013348099291084842	0.013528288946156593	0.013327954874285246	-0	-0	-0	-0	-0	-0	-0	-0	-0	-0	0.01334033008607298	0.5332257494933693	-0	-0	-0	0.012842761551396374	0.012870438870437933	0.012396957486291852	0.011376663933624902	0.01084331663238086	-0	0.4849094874227332	-0	-0	0.49781328703988664	0.01976269519299011	-0	-0	-0	-0	-0	-0	-0	-0	-0	-0	-0	-0	-0	-0	-0	-0	-0
GO:0006998	0.18599391153464342	-0	-0	-0	-0	-0	-0	-0	0.011600361498434866	-0	-0	-0	0.3544163594217023	1	0.4393475723104461	0.39242925140933055	0.6493017989283958	0.014938742899267375	-0	-0	-0	-0	-0	-0	-0	-0	-0	-0	-0	-0	0.24851907874017665	-0	-0	-0	-0	0.012870495250035453	-0	0.012009898214466712	0.18035728338597143	0.40792372259427084	0.010143518938366581	0.012992696284323611	0.33884553938561585	0.2827403882985396	0.35567197713861287	-0	-0	-0	-0	0.24851907874017665	-0	0.2617264932082419	0.27480828021500797	0.20934224709815213	0.010569627463745108	0.009440508978901333	-0	-0	0.013903957504971351	-0	-0	0.0104832355136808	-0	-0	-0	0.32372821399736146	0.25984433927306844	-0	-0	-0	-0	0.012275473400516495	-0	-0	-0	-0	-0	-0	-0	-0	-0	0.013020136052591127	-0	-0	-0	-0	-0	0.010306790973734254	-0	-0	-0	-0	-0	0.01556431860399251	0.010248054284101568	0.010113230096332712	0.3093108233839814	0.00928481525145324	0.00937164260001365	0.009275063964505519	-0	-0	-0	-0	-0	-0	-0	-0	-0	-0	0.009281055482018439	0.4322112528235546	-0	-0	-0	0.009037458666469659	0.009051155576354874	0.008814404773436318	0.008286038556863908	0.007999461934958034	-0	0.29425863134534597	-0	-0	0.41497315198619295	0.011992408171285098	-0	-0	-0	-0	-0	-0	-0	-0	-0	-0	-0	-0	-0	-0	-0	-0	-0
GO:0007010	0.22840469669576652	-0	-0	-0	-0	-0	-0	-0	0.016205491648282132	-0	-0	-0	0.548482030634973	0.4393475723104461	1	0.546746640968744	0.29395044352965843	0.023560842743599573	-0	-0	-0	-0	-0	-0	-0	-0	-0	-0	-0	-0	0.3305228382175235	-0	-0	-0	-0	0.018796867216025796	-0	0.017016086594840402	0.2199627773840375	0.577297410762739	0.013497392599766263	0.0190586603061715	0.44803512195968975	0.35491398226026377	0.47793149267300133	-0	-0	-0	-0	0.3305228382175235	-0	0.35430134976871347	0.3787055181895354	0.26465246666043785	0.014262490755223413	0.012280522680437847	-0	-0	0.021085820373859632	-0	-0	0.014105632923358544	-0	-0	-0	0.42197980480606306	0.3508610039276667	-0	-0	-0	-0	0.01755417039199434	-0	-0	-0	-0	-0	-0	-0	-0	-0	0.019117761334229322	-0	-0	-0	-0	-0	0.0137880302009375	-0	-0	-0	-0	-0	0.025155469145776287	0.01368311659019586	0.013443815824290085	0.39780972630841427	0.012018363762265175	0.012164244530403283	0.01200203054162569	-0	-0	-0	-0	-0	-0	-0	-0	-0	-0	0.01201206502350104	0.6271739040331099	-0	-0	-0	0.011607143428234159	0.01162974651981134	0.011241775231270868	0.010396285753656814	0.00994909302565946	-0	0.4166589228674164	-0	-0	0.5915181672734058	0.016980997832743504	-0	-0	-0	-0	-0	-0	-0	-0	-0	-0	-0	-0	-0	-0	-0	-0	-0
GO:0007015	0.21026422954651158	-0	-0	-0	-0	-0	-0	-0	0.01408925639973335	-0	-0	-0	0.4543511582287659	0.39242925140933055	0.546746640968744	1	0.27217833310890155	0.019337911193684977	-0	-0	-0	-0	-0	-0	-0	-0	-0	-0	-0	-0	0.2938379350379149	-0	-0	-0	-0	0.01600795421483667	-0	0.014697991081363009	0.20308895260537352	0.9373525858535865	0.7676665646029319	0.016197433781628297	0.7558510494512679	0.6125889372199279	0.800482574924566	-0	-0	-0	-0	0.2938379350379149	-0	0.31248212084669025	0.33131220136070666	0.24060050408046157	0.012597223743712969	0.011025559073172857	-0	-0	0.017638605138280056	-0	-0	0.012474699176083652	-0	-0	-0	0.7164224878718727	0.309802922432443	-0	-0	-0	-0	0.015097732948675556	-0	-0	-0	-0	-0	-0	-0	-0	-0	0.016240101614557138	-0	-0	-0	-0	-0	0.01222564643497222	-0	-0	-0	-0	-0	0.02039926398955238	0.012143091001486344	0.011954253511901991	0.6793957138383064	0.01081378117323054	0.010931741093157778	0.010800556180141715	-0	-0	-0	-0	-0	-0	-0	-0	-0	-0	0.6916514359065653	0.5357386246167912	-0	-0	-0	0.6706008243659288	0.6717796473830117	0.6514836571305702	0.009482556926748873	0.009109105416869103	-0	0.36000079873011004	-0	-0	0.5095040546072792	0.014671804026968382	-0	-0	-0	-0	-0	-0	-0	-0	-0	-0	-0	-0	-0	-0	-0	-0	-0
GO:0007077	0.14410818611741108	-0	-0	-0	-0	-0	-0	-0	0.008028923447340436	-0	-0	-0	0.2280891226749085	0.6493017989283958	0.29395044352965843	0.27217833310890155	1	0.009497981717095294	-0	-0	-0	-0	-0	-0	-0	-0	-0	-0	-0	-0	0.17900145047715152	-0	-0	-0	-0	0.4387725904513982	-0	0.008222998412586724	0.14070117655220568	0.27954274725388684	0.007302969217605001	0.008672138798941832	0.24527665252751163	0.21447053556805784	0.2539739877546565	-0	-0	-0	-0	0.17900145047715152	-0	0.18575298894515155	0.1922481132996514	0.15773921519916695	0.007521273756214578	0.00693135279516671	-0	-0	0.009068858737426591	-0	-0	0.007477424554629711	-0	-0	-0	0.23725677975347143	0.18480295545135092	-0	-0	-0	-0	0.00834663631115149	-0	-0	-0	-0	-0	-0	-0	-0	-0	0.008684354809781735	-0	-0	-0	-0	-0	0.007387221227316942	-0	-0	-0	-0	-0	0.009747062833457432	0.007356999005891728	0.007287255909413844	0.22941959409206875	0.006847053457419723	0.006894156876786707	0.006841748979924928	-0	-0	-0	-0	-0	-0	-0	-0	-0	-0	0.006845008575229102	0.2907386554527009	-0	-0	-0	0.006711586677499791	0.006719137790949101	0.006587782598058791	0.006288105088390334	0.006121678264591652	-0	0.20156893293442443	-0	-0	0.282835331471997	0.00821479542390576	-0	-0	-0	-0	-0	-0	-0	-0	-0	-0	-0	-0	-0	-0	-0	-0	-0
GO:0007154	0.010325466970400382	-0	-0	-0	-0	-0	-0	-0	0.019560224848069276	-0	-0	-0	0.02927886034971054	0.014938742899267375	0.023560842743599573	0.019337911193684977	0.009497981717095294	1	-0	-0	-0	-0	-0	-0	-0	-0	-0	-0	-0	-0	0.015709431479326075	-0	-0	-0	-0	0.023464795560943472	-0	0.020753519207041077	0.00990383299276229	0.020654666167503125	0.015746775859465403	0.023874174479820712	0.015281913116096855	0.011711968134469236	0.01647948896403863	-0	-0	-0	-0	0.015709431479326075	-0	0.017043457081973058	0.018446590579424688	0.012175263735058882	0.016798066609953265	0.014115035538212414	-0	-0	0.02714299692743896	-0	-0	0.016580903651861226	-0	-0	-0	0.014259084637923634	0.016848451298722537	-0	-0	-0	-0	0.0215595301948297	-0	-0	-0	-0	-0	-0	-0	-0	-0	0.023966987186400588	-0	-0	-0	-0	-0	0.016143781437639584	-0	-0	-0	-0	-0	0.03428242323738392	0.01600014200304593	0.015673901809685004	0.013327159472301774	0.013769802673077173	0.013961639369706286	0.013748366336424204	-0	-0	-0	-0	-0	-0	-0	-0	-0	-0	0.013761534964272428	0.02287109765863488	-0	-0	-0	0.013232672954990695	0.013262058297443412	0.012759886649215476	0.011681577222417467	0.011119963292893501	-0	0.02070029341147498	-0	-0	0.021278035619842563	0.020701347443278454	-0	-0	-0	-0	-0	-0	-0	-0	-0	-0	-0	-0	-0	-0	-0	-0	-0
GO:0007275	-0	0.5936336256124939	0.7724008373673376	0.6112167756608563	0.6235133118903066	0.5587423720667597	0.43686256091978803	-0	-0	0.6076075916092255	0.5675766756435867	-0	-0	-0	-0	-0	-0	-0	1	0.6557746931848478	0.6024735295391281	0.6217507879473045	-0	0.8232866891827911	-0	0.7450272287799085	-0	-0	-0	-0	0.6041981470020859	-0	0.6058031765795564	0.4394682061104792	0.43859672997422444	-0	-0	-0	-0	-0	-0	0.8148590701924961	0.5898607348805703	0.46600428545372224	-0	-0	-0	-0	-0	-0	-0	-0	-0	-0	-0	0.5501999810605612	0.5085963605976693	0.6613692943032504	-0	-0	-0	0.6331094983341264	-0	-0	-0	0.555138355824528	-0	-0	-0	-0	-0	0.7905858030138435	0.7896076240732177	-0	-0	-0	0.7117395015756244	0.6292718188632445	0.8541742005293025	0.5740068156645658	0.8666176684895575	0.8174339265673507	-0	-0	-0	-0	-0	0.6186602333382267	-0	-0	-0	-0	-0	-0	0.6138892039612981	0.6030105115199276	0.5229751451602677	0.538315366498675	0.5449279123903219	0.5375751257097878	0.5556756566814323	0.5415959829979745	-0	0.4721307493244039	0.6098871047542239	0.6611930634448543	-0	-0	-0	-0	-0	-0	-0	0.6922197129618671	-0	0.5039869238659641	0.5049796103523521	0.4879467545111372	-0	0.4312888164346041	-0	-0	-0	-0	-0	-0	-0	-0	-0	-0	-0	-0	-0	-0	-0	-0	-0	-0	-0	-0	-0	-0	-0
GO:0007507	-0	0.8415252551022755	0.5962064300125617	0.4953713523809573	0.5034177447302565	0.4603330030479001	0.37429964645236735	-0	-0	0.4929979761068864	0.4663127886093461	-0	-0	-0	-0	-0	-0	-0	0.6557746931848478	1	0.6719612873445922	0.5022681702144471	-0	0.6306392031933612	-0	0.5836751292749893	-0	-0	-0	-0	0.4935504813317146	-0	0.4946209555119092	0.3762107915266287	0.3755719589457443	-0	-0	-0	-0	-0	-0	0.6178026940114889	0.4839417388813201	0.39730594291495236	-0	-0	-0	-0	-0	-0	-0	-0	-0	-0	-0	0.7903931203745845	0.42574885061236817	0.5993060130559595	-0	-0	-0	0.512674697166944	-0	-0	-0	0.46032000971302955	-0	-0	-0	-0	-0	0.6112716552545401	0.6106867160967419	-0	-0	-0	0.5630448499988384	0.5101553044060492	0.7319710660762899	0.8185879142863728	0.6471046620108252	0.619281652067357	-0	-0	-0	-0	-0	0.5031585431936723	-0	-0	-0	-0	-0	-0	0.4999981353602438	0.4927577173559274	0.7576390293871519	0.7761626242802826	0.7840932917806614	0.7752728071612535	0.4582494022609878	0.4486313461702445	-0	0.6949605228275774	0.49734004209632	0.5309358876426201	-0	-0	-0	-0	-0	-0	-0	0.6412245490821626	-0	0.4225140317842807	0.4232114890194866	0.4111823886569896	-0	0.37020052786960284	-0	-0	-0	-0	-0	-0	-0	-0	-0	-0	-0	-0	-0	-0	-0	-0	-0	-0	-0	-0	-0	-0	-0
GO:0007517	-0	0.6229939350973769	-0	-0	-0	-0	-0	-0	-0	-0	-0	-0	-0	-0	-0	-0	-0	-0	0.6024735295391281	0.6719612873445922	1	-0	-0	0.5811916928328871	-0	0.541069379527285	-0	-0	-0	-0	0.46273905506655927	-0	0.4636799184077762	-0	-0	-0	-0	-0	-0	-0	-0	0.5678716173675542	0.8482098779576446	0.7040874292750434	-0	-0	-0	-0	-0	-0	-0	-0	-0	-0	-0	0.5873379781549812	0.3928791855388854	0.4955466335409253	-0	-0	-0	0.8953125866074759	-0	-0	-0	0.8092286243323616	-0	-0	-0	-0	-0	0.5647025321505068	0.5642032876242253	-0	-0	-0	0.5232951574878774	0.47730478349006306	0.5964165943085051	0.6070321065755437	0.592534051562169	0.5691209341386702	-0	-0	-0	-0	-0	0.8797503733039137	-0	-0	-0	-0	-0	-0	0.8745737296588738	0.8626985603705513	0.7721541627264307	0.5773669319503241	0.7975615424998203	0.7891010997964979	-0	-0	-0	0.520068416572031	0.4660686385197296	0.49544768896826946	-0	-0	-0	-0	-0	-0	-0	0.512666180610117	-0	-0	-0	-0	-0	-0	-0	-0	-0	-0	-0	-0	-0	-0	-0	-0	-0	-0	-0	-0	-0	-0	-0	-0	-0	-0	-0	-0	-0
GO:0008015	-0	0.46391501560986703	0.5836964442349274	0.6735246306432371	0.6842703311108499	0.9123431901801223	0.5110967155347373	-0	-0	0.6703538957447485	0.6346669362827974	-0	-0	-0	-0	-0	-0	-0	0.6217507879473045	0.5022681702144471	-0	1	-0	-0	-0	-0	-0	-0	-0	-0	-0	-0	-0	0.5136715143588834	0.5128108831219722	-0	-0	-0	-0	-0	-0	-0	-0	-0	-0	-0	-0	-0	-0	-0	-0	-0	-0	-0	-0	0.43616892502700993	0.4193310878692088	0.5056462847083755	-0	-0	-0	-0	-0	-0	-0	-0	-0	-0	-0	-0	-0	-0	-0	-0	-0	-0	-0	-0	0.6151033980641816	0.45147536722421044	-0	-0	-0	-0	-0	-0	-0	-0	-0	-0	-0	-0	-0	-0	-0	-0	0.41836581001704176	0.4284369431654856	0.43274652176918266	0.4279533258655136	0.9082805837601766	0.889519527220026	-0	0.3842330000113879	-0	-0	-0	-0	-0	-0	-0	-0	-0	0.5240591616239461	-0	0.8385104216230322	0.8398738348611062	0.816349499161011	-0	0.7360538779141236	-0	-0	-0	-0	-0	-0	-0	-0	-0	-0	-0	-0	-0	-0	-0	-0	-0	-0	-0	-0	-0	-0	-0
GO:0008016	-0	-0	-0	-0	-0	-0	-0	0.18109917209076662	-0	-0	-0	0.8100011588877216	-0	-0	-0	-0	-0	-0	-0	-0	-0	-0	1	-0	-0	-0	0.16951891410573924	0.17498622987671406	0.16927636659708267	0.1738430863540704	-0	0.1396300374482314	-0	-0	-0	-0	0.1954461375757199	-0	-0	-0	-0	-0	-0	-0	-0	-0	-0	0.14640277136888694	0.14663834051079136	-0	0.15773727506497112	-0	-0	-0	-0	-0	-0	-0	0.18188313098554448	-0	0.14034780267020208	-0	0.1300499696266566	0.7429926234081097	0.6723988350187173	-0	-0	0.14820010024761635	0.1655317152244839	0.16791737029855963	0.15972668705443754	-0	-0	0.18201103315624187	0.17892165565743012	0.18157540268378922	-0	-0	-0	-0	-0	-0	0.20744963759596427	0.16456587828013922	0.21722181128736234	0.14019904784457093	0.16484969026556165	-0	0.1577587951701502	0.20009027486720443	0.1673536340588324	0.15039159278354944	0.1323603457038111	-0	-0	-0	-0	-0	-0	-0	-0	-0	0.11898149927973674	-0	-0	-0	0.8897061863728583	-0	0.16650384586542194	0.1560964733760863	-0	-0	-0	-0	0.11208297542756909	0.11161597838153367	-0	0.10884466103934963	0.793249738622317	0.10422400625056721	0.8582567010542361	-0	0.10488455545411031	0.1440282186180011	-0	0.15667295649204407	0.12378011961407458	0.11761634015352071	0.12862049666669556	0.12108189417882004	0.09382396367922302	0.16553426128832566	0.14591639761574157	0.131678511593055	0.8858557633716586	0.10379537958968563	0.10379537958968563	0.1043289024270521	0.10394461781334569	0.10449993806298173	0.10394461781334569	0.09951740598961331	0.09826539702581769
GO:0009653	-0	0.5729610159326395	-0	-0	-0	-0	-0	-0	-0	-0	-0	-0	-0	-0	-0	-0	-0	-0	0.8232866891827911	0.6306392031933612	0.5811916928328871	-0	-0	1	-0	0.7127524977739673	-0	-0	-0	-0	0.5827964588622623	-0	0.5842896562001055	-0	-0	-0	-0	-0	-0	-0	-0	0.7743990622793337	0.5694455449271452	0.45316910604475596	-0	-0	-0	-0	-0	-0	-0	-0	-0	-0	-0	0.5323963978959204	0.48177117439111206	0.6358114562000003	-0	-0	-0	0.6096503940409762	-0	-0	-0	0.5370190052186037	-0	-0	-0	-0	-0	0.7543391908561303	0.7534485999296259	-0	-0	-0	0.6822272808841926	0.6060910471611781	0.812017780143617	0.5546562916221847	0.8209983827082776	0.7767242044013523	-0	-0	-0	-0	-0	0.5962407503170288	-0	-0	-0	-0	-0	-0	0.5918080090100569	0.5816913923099245	0.5068640782684734	0.5212606898533909	0.527458469228962	0.5205665798119105	-0	-0	-0	0.4589606374374029	0.5880877653438746	0.6356485809592469	-0	-0	-0	-0	-0	-0	-0	0.6642722857025342	-0	-0	-0	-0	-0	-0	-0	-0	-0	-0	-0	-0	-0	-0	-0	-0	-0	-0	-0	-0	-0	-0	-0	-0	-0	-0	-0	-0	-0
GO:0009719	-0	-0	-0	-0	-0	-0	-0	-0	-0	-0	-0	-0	-0	-0	-0	-0	-0	-0	-0	-0	-0	-0	-0	-0	1	-0	-0	-0	-0	-0	-0	-0	-0	-0	-0	-0	-0	-0	-0	-0	-0	-0	-0	-0	-0	-0	-0	-0	-0	-0	-0	-0	-0	-0	0.26054394750638676	-0	-0	-0	0.37206549296526703	-0	-0	-0	-0	-0	-0	-0	-0	-0	-0	-0	-0	-0	-0	-0	-0	-0	-0	-0	-0	-0	-0	-0	-0	-0	-0	-0	-0	-0	-0	-0	-0	-0	-0	0.43503419104860125	-0	-0	-0	-0	-0	-0	-0	-0	-0	-0	-0	-0	-0	-0	-0	-0	-0	-0	0.30193370705956685	-0	-0	-0	-0	-0	-0	0.18589333573331665	-0	-0	-0	-0	-0	0.3059055213181169	-0	-0	-0	-0	-0	-0	-0	-0	-0	-0	-0	-0	-0	-0	-0	-0	-0
GO:0009888	-0	0.5339288985600413	-0	-0	-0	-0	-0	-0	-0	-0	-0	-0	-0	-0	-0	-0	-0	-0	0.7450272287799085	0.5836751292749893	0.541069379527285	-0	-0	0.7127524977739673	-0	1	-0	-0	-0	-0	0.5424599598005225	-0	0.5437533863367539	-0	-0	-0	-0	-0	-0	-0	-0	0.7013004017556934	0.5308748088338121	0.42839929722290937	-0	-0	-0	-0	-0	-0	-0	-0	-0	-0	-0	0.49853211680344117	0.4524328405794407	0.5881030009983127	-0	-0	-0	0.565651344738041	-0	-0	-0	0.5025831265159194	-0	-0	-0	-0	-0	0.6881115716874638	0.6873704190405371	-0	-0	-0	0.6275981435871636	0.5625859297455775	0.7357868576940791	0.5179985191113832	0.7393016835884015	0.7032067619996026	-0	-0	-0	-0	-0	0.5540890739546125	-0	-0	-0	-0	-0	-0	0.5502589170159894	0.5415024416851214	0.47607607790939294	0.4887549712006475	0.4941998303242894	0.488144680407403	-0	-0	-0	0.43357139891347746	0.5470412907342737	0.5879636489001687	-0	-0	-0	-0	-0	-0	-0	0.6123714139355098	-0	-0	-0	-0	-0	-0	-0	-0	-0	-0	-0	-0	-0	-0	-0	-0	-0	-0	-0	-0	-0	-0	-0	-0	-0	-0	-0	-0	-0
GO:0009891	-0	-0	-0	-0	-0	-0	-0	0.47627795545007967	-0	-0	-0	0.15627601628715715	-0	-0	-0	-0	-0	-0	-0	-0	-0	-0	0.16951891410573924	-0	-0	-0	1	0.8003518932249273	0.8804927096068149	0.9156833574285982	-0	0.18895356733862154	-0	-0	-0	-0	0.30797452122748414	-0	-0	-0	-0	-0	-0	-0	-0	-0	-0	0.20157248811012474	0.20201932161456934	-0	0.22370472388227483	-0	-0	-0	-0	-0	-0	-0	0.27559151990705916	-0	0.19411518241391296	-0	0.17182500420254307	0.13996505097003248	0.18627014798768773	-0	-0	0.20499547542155502	0.8522861190549164	0.870189524470955	0.8096727251152886	-0	-0	0.27588527279598235	0.8273985897268821	0.27488563175531927	-0	-0	-0	-0	-0	-0	0.35126277390129684	0.2376924901840203	0.36574947040414296	0.18999708140594185	0.23828502656116726	-0	0.22374801021681415	0.5136327917025822	0.8659379345748488	0.20921243768699604	0.5412849127731294	-0	-0	-0	-0	-0	-0	-0	-0	-0	0.15301772323638066	-0	-0	-0	0.15655406283956932	-0	0.24799792781898566	0.22559516515474032	-0	-0	-0	-0	0.14391831320952492	0.14314926547761475	-0	0.13862262502402178	0.135288735679055	0.129445796868285	0.16851918335199811	-0	0.13046629485152617	0.19709845280865512	-0	0.22157006001820503	0.16104707786741562	0.4639950201151157	0.169338452707604	0.4816667609453545	0.3501691224627626	0.8523051029904476	0.2006516342959873	0.5375860064633251	0.17571845520449653	0.12878527445685123	0.39634435478237645	0.129607644305649	0.3970516704500527	0.12987170946808163	0.3970516704500527	0.19645155403362385	0.42800404403531783
GO:0009893	-0	-0	-0	-0	-0	-0	-0	0.46330978060369	-0	-0	-0	0.16091080192894314	-0	-0	-0	-0	-0	-0	-0	-0	-0	-0	0.17498622987671406	-0	-0	-0	0.8003518932249273	1	0.7985964603946778	0.832104529871209	-0	0.1957715647075481	-0	-0	-0	-0	0.3265081715749287	-0	-0	-0	-0	-0	-0	-0	-0	-0	-0	0.20935029126907087	0.20983231398386004	-0	0.2333250234303259	-0	-0	-0	-0	-0	-0	-0	0.290339197828162	-0	0.20173466914900837	-0	0.17744454913290073	0.1436713626589774	0.19289247570131748	-0	-0	0.21304495208808596	0.7718308654570541	0.788810133598209	0.7315494262026648	-0	-0	0.2906652495996743	0.8705352784677207	0.2895558475266349	-0	-0	-0	-0	-0	-0	0.3770316583106143	0.24858275863836238	0.39218753203858775	0.19689196675006454	0.24923090891240476	-0	0.23337211322010692	0.5457896512384969	0.7847750144556264	0.21760326993851883	0.5594195647742871	-0	-0	-0	-0	-0	-0	-0	-0	-0	0.15745851079109596	-0	-0	-0	0.16120560103771459	-0	0.2605715595718595	0.23595230111907284	-0	-0	-0	-0	0.14806453745652445	0.14725066485195817	-0	0.14246525667866156	0.13874846356935588	0.13260964170797618	0.17392117525763176	-0	0.13368084065754704	0.20452845735776887	-0	0.23100376420435575	0.16597364146411778	0.4772570915397914	0.17479394690207425	0.4959738441945223	0.3576698930991808	0.7718488520172102	0.2083571780343531	0.5554695622716485	0.18159991509335988	0.1319165228841264	0.4059809583677305	0.13277950259821805	0.4067231193151178	0.1330566645461851	0.4067231193151178	0.2009805836554463	0.37888225050337604
GO:0010557	-0	-0	-0	-0	-0	-0	-0	0.47892767162874417	-0	-0	-0	0.1560698613670234	-0	-0	-0	-0	-0	-0	-0	-0	-0	-0	0.16927636659708267	-0	-0	-0	0.8804927096068149	0.7985964603946778	1	0.9136943602806428	-0	0.1886522671163943	-0	-0	-0	-0	0.3071749027045283	-0	-0	-0	-0	-0	-0	-0	-0	-0	-0	0.21766558350073956	0.21814726868512163	-0	0.24151970273827975	-0	-0	-0	-0	-0	-0	-0	0.2974083741831927	-0	0.19377953501008469	-0	0.1715758175546466	0.13979966142443304	0.18597733818300968	-0	-0	0.22135546094432482	0.9472255177908588	0.8683930622392082	0.8999562418803725	-0	-0	0.27524343127438555	0.8255226467759925	0.2966483711216184	-0	-0	-0	-0	-0	-0	0.350165232205742	0.23721590384365204	0.36462224907132046	0.18969244675867666	0.25722948339449664	-0	0.22332565280319375	0.5274875684018707	0.8837372785677418	0.2259009264954976	0.5767722183771745	-0	-0	-0	-0	-0	-0	-0	-0	-0	0.15282006976005189	-0	-0	-0	0.1563471741700579	-0	0.24745034225614163	0.22514195243065085	-0	-0	-0	-0	0.14373373066152365	0.1429666490929629	-0	0.13845136845077147	0.13513420693916178	0.1398655825669514	0.16827948621266473	-0	0.13032258043790046	0.21284238652581303	-0	0.23921935062087582	0.17396420352076358	0.4945199234772044	0.18290780464056625	0.5133293547798937	0.3733223055782592	0.9472465737556521	0.2166728943808237	0.5728366179986201	0.1754578563373889	0.13915266721214145	0.42249711509838	0.12946581432220133	0.3966191600282701	0.12972930127900026	0.3966191600282701	0.20596074365964162	0.45592791371502817
GO:0010604	-0	-0	-0	-0	-0	-0	-0	0.4719785628638425	-0	-0	-0	0.15994365672607933	-0	-0	-0	-0	-0	-0	-0	-0	-0	-0	0.1738430863540704	-0	-0	-0	0.9156833574285982	0.832104529871209	0.9136943602806428	1	-0	0.1943418303212112	-0	-0	-0	-0	0.32255057665881637	-0	-0	-0	-0	-0	-0	-0	-0	-0	-0	0.20771617352827687	0.2081906920703699	-0	0.23129701013009252	-0	-0	-0	-0	-0	-0	-0	0.28720563725347154	-0	0.20013300201892573	-0	0.17626916863379935	0.1428998528459573	0.1915043354121221	-0	-0	0.2113528799269077	0.8833570793789424	0.9026043927291745	0.8376633098049742	-0	-0	0.2875246851422683	0.8613791114848619	0.28643908240262445	-0	-0	-0	-0	-0	-0	0.37147541938637363	0.24628214656096042	0.38649149006719785	0.195445881215939	0.2469183398490396	-0	0.23134328480659572	0.5549426713619917	0.8980309892653405	0.2158383158092149	0.5556242149773829	-0	-0	-0	-0	-0	-0	-0	-0	-0	0.15653230056912337	-0	-0	-0	0.16023491953086771	-0	0.25790555602315585	0.2337641608502139	-0	-0	-0	-0	0.1471999048760674	0.1463954840221831	-0	0.1416646055242233	0.13802878707837907	0.1319520886036998	0.17279185998138552	-0	0.1330126481986749	0.20296846749133898	-0	0.2290157300933113	0.164944873559421	0.47449196984183806	0.17365330608913884	0.4929882666888654	0.3561146252728213	0.8833774727189608	0.20673846739557947	0.5517274411181396	0.18036903123708298	0.13126580869649343	0.4039783466876853	0.1321202680707372	0.4047131972449138	0.13239468185425293	0.4047131972449138	0.20004030938954376	0.43570010509021384
GO:0010927	0.3119562306202953	0.5749459211385974	-0	-0	-0	-0	-0	-0	0.012059787511271128	-0	-0	-0	0.37206457777315877	0.24851907874017665	0.3305228382175235	0.2938379350379149	0.17900145047715152	0.015709431479326075	0.6041981470020859	0.4935504813317146	0.46273905506655927	-0	-0	0.5827964588622623	-0	0.5424599598005225	-0	-0	-0	-0	1	-0	0.46470078057492137	-0	-0	0.013438497936871638	-0	0.012503025278555298	0.3022684132372353	0.3059146769037735	0.010493057503986635	0.5694879734532063	0.9809040621752348	0.8139367565423296	0.26533794640597796	-0	-0	-0	-0	0.257069328095933	-0	0.44358869956408375	0.2853013465582774	0.21537650674472256	0.010949699831812314	0.43126830201595695	0.3936521757599866	0.4967128127996045	0.01456919768169455	-0	-0	0.4806012946736562	-0	-0	-0	0.9357318148708336	0.2692063099898541	-0	-0	-0	-0	0.5662174126530637	0.5657154871608866	-0	-0	-0	0.6592568203627167	0.6011859856504328	0.598106660746022	0.4457597721503483	0.594294069249808	0.5707444201759532	-0	-0	-0	-0	-0	0.47222885204797344	-0	-0	-0	-0	-0	0.016402716731345666	0.46944397400943555	0.46305576837538964	0.8927775033895523	0.4239320948100592	0.4280223995217594	0.42347287674322576	-0	-0	-0	0.3817845182678768	0.46710005774304836	0.4966134020294282	-0	-0	-0	-0	0.00957282636725647	0.5314040199699688	-0	0.51391442867095	-0	0.009313886432899146	0.009328434723235602	0.009077157520163942	0.008517820629799843	0.008215279874534881	-0	0.3063222192576232	-0	-0	0.5093264077648443	0.012484070597611441	-0	-0	-0	-0	-0	-0	-0	-0	-0	-0	-0	-0	-0	-0	-0	-0	-0
GO:0010959	-0	-0	-0	-0	-0	-0	-0	0.20345486196485746	-0	-0	-0	0.13051983741135478	-0	-0	-0	-0	-0	-0	-0	-0	-0	-0	0.1396300374482314	-0	-0	-0	0.18895356733862154	0.1957715647075481	0.1886522671163943	0.1943418303212112	-0	1	-0	-0	-0	-0	0.22174139359940087	-0	-0	-0	-0	-0	-0	-0	-0	-0	-0	0.16067533726511543	0.1609591202646746	-0	0.17443135238860677	-0	-0	-0	-0	-0	-0	-0	0.20444484703898808	-0	0.15421081254437427	-0	0.8793116111093437	0.11894316508801137	0.150800384997726	-0	-0	0.16284277925766227	0.1840130520669236	0.18696590527578624	0.17686739704492907	-0	-0	0.20460646264481663	0.20071063189417018	0.20405612085264685	-0	-0	-0	-0	-0	-0	0.23923899417634079	0.18282028451609317	0.2501971554738817	0.1532338130132631	0.1831706190891674	-0	0.17445766906791407	0.22773840712423776	0.18626728019557987	0.1654925908794882	0.14391819811611453	-0	-0	-0	-0	-0	-0	-0	-0	-0	0.12823921468137497	-0	-0	-0	0.13071372882084786	-0	0.18638145038401696	0.1734374281570225	-0	-0	-0	-0	0.12075201805755675	0.1202101622997104	-0	0.11700177785383704	0.11554903598536807	0.11125973906828801	0.13895105857885892	-0	0.11201280251695728	0.15781974955075742	-0	0.17313075749327964	0.8334767307004609	0.7887833153554082	0.8688283568650689	0.8138675628824165	0.6195902702322083	0.1840161984012032	0.16008969913951698	0.14311245045501686	0.1438092026387049	0.6898647057176659	0.6898647057176659	0.11137928359970709	0.11094141432760334	0.11157423855886996	0.11094141432760334	0.10591254501204822	0.10449559939144437
GO:0014706	-0	0.4584260563808762	-0	-0	-0	-0	-0	-0	-0	-0	-0	-0	-0	-0	-0	-0	-0	-0	0.6058031765795564	0.4946209555119092	0.4636799184077762	-0	-0	0.5842896562001055	-0	0.5437533863367539	-0	-0	-0	-0	0.46470078057492137	-0	1	-0	-0	-0	-0	-0	-0	-0	-0	0.5709922017063063	0.4561728293342668	0.3783952655068764	-0	-0	-0	-0	-0	-0	-0	-0	-0	-0	-0	0.43208542845750636	0.3943703269662464	0.4977970637166214	-0	-0	-0	0.4816162763377927	-0	-0	-0	0.4351252363019367	-0	-0	-0	-0	-0	0.5676267604712488	0.5671223343393862	-0	-0	-0	0.5258053114877771	0.7291277544552676	0.5996794477378157	0.948450372381993	0.5959323841848927	0.5722553020363971	-0	-0	-0	-0	-0	0.4732087421749847	-0	-0	-0	-0	-0	-0	0.4704123289415886	0.46399792138198676	0.8815198251843082	0.42472163234854154	0.9106393067821983	0.9009419595451784	-0	-0	-0	0.3824247488393787	0.711890199187994	0.4976972185182464	-0	-0	-0	-0	-0	-0	-0	0.5150751648629396	-0	-0	-0	-0	-0	-0	-0	-0	-0	-0	-0	-0	-0	-0	-0	-0	-0	-0	-0	-0	-0	-0	-0	-0	-0	-0	-0	-0	-0
GO:0014896	-0	0.3542728381001211	0.42010888292897236	0.508440098704122	0.5145398531284472	0.48127060713174974	0.6162729313789773	-0	-0	0.761402781896225	0.7303649538411584	-0	-0	-0	-0	-0	-0	-0	0.4394682061104792	0.3762107915266287	-0	0.5136715143588834	-0	-0	-0	-0	-0	-0	-0	-0	-0	-0	-0	1	0.6179301615977186	-0	-0	-0	-0	-0	-0	-0	-0	-0	-0	-0	-0	-0	-0	-0	-0	-0	-0	-0	-0	0.33786001449124275	0.3276683341682367	0.37810284357888563	-0	-0	-0	-0	-0	-0	-0	-0	-0	-0	-0	-0	-0	-0	-0	-0	-0	-0	-0	-0	0.43613672922430413	0.346972079300551	-0	-0	-0	-0	-0	-0	-0	-0	-0	-0	-0	-0	-0	-0	-0	-0	0.3270786414653079	0.3332020766427071	0.3358028734051627	0.33290949142067316	0.47962304570867464	0.709311807581238	-0	0.3058381281415118	-0	-0	-0	-0	-0	-0	-0	-0	-0	0.3883046492292741	-0	0.6774758501387734	0.678337732383319	0.6633809118618319	-0	0.4064995821959348	-0	-0	-0	-0	-0	-0	-0	-0	-0	-0	-0	-0	-0	-0	-0	-0	-0	-0	-0	-0	-0	-0	-0
GO:0014897	-0	0.35370628153293227	0.41931242608946945	0.5075968937703698	0.5136763121605563	0.4805150440719391	0.9946252209121264	-0	-0	0.7601445449506091	0.7292071296411587	-0	-0	-0	-0	-0	-0	-0	0.43859672997422444	0.3755719589457443	-0	0.5128108831219722	-0	-0	-0	-0	-0	-0	-0	-0	-0	-0	-0	0.6179301615977186	1	-0	-0	-0	-0	-0	-0	-0	-0	-0	-0	-0	-0	-0	-0	-0	-0	-0	-0	-0	-0	0.3373446988376061	0.32718361670016655	0.37745757467358204	-0	-0	-0	-0	-0	-0	-0	-0	-0	-0	-0	-0	-0	-0	-0	-0	-0	-0	-0	-0	0.43527840290324593	0.3464286151074227	-0	-0	-0	-0	-0	-0	-0	-0	-0	-0	-0	-0	-0	-0	-0	-0	0.3265956657981056	0.3327008613958787	0.33529380916374996	0.3324091553621521	0.4788726428863243	0.7082197211877019	-0	0.305415804122178	-0	-0	-0	-0	-0	-0	-0	-0	-0	0.3876241211740884	-0	0.6764795268844338	0.6773388743478123	0.6624255852848931	-0	0.40596042154713974	-0	-0	-0	-0	-0	-0	-0	-0	-0	-0	-0	-0	-0	-0	-0	-0	-0	-0	-0	-0	-0	-0	-0
GO:0022402	0.009293250951931117	-0	-0	-0	-0	-0	-0	-0	0.016159994888764954	-0	-0	-0	0.02226606864455593	0.012870495250035453	0.018796867216025796	0.01600795421483667	0.4387725904513982	0.023464795560943472	-0	-0	-0	-0	-0	-0	-0	-0	-0	-0	-0	-0	0.013438497936871638	-0	-0	-0	-0	1	-0	0.016965931571945096	0.008950303166800759	0.016899810536940462	0.013465816418628986	0.01899576385144784	0.013124412937935087	0.010401519781835882	0.013998045579598212	-0	-0	-0	-0	0.013438497936871638	-0	0.014402872746253	0.01539228531074924	0.010765329280796737	0.014227238004694606	0.01225437789060402	-0	-0	0.021008859495793657	-0	-0	0.014071150385844045	-0	-0	-0	0.012362806847089342	0.014263364169743654	-0	-0	-0	-0	0.01750079818016334	-0	-0	-0	-0	-0	-0	-0	-0	-0	0.019054474837718476	-0	-0	-0	-0	-0	0.013755081187228062	-0	-0	-0	-0	-0	0.025046011015992638	0.013650666499205183	0.013412489532769802	0.011656126315074906	0.011993322173464951	0.012138591983491117	0.01197705689999766	-0	-0	-0	-0	-0	-0	-0	-0	-0	-0	0.011987049648741954	0.01835523950672504	-0	-0	-0	0.011583784503057451	0.011606296622266027	0.011219862351214659	0.0103775422940319	0.009931926041616926	-0	0.01693034407814935	-0	-0	0.017314856835808006	0.016931049141684248	-0	-0	-0	-0	-0	-0	-0	-0	-0	-0	-0	-0	-0	-0	-0	-0	-0
GO:0023052	-0	-0	-0	-0	-0	-0	-0	0.34845494274157873	-0	-0	-0	0.17805040974416173	-0	-0	-0	-0	-0	-0	-0	-0	-0	-0	0.1954461375757199	-0	-0	-0	0.30797452122748414	0.3265081715749287	0.3071749027045283	0.32255057665881637	-0	0.22174139359940087	-0	-0	-0	-0	1	-0	-0	-0	-0	-0	-0	-0	-0	-0	-0	0.23932337222993413	0.2399535074891278	-0	0.27117682890884376	-0	-0	-0	-0	-0	-0	-0	0.3513689756175999	-0	0.23118937310646903	-0	0.19851797821498438	0.15718097519592547	0.21805498905775528	-0	-0	0.2441639410284075	0.29506241178261344	0.30272893823121777	0.27711043024073656	-0	-0	0.3518466198900408	0.34048192448882697	0.3502223404410396	-0	-0	-0	-0	-0	-0	0.49486593204641377	0.29200755550226815	0.5124094373007361	0.223179854446311	0.29290234265168014	-0	0.27124043862982794	0.42630847776147596	0.3009015804407002	0.25016993060008974	0.20395226954514104	-0	-0	-0	-0	-0	-0	-0	-0	-0	0.17383313765982789	-0	-0	-0	0.1784114257700959	-0	0.31189866634048413	0.2772696900666744	-0	-0	-0	-0	0.1633382730499009	0.16234838961617795	-0	0.15655068976124067	0.15130765836366727	0.14403631490957625	0.19411840882510767	-0	0.14530095321870123	0.23304270813395708	-0	0.26804638589888324	0.1842700841839325	0.17093447018419006	0.19520629213160998	0.17835332132851514	0.12490268558938025	0.2950705016213025	0.23802641099575636	0.20233786774165582	0.20373344453509964	0.143218968910765	0.143218968910765	0.14423673217536578	0.14350325941317013	0.14456384796621877	0.14350325941317013	0.13519965598330175	0.1328992426797642
GO:0030029	0.008836066050985296	-0	-0	-0	-0	-0	-0	-0	0.01482606675956408	-0	-0	-0	0.019810237582933266	0.012009898214466712	0.017016086594840402	0.014697991081363009	0.008222998412586724	0.020753519207041077	-0	-0	-0	-0	-0	-0	-0	-0	-0	-0	-0	-0	0.012503025278555298	-0	-0	-0	-0	0.016965931571945096	-0	1	0.008525467277172327	0.01544644261170334	0.012526669437352717	0.017178918955449193	0.012230703038946487	0.00983212999654314	0.012985982726898437	-0	-0	-0	-0	0.012503025278555298	-0	0.013333660835849376	0.01417732353273994	0.010156577869384233	0.013182998631774646	0.011471697900836379	-0	-0	0.018808825398002854	-0	-0	0.013048874930535689	-0	-0	-0	0.011566664914515865	0.013214010515670093	-0	-0	-0	-0	0.015946975540230557	-0	-0	-0	-0	-0	-0	-0	-0	-0	0.01722692204052435	-0	-0	-0	-0	-0	0.012776618339094489	-0	-0	-0	-0	-0	0.0219808808656148	0.012686481630099038	0.0124805087736583	0.010945786007660429	0.011242612515359856	0.011370168755046655	0.011228318517160791	-0	-0	-0	-0	-0	-0	-0	-0	-0	-0	0.0112371004788653	0.01665336576751113	-0	-0	-0	0.010881968610063028	0.010901833183593683	0.010560195376139558	0.009810703058667521	0.009411501630882184	-0	0.015471946299307253	-0	-0	0.015792440565935775	0.015472535122660195	-0	-0	-0	-0	-0	-0	-0	-0	-0	-0	-0	-0	-0	-0	-0	-0	-0
GO:0030035	0.2418145415301062	-0	-0	-0	-0	-0	-0	-0	0.008317033248401367	-0	-0	-0	0.23761888768575687	0.18035728338597143	0.2199627773840375	0.20308895260537352	0.14070117655220568	0.00990383299276229	-0	-0	-0	-0	-0	-0	-0	-0	-0	-0	-0	-0	0.3022684132372353	-0	-0	-0	-0	0.008950303166800759	-0	0.008525467277172327	1	0.20878572284348076	0.0075405632537847165	0.00900922899681013	0.2982677448182755	0.2597598982511467	0.18905403971383683	-0	-0	-0	-0	0.18481844314163964	-0	0.3140542484890844	0.19897408861240407	0.16223899840711634	0.00777353001706731	0.007145028044760956	-0	-0	0.009438152440555061	-0	-0	0.007726699328151682	-0	-0	-0	0.28821301870655514	0.19100965748487128	-0	-0	-0	-0	0.008658441616979812	-0	-0	-0	-0	-0	-0	-0	-0	-0	0.009022413871341561	-0	-0	-0	-0	-0	0.007630420258842541	-0	-0	-0	-0	-0	0.010174959324737033	0.007598179697169137	0.00752381205612655	0.2784076598153665	0.007055484716423851	0.0071055100122967155	0.007049852508969238	-0	-0	-0	-0	-0	-0	-0	-0	-0	-0	0.007053313462491426	0.35566556682979267	-0	-0	-0	0.006911731490496513	0.006919739948015648	0.006780505629088696	0.006463459667832258	0.006287750911432246	-0	0.20897547645814069	-0	-0	0.3456380266767892	0.008516650047622795	-0	-0	-0	-0	-0	-0	-0	-0	-0	-0	-0	-0	-0	-0	-0	-0	-0
GO:0030036	0.21637671047036708	-0	-0	-0	-0	-0	-0	-0	0.014775548351687389	-0	-0	-0	0.4838890170923833	0.40792372259427084	0.577297410762739	0.9373525858535865	0.27954274725388684	0.020654666167503125	-0	-0	-0	-0	-0	-0	-0	-0	-0	-0	-0	-0	0.3059146769037735	-0	-0	-0	-0	0.016899810536940462	-0	0.01544644261170334	0.20878572284348076	1	0.7992771611936995	0.017111130672284276	0.78044583200053	0.6277382190100547	0.8284966191206625	-0	-0	-0	-0	0.3059146769037735	-0	0.32617574629847895	0.34674665709376395	0.24863771078867294	0.01314304187822702	0.011441429596609834	-0	-0	0.018727594031811505	-0	-0	0.013009725873087477	-0	-0	-0	0.7381860294987859	0.32325768296126517	-0	-0	-0	-0	0.015888544644641286	-0	-0	-0	-0	-0	-0	-0	-0	-0	0.017158755137842364	-0	-0	-0	-0	-0	0.012739083530691859	-0	-0	-0	-0	-0	0.021870020989613343	0.012649473789004492	0.01244469117137873	0.6986612277660126	0.011213539501446426	0.011340433158891931	0.011199319288493803	-0	-0	-0	-0	-0	-0	-0	-0	-0	-0	0.7172075488218788	0.5650386174070721	-0	-0	-0	0.6945980082866393	0.6958627878173812	0.6741090617319836	0.009788556875076614	0.009391119181606155	-0	0.37829775432681717	-0	-0	0.5359339432182102	0.015417523280743702	-0	-0	-0	-0	-0	-0	-0	-0	-0	-0	-0	-0	-0	-0	-0	-0	-0
GO:0030048	0.007782525111062916	-0	-0	-0	-0	-0	-0	-0	0.01208178351814161	-0	-0	-0	0.015197703536331196	0.010143518938366581	0.013497392599766263	0.7676665646029319	0.007302969217605001	0.015746775859465403	-0	-0	-0	-0	-0	-0	-0	-0	-0	-0	-0	-0	0.010493057503986635	-0	-0	-0	-0	0.013465816418628986	-0	0.012526669437352717	0.0075405632537847165	0.7992771611936995	1	0.013599642424237264	0.6591378269352814	0.54679612130838	0.6930871470365565	-0	-0	-0	-0	0.010493057503986635	-0	0.01107191378947927	0.0116474584903097	0.008788981646913005	0.010967829758827015	0.00975690488729082	-0	-0	0.014601312144557201	-0	-0	0.010874834329384755	-0	-0	-0	0.6287384199998298	0.010989286783579948	-0	-0	-0	-0	0.012815866249617882	-0	-0	-0	-0	-0	-0	-0	-0	-0	0.01362970870399926	-0	-0	-0	-0	-0	0.010685080795584612	-0	-0	-0	-0	-0	0.01644343426391771	0.010621966560818704	0.010477193945449575	0.5998356473540698	0.009590692089648474	0.00968336306164194	0.009580288091321523	-0	-0	-0	-0	-0	-0	-0	-0	-0	-0	0.6134551538133186	0.013268162601501151	-0	-0	-0	0.5968381490092929	0.5977717248954072	0.5816476349127053	0.008528787657321632	0.008225481205056251	-0	0.012507258270439608	-0	-0	0.012715867820842875	0.012507643053722886	-0	-0	-0	-0	-0	-0	-0	-0	-0	-0	-0	-0	-0	-0	-0	-0	-0
GO:0030154	0.00935679503503522	0.5595858098469642	-0	-0	-0	-0	-0	-0	0.016353112544659962	-0	-0	-0	0.02263436049483183	0.012992696284323611	0.0190586603061715	0.016197433781628297	0.008672138798941832	0.023874174479820712	0.8148590701924961	0.6178026940114889	0.5678716173675542	-0	-0	0.7743990622793337	-0	0.7013004017556934	-0	-0	-0	-0	0.5694879734532063	-0	0.5709922017063063	-0	-0	0.01899576385144784	-0	0.017178918955449193	0.00900922899681013	0.017111130672284276	0.013599642424237264	1	0.6691735378155754	0.5292782121024383	0.014142716274870341	-0	-0	-0	-0	0.01357177881288757	-0	0.014556078062656307	0.015567390599634306	0.010850691375911284	0.014376710213468447	0.6244122781963442	0.49468055883133133	0.6230406705025987	0.02133642983081965	-0	-0	0.7179462936362464	-0	-0	-0	0.6299875603074945	0.014413600437433297	-0	-0	-0	-0	0.8952026879908508	0.7429540841935985	-0	-0	-0	0.6701753303684935	0.5929817623707444	0.8032202410774064	0.5411843204317703	0.8592087187366428	0.8108388831298209	-0	-0	-0	-0	-0	0.7016558821408833	-0	-0	-0	-0	-0	0.025512971299810987	0.696275951700918	0.6840070692163619	0.5936669483772056	0.610992774251476	0.6184596950509812	0.6101568328716341	-0	-0	-0	0.44555949718497917	0.5748194410821471	0.6228756817588971	-0	-0	-0	-0	0.012092981368858391	0.01860479392085161	-0	0.6519146825802364	-0	0.011682679258229798	0.01170557778560547	0.011312615980147886	0.010456842702387626	0.010004538454977799	-0	0.017142433295343255	-0	-0	0.01753675229197246	0.01714315613479554	-0	-0	-0	-0	-0	-0	-0	-0	-0	-0	-0	-0	-0	-0	-0	-0	-0
GO:0030239	0.3076968135787863	0.5645552055800537	-0	-0	-0	-0	-0	-0	0.011806235147355813	-0	-0	-0	0.36228215939998	0.33884553938561585	0.44803512195968975	0.7558510494512679	0.24527665252751163	0.015281913116096855	0.5898607348805703	0.4839417388813201	0.8482098779576446	-0	-0	0.5694455449271452	-0	0.5308748088338121	-0	-0	-0	-0	0.9809040621752348	-0	0.4561728293342668	-0	-0	0.013124412937935087	-0	0.012230703038946487	0.2982677448182755	0.78044583200053	0.6591378269352814	0.6691735378155754	1	0.8041899559889656	0.6839244549932263	-0	-0	-0	-0	0.25236114108642443	-0	0.43502564261431714	0.27951388436706176	0.21206182540049157	0.010740272152935581	0.4868814605892519	0.38718375036198155	0.4869817573374095	0.014200760196783195	-0	-0	0.8803306868692564	-0	-0	-0	0.9224601829865569	0.26404751488045725	-0	-0	-0	-0	0.6358395645907429	0.5531272471954244	-0	-0	-0	0.6456313567222332	0.5898345421147851	0.5840535269145081	0.4379069705810053	0.5796738495023674	0.5572467742080974	-0	-0	-0	-0	-0	0.9280155356068864	-0	-0	-0	-0	-0	0.015937190530785402	0.9226441840286208	0.9555710726163696	0.8808093932397124	0.5674705683862905	0.8738656892608375	0.8998553711361398	-0	-0	-0	0.376009425860189	0.4584846348641024	0.48688620313303815	-0	-0	-0	-0	0.6023009853495813	0.5191617755602399	-0	0.5035047746169348	-0	0.5862748721700447	0.5871756693423336	0.5716106996648398	0.008390547890910269	0.00809682479614734	-0	0.29966046049059536	-0	-0	0.6790736488427452	0.01221256445230847	-0	-0	-0	-0	-0	-0	-0	-0	-0	-0	-0	-0	-0	-0	-0	-0	-0
GO:0030240	0.2668823829618117	0.46951538236062235	-0	-0	-0	-0	-0	-0	0.009555943043970661	-0	-0	-0	0.27986555856448053	0.2827403882985396	0.35491398226026377	0.6125889372199279	0.21447053556805784	0.011711968134469236	0.46600428545372224	0.39730594291495236	0.7040874292750434	-0	-0	0.45316910604475596	-0	0.42839929722290937	-0	-0	-0	-0	0.8139367565423296	-0	0.3783952655068764	-0	-0	0.010401519781835882	-0	0.00983212999654314	0.2597598982511467	0.6277382190100547	0.54679612130838	0.5292782121024383	0.8041899559889656	1	0.5644762138512357	-0	-0	-0	-0	0.20940478949358302	-0	0.35768812674951933	0.2277642545433745	0.18088184916107594	0.008845375692428792	0.408797055215174	0.32700096458920186	0.39935263288067374	0.01106627081762922	-0	-0	0.7260785574038107	-0	-0	-0	0.8002468663897829	0.21738837790319598	-0	-0	-0	-0	0.5088961855161303	0.4427737408175639	-0	-0	-0	0.5242680536541731	0.48686904048455837	0.4623722762757029	0.36574068395140424	0.4544525098228704	0.4405521140673135	-0	-0	-0	-0	-0	0.7677077575989432	-0	-0	-0	-0	-0	0.01209303473977781	0.7640281679872468	0.7931159418114705	0.7697202731576357	0.4777430440728373	0.7345897440366711	0.7576993062107718	-0	-0	-0	0.32153354636418086	0.37998457603619673	0.39928837108543547	-0	-0	-0	-0	0.5070990600475976	0.4126777229582471	-0	0.4103968161855934	-0	0.49569086154933634	0.49633465001222465	0.4851674038878018	0.007187644322165075	0.006971015780081538	-0	0.2409653054028437	-0	-0	0.5443263343228247	0.009820404745421887	-0	-0	-0	-0	-0	-0	-0	-0	-0	-0	-0	-0	-0	-0	-0	-0	-0
GO:0031032	0.19525671302547534	-0	-0	-0	-0	-0	-0	-0	0.01250849535952074	-0	-0	-0	0.3896382799240436	0.35567197713861287	0.47793149267300133	0.800482574924566	0.2539739877546565	0.01647948896403863	-0	-0	-0	-0	-0	-0	-0	-0	-0	-0	-0	-0	0.26533794640597796	-0	-0	-0	-0	0.013998045579598212	-0	0.012985982726898437	0.18905403971383683	0.8284966191206625	0.6930871470365565	0.014142716274870341	0.6839244549932263	0.5644762138512357	1	-0	-0	-0	-0	0.26533794640597796	-0	0.28044785627694224	0.2955219584341645	0.22115040854769258	0.011318341081315547	0.010033315761802424	-0	-0	0.015229178083663877	-0	-0	0.01121933358178636	-0	-0	-0	0.6514818330055406	0.2782879213105166	-0	-0	-0	-0	0.01329703952605147	-0	-0	-0	-0	-0	-0	-0	-0	-0	0.014175234640939035	-0	-0	-0	-0	-0	0.011017478957406348	-0	-0	-0	-0	-0	0.017244062085392798	0.010950389177884387	0.010796590469037852	0.6207193452469582	0.009857636809261541	0.009955564669637	0.009846645918516604	-0	-0	-0	-0	-0	-0	-0	-0	-0	-0	0.6305225574147056	0.46949872663008557	-0	-0	-0	0.6129812810098205	0.6139660838111614	0.5969689382708429	0.00873924286847789	0.008421062251504016	-0	0.3181355968186011	-0	-0	0.4492277647707153	0.012965536627367099	-0	-0	-0	-0	-0	-0	-0	-0	-0	-0	-0	-0	-0	-0	-0	-0	-0
GO:0032501	-0	-0	-0	-0	-0	-0	-0	-0	-0	-0	-0	-0	-0	-0	-0	-0	-0	-0	-0	-0	-0	-0	-0	-0	-0	-0	-0	-0	-0	-0	-0	-0	-0	-0	-0	-0	-0	-0	-0	-0	-0	-0	-0	-0	-0	1	-0	-0	-0	-0	-0	-0	-0	-0	-0	-0	-0	-0	-0	-0	-0	-0	-0	-0	-0	-0	-0	-0	-0	-0	-0	-0	-0	-0	-0	-0	-0	-0	-0	-0	-0	-0	-0	-0	-0	-0	-0	-0	-0	-0	-0	-0	-0	-0	-0	-0	-0	-0	-0	-0	-0	-0	-0	-0	-0	-0	-0	-0	-0	-0	-0	-0	-0	-0	-0	-0	-0	-0	-0	-0	-0	-0	-0	-0	-0	-0	-0	-0	-0	-0	-0	-0	-0	-0	-0	-0	-0	-0	-0	-0	-0	-0	-0
GO:0032502	-0	-0	-0	-0	-0	-0	-0	-0	-0	-0	-0	-0	-0	-0	-0	-0	-0	-0	-0	-0	-0	-0	-0	-0	-0	-0	-0	-0	-0	-0	-0	-0	-0	-0	-0	-0	-0	-0	-0	-0	-0	-0	-0	-0	-0	-0	1	-0	-0	-0	-0	-0	-0	-0	-0	-0	-0	-0	-0	-0	-0	-0	-0	-0	-0	-0	-0	-0	-0	-0	-0	-0	-0	-0	-0	-0	-0	-0	-0	-0	-0	-0	-0	-0	-0	-0	-0	-0	-0	-0	-0	-0	-0	-0	-0	-0	-0	-0	-0	-0	-0	-0	-0	-0	-0	-0	-0	-0	-0	-0	-0	-0	-0	-0	-0	-0	-0	-0	-0	-0	-0	-0	-0	-0	-0	-0	-0	-0	-0	-0	-0	-0	-0	-0	-0	-0	-0	-0	-0	-0	-0	-0	-0
GO:0032956	-0	-0	-0	-0	-0	-0	-0	0.23597916818152032	-0	-0	-0	0.13641895572214383	-0	-0	-0	-0	-0	-0	-0	-0	-0	-0	0.14640277136888694	-0	-0	-0	0.20157248811012474	0.20935029126907087	0.21766558350073956	0.20771617352827687	-0	0.16067533726511543	-0	-0	-0	-0	0.23932337222993413	-0	-0	-0	-0	-0	-0	-0	-0	-0	-0	1	0.18391352254228063	-0	0.7960763772846324	-0	-0	-0	-0	-0	-0	-0	0.23721083936315623	-0	0.16300263400521023	-0	0.14811962650483534	0.12382266716263188	0.15873086923630195	-0	-0	0.18618855188747072	0.21196537534024049	0.19931206426430126	0.2032219163427129	-0	-0	0.21948499316562634	0.23256951118269178	0.23672710971453945	-0	-0	-0	-0	-0	-0	0.26108561792813856	0.19460774824981716	0.27281132390383933	0.16142926160293397	0.21093227842654402	-0	0.18515986198967374	0.24632411336047746	0.19851832225561442	0.852461306712852	0.8317918803596499	-0	-0	-0	-0	-0	-0	-0	-0	-0	0.13392948516302094	-0	-0	-0	0.13663078409060717	-0	0.19937868077437146	0.18463781133475687	-0	-0	-0	-0	0.12607676363999842	0.12548618318041244	-0	0.12199407721210043	0.12014864663990434	0.12495313287757424	0.1456565035347187	-0	0.1163299312194255	0.9742800550821841	-0	0.19866723332802386	0.15147870772653893	0.14300020872909988	0.1582149775866486	0.1477535905290163	0.11128134611147039	0.21196923492083514	0.726957363412115	0.6460274641140589	0.15100386822589737	0.12438382573193943	0.12438382573193943	0.11564678676677914	0.11517479181106342	0.11585698144430898	0.11517479181106342	0.11872943865996907	0.1170840589388989
GO:0032970	-0	-0	-0	-0	-0	-0	-0	0.2365454230625274	-0	-0	-0	0.13662346903984232	-0	-0	-0	-0	-0	-0	-0	-0	-0	-0	0.14663834051079136	-0	-0	-0	0.20201932161456934	0.20983231398386004	0.21814726868512163	0.2081906920703699	-0	0.1609591202646746	-0	-0	-0	-0	0.2399535074891278	-0	-0	-0	-0	-0	-0	-0	-0	-0	-0	0.18391352254228063	1	-0	0.20065882441434624	-0	-0	-0	-0	-0	-0	-0	0.237783027865257	-0	0.16331099907250887	-0	0.14836075759831668	0.12399113319538763	0.15900781928187613	-0	-0	0.18654088279724795	0.21242213573420682	0.19974892156234061	0.20364173435968055	-0	-0	0.2200148742777954	0.2331195016084967	0.23729696413451934	-0	-0	-0	-0	-0	-0	0.2618776385342775	0.19502420529113582	0.2736304454987548	0.16171571637009535	0.21138459251617797	-0	0.18553682482332462	0.24699170495693276	0.19895170321093944	0.18975858297284506	0.16373901437972146	-0	-0	-0	-0	-0	-0	-0	-0	-0	0.13412659698407564	-0	-0	-0	0.1368359335065768	-0	0.1998402286450612	0.18503356621438477	-0	-0	-0	-0	0.1262611632311884	0.12566885800295402	-0	0.12216671933730922	0.12030725726407035	0.1251117203541454	0.1458896753228889	-0	0.1164786135050448	0.1804582874065896	-0	0.19906842542420164	0.15171183592027113	0.14320795227951374	0.1584693186766454	0.14797538528117246	0.11140711088864484	0.2124260119667579	0.1832043232520132	0.16277507841087047	0.15125448948741138	0.12454097049031031	0.12454097049031031	0.1157937268113649	0.11532053412015325	0.11600445645883083	0.11532053412015325	0.1188726125964144	0.11722328977089999
GO:0032989	0.19074194440001424	-0	-0	-0	-0	-0	-0	-0	0.012059787511271128	-0	-0	-0	0.37206457777315877	0.24851907874017665	0.3305228382175235	0.2938379350379149	0.17900145047715152	0.015709431479326075	-0	-0	-0	-0	-0	-0	-0	-0	-0	-0	-0	-0	0.257069328095933	-0	-0	-0	-0	0.013438497936871638	-0	0.012503025278555298	0.18481844314163964	0.3059146769037735	0.010493057503986635	0.01357177881288757	0.25236114108642443	0.20940478949358302	0.26533794640597796	-0	-0	-0	-0	1	-0	0.27122705932331026	0.2853013465582774	0.21537650674472256	0.010949699831812314	0.009742554683632111	-0	-0	0.01456919768169455	-0	-0	0.010857010293812969	-0	-0	-0	0.2407394949797736	0.2692063099898541	-0	-0	-0	-0	0.012791118845996369	-0	-0	-0	-0	-0	-0	-0	-0	-0	0.013601721880706713	-0	-0	-0	-0	-0	0.010667872859563818	-0	-0	-0	-0	-0	0.016402716731345666	0.010604961149032636	0.010460648565823875	0.22968846616054403	0.009576826297057412	0.009669228212848994	0.009566452343982438	-0	-0	-0	-0	-0	-0	-0	-0	-0	-0	0.00957282636725647	0.32492069746293917	-0	-0	-0	0.009313886432899146	0.009328434723235602	0.009077157520163942	0.008517820629799843	0.008215279874534881	-0	0.3063222192576232	-0	-0	0.3114216028260361	0.012484070597611441	-0	-0	-0	-0	-0	-0	-0	-0	-0	-0	-0	-0	-0	-0	-0	-0	-0
GO:0033043	-0	-0	-0	-0	-0	-0	-0	0.2642770677093634	-0	-0	-0	0.14620859044475124	-0	-0	-0	-0	-0	-0	-0	-0	-0	-0	0.15773727506497112	-0	-0	-0	0.22370472388227483	0.2333250234303259	0.24151970273827975	0.23129701013009252	-0	0.17443135238860677	-0	-0	-0	-0	0.27117682890884376	-0	-0	-0	-0	-0	-0	-0	-0	-0	-0	0.7960763772846324	0.20065882441434624	-0	1	-0	-0	-0	-0	-0	-0	-0	0.2658228143631129	-0	0.17803973016599567	-0	0.15973206973423598	0.13183481875155723	0.17214205754716153	-0	-0	0.2033700498154841	0.23452173885480002	0.22092409344055905	0.2238651688200599	-0	-0	0.2459840663526978	0.2600080252063662	0.26521550309424896	-0	-0	-0	-0	-0	-0	0.30193101293116037	0.21515901265405016	0.314988328330703	0.17532025241269827	0.2332577238341306	-0	0.20366920918808934	0.28020028968214533	0.21994930391028097	0.8237024667821242	0.7019104164311682	-0	-0	-0	-0	-0	-0	-0	-0	-0	0.14335274320744376	-0	-0	-0	0.14645193904710388	-0	0.22234895842513921	0.20417070068731788	-0	-0	-0	-0	0.13488851974530175	0.13421272192832204	-0	0.1302257488289209	0.1276779290948065	0.13246355982970645	0.1568713238216983	-0	0.12337417899364464	0.7798187955818652	-0	0.21835071484516116	0.1626589333082115	0.15292291887301282	0.1704518480647868	0.15837142427194847	0.11719925502657304	0.23452646358830956	0.7927350263363997	0.6974566503371669	0.1630914114592717	0.13182393360158454	0.13182393360158454	0.12260606841539942	0.12207568797736312	0.12284234789735145	0.12207568797736312	0.12549009594131577	0.12365344915789443
GO:0034329	0.6170962660159984	-0	-0	-0	-0	-0	-0	-0	0.012830758415952178	-0	-0	-0	0.40247084714632075	0.2617264932082419	0.35430134976871347	0.31248212084669025	0.18575298894515155	0.017043457081973058	-0	-0	-0	-0	-0	-0	-0	-0	-0	-0	-0	-0	0.44358869956408375	-0	-0	-0	-0	0.014402872746253	-0	0.013333660835849376	0.3140542484890844	0.32617574629847895	0.01107191378947927	0.014556078062656307	0.43502564261431714	0.35768812674951933	0.28044785627694224	-0	-0	-0	-0	0.27122705932331026	-0	1	0.30284562499191076	0.700439887911063	0.011581551230922669	0.01023960705250488	-0	-0	0.015709567939452048	-0	-0	0.011477906395727839	-0	-0	-0	0.4139623592247202	0.8856261654891772	-0	-0	-0	-0	0.01366180710516774	-0	-0	-0	-0	-0	-0	-0	-0	-0	0.014590527409905024	-0	-0	-0	-0	-0	0.011266727802047087	-0	-0	-0	-0	-0	0.017862557286751544	0.011196577800501878	0.011035836649915656	0.39402999315551285	0.010056695543263352	0.010158638769744575	0.010045256542433482	-0	-0	-0	-0	-0	-0	-0	-0	-0	-0	0.010052284811319902	0.5689405988402194	-0	-0	-0	0.009767143420501464	0.009783143355819012	0.009507134821647596	0.008895338010118846	0.00856590381132314	-0	0.32663910121195194	-0	-0	0.5437079035801506	0.013312106168249866	-0	-0	-0	-0	-0	-0	-0	-0	-0	-0	-0	-0	-0	-0	-0	-0	-0
GO:0034330	0.2058566221844691	-0	-0	-0	-0	-0	-0	-0	0.013610120913928651	-0	-0	-0	0.4342595952065583	0.27480828021500797	0.3787055181895354	0.33131220136070666	0.1922481132996514	0.018446590579424688	-0	-0	-0	-0	-0	-0	-0	-0	-0	-0	-0	-0	0.2853013465582774	-0	-0	-0	-0	0.01539228531074924	-0	0.01417732353273994	0.19897408861240407	0.34674665709376395	0.0116474584903097	0.015567390599634306	0.27951388436706176	0.2277642545433745	0.2955219584341645	-0	-0	-0	-0	0.2853013465582774	-0	0.30284562499191076	1	0.23484671828204645	0.01221281015611652	0.01072995739273566	-0	-0	0.01689403451725624	-0	-0	0.01209761515718621	-0	-0	-0	0.26532713575113526	0.3003284582533303	-0	-0	-0	-0	0.01454888781851614	-0	-0	-0	-0	-0	-0	-0	-0	-0	0.015606799589794008	-0	-0	-0	-0	-0	0.011863250098429291	-0	-0	-0	-0	-0	0.019409921723962005	0.011785500830298758	0.011607539872718804	0.2519661048099439	0.010529279699692917	0.010641082329870535	0.010516741026055342	-0	-0	-0	-0	-0	-0	-0	-0	-0	-0	0.010524444789249974	0.37136912508553055	-0	-0	-0	0.010212303778128843	0.010229796724855241	0.009928398530568705	0.009263079859899243	0.008906390484507311	-0	0.34727034665779877	-0	-0	0.3538388073912287	0.014152957400152485	-0	-0	-0	-0	-0	-0	-0	-0	-0	-0	-0	-0	-0	-0	-0	-0	-0
GO:0034334	0.5894018282569974	-0	-0	-0	-0	-0	-0	-0	0.009862135462191814	-0	-0	-0	0.2906354760946399	0.20934224709815213	0.26465246666043785	0.24060050408046157	0.15773921519916695	0.012175263735058882	-0	-0	-0	-0	-0	-0	-0	-0	-0	-0	-0	-0	0.21537650674472256	-0	-0	-0	-0	0.010765329280796737	-0	0.010156577869384233	0.16223899840711634	0.24863771078867294	0.008788981646913005	0.010850691375911284	0.21206182540049157	0.18088184916107594	0.22115040854769258	-0	-0	-0	-0	0.21537650674472256	-0	0.700439887911063	0.23484671828204645	1	0.009107101393615924	0.008256261154942083	-0	-0	0.011478990230558489	-0	-0	0.009042890942794935	-0	-0	-0	0.20379472425093642	0.6961009289601676	-0	-0	-0	-0	0.01034586634965717	-0	-0	-0	-0	-0	-0	-0	-0	-0	0.01086982272087389	-0	-0	-0	-0	-0	0.008911296484977531	-0	-0	-0	-0	-0	0.012587605386180659	0.00886735451272505	0.008766232992961153	0.19581910916327916	0.008136932004545223	0.008203540491365886	0.00812944180875586	-0	-0	-0	-0	-0	-0	-0	-0	-0	-0	0.00813404426649158	0.2610485691697728	-0	-0	-0	0.007946328411782458	0.007956915670106977	0.007773368186680659	0.007359508476136123	0.007132559997202143	-0	0.24890686290925831	-0	-0	0.2522633225355592	0.010144066505836465	-0	-0	-0	-0	-0	-0	-0	-0	-0	-0	-0	-0	-0	-0	-0	-0	-0
GO:0034605	0.008030928896653673	-0	-0	-0	-0	-0	-0	-0	0.012691187383854963	-0	-0	-0	0.016174683502908776	0.010569627463745108	0.014262490755223413	0.012597223743712969	0.007521273756214578	0.016798066609953265	-0	-0	-0	-0	-0	-0	0.26054394750638676	-0	-0	-0	-0	-0	0.010949699831812314	-0	-0	-0	-0	0.014227238004694606	-0	0.013182998631774646	0.00777353001706731	0.01314304187822702	0.010967829758827015	0.014376710213468447	0.010740272152935581	0.008845375692428792	0.011318341081315547	-0	-0	-0	-0	0.010949699831812314	-0	0.011581551230922669	0.01221281015611652	0.009107101393615924	1	0.0101505204682279	-0	-0	0.35375707496028824	-0	-0	0.01136608770898863	-0	-0	-0	0.010224801878153104	0.011491173604445844	-0	-0	-0	-0	0.013503681917400019	-0	-0	-0	-0	-0	-0	-0	-0	-0	0.014410314804761237	-0	-0	-0	-0	-0	0.011158966585681093	-0	-0	-0	-0	-0	0.34697398112446803	0.01109014797532727	0.010932426649164235	0.009736584389810019	0.009970749906964732	0.010070949462363362	0.00995950547931259	-0	-0	-0	-0	-0	-0	-0	-0	-0	-0	0.009966414225837432	0.014006782617132982	0.2567146352383962	-0	-0	0.009686055673931677	0.009701790832096852	0.009430289859635515	0.008828029967712415	0.1940644048488869	-0	0.013161501844198783	-0	-0	0.013392708281917107	0.30037870340550277	-0	-0	-0	-0	-0	-0	-0	-0	-0	-0	-0	-0	-0	-0	-0	-0	-0
GO:0035051	0.007361906713718132	0.8058917436541841	0.505307544159963	0.4309585091115029	0.4370355764684607	0.4041936139705556	0.3363178535181265	-0	0.011097472074515077	0.42916110229285487	0.4087965275130794	-0	0.01367226137892739	0.009440508978901333	0.012280522680437847	0.011025559073172857	0.00693135279516671	0.014115035538212414	0.5501999810605612	0.7903931203745845	0.5873379781549812	0.43616892502700993	-0	0.5323963978959204	-0	0.49853211680344117	-0	-0	-0	-0	0.43126830201595695	-0	0.43208542845750636	0.33786001449124275	0.3373446988376061	0.01225437789060402	-0	0.011471697900836379	0.007145028044760956	0.011441429596609834	0.00975690488729082	0.6244122781963442	0.4868814605892519	0.408797055215174	0.010033315761802424	-0	-0	-0	-0	0.009742554683632111	-0	0.01023960705250488	0.01072995739273566	0.008256261154942083	0.0101505204682279	1	0.3772838896394176	0.5187050589223705	0.01318767618587855	-0	-0	0.51201814854374	-0	-0	-0	0.4659372726832161	0.010168896063379122	-0	-0	-0	-0	0.5955484192514232	0.5181057755413082	-0	-0	-0	0.4834036811039037	0.4438931527144659	0.6152121889497328	0.7865973046091319	0.5393663924618588	0.5198974250530367	-0	-0	-0	-0	-0	0.5037338582947778	-0	-0	-0	-0	-0	0.014672239361780135	0.5009736617150519	0.4946332983727386	0.7346834564431317	0.7505612077765782	0.757332230066372	0.7498005002182825	0.402586343448501	0.39514399148663715	-0	0.6802973907707717	0.43415898322340174	0.459543288790256	-0	-0	-0	-0	0.00895633865564801	0.01209047136933206	-0	0.5522295292848021	-0	0.3747414227625257	0.37528997458527935	0.3658002809532867	0.008026240419800197	0.33300475470722823	-0	0.01145541647281447	-0	-0	0.011630168798943255	0.011455739257262919	-0	-0	-0	-0	-0	-0	-0	-0	-0	-0	-0	-0	-0	-0	-0	-0	-0
GO:0035265	-0	0.397867191260875	0.48284603290372213	0.4145129702706973	0.4201320570988388	0.3896929940587583	0.32621760993978655	-0	-0	0.4128498607891443	0.39396982147637183	-0	-0	-0	-0	-0	-0	-0	0.5085963605976693	0.42574885061236817	0.3928791855388854	0.4193310878692088	-0	0.48177117439111206	-0	0.4524328405794407	-0	-0	-0	-0	0.3936521757599866	-0	0.3943703269662464	0.3276683341682367	0.32718361670016655	-0	-0	-0	-0	-0	-0	0.49468055883133133	0.38718375036198155	0.32700096458920186	-0	-0	-0	-0	-0	-0	-0	-0	-0	-0	-0	0.3772838896394176	1	0.4281735910146972	-0	-0	-0	0.4064081047347653	-0	-0	-0	0.3711104180791712	-0	-0	-0	-0	-0	0.4697756932228877	0.4694111669574521	-0	-0	-0	0.4392713572295659	0.4047365780831376	0.5041396871137352	0.38868241387542274	0.5132911906223053	0.4956283197641039	-0	-0	-0	-0	-0	0.40008032743910144	-0	-0	-0	-0	-0	-0	0.3979702683289681	0.39312001407059305	0.363889501555846	0.37148481734152067	0.37472047676825254	0.37112117427400976	0.38819876478462345	0.38127428035932526	-0	0.7232180127451019	0.39619226762160586	0.4184438096591781	-0	-0	-0	-0	-0	-0	-0	0.4413031898157587	-0	0.36224436261130616	0.3627569127211395	0.353882971323203	-0	0.32309959745364786	-0	-0	-0	-0	-0	-0	-0	-0	-0	-0	-0	-0	-0	-0	-0	-0	-0	-0	-0	-0	-0	-0	-0
GO:0035295	-0	0.5524730456904715	0.6009723089308187	0.49865702826004765	0.5068113925906821	0.4631689850477415	0.3761724762924704	-0	-0	0.4962521399583816	0.4692231616253529	-0	-0	-0	-0	-0	-0	-0	0.6613692943032504	0.5993060130559595	0.4955466335409253	0.5056462847083755	-0	0.6358114562000003	-0	0.5881030009983127	-0	-0	-0	-0	0.4967128127996045	-0	0.4977970637166214	0.37810284357888563	0.37745757467358204	-0	-0	-0	-0	-0	-0	0.6230406705025987	0.4869817573374095	0.39935263288067374	-0	-0	-0	-0	-0	-0	-0	-0	-0	-0	-0	0.5187050589223705	0.4281735910146972	1	-0	-0	-0	0.5160876935952511	-0	-0	-0	0.4630696546894932	-0	-0	-0	-0	-0	0.6161298729440732	0.6155356034888637	-0	-0	-0	0.567164138411887	0.5135347283142152	0.7381468703866708	0.5373218756080556	0.6528536007705539	0.6245448437870952	-0	-0	-0	-0	-0	0.5064456067867195	-0	-0	-0	-0	-0	-0	0.5032439024559788	0.49590986557087285	0.4970876570698994	0.5093117561756996	0.5145464043633323	0.508724469996221	0.4610596910415966	0.45132455771529045	-0	0.4557500055398777	0.5005512797674724	0.534597220602603	-0	-0	-0	-0	-0	-0	-0	0.6259958580417004	-0	0.42490196271660013	0.4256073324764436	0.4134436079096418	-0	0.3720324615908221	-0	-0	-0	-0	-0	-0	-0	-0	-0	-0	-0	-0	-0	-0	-0	-0	-0	-0	-0	-0	-0	-0	-0
GO:0035556	0.00982030296999611	-0	-0	-0	-0	-0	-0	0.3326858453898368	0.017823377485901307	-0	-0	0.16672435925440182	0.025551747213455288	0.013903957504971351	0.021085820373859632	0.017638605138280056	0.009068858737426591	0.02714299692743896	-0	-0	-0	-0	0.18188313098554448	-0	0.37206549296526703	-0	0.27559151990705916	0.290339197828162	0.2974083741831927	0.28720563725347154	0.01456919768169455	0.20444484703898808	-0	-0	-0	0.021008859495793657	0.3513689756175999	0.018808825398002854	0.009438152440555061	0.018727594031811505	0.014601312144557201	0.02133642983081965	0.014200760196783195	0.01106627081762922	0.015229178083663877	-0	-0	0.23721083936315623	0.237783027865257	0.01456919768169455	0.2658228143631129	0.015709567939452048	0.01689403451725624	0.011478990230558489	0.35375707496028824	0.01318767618587855	-0	-0	1	-0	0.2114951733964786	0.015315747318788282	0.1845405247941334	0.148288089548722	0.20130704646650055	0.013313334738190116	0.015543743070444926	0.24159981389994503	0.28686764192624636	0.2713835330135285	0.27108310567334687	0.019468459627650925	-0	0.31020406839775344	0.32594882305316303	0.3341743611546524	-0	-0	-0	-0	-0	0.021410529246788726	0.4126210398641223	0.26273573743379985	0.42861407112105177	0.20566703255745425	0.2849786634707224	0.014942035049702037	0.24580275067945412	0.3666689066430387	0.2699140850115526	0.24702491034983412	0.2046831157647638	0.5774888195898346	0.014818903203086374	0.014538633497802737	0.01249739489135433	0.012885831752296021	0.013053678497263488	0.012867057465252064	-0	-0	0.16302097631696724	-0	-0	-0	0.16704086575126217	-0	0.2770887897843687	0.24941519357814745	0.012878591205046424	0.020531672568344567	0.3643052732624358	-0	0.15325562968414982	0.1523838564943672	0.012440130489629667	0.1472647914839935	0.32016164539785735	0.3114400930430063	0.180732741766142	0.018765096715674428	0.13766891041463536	0.2314939307135862	0.019238630562307613	0.5547006283896238	0.18622790937163558	0.17357575340057801	0.19651420515672985	0.1806292611645514	0.12895889964876203	0.286874711222574	0.23603235187557664	0.20317904236916964	0.1890390934298928	0.14689017967529128	0.14689017967529128	0.1367131835888236	0.13605405788666333	0.13700702918148955	0.13605405788666333	0.13906876060172976	0.13681670725156203
GO:0040007	-0	-0	-0	-0	-0	-0	-0	-0	-0	-0	-0	-0	-0	-0	-0	-0	-0	-0	-0	-0	-0	-0	-0	-0	-0	-0	-0	-0	-0	-0	-0	-0	-0	-0	-0	-0	-0	-0	-0	-0	-0	-0	-0	-0	-0	-0	-0	-0	-0	-0	-0	-0	-0	-0	-0	-0	-0	-0	-0	1	-0	-0	-0	-0	-0	-0	-0	-0	-0	-0	-0	-0	-0	-0	-0	-0	-0	-0	-0	-0	-0	-0	-0	-0	-0	-0	-0	-0	-0	-0	-0	-0	-0	-0	-0	-0	-0	-0	-0	-0	-0	-0	-0	-0	-0	-0	-0	-0	-0	-0	-0	-0	-0	-0	-0	-0	-0	-0	-0	-0	-0	-0	-0	-0	-0	-0	-0	-0	-0	-0	-0	-0	-0	-0	-0	-0	-0	-0	-0	-0	-0	-0	-0
GO:0042391	-0	-0	-0	-0	-0	-0	-0	0.21037723682546758	-0	-0	-0	0.13066977527695023	-0	-0	-0	-0	-0	-0	-0	-0	-0	-0	0.14034780267020208	-0	-0	-0	0.19411518241391296	0.20173466914900837	0.19377953501008469	0.20013300201892573	-0	0.15421081254437427	-0	-0	-0	-0	0.23118937310646903	-0	-0	-0	-0	-0	-0	-0	-0	-0	-0	0.16300263400521023	0.16331099907250887	-0	0.17803973016599567	-0	-0	-0	-0	-0	-0	-0	0.2114951733964786	-0	1	-0	0.14201367253817518	0.11848188907181441	0.15232022780096746	-0	-0	0.16535978734374832	0.18862286148660576	0.19190260254735717	0.18072182415450894	-0	-0	0.21167777182914635	0.20728352995814323	0.21105608708710605	-0	-0	-0	-0	-0	-0	0.2670580712652073	0.18730050172049978	0.2642714479426731	0.15494400745781575	0.1876887535815255	-0	0.17806867389460326	0.23809009824172256	0.19112585651662292	0.16824767616628547	0.1449300016808152	-0	-0	-0	-0	-0	-0	-0	-0	-0	0.4739462682430609	-0	-0	-0	0.1308749510446449	-0	0.202842877841137	0.1876048889239276	-0	-0	-0	-0	0.47096849737628077	0.4687383719224774	-0	0.45555628635881307	0.11493172847878419	0.11046014993026142	0.13962384312163104	-0	0.41107194742424413	0.15990398493035984	-0	0.17661014708923675	0.13417860097782444	0.1265869822466887	0.14021720030905468	0.13084194127234478	0.09827238040525947	0.18862635152675666	0.16236651061639	0.1440676898140206	0.14481331898832717	0.10995213527215758	0.40629815528802105	0.40863507187258635	0.4069515565597063	0.4093848377910461	0.4069515565597063	0.10490888499311059	0.10344215171505515
GO:0042692	0.007980955493709878	0.4738929231863231	-0	-0	-0	-0	-0	-0	0.012566837180804405	-0	-0	-0	0.015973242841050762	0.0104832355136808	0.014105632923358544	0.012474699176083652	0.007477424554629711	0.016580903651861226	0.6331094983341264	0.512674697166944	0.8953125866074759	-0	-0	0.6096503940409762	-0	0.565651344738041	-0	-0	-0	-0	0.4806012946736562	-0	0.4816162763377927	-0	-0	0.014071150385844045	-0	0.013048874930535689	0.007726699328151682	0.013009725873087477	0.010874834329384755	0.7179462936362464	0.8803306868692564	0.7260785574038107	0.01121933358178636	-0	-0	-0	-0	0.010857010293812969	-0	0.011477906395727839	0.01209761515718621	0.009042890942794935	0.01136608770898863	0.51201814854374	0.4064081047347653	0.5160876935952511	0.015315747318788282	-0	-0	1	-0	-0	-0	0.8384141237431785	0.01138913293434563	-0	-0	-0	-0	0.6793978929887988	0.5909842602683726	-0	-0	-0	0.5462543408188413	0.49633234725478803	0.6264243248265869	0.46130137456325687	0.6238552878381348	0.5979556207124501	-0	-0	-0	-0	-0	0.9143531319595216	-0	-0	-0	-0	-0	0.01735513714378643	0.9087625533071716	0.8959475908744589	0.798682845131444	0.5030200145427781	0.8258968088774498	0.8168279506293886	-0	-0	-0	0.39312843268681624	0.4841938884108894	0.5159803771376092	-0	-0	-0	-0	0.009889565899033292	0.013855469048117077	-0	0.5346825391817392	-0	0.009613454326281658	0.009628954295552914	0.009361458427002268	0.00876768142130724	0.008447464576925363	-0	0.013027812984624408	-0	-0	0.01325430587213199	0.013028230464501973	-0	-0	-0	-0	-0	-0	-0	-0	-0	-0	-0	-0	-0	-0	-0	-0	-0
GO:0043266	-0	-0	-0	-0	-0	-0	-0	0.18373354139133538	-0	-0	-0	0.12211145592150427	-0	-0	-0	-0	-0	-0	-0	-0	-0	-0	0.1300499696266566	-0	-0	-0	0.17182500420254307	0.17744454913290073	0.1715758175546466	0.17626916863379935	-0	0.8793116111093437	-0	-0	-0	-0	0.19851797821498438	-0	-0	-0	-0	-0	-0	-0	-0	-0	-0	0.14811962650483534	0.14836075759831668	-0	0.15973206973423598	-0	-0	-0	-0	-0	-0	-0	0.1845405247941334	-0	0.14201367253817518	-0	1	0.11192009450471241	0.1396872001781862	-0	-0	0.14995962175420147	0.1677298961711014	0.17017980150689735	0.16177244276970057	-0	-0	0.18467219303599694	0.18149260541334505	0.18422374653772575	-0	-0	-0	-0	-0	-0	0.21111002313067764	0.16673831404322714	0.22102293957476993	0.1417727024895588	0.16702967533049184	-0	0.15975413761907714	0.20331103723123597	0.16960079814277199	0.15220385466672812	0.1337620700604291	-0	-0	-0	-0	-0	-0	-0	-0	-0	0.1201129641318339	-0	-0	-0	0.12228115394248255	-0	0.16885369584476925	0.15815992763178593	-0	-0	-0	-0	0.11314289333236828	0.11266704091471764	-0	0.10984394414824065	0.10890987700695623	0.10509117930448751	0.12946076794396502	-0	0.10576280156242403	0.14568951698640503	-0	0.15864075465970578	0.8179836151656154	0.7768682774525891	0.8502996490593543	0.799980183333812	0.6185410408178291	0.1677325103054516	0.1476217979174465	0.1330657559288289	0.13366791010899656	0.6848229818794287	0.6848229818794287	0.105197829167107	0.10480712868062633	0.10537172805935814	0.10480712868062633	0.10030773003511394	0.09903588335728378
GO:0043502	-0	-0	-0	-0	-0	-0	-0	0.14776657445657554	-0	-0	-0	0.8234774806660209	-0	-0	-0	-0	-0	-0	-0	-0	-0	-0	0.7429926234081097	-0	-0	-0	0.13996505097003248	0.1436713626589774	0.13979966142443304	0.1428998528459573	-0	0.11894316508801137	-0	-0	-0	-0	0.15718097519592547	-0	-0	-0	-0	-0	-0	-0	-0	-0	-0	0.12382266716263188	0.12399113319538763	-0	0.13183481875155723	-0	-0	-0	-0	-0	-0	-0	0.148288089548722	-0	0.11848188907181441	-0	0.11192009450471241	1	0.5736749277350438	-0	-0	0.12510590668343186	0.13723572560470396	0.1388714531819156	0.1332216313776522	-0	-0	0.1483730954753908	0.14631364972174843	0.14808347765374208	-0	-0	-0	-0	-0	-0	0.16298857133973682	0.13657120396590963	0.17096404104321183	0.11935581271125147	0.1367666118267801	-0	0.13184985107960698	0.1601707267616374	0.13848565254133913	0.12666401993536028	0.11362697870514529	-0	-0	-0	-0	-0	-0	-0	-0	-0	0.10362413010601407	-0	-0	-0	0.7047959789458142	-0	0.13659672553908345	0.12951275774946353	-0	-0	-0	-0	0.09768568926401278	0.09733077029018895	-0	0.09521671609109683	0.6374449200658886	0.09224826365674423	0.740119237236865	-0	0.09276535812811575	0.12211983711231429	-0	0.1310905244475987	0.1072450956613229	0.10258710362992396	0.11085977302208952	0.10521368466658564	0.08400642200991548	0.13723747561290042	0.12347457485396449	0.113124123893075	0.7605528519788921	0.09191232086304575	0.09191232086304575	0.09233042930994027	0.09202932467482386	0.09246436156012658	0.09202932467482386	0.08854190398683635	0.08754945073219025
GO:0044057	-0	-0	-0	-0	-0	-0	-0	0.20034714525242592	-0	-0	-0	0.6289602462500439	-0	-0	-0	-0	-0	-0	-0	-0	-0	-0	0.6723988350187173	-0	-0	-0	0.18627014798768773	0.19289247570131748	0.18597733818300968	0.1915043354121221	-0	0.150800384997726	-0	-0	-0	-0	0.21805498905775528	-0	-0	-0	-0	-0	-0	-0	-0	-0	-0	0.15873086923630195	0.15900781928187613	-0	0.17214205754716153	-0	-0	-0	-0	-0	-0	-0	0.20130704646650055	-0	0.15232022780096746	-0	0.1396872001781862	0.5736749277350438	1	-0	-0	0.16084582330308508	0.18146717806307514	0.1843382519098083	0.1745141441148155	-0	-0	0.20146373731844988	0.19768556125526654	0.20093014998085007	-0	-0	-0	-0	-0	-0	0.23471934632794683	0.18030708273179355	0.24551389158036296	0.15146429467628753	0.18064784254414323	-0	0.17216768793108478	0.2238516555644238	0.18365909038243244	0.16343052787463566	0.1423561936465609	-0	-0	-0	-0	-0	-0	-0	-0	-0	0.12699754417679235	-0	-0	-0	0.6298853673365403	-0	0.18362682493886895	0.17104967829036125	-0	-0	-0	-0	0.11958973463740448	0.11905823685055983	-0	0.11591024197318603	0.5574476553184765	0.110323907129179	0.6691634369338356	-0	0.11106431331474535	0.15594337953740356	-0	0.17087525353678235	0.13247942792931344	0.12544344237387636	0.1380393601154444	0.12939333861830776	0.09873853731517518	0.1814702379379907	0.1581592947330925	0.14156779339784678	0.6923056536581687	0.10984375550379682	0.10984375550379682	0.11044144802138973	0.11001090734405325	0.11063313085913103	0.11001090734405325	0.10506416154783271	0.10366967568190108
GO:0045214	0.2970077148244209	0.5388848834083326	-0	-0	-0	-0	-0	-0	0.011186320192452331	-0	-0	-0	0.3388025212225915	0.32372821399736146	0.42197980480606306	0.7164224878718727	0.23725677975347143	0.014259084637923634	0.555138355824528	0.46032000971302955	0.8092286243323616	-0	-0	0.5370190052186037	-0	0.5025831265159194	-0	-0	-0	-0	0.9357318148708336	-0	0.4351252363019367	-0	-0	0.012362806847089342	-0	0.011566664914515865	0.28821301870655514	0.7381860294987859	0.6287384199998298	0.6299875603074945	0.9224601829865569	0.8002468663897829	0.6514818330055406	-0	-0	-0	-0	0.2407394949797736	-0	0.4139623592247202	0.26532713575113526	0.20379472425093642	0.010224801878153104	0.4659372726832161	0.3711104180791712	0.4630696546894932	0.013313334738190116	-0	-0	0.8384141237431785	-0	-0	-0	1	0.25135166802758824	-0	-0	-0	-0	0.6005835041469505	0.5224825326748133	-0	-0	-0	0.6122763522740181	0.5618707829144859	0.5499917295312449	0.4184752871809482	0.544374466848818	0.5245489227206196	-0	-0	-0	-0	-0	0.8845485175110165	-0	-0	-0	-0	-0	0.014827948607564572	0.8796672325867826	0.9116276610354023	0.8733320816912421	0.5434506806427506	0.8365408512576492	0.8618051561208888	-0	-0	-0	0.3615923648870521	0.43722814044295266	0.46298325319700356	-0	-0	-0	-0	0.5768168227476915	0.4894414336659286	-0	0.47798501237650126	-0	0.5621016247583528	0.5629296176753256	0.5486078702433548	0.008072613210712912	0.007800366775926432	-0	0.2834143607969855	-0	-0	0.6416913112541667	0.011550441140848388	-0	-0	-0	-0	-0	-0	-0	-0	-0	-0	-0	-0	-0	-0	-0	-0	-0
GO:0045216	0.6137259558698718	-0	-0	-0	-0	-0	-0	-0	0.012719926018824396	-0	-0	-0	0.39803728927705767	0.25984433927306844	0.3508610039276667	0.309802922432443	0.18480295545135092	0.016848451298722537	-0	-0	-0	-0	-0	-0	-0	-0	-0	-0	-0	-0	0.2692063099898541	-0	-0	-0	-0	0.014263364169743654	-0	0.013214010515670093	0.19100965748487128	0.32325768296126517	0.010989286783579948	0.014413600437433297	0.26404751488045725	0.21738837790319598	0.2782879213105166	-0	-0	-0	-0	0.2692063099898541	-0	0.8856261654891772	0.3003284582533303	0.6961009289601676	0.011491173604445844	0.010168896063379122	-0	-0	0.015543743070444926	-0	-0	0.01138913293434563	-0	-0	-0	0.25135166802758824	1	-0	-0	-0	-0	0.013536222774444578	-0	-0	-0	-0	-0	-0	-0	-0	-0	0.014447377909400766	-0	-0	-0	-0	-0	0.01118117874919403	-0	-0	-0	-0	-0	0.017648475050306894	0.011112086744471943	0.010953745240396313	0.23932919976983436	0.009988479816258963	0.010089037833551733	0.009977195386175293	-0	-0	-0	-0	-0	-0	-0	-0	-0	-0	0.009984128705438425	0.34455479199199046	-0	-0	-0	0.009702786706313268	0.00971857631541339	0.009446148249608101	0.008841925972900134	0.008516363674099853	-0	0.32371277855981195	-0	-0	0.32941299058759177	0.013192840649221986	-0	-0	-0	-0	-0	-0	-0	-0	-0	-0	-0	-0	-0	-0	-0	-0	-0
GO:0045595	-0	-0	-0	-0	-0	-0	-0	0.2403222660082935	-0	-0	-0	0.13797820288304183	-0	-0	-0	-0	-0	-0	-0	-0	-0	-0	0.14820010024761635	-0	-0	-0	0.20499547542155502	0.21304495208808596	0.22135546094432482	0.2113528799269077	-0	0.16284277925766227	-0	-0	-0	-0	0.2441639410284075	-0	-0	-0	-0	-0	-0	-0	-0	-0	-0	0.18618855188747072	0.18654088279724795	-0	0.2033700498154841	-0	-0	-0	-0	-0	-0	-0	0.24159981389994503	-0	0.16535978734374832	-0	0.14995962175420147	0.12510590668343186	0.16084582330308508	-0	-0	1	0.21546297020342328	0.2026580744302441	0.20643472777743313	-0	-0	0.22354950413148972	0.2367868875947371	0.24109803724592754	-0	-0	-0	-0	-0	-0	0.2671860419627074	0.19779640878668972	0.2791191807995243	0.7071521049271233	0.21439558402690914	-0	0.1880441352159764	0.25145505477202035	0.20183751322354102	0.1921814707973506	0.1655398542884484	-0	-0	-0	-0	-0	-0	-0	-0	-0	0.13543202966470871	-0	-0	-0	0.1381949051007951	-0	0.20291669691805658	0.1876680319678364	-0	-0	-0	-0	0.12748232017587852	0.12687852976974415	-0	0.1233096017380556	0.12135649289627717	0.12616039654392022	0.1474354445208667	-0	0.11746185736704436	0.18264812759649712	-0	0.20173655768169813	0.15325658869703238	0.14458359776848265	0.16015551232059166	0.14944461640644624	0.11223786533849722	0.21546695820829787	0.1854617330084078	0.1645546623232491	0.152916682024069	0.12558006081464912	0.12558006081464912	0.11676539361875904	0.11628424264695264	0.1169796779936369	0.11628424264695264	0.11981890975820371	0.11814340827984006
GO:0045893	-0	-0	-0	-0	-0	-0	-0	0.5306192769736872	-0	-0	-0	0.1528812102503942	-0	-0	-0	-0	-0	-0	-0	-0	-0	-0	0.1655317152244839	-0	-0	-0	0.8522861190549164	0.7718308654570541	0.9472255177908588	0.8833570793789424	-0	0.1840130520669236	-0	-0	-0	-0	0.29506241178261344	-0	-0	-0	-0	-0	-0	-0	-0	-0	-0	0.21196537534024049	0.21242213573420682	-0	0.23452173885480002	-0	-0	-0	-0	-0	-0	-0	0.28686764192624636	-0	0.18862286148660576	-0	0.1677298961711014	0.13723572560470396	0.18146717806307514	-0	-0	0.21546297020342328	1	0.8409442861880213	0.9369565375315656	-0	-0	0.26547826199270697	0.7969540028302443	0.28616049213346645	-0	-0	-0	-0	-0	-0	0.33368088513559224	0.2299269121298414	0.347680533427517	0.18500256771759324	0.24930647122850613	-0	0.2168536427775485	0.5942800586476478	0.9574434934015238	0.21976730296634026	0.5635459455809868	-0	-0	-0	-0	-0	-0	-0	-0	-0	0.14976152738736312	-0	-0	-0	0.1531472976380327	-0	0.23910314372221747	0.2182108832574303	-0	-0	-0	-0	0.14087702002105648	0.14014004879419426	-0	0.13579883604569495	0.13273707798559634	0.13748974260367658	0.16457832783073234	-0	0.1280917090268668	0.20738883381600956	-0	0.23235216085785868	0.17030387184262863	0.4847651101872436	0.17886581124618595	0.5028262462826042	0.36773600999033085	0.9526676942766222	0.21102388590214644	0.5597881863798362	0.17143797082913756	0.13680078189711067	0.41535629070348795	0.12726393106761505	0.3899039636320083	0.1275185229445816	0.3899039636320083	0.20265295957883617	0.4487165450421158
GO:0045935	-0	-0	-0	-0	-0	-0	-0	0.5240514223425344	-0	-0	-0	0.1549139199912076	-0	-0	-0	-0	-0	-0	-0	-0	-0	-0	0.16791737029855963	-0	-0	-0	0.870189524470955	0.788810133598209	0.8683930622392082	0.9026043927291745	-0	0.18696590527578624	-0	-0	-0	-0	0.30272893823121777	-0	-0	-0	-0	-0	-0	-0	-0	-0	-0	0.19931206426430126	0.19974892156234061	-0	0.22092409344055905	-0	-0	-0	-0	-0	-0	-0	0.2713835330135285	-0	0.19190260254735717	-0	0.17017980150689735	0.1388714531819156	0.1843382519098083	-0	-0	0.2026580744302441	0.8409442861880213	1	0.7994298826866072	-0	-0	0.2716683791690951	0.8150695846622814	0.27069900982959383	-0	-0	-0	-0	-0	-0	0.34408392038622915	0.23455569274381988	0.3583747402543947	0.1879875213584977	0.23513267408019806	-0	0.22096631027060137	0.6102968902935999	0.8542323426515619	0.2067784531302945	0.5359810300978005	-0	-0	-0	-0	-0	-0	-0	-0	-0	0.15171159581046906	-0	-0	-0	0.15518713654131297	-0	0.24439791427630744	0.22261227349335264	-0	-0	-0	-0	0.1426984979855301	0.1419423972698755	-0	0.13749057495917866	0.13426672584856492	0.12850985382753397	0.16693638573094738	-0	0.12951559064434717	0.1949367205313802	-0	0.21884192017358914	0.1596009280141537	0.4600922158354297	0.16774030085979472	0.47746235750376653	0.3479416984646491	0.8409627682209336	0.1984117013430548	0.5323540146423794	0.17399822240317298	0.1278588245292428	0.39349314993504614	0.1286693678451939	0.3941903167425878	0.12892961968241717	0.3941903167425878	0.1951094005979372	0.42512469173102135
GO:0045944	-0	-0	-0	-0	-0	-0	-0	0.5015957262232796	-0	-0	-0	0.14791625158568272	-0	-0	-0	-0	-0	-0	-0	-0	-0	-0	0.15972668705443754	-0	-0	-0	0.8096727251152886	0.7315494262026648	0.8999562418803725	0.8376633098049742	-0	0.17686739704492907	-0	-0	-0	-0	0.27711043024073656	-0	-0	-0	-0	-0	-0	-0	-0	-0	-0	0.2032219163427129	0.20364173435968055	-0	0.2238651688200599	-0	-0	-0	-0	-0	-0	-0	0.27108310567334687	-0	0.18072182415450894	-0	0.16177244276970057	0.1332216313776522	0.1745141441148155	-0	-0	0.20643472777743313	0.9369565375315656	0.7994298826866072	1	-0	-0	0.2508564921572084	0.7540803913949811	0.27045154932187837	-0	-0	-0	-0	-0	-0	0.309726302929523	0.2188775632999029	0.3230224818134497	0.17778136359213162	0.23729832322736163	-0	0.2069981397215399	0.5568929408543776	0.9103901789675436	0.21038259635957696	0.5430855886248205	-0	-0	-0	-0	-0	-0	-0	-0	-0	0.1449939710096908	-0	-0	-0	0.1481653226655205	-0	0.22654791745756672	0.20770569142300688	-0	-0	-0	-0	0.1364224560151054	0.13573123999980705	-0	0.13165490726986204	0.12897823390390195	0.13375694493199372	0.15883881646396458	-0	0.1245878835911073	0.19901139759714753	-0	0.22188744924981227	0.1646135362858946	0.46954817774207736	0.17259946215054942	0.48647342619803635	0.35891252062337564	0.9065273679715582	0.2023563382302129	0.5395948928745339	0.16521908114934425	0.13310479774463788	0.40413449615830344	0.12380463393459797	0.3793518603868908	0.12404556015089498	0.3793518603868908	0.19744332872488338	0.4373516846369422
GO:0048468	0.008978987108082622	0.5569291368001889	-0	-0	-0	-0	-0	-0	0.01523290195446233	-0	-0	-0	0.02054335051129253	0.012275473400516495	0.01755417039199434	0.015097732948675556	0.00834663631115149	0.0215595301948297	0.7905858030138435	0.6112716552545401	0.5647025321505068	-0	-0	0.7543391908561303	-0	0.6881115716874638	-0	-0	-0	-0	0.5662174126530637	-0	0.5676267604712488	-0	-0	0.01750079818016334	-0	0.015946975540230557	0.008658441616979812	0.015888544644641286	0.012815866249617882	0.8952026879908508	0.6358395645907429	0.5088961855161303	0.01329703952605147	-0	-0	-0	-0	0.012791118845996369	-0	0.01366180710516774	0.01454888781851614	0.01034586634965717	0.013503681917400019	0.5955484192514232	0.4697756932228877	0.6161298729440732	0.019468459627650925	-0	-0	0.6793978929887988	-0	-0	-0	0.6005835041469505	0.013536222774444578	-0	-0	-0	-0	1	0.7259677369038047	-0	-0	-0	0.659618289528277	0.5881805378476638	0.7801886631244862	0.5396189672879136	0.7867631992906474	0.746012816233699	-0	-0	-0	-0	-0	0.6648887425315647	-0	-0	-0	-0	-0	0.022887127267153796	0.6600883689499127	0.6491249431639367	0.5676967507028842	0.5834097084622238	0.5901673599380747	0.5826526410996963	-0	-0	-0	0.4486161317397667	0.5712106636347934	0.6159769240472922	-0	-0	-0	-0	0.011469267137268443	0.017168406927371368	-0	0.6428189790296868	-0	0.011099550517182376	0.011120218159846987	0.010764978920337781	0.009987206872964947	0.00957381483979782	-0	0.01591553041317272	-0	-0	0.016254866931562254	0.015916153484598315	-0	-0	-0	-0	-0	-0	-0	-0	-0	-0	-0	-0	-0	-0	-0	-0	-0
GO:0048513	-0	0.5564435364336783	-0	-0	-0	-0	-0	-0	-0	-0	-0	-0	-0	-0	-0	-0	-0	-0	0.7896076240732177	0.6106867160967419	0.5642032876242253	-0	-0	0.7534485999296259	-0	0.6873704190405371	-0	-0	-0	-0	0.5657154871608866	-0	0.5671223343393862	-0	-0	-0	-0	-0	-0	-0	-0	0.7429540841935985	0.5531272471954244	0.4427737408175639	-0	-0	-0	-0	-0	-0	-0	-0	-0	-0	-0	0.5181057755413082	0.4694111669574521	0.6155356034888637	-0	-0	-0	0.5909842602683726	-0	-0	-0	0.5224825326748133	-0	-0	-0	-0	-0	0.7259677369038047	1	-0	-0	-0	0.6589372149199053	0.5876389371949015	0.7792360279269638	0.5391630717833569	0.785741299087546	0.7450939713418869	-0	-0	-0	-0	-0	0.5783747004051076	-0	-0	-0	-0	-0	-0	0.5742026993349847	0.5646741894877672	0.49389457420924865	0.5075539310418892	0.5134282130687288	0.5068958218193059	-0	-0	-0	0.4483009924506978	0.5706998505309839	0.6153829494577194	-0	-0	-0	-0	-0	-0	-0	0.6421721371755271	-0	-0	-0	-0	-0	-0	-0	-0	-0	-0	-0	-0	-0	-0	-0	-0	-0	-0	-0	-0	-0	-0	-0	-0	-0	-0	-0	-0	-0
GO:0048518	-0	-0	-0	-0	-0	-0	-0	0.3079306217144124	-0	-0	-0	0.16683182393037596	-0	-0	-0	-0	-0	-0	-0	-0	-0	-0	0.18201103315624187	-0	-0	-0	0.27588527279598235	0.2906652495996743	0.27524343127438555	0.2875246851422683	-0	0.20460646264481663	-0	-0	-0	-0	0.3518466198900408	-0	-0	-0	-0	-0	-0	-0	-0	-0	-0	0.21948499316562634	0.2200148742777954	-0	0.2459840663526978	-0	-0	-0	-0	-0	-0	-0	0.31020406839775344	-0	0.21167777182914635	-0	0.18467219303599694	0.1483730954753908	0.20146373731844988	-0	-0	0.22354950413148972	0.26547826199270697	0.2716683791690951	0.2508564921572084	-0	-0	1	0.30168763434268503	0.3093100231781176	-0	-0	-0	-0	-0	-0	0.41331663347128555	0.2630027103174366	0.4293250233258585	0.20583058701057338	0.2637283480253615	-0	0.24603640503975782	0.3671890842162731	0.2701958532301164	0.22857371592981848	0.18936592040925004	-0	-0	-0	-0	-0	-0	-0	-0	-0	0.16312371840343076	-0	-0	-0	0.16714873896450008	-0	0.2774022990215321	0.24966917922157073	-0	-0	-0	-0	0.15335148710908	0.15247862614073665	-0	0.14735329899334695	0.1431285952741835	0.1366051757365079	0.18085903055965297	-0	0.13774217440825356	0.2141909094894194	-0	0.24340548636647266	0.1722804206215468	0.16056858331226526	0.18180301111402083	0.1670977379116447	0.11927614310005621	0.26548481089971615	0.21839364940355246	0.187973391809082	0.18917726170612295	0.13586977610044668	0.13586977610044668	0.13678543361800446	0.13612561274491025	0.13707959020924346	0.13612561274491025	0.128631561849577	0.12654750808674434
GO:0048522	-0	-0	-0	-0	-0	-0	-0	0.32362778743487985	-0	-0	-0	0.16423257098129335	-0	-0	-0	-0	-0	-0	-0	-0	-0	-0	0.17892165565743012	-0	-0	-0	0.8273985897268821	0.8705352784677207	0.8255226467759925	0.8613791114848619	-0	0.20071063189417018	-0	-0	-0	-0	0.34048192448882697	-0	-0	-0	-0	-0	-0	-0	-0	-0	-0	0.23256951118269178	0.2331195016084967	-0	0.2600080252063662	-0	-0	-0	-0	-0	-0	-0	0.32594882305316303	-0	0.20728352995814323	-0	0.18149260541334505	0.14631364972174843	0.19768556125526654	-0	-0	0.2367868875947371	0.7969540028302443	0.8150695846622814	0.7540803913949811	-0	-0	0.30168763434268503	1	0.325036179264407	-0	-0	-0	-0	-0	-0	0.39688824273111856	0.2566005267330514	0.41252362665898074	0.20188844975063297	0.2783061401426427	-0	0.24042477606653992	0.3548290606314337	0.8107620694157287	0.24199565954300742	0.5725002904281926	-0	-0	-0	-0	-0	-0	-0	-0	-0	0.16063786568629299	-0	-0	-0	0.16453967873148076	-0	0.269903991127644	0.2435787453871812	-0	-0	-0	-0	0.1510319531388147	0.15018522467607945	-0	0.14521040101607902	0.1412112250201832	0.14587236745025978	0.17780830875818004	-0	0.13596550739850033	0.22707153827630389	-0	0.25734395193568044	0.18335519169501494	0.4867450418468621	0.19331809728682586	0.5062285663382794	0.36297231599767027	0.7969731793888734	0.23143657957325062	0.5683640879150897	0.18584205096691417	0.1450970719650342	0.4128262418028725	0.13503320494404455	0.4135936646907034	0.13531986558558076	0.4135936646907034	0.1374604778625297	0.38483750221161506
GO:0048523	-0	-0	-0	-0	-0	-0	-0	0.33173513994266207	-0	-0	-0	0.16646575125499175	-0	-0	-0	-0	-0	-0	-0	-0	-0	-0	0.18157540268378922	-0	-0	-0	0.27488563175531927	0.2895558475266349	0.2966483711216184	0.28643908240262445	-0	0.20405612085264685	-0	-0	-0	-0	0.3502223404410396	-0	-0	-0	-0	-0	-0	-0	-0	-0	-0	0.23672710971453945	0.23729696413451934	-0	0.26521550309424896	-0	-0	-0	-0	-0	-0	-0	0.3341743611546524	-0	0.21105608708710605	-0	0.18422374653772575	0.14808347765374208	0.20093014998085007	-0	-0	0.24109803724592754	0.28616049213346645	0.27069900982959383	0.27045154932187837	-0	-0	0.3093100231781176	0.325036179264407	1	-0	-0	-0	-0	-0	-0	0.410953043408204	0.2620940930676231	0.42690908900407615	0.6191436875767694	0.2842807846288387	-0	0.24524105908600796	0.3654204171405861	0.26923694542305704	0.24650037047581724	0.2043228531931347	-0	-0	-0	-0	-0	-0	-0	-0	-0	0.16277372091792972	-0	-0	-0	0.1667812757107933	-0	0.2763355949387558	0.24880476739065166	-0	-0	-0	-0	0.15302493892143262	0.15215578081839087	-0	0.14705177130747998	0.14285907108320214	0.14749716206305755	0.18042889059243244	-0	0.13749253704857775	0.23103321374342775	-0	0.2624442170104288	0.18592963662784662	0.173316604475436	0.1961821016108119	0.18034863952546976	0.12881579931968856	0.28616752661965544	0.23555341187114365	0.20282405038938733	0.1887066965485572	0.14670454610607628	0.14670454610607628	0.1365392490183664	0.13588179537373143	0.13683234658981006	0.13588179537373143	0.13890235827891034	0.13665564754650497
GO:0048646	-0	0.6492251770908501	-0	-0	-0	-0	-0	-0	-0	-0	-0	-0	-0	-0	-0	-0	-0	-0	0.7117395015756244	0.5630448499988384	0.5232951574878774	-0	-0	0.6822272808841926	-0	0.6275981435871636	-0	-0	-0	-0	0.6592568203627167	-0	0.5258053114877771	-0	-0	-0	-0	-0	-0	-0	-0	0.6701753303684935	0.6456313567222332	0.5242680536541731	-0	-0	-0	-0	-0	-0	-0	-0	-0	-0	-0	0.4834036811039037	0.4392713572295659	0.567164138411887	-0	-0	-0	0.5462543408188413	-0	-0	-0	0.6122763522740181	-0	-0	-0	-0	-0	0.659618289528277	0.6589372149199053	-0	-0	-0	1	0.6828817517259901	0.7033017255427091	0.5016848942514455	0.704795066699782	0.6719160197467422	-0	-0	-0	-0	-0	0.5354638844959312	-0	-0	-0	-0	-0	-0	0.5318860628388807	0.523700223994917	0.5809209904224201	0.4742054514464636	0.4793292654453782	0.4736309334054864	-0	-0	-0	0.42208325989673917	0.5288791319581444	0.5670345315753682	-0	-0	-0	-0	-0	-0	-0	0.5897020932010526	-0	-0	-0	-0	-0	-0	-0	-0	-0	-0	-0	-0	-0	-0	-0	-0	-0	-0	-0	-0	-0	-0	-0	-0	-0	-0	-0	-0	-0
GO:0048729	-0	0.5928325907271708	-0	-0	-0	-0	-0	-0	-0	-0	-0	-0	-0	-0	-0	-0	-0	-0	0.6292718188632445	0.5101553044060492	0.47730478349006306	-0	-0	0.6060910471611781	-0	0.5625859297455775	-0	-0	-0	-0	0.6011859856504328	-0	0.7291277544552676	-0	-0	-0	-0	-0	-0	-0	-0	0.5929817623707444	0.5898345421147851	0.48686904048455837	-0	-0	-0	-0	-0	-0	-0	-0	-0	-0	-0	0.4438931527144659	0.4047365780831376	0.5135347283142152	-0	-0	-0	0.49633234725478803	-0	-0	-0	0.5618707829144859	-0	-0	-0	-0	-0	0.5881805378476638	0.5876389371949015	-0	-0	-0	0.6828817517259901	1	0.6226670231498012	0.6985087095791648	0.6199252055380547	0.5943441389447317	-0	-0	-0	-0	-0	0.4874079294034635	-0	-0	-0	-0	-0	-0	0.48444170496982436	0.47764175635706124	0.6479233863693328	0.4361250100761316	0.6699067707417294	0.6625816484664601	-0	-0	-0	0.3916453035568296	0.7330119325431359	0.5134284708600868	-0	-0	-0	-0	-0	-0	-0	0.5319427792697698	-0	-0	-0	-0	-0	-0	-0	-0	-0	-0	-0	-0	-0	-0	-0	-0	-0	-0	-0	-0	-0	-0	-0	-0	-0	-0	-0	-0	-0
GO:0048731	-0	0.66329683784144	0.7621683706872602	0.604791560594818	0.6168283834772541	0.5533681887323767	0.4335703241757115	-0	-0	0.6012576390623222	0.562032049064525	-0	-0	-0	-0	-0	-0	-0	0.8541742005293025	0.7319710660762899	0.5964165943085051	0.6151033980641816	-0	0.812017780143617	-0	0.7357868576940791	-0	-0	-0	-0	0.598106660746022	-0	0.5996794477378157	0.43613672922430413	0.43527840290324593	-0	-0	-0	-0	-0	-0	0.8032202410774064	0.5840535269145081	0.4623722762757029	-0	-0	-0	-0	-0	-0	-0	-0	-0	-0	-0	0.6152121889497328	0.5041396871137352	0.7381468703866708	-0	-0	-0	0.6264243248265869	-0	-0	-0	0.5499917295312449	-0	-0	-0	-0	-0	0.7801886631244862	0.7792360279269638	-0	-0	-0	0.7033017255427091	0.6226670231498012	1	0.6415769665287075	0.8534652527831679	0.8057219552483098	-0	-0	-0	-0	-0	0.6122751863017503	-0	-0	-0	-0	-0	-0	0.6076017581022339	0.5969428288087228	0.5850364516408008	0.6020427759888975	0.6093708231557337	0.6012223377203622	0.5503600243554408	0.5365450880123163	-0	0.5286074526916726	0.6036809561933852	0.6539050656716908	-0	-0	-0	-0	-0	-0	-0	0.7721815491949824	-0	0.49961031889249136	0.5005858226430253	0.4838431667404597	-0	0.42807974373421104	-0	-0	-0	-0	-0	-0	-0	-0	-0	-0	-0	-0	-0	-0	-0	-0	-0	-0	-0	-0	-0	-0	-0
GO:0048738	-0	0.8326203670872991	0.525966053078168	0.44589517647274024	0.4524039773721826	0.41730437371811435	0.34534581281182014	-0	-0	0.4439712953247732	0.4222125510772464	-0	-0	-0	-0	-0	-0	-0	0.5740068156645658	0.8185879142863728	0.6070321065755437	0.45147536722421044	-0	0.5546562916221847	-0	0.5179985191113832	-0	-0	-0	-0	0.4457597721503483	-0	0.948450372381993	0.346972079300551	0.3464286151074227	-0	-0	-0	-0	-0	-0	0.5411843204317703	0.4379069705810053	0.36574068395140424	-0	-0	-0	-0	-0	-0	-0	-0	-0	-0	-0	0.7865973046091319	0.38868241387542274	0.5373218756080556	-0	-0	-0	0.46130137456325687	-0	-0	-0	0.4184752871809482	-0	-0	-0	-0	-0	0.5396189672879136	0.5391630717833569	-0	-0	-0	0.5016848942514455	0.6985087095791648	0.6415769665287075	1	0.5635375633933251	0.5423188550600823	-0	-0	-0	-0	-0	0.45358246886720205	-0	-0	-0	-0	-0	-0	0.45101257725167954	0.44511300188472464	0.8581701074656384	0.7736929096947415	0.885448644727184	0.8763716808080783	0.41559136353861315	0.40766514793037373	-0	0.6992461933885264	0.6826727843429323	0.47603356925512774	-0	-0	-0	-0	-0	-0	-0	0.5727065644871672	-0	0.3859845492530706	0.38656653610654534	0.37650563386591024	-0	0.3418533796441054	-0	-0	-0	-0	-0	-0	-0	-0	-0	-0	-0	-0	-0	-0	-0	-0	-0	-0	-0	-0	-0	-0	-0
GO:0048856	-0	0.5835186303069827	-0	-0	-0	-0	-0	-0	-0	-0	-0	-0	-0	-0	-0	-0	-0	-0	0.8666176684895575	0.6471046620108252	0.592534051562169	-0	-0	0.8209983827082776	-0	0.7393016835884015	-0	-0	-0	-0	0.594294069249808	-0	0.5959323841848927	-0	-0	-0	-0	-0	-0	-0	-0	0.8592087187366428	0.5796738495023674	0.4544525098228704	-0	-0	-0	-0	-0	-0	-0	-0	-0	-0	-0	0.5393663924618588	0.5132911906223053	0.6528536007705539	-0	-0	-0	0.6238552878381348	-0	-0	-0	0.544374466848818	-0	-0	-0	-0	-0	0.7867631992906474	0.785741299087546	-0	-0	-0	0.704795066699782	0.6199252055380547	0.8534652527831679	0.5635375633933251	1	0.8620719738711771	-0	-0	-0	-0	-0	0.609067908743765	-0	-0	-0	-0	-0	-0	0.6041910875923097	0.5930820153136747	0.511812357612919	0.5273266212308093	0.534023303226803	0.5265773038513172	-0	-0	-0	0.460601423048469	0.6001024836304293	0.6526724468966637	-0	-0	-0	-0	-0	-0	-0	0.6846274696094364	-0	-0	-0	-0	-0	-0	-0	-0	-0	-0	-0	-0	-0	-0	-0	-0	-0	-0	-0	-0	-0	-0	-0	-0	-0	-0	-0	-0	-0
GO:0048869	0.009371017651623762	0.5607988961233831	-0	-0	-0	-0	-0	-0	0.01639660560893821	-0	-0	-0	0.022717766918246438	0.013020136052591127	0.019117761334229322	0.016240101614557138	0.008684354809781735	0.023966987186400588	0.8174339265673507	0.619281652067357	0.5691209341386702	-0	-0	0.7767242044013523	-0	0.7032067619996026	-0	-0	-0	-0	0.5707444201759532	-0	0.5722553020363971	-0	-0	0.019054474837718476	-0	0.01722692204052435	0.009022413871341561	0.017158755137842364	0.01362970870399926	0.8108388831298209	0.5572467742080974	0.4405521140673135	0.014175234640939035	-0	-0	-0	-0	0.013601721880706713	-0	0.014590527409905024	0.015606799589794008	0.01086982272087389	0.014410314804761237	0.5198974250530367	0.4956283197641039	0.6245448437870952	0.021410529246788726	-0	-0	0.5979556207124501	-0	-0	-0	0.5245489227206196	0.014447377909400766	-0	-0	-0	-0	0.746012816233699	0.7450939713418869	-0	-0	-0	0.6719160197467422	0.5943441389447317	0.8057219552483098	0.5423188550600823	0.8620719738711771	1	-0	-0	-0	-0	-0	0.5843571844766842	-0	-0	-0	-0	-0	0.025618991519761707	0.5798665958114039	0.569626430991027	0.4942493752219412	0.5087021215599103	0.5149313267011639	0.5080047643317028	-0	-0	-0	0.44632823441158426	0.5760995497267367	0.6243790575409903	-0	-0	-0	-0	0.012116748957605549	0.01866110942206479	-0	0.6535616886328518	-0	0.011704859910030488	0.011727845555447012	0.011333412437931374	0.010474609290664297	0.010020800122895426	-0	0.017190232409381005	-0	-0	0.017586778905137098	0.017190959285598387	-0	-0	-0	-0	-0	-0	-0	-0	-0	-0	-0	-0	-0	-0	-0	-0	-0
GO:0050789	-0	-0	-0	-0	-0	-0	-0	0.4083871322723126	-0	-0	-0	0.1869798399520857	-0	-0	-0	-0	-0	-0	-0	-0	-0	-0	0.20744963759596427	-0	-0	-0	0.35126277390129684	0.3770316583106143	0.350165232205742	0.37147541938637363	-0	0.23923899417634079	-0	-0	-0	-0	0.49486593204641377	-0	-0	-0	-0	-0	-0	-0	-0	-0	-0	0.26108561792813856	0.2618776385342775	-0	0.30193101293116037	-0	-0	-0	-0	-0	-0	-0	0.4126210398641223	-0	0.2670580712652073	-0	0.21111002313067764	0.16298857133973682	0.23471934632794683	-0	-0	0.2671860419627074	0.33368088513559224	0.34408392038622915	0.309726302929523	-0	-0	0.41331663347128555	0.39688824273111856	0.410953043408204	-0	-0	-0	-0	-0	-0	1	0.3295647610895091	0.6760049797098765	0.2410082626274387	0.3307686918731885	-0	0.30201426311537866	0.5275982234571959	0.34159475186074856	0.2748076042400157	0.2176196337313955	-0	-0	-0	-0	-0	-0	-0	-0	-0	0.1820825838436076	-0	-0	-0	0.18740023666280053	-0	0.38092116181233143	0.3305083144281337	-0	-0	-0	-0	0.18046276107901477	0.1792552045145168	-0	0.17221328304167233	0.15634506400995418	0.14818481922122057	0.2058718132051877	-0	0.14959895691768912	0.253225854401775	-0	0.2978424458059213	0.19424852593834827	0.1787310914049411	0.20716442285054995	0.18733256257253153	0.1270472053706579	0.33369180734761406	0.25945744931850423	0.2156812049499063	0.2173566610307314	0.14727198731976338	0.14727198731976338	0.14840878627426096	0.1475893887468243	0.14877445470368902	0.1475893887468243	0.1383628774515363	0.13582287673919421
GO:0050793	-0	-0	-0	-0	-0	-0	-0	0.26110300348593607	-0	-0	-0	0.1520569899484999	-0	-0	-0	-0	-0	-0	-0	-0	-0	-0	0.16456587828013922	-0	-0	-0	0.2376924901840203	0.24858275863836238	0.23721590384365204	0.24628214656096042	-0	0.18282028451609317	-0	-0	-0	-0	0.29200755550226815	-0	-0	-0	-0	-0	-0	-0	-0	-0	-0	0.19460774824981716	0.19502420529113582	-0	0.21515901265405016	-0	-0	-0	-0	-0	-0	-0	0.26273573743379985	-0	0.18730050172049978	-0	0.16673831404322714	0.13657120396590963	0.18030708273179355	-0	-0	0.19779640878668972	0.2299269121298414	0.23455569274381988	0.2188775632999029	-0	-0	0.2630027103174366	0.2566005267330514	0.2620940930676231	-0	-0	-0	-0	-0	-0	0.3295647610895091	1	0.3434468082198434	0.18379697967169134	0.228613134380134	-0	0.21519905471079057	0.30249736651005094	0.2334571968772217	0.20171955360705943	0.17055525140397737	-0	-0	-0	-0	-0	-0	-0	-0	-0	0.14897051481575463	-0	-0	-0	0.15232021351474764	-0	0.23698225699198108	0.21644306974452573	-0	-0	-0	-0	0.14013807409621878	0.13940879389032315	-0	0.13511207355983368	0.13211531021240275	0.1265376179383033	0.16362355232460513	-0	0.12751260452216007	0.190434345103742	-0	0.2131836055386912	0.1565701977509739	0.14683663032790267	0.16439580304237997	0.15227785899434268	0.1115283804854911	0.22993182447722818	0.19374929432548718	0.1694248100776056	0.17040219680915925	0.12590636886978804	0.12590636886978804	0.12669227046886977	0.12612602962203812	0.12694457799808564	0.12612602962203812	0.11966642002588138	0.11786070541287284
GO:0050794	-0	-0	-0	-0	-0	-0	-0	0.4242858506099175	-0	-0	-0	0.19594484048868788	-0	-0	-0	-0	-0	-0	-0	-0	-0	-0	0.21722181128736234	-0	-0	-0	0.36574947040414296	0.39218753203858775	0.36462224907132046	0.38649149006719785	-0	0.2501971554738817	-0	-0	-0	-0	0.5124094373007361	-0	-0	-0	-0	-0	-0	-0	-0	-0	-0	0.27281132390383933	0.2736304454987548	-0	0.314988328330703	-0	-0	-0	-0	-0	-0	-0	0.42861407112105177	-0	0.2642714479426731	-0	0.22102293957476993	0.17096404104321183	0.24551389158036296	-0	-0	0.2791191807995243	0.347680533427517	0.3583747402543947	0.3230224818134497	-0	-0	0.4293250233258585	0.41252362665898074	0.42690908900407615	-0	-0	-0	-0	-0	-0	0.6760049797098765	0.3434468082198434	1	0.25203002237510863	0.34468527688296907	-0	0.31507415528811106	0.5456104862722211	0.3558166910708532	0.28699567529307213	0.2277801550180922	-0	-0	-0	-0	-0	-0	-0	-0	-0	0.1908494117460558	-0	-0	-0	0.19638215783080226	-0	0.3752768731451769	0.3262507984379664	-0	-0	-0	-0	0.17918598729424906	0.1779954008421223	-0	0.1710501951477177	0.16403820321198206	0.15552622727114807	0.21558298299797587	-0	0.1570017091697331	0.26467986934250465	-0	0.3107725249675584	0.2035040562847731	0.18736116985561582	0.21692558419532668	0.19631176088575017	0.1334521399041766	0.34769176588956857	0.27112728410787695	0.2257683546893142	0.2275072464284676	0.15457371042440857	0.15457371042440857	0.15575992075956538	0.15490491847332444	0.15614146059702613	0.15490491847332444	0.1452736954549294	0.14262105489185084
GO:0051093	-0	-0	-0	-0	-0	-0	-0	0.20466520470519575	-0	-0	-0	0.13101688741868117	-0	-0	-0	-0	-0	-0	-0	-0	-0	-0	0.14019904784457093	-0	-0	-0	0.18999708140594185	0.19689196675006454	0.18969244675867666	0.195445881215939	-0	0.1532338130132631	-0	-0	-0	-0	0.223179854446311	-0	-0	-0	-0	-0	-0	-0	-0	-0	-0	0.16142926160293397	0.16171571637009535	-0	0.17532025241269827	-0	-0	-0	-0	-0	-0	-0	0.20566703255745425	-0	0.15494400745781575	-0	0.1417727024895588	0.11935581271125147	0.15146429467628753	-0	-0	0.7071521049271233	0.18500256771759324	0.1879875213584977	0.17778136359213162	-0	-0	0.20583058701057338	0.20188844975063297	0.6191436875767694	-0	-0	-0	-0	-0	-0	0.2410082626274387	0.18379697967169134	0.25203002237510863	1	0.18415107110844842	-0	0.1753468380148133	0.22925599294028637	0.18728125500779108	0.16629251268103448	0.14452277045642942	-0	-0	-0	-0	-0	-0	-0	-0	-0	0.1287190142329404	-0	-0	-0	0.13121225951287382	-0	0.18745352777822716	0.17436539606897047	-0	-0	-0	-0	0.12120110539720527	0.12065522083667125	-0	0.11742335472693641	0.11593843067709256	0.11162071572876311	0.13951453741118006	-0	0.11237869030314342	0.1585470532681388	-0	0.1740064180323278	0.13435381767808244	0.12712275951072113	0.14007559016956966	0.1311808290879727	0.09977600419629933	0.1850057479814748	0.16083812480517973	0.1437102581076271	0.14441285766770948	0.11112923496546338	0.11112923496546338	0.11174103765051988	0.11130032503392172	0.11193726218874452	0.11130032503392172	0.1062396070529574	0.10481395565265497
GO:0051128	-0	-0	-0	-0	-0	-0	-0	0.28320285324007693	-0	-0	-0	0.152299264053716	-0	-0	-0	-0	-0	-0	-0	-0	-0	-0	0.16484969026556165	-0	-0	-0	0.23828502656116726	0.24923090891240476	0.25722948339449664	0.2469183398490396	-0	0.1831706190891674	-0	-0	-0	-0	0.29290234265168014	-0	-0	-0	-0	-0	-0	-0	-0	-0	-0	0.21093227842654402	0.21138459251617797	-0	0.2332577238341306	-0	-0	-0	-0	-0	-0	-0	0.2849786634707224	-0	0.1876887535815255	-0	0.16702967533049184	0.1367666118267801	0.18064784254414323	-0	-0	0.21439558402690914	0.24930647122850613	0.23513267408019806	0.23729832322736163	-0	-0	0.2637283480253615	0.2783061401426427	0.2842807846288387	-0	-0	-0	-0	-0	-0	0.3307686918731885	0.228613134380134	0.34468527688296907	0.18415107110844842	1	-0	0.2156846364815589	0.30345770108691683	0.23402877992461218	0.21865695406215563	0.18481555521120735	-0	-0	-0	-0	-0	-0	-0	-0	-0	0.14920304579033605	-0	-0	-0	0.1525633278106358	-0	0.2376041364099878	0.21696170630411274	-0	-0	-0	-0	0.14035530486129616	0.13962376786125183	-0	0.13531399071411232	0.1322981664495401	0.1370543348376113	0.16390412055528275	-0	0.12768293359141678	0.20639976238336447	-0	0.23111136278568453	0.1696363330735489	0.15907425247198512	0.17812960999786412	0.16497836844475136	0.12077866875872367	0.2493118104601287	0.20999992388019967	0.18358842143514653	0.17070651512397167	0.13636972001152625	0.13636972001152625	0.12686041356749392	0.12629267208702902	0.12711339192338775	0.12629267208702902	0.12960273336099862	0.12764466972852162
GO:0051146	0.007878277919735378	0.4657505993429983	-0	-0	-0	-0	-0	-0	0.012314129114957075	-0	-0	-0	0.015567180724311496	0.010306790973734254	0.0137880302009375	0.01222564643497222	0.007387221227316942	0.016143781437639584	0.6186602333382267	0.5031585431936723	0.8797503733039137	-0	-0	0.5962407503170288	-0	0.5540890739546125	-0	-0	-0	-0	0.47222885204797344	-0	0.4732087421749847	-0	-0	0.013755081187228062	-0	0.012776618339094489	0.007630420258842541	0.012739083530691859	0.010685080795584612	0.7016558821408833	0.9280155356068864	0.7677077575989432	0.011017478957406348	-0	-0	-0	-0	0.010667872859563818	-0	0.011266727802047087	0.011863250098429291	0.008911296484977531	0.011158966585681093	0.5037338582947778	0.40008032743910144	0.5064456067867195	0.014942035049702037	-0	-0	0.9143531319595216	-0	-0	-0	0.8845485175110165	0.01118117874919403	-0	-0	-0	-0	0.6648887425315647	0.5783747004051076	-0	-0	-0	0.5354638844959312	0.4874079294034635	0.6122751863017503	0.45358246886720205	0.609067908743765	0.5843571844766842	-0	-0	-0	-0	-0	1	-0	-0	-0	-0	-0	0.016876828424641086	0.9574588134278686	0.944192005816683	0.843282183778545	0.4950220655109759	0.8715544626616295	0.8621362525173017	-0	-0	-0	0.3875085089269452	0.4756969129838625	0.5063422624633879	-0	-0	-0	-0	0.00973238993161788	0.013548909403502195	-0	0.5243400807456295	-0	0.009464866451747676	0.00947989060693658	0.009220501165838186	0.008643920105568567	0.008332519041732848	-0	0.012756425433004946	-0	-0	0.01297350166317669	0.0127568257004009	-0	-0	-0	-0	-0	-0	-0	-0	-0	-0	-0	-0	-0	-0	-0	-0	-0
GO:0051239	-0	-0	-0	-0	-0	-0	-0	0.24437311764946296	-0	-0	-0	0.14622707960435607	-0	-0	-0	-0	-0	-0	-0	-0	-0	-0	0.1577587951701502	-0	-0	-0	0.22374801021681415	0.23337211322010692	0.22332565280319375	0.23134328480659572	-0	0.17445766906791407	-0	-0	-0	-0	0.27124043862982794	-0	-0	-0	-0	-0	-0	-0	-0	-0	-0	0.18515986198967374	0.18553682482332462	-0	0.20366920918808934	-0	-0	-0	-0	-0	-0	-0	0.24580275067945412	-0	0.17806867389460326	-0	0.15975413761907714	0.13184985107960698	0.17216768793108478	-0	-0	0.1880441352159764	0.2168536427775485	0.22096631027060137	0.2069981397215399	-0	-0	0.24603640503975782	0.24042477606653992	0.24524105908600796	-0	-0	-0	-0	-0	-0	0.30201426311537866	0.21519905471079057	0.31507415528811106	0.1753468380148133	0.2156846364815589	-0	1	0.2802682036155708	0.21999114897795546	0.19158649463462202	0.16325465484662705	-0	-0	-0	-0	-0	-0	-0	-0	-0	0.14337051709115423	-0	-0	-0	0.14647048980829971	-0	0.22239410329368364	0.20420876498521165	-0	-0	-0	-0	0.1349051329527673	0.13422916907674107	-0	0.13024123326483017	0.1276920283473717	0.12247419589949907	0.15689260827596216	-0	0.12338734370572092	0.18137790859172562	-0	0.2018982797239508	0.15039610199689027	0.1413929834148108	0.15760249220011255	0.14643132557812677	0.10835968283850404	0.21685801238450161	0.184382571330195	0.16221862513148305	0.16311441739569482	0.12188274293534501	0.12188274293534501	0.12261906970576664	0.12208857702079588	0.1228553993493743	0.12208857702079588	0.11602596907917415	0.11432766938042614
GO:0051252	-0	-0	-0	-0	-0	-0	-0	0.7064590789091487	-0	-0	-0	0.18189649841994	-0	-0	-0	-0	-0	-0	-0	-0	-0	-0	0.20009027486720443	-0	-0	-0	0.5136327917025822	0.5457896512384969	0.5274875684018707	0.5549426713619917	-0	0.22773840712423776	-0	-0	-0	-0	0.42630847776147596	-0	-0	-0	-0	-0	-0	-0	-0	-0	-0	0.24632411336047746	0.24699170495693276	-0	0.28020028968214533	-0	-0	-0	-0	-0	-0	-0	0.3666689066430387	-0	0.23809009824172256	-0	0.20331103723123597	0.1601707267616374	0.2238516555644238	-0	-0	0.25145505477202035	0.5942800586476478	0.6102968902935999	0.5568929408543776	-0	-0	0.3671890842162731	0.3548290606314337	0.3654204171405861	-0	-0	-0	-0	-0	-0	0.5275982234571959	0.30249736651005094	0.5456104862722211	0.22925599294028637	0.30345770108691683	-0	0.2802682036155708	1	0.6064764469602412	0.2578297787631598	0.2090146794565089	-0	-0	-0	-0	-0	-0	-0	-0	-0	0.17749731370187058	-0	-0	-0	0.18227329610486462	-0	0.3245908186970732	0.2872548564139875	-0	-0	-0	-0	0.16675292904926695	0.16572135582636427	-0	0.15968472509220508	0.1540761830356644	0.14654293704243831	0.19869892279873655	-0	0.14785217466462178	0.2396757319670366	-0	0.2768593316966691	0.18839268074974588	0.17447621992400492	0.1998389030488115	0.18221264942409798	0.12678323866379382	0.5942969439296002	0.24495038209468922	0.20731947218922328	0.20878486259826462	0.14569697897806624	0.14569697897806624	0.1467503956358902	0.14599120242235966	0.14708902567999668	0.14599120242235966	0.22078093959961495	0.21696412770157947
GO:0051254	-0	-0	-0	-0	-0	-0	-0	0.5282030155058988	-0	-0	-0	0.15443398930799998	-0	-0	-0	-0	-0	-0	-0	-0	-0	-0	0.1673536340588324	-0	-0	-0	0.8659379345748488	0.7847750144556264	0.8837372785677418	0.8980309892653405	-0	0.18626728019557987	-0	-0	-0	-0	0.3009015804407002	-0	-0	-0	-0	-0	-0	-0	-0	-0	-0	0.19851832225561442	0.19895170321093944	-0	0.21994930391028097	-0	-0	-0	-0	-0	-0	-0	0.2699140850115526	-0	0.19112585651662292	-0	0.16960079814277199	0.13848565254133913	0.18365909038243244	-0	-0	0.20183751322354102	0.9574434934015238	0.8542323426515619	0.9103901789675436	-0	-0	0.2701958532301164	0.8107620694157287	0.26923694542305704	-0	-0	-0	-0	-0	-0	0.34159475186074856	0.2334571968772217	0.3558166910708532	0.18728125500779108	0.23402877992461218	-0	0.21999114897795546	0.6064764469602412	1	0.20592425626989985	0.5341149817464843	-0	-0	-0	-0	-0	-0	-0	-0	-0	0.15125127246992082	-0	-0	-0	0.15470551412111677	-0	0.24313947661743562	0.22156771128324937	-0	-0	-0	-0	0.1422685587626226	0.141516995327809	-0	0.13709140129821906	0.13390605271814263	0.12817940830270647	0.16637920609304072	-0	0.12917995940487897	0.1941773784443776	-0	0.2178853787391378	0.1590915646000385	0.4587165024481186	0.16717775092523268	0.4759809742010881	0.3471543485179844	0.9574644364479149	0.1976251002114282	0.5305130927869876	0.1733929908911333	0.127531714328407	0.39248644880372663	0.12833810253156064	0.39318004980896853	0.12859701468446727	0.39318004980896853	0.194635280451215	0.4241074060384393
GO:0051493	-0	-0	-0	-0	-0	-0	-0	0.24568950246846047	-0	-0	-0	0.13987587528107892	-0	-0	-0	-0	-0	-0	-0	-0	-0	-0	0.15039159278354944	-0	-0	-0	0.20921243768699604	0.21760326993851883	0.2259009264954976	0.2158383158092149	-0	0.1654925908794882	-0	-0	-0	-0	0.25016993060008974	-0	-0	-0	-0	-0	-0	-0	-0	-0	-0	0.852461306712852	0.18975858297284506	-0	0.8237024667821242	-0	-0	-0	-0	-0	-0	-0	0.24702491034983412	-0	0.16824767616628547	-0	0.15220385466672812	0.12666401993536028	0.16343052787463566	-0	-0	0.1921814707973506	0.21976730296634026	0.2067784531302945	0.21038259635957696	-0	-0	0.22857371592981848	0.24199565954300742	0.24650037047581724	-0	-0	-0	-0	-0	-0	0.2748076042400157	0.20171955360705943	0.28699567529307213	0.16629251268103448	0.21865695406215563	-0	0.19158649463462202	0.2578297787631598	0.20592425626989985	1	0.7564772268742161	-0	-0	-0	-0	-0	-0	-0	-0	-0	0.1372598471924359	-0	-0	-0	0.1400985840940397	-0	0.2072826824758567	0.19139645935491983	-0	-0	-0	-0	0.1291918894319104	0.12857183587012944	-0	0.12490838643810022	0.12282206555219326	0.12762400712225103	0.14960421540325597	-0	0.11883433969333537	0.8359778567791082	-0	0.20550513475361318	0.15542180465763122	0.1465091436671619	0.16252155723150455	0.1515027372548215	0.11339478337493769	0.21977145190212605	0.7499252604965535	0.6641025530140382	0.15525098470636586	0.12703015980910776	0.12703015980910776	0.11812155458835451	0.11762918570847003	0.11834085011565974	0.11762918570847003	0.12113831132901152	0.11942597034976771
GO:0051495	-0	-0	-0	-0	-0	-0	-0	0.20376541924316677	-0	-0	-0	0.12414617417335402	-0	-0	-0	-0	-0	-0	-0	-0	-0	-0	0.1323603457038111	-0	-0	-0	0.5412849127731294	0.5594195647742871	0.5767722183771745	0.5556242149773829	-0	0.14391819811611453	-0	-0	-0	-0	0.20395226954514104	-0	-0	-0	-0	-0	-0	-0	-0	-0	-0	0.8317918803596499	0.16373901437972146	-0	0.7019104164311682	-0	-0	-0	-0	-0	-0	-0	0.2046831157647638	-0	0.1449300016808152	-0	0.1337620700604291	0.11362697870514529	0.1423561936465609	-0	-0	0.1655398542884484	0.5635459455809868	0.5359810300978005	0.5430855886248205	-0	-0	0.18936592040925004	0.5725002904281926	0.2043228531931347	-0	-0	-0	-0	-0	-0	0.2176196337313955	0.17055525140397737	0.2277801550180922	0.14452277045642942	0.18481555521120735	-0	0.16325465484662705	0.2090146794565089	0.5341149817464843	0.7564772268742161	1	-0	-0	-0	-0	-0	-0	-0	-0	-0	0.12208108974360615	-0	-0	-0	0.12432157865942224	-0	0.1729926079004222	0.1617855645308479	-0	-0	-0	-0	0.11498630132836585	0.11449485038840208	-0	0.11158059646149067	0.11052551608913685	0.11530112196895138	0.1317500725013781	-0	0.10728576536490723	0.8178729974986095	-0	0.17533141178677197	0.13752264451339075	0.3962204289587534	0.14305218447007964	0.40820467195319643	0.31443228587092414	0.5635549309460867	0.6476185440025751	0.7696517933628291	0.136109828672276	0.114816199535645	0.34860641942576703	0.1067044495505449	0.32715227463186053	0.10688336943176997	0.32715227463186053	0.10998132376111437	0.32963566230997343
GO:0051716	0.01062051378993991	-0	-0	-0	-0	-0	-0	-0	0.020646806689386617	-0	-0	-0	0.03178253824529422	0.01556431860399251	0.025155469145776287	0.02039926398955238	0.009747062833457432	0.03428242323738392	-0	-0	-0	-0	-0	-0	0.43503419104860125	-0	-0	-0	-0	-0	0.016402716731345666	-0	-0	-0	-0	0.025046011015992638	-0	0.0219808808656148	0.010174959324737033	0.021870020989613343	0.01644343426391771	0.025512971299810987	0.015937190530785402	0.01209303473977781	0.017244062085392798	-0	-0	-0	-0	0.016402716731345666	-0	0.017862557286751544	0.019409921723962005	0.012587605386180659	0.34697398112446803	0.014672239361780135	-0	-0	0.5774888195898346	-0	-0	0.01735513714378643	-0	-0	-0	0.014827948607564572	0.017648475050306894	-0	-0	-0	-0	0.022887127267153796	-0	-0	-0	-0	-0	-0	-0	-0	-0	0.025618991519761707	-0	-0	-0	-0	-0	0.016876828424641086	-0	-0	-0	-0	-0	1	0.01671991164237787	0.016363985753936907	0.013822802979014188	0.014299571562384893	0.014506564318962223	0.014276455429848067	-0	-0	-0	-0	-0	-0	-0	-0	-0	-0	0.014290655650710006	0.024370753758962485	0.42446232371992715	-0	-0	0.013721184569745179	0.013752782192943456	0.01321351575480003	0.012060636761822698	0.22607221223467674	-0	0.021921182426295507	-0	-0	0.02257015229011884	0.4323539885663383	-0	-0	-0	-0	-0	-0	-0	-0	-0	-0	-0	-0	-0	-0	-0	-0	-0
GO:0055001	0.007843913526892815	0.46304138649749627	-0	-0	-0	-0	-0	-0	0.012230378466197074	-0	-0	-0	0.015433576214229859	0.010248054284101568	0.01368311659019586	0.012143091001486344	0.007356999005891728	0.01600014200304593	0.6138892039612981	0.4999981353602438	0.8745737296588738	-0	-0	0.5918080090100569	-0	0.5502589170159894	-0	-0	-0	-0	0.46944397400943555	-0	0.4704123289415886	-0	-0	0.013650666499205183	-0	0.012686481630099038	0.007598179697169137	0.012649473789004492	0.010621966560818704	0.696275951700918	0.9226441840286208	0.7640281679872468	0.010950389177884387	-0	-0	-0	-0	0.010604961149032636	-0	0.011196577800501878	0.011785500830298758	0.00886735451272505	0.01109014797532727	0.5009736617150519	0.3979702683289681	0.5032439024559788	0.014818903203086374	-0	-0	0.9087625533071716	-0	-0	-0	0.8796672325867826	0.011112086744471943	-0	-0	-0	-0	0.6600883689499127	0.5742026993349847	-0	-0	-0	0.5318860628388807	0.48444170496982436	0.6076017581022339	0.45101257725167954	0.6041910875923097	0.5798665958114039	-0	-0	-0	-0	-0	0.9574588134278686	-0	-0	-0	-0	-0	0.01671991164237787	1	0.938632324351571	0.8388445801044172	0.5836127975965028	0.8668151527359044	0.8574985447027721	-0	-0	-0	0.38563125353188477	0.4728711026963974	0.5031418605380341	-0	-0	-0	-0	0.0096800010069933	0.013447589825252154	-0	0.5209088911157318	-0	0.00941531073876054	0.009430177856684204	0.00917346493501371	0.00860256934453667	0.008294087350167489	-0	0.012666572411544173	-0	-0	0.012880575700945243	0.012666967059948117	-0	-0	-0	-0	-0	-0	-0	-0	-0	-0	-0	-0	-0	-0	-0	-0	-0
GO:0055002	0.007764682911479524	0.45682509200882937	-0	-0	-0	-0	-0	-0	0.012038837811730407	-0	-0	-0	0.01512981199985774	0.010113230096332712	0.013443815824290085	0.011954253511901991	0.007287255909413844	0.015673901809685004	0.6030105115199276	0.4927577173559274	0.8626985603705513	-0	-0	0.5816913923099245	-0	0.5415024416851214	-0	-0	-0	-0	0.46305576837538964	-0	0.46399792138198676	-0	-0	0.013412489532769802	-0	0.0124805087736583	0.00752381205612655	0.01244469117137873	0.010477193945449575	0.6840070692163619	0.9555710726163696	0.7931159418114705	0.010796590469037852	-0	-0	-0	-0	0.010460648565823875	-0	0.011035836649915656	0.011607539872718804	0.008766232992961153	0.010932426649164235	0.4946332983727386	0.39312001407059305	0.49590986557087285	0.014538633497802737	-0	-0	0.8959475908744589	-0	-0	-0	0.9116276610354023	0.010953745240396313	-0	-0	-0	-0	0.6491249431639367	0.5646741894877672	-0	-0	-0	0.523700223994917	0.47764175635706124	0.5969428288087228	0.44511300188472464	0.5930820153136747	0.569626430991027	-0	-0	-0	-0	-0	0.944192005816683	-0	-0	-0	-0	-0	0.016363985753936907	0.938632324351571	1	0.8698362863334324	0.5763520190889246	0.8876742900185647	0.8889390453426737	-0	-0	-0	0.38130997548487156	0.46638992755355085	0.49581077590827344	-0	-0	-0	-0	0.00955962148729037	0.013216386701135917	-0	0.5130549529989117	-0	0.009301385794995117	0.009315895029128591	0.009065283853333366	0.00850736435224499	0.00820555276547427	-0	0.012461240293080095	-0	-0	0.012668304885505275	0.012461622250061427	-0	-0	-0	-0	-0	-0	-0	-0	-0	-0	-0	-0	-0	-0	-0	-0	-0
GO:0055003	0.28660561204526813	0.7746776862255944	0.4815666393557304	0.41356972213462756	0.41916309240824773	0.38885920905111715	0.3256331226511251	-0	0.010604575622993431	0.41191415792874136	0.3931176546983794	-0	0.3173165246843343	0.3093108233839814	0.39780972630841427	0.6793957138383064	0.22941959409206875	0.013327159472301774	0.5229751451602677	0.7576390293871519	0.7721541627264307	0.41836581001704176	-0	0.5068640782684734	-0	0.47607607790939294	-0	-0	-0	-0	0.8927775033895523	-0	0.8815198251843082	0.3270786414653079	0.3265956657981056	0.011656126315074906	-0	0.010945786007660429	0.2784076598153665	0.6986612277660126	0.5998356473540698	0.5936669483772056	0.8808093932397124	0.7697202731576357	0.6207193452469582	-0	-0	-0	-0	0.22968846616054403	-0	0.39402999315551285	0.2519661048099439	0.19581910916327916	0.009736584389810019	0.7346834564431317	0.363889501555846	0.4970876570698994	0.01249739489135433	-0	-0	0.798682845131444	-0	-0	-0	0.8733320816912421	0.23932919976983436	-0	-0	-0	-0	0.5676967507028842	0.49389457420924865	-0	-0	-0	0.5809209904224201	0.6479233863693328	0.5850364516408008	0.8581701074656384	0.511812357612919	0.4942493752219412	-0	-0	-0	-0	-0	0.843282183778545	-0	-0	-0	-0	-0	0.013822802979014188	0.8388445801044172	0.8698362863334324	1	0.9482340075778048	0.9564762001024483	0.9780097951821005	0.3873713548198665	0.3804760945903345	-0	0.6579192565173809	0.6342756469930233	0.4403948948201828	-0	-0	-0	-0	0.5523978638371652	0.4618202417043397	-0	0.5285109578545379	-0	0.5388876090504214	0.5396485779657821	0.5264730786369533	0.007765202681682258	0.322526220095894	-0	0.2682217628891703	-0	-0	0.6067926894308013	0.010931256122667814	-0	-0	-0	-0	-0	-0	-0	-0	-0	-0	-0	-0	-0	-0	-0	-0	-0
GO:0055006	0.007266881073837262	0.792351969424781	0.4949591180046688	0.4234085555049241	0.42927311117679523	0.39754509306744196	0.3317020504412942	-0	0.010882949444605964	0.4216734477261722	0.40199699278960893	-0	0.013348099291084842	0.00928481525145324	0.012018363762265175	0.01081378117323054	0.006847053457419723	0.013769802673077173	0.538315366498675	0.7761626242802826	0.5773669319503241	0.4284369431654856	-0	0.5212606898533909	-0	0.4887549712006475	-0	-0	-0	-0	0.4239320948100592	-0	0.42472163234854154	0.3332020766427071	0.3327008613958787	0.011993322173464951	-0	0.011242612515359856	0.007055484716423851	0.011213539501446426	0.009590692089648474	0.610992774251476	0.5674705683862905	0.4777430440728373	0.009857636809261541	-0	-0	-0	-0	0.009576826297057412	-0	0.010056695543263352	0.010529279699692917	0.008136932004545223	0.009970749906964732	0.7505612077765782	0.37148481734152067	0.5093117561756996	0.012885831752296021	-0	-0	0.5030200145427781	-0	-0	-0	0.5434506806427506	0.009988479816258963	-0	-0	-0	-0	0.5834097084622238	0.5075539310418892	-0	-0	-0	0.4742054514464636	0.4361250100761316	0.6020427759888975	0.7736929096947415	0.5273266212308093	0.5087021215599103	-0	-0	-0	-0	-0	0.4950220655109759	-0	-0	-0	-0	-0	0.014299571562384893	0.5836127975965028	0.5763520190889246	0.9482340075778048	1	0.9770041011862267	0.9674397774916297	0.39599016147833654	0.38878750864336103	-0	0.6706236544020707	0.42672494860158544	0.45122286814609364	-0	-0	-0	-0	0.00881608674023274	0.011836279941253402	-0	0.5419154569489711	-0	0.36901965283448723	0.3695515694360184	0.36034630397736944	0.007913422277113322	0.32847883320293936	-0	0.011226974419005756	-0	-0	0.011394775427925703	0.011227284457813864	-0	-0	-0	-0	-0	-0	-0	-0	-0	-0	-0	-0	-0	-0	-0	-0	-0
GO:0055007	0.007319960269286408	0.7999017877040876	0.5007198603976122	0.42761707140725685	0.43359961289194	0.40125291531994683	0.3342793925473411	-0	0.01100243154307964	0.42584737170136877	0.4057887199823817	-0	0.013528288946156593	0.00937164260001365	0.012164244530403283	0.010931741093157778	0.006894156876786707	0.013961639369706286	0.5449279123903219	0.7840932917806614	0.7975615424998203	0.43274652176918266	-0	0.527458469228962	-0	0.4941998303242894	-0	-0	-0	-0	0.4280223995217594	-0	0.9106393067821983	0.3358028734051627	0.33529380916374996	0.012138591983491117	-0	0.011370168755046655	0.0071055100122967155	0.011340433158891931	0.00968336306164194	0.6184596950509812	0.8738656892608375	0.7345897440366711	0.009955564669637	-0	-0	-0	-0	0.009669228212848994	-0	0.010158638769744575	0.010641082329870535	0.008203540491365886	0.010070949462363362	0.757332230066372	0.37472047676825254	0.5145464043633323	0.013053678497263488	-0	-0	0.8258968088774498	-0	-0	-0	0.8365408512576492	0.010089037833551733	-0	-0	-0	-0	0.5901673599380747	0.5134282130687288	-0	-0	-0	0.4793292654453782	0.6699067707417294	0.6093708231557337	0.885448644727184	0.534023303226803	0.5149313267011639	-0	-0	-0	-0	-0	0.8715544626616295	-0	-0	-0	-0	-0	0.014506564318962223	0.8668151527359044	0.8876742900185647	0.9564762001024483	0.9770041011862267	1	0.9760207408318313	0.39966890119230997	0.39233304135321573	-0	0.6760240140148439	0.655327631790982	0.45585963337018837	-0	-0	-0	-0	0.00889433176532893	0.011977747855139895	-0	0.5476617540276303	-0	0.37221232669165655	0.372753493899883	0.3633900429394017	0.007976407581661604	0.331006138722892	-0	0.011354174045183575	-0	-0	0.01152582797268292	0.011354491149258255	-0	-0	-0	-0	-0	-0	-0	-0	-0	-0	-0	-0	-0	-0	-0	-0	-0
GO:0055013	0.007260906448854426	0.7915042399597105	0.49431377508077146	0.4229362173637469	0.4287876053804611	0.39712866868788854	0.3314120924936295	-0	0.010869554832976776	0.42120497074898056	0.4015711945447513	-0	0.013327954874285246	0.009275063964505519	0.01200203054162569	0.010800556180141715	0.006841748979924928	0.013748366336424204	0.5375751257097878	0.7752728071612535	0.7891010997964979	0.4279533258655136	-0	0.5205665798119105	-0	0.488144680407403	-0	-0	-0	-0	0.42347287674322576	-0	0.9009419595451784	0.33290949142067316	0.3324091553621521	0.01197705689999766	-0	0.011228318517160791	0.007049852508969238	0.011199319288493803	0.009580288091321523	0.6101568328716341	0.8998553711361398	0.7576993062107718	0.009846645918516604	-0	-0	-0	-0	0.009566452343982438	-0	0.010045256542433482	0.010516741026055342	0.00812944180875586	0.00995950547931259	0.7498005002182825	0.37112117427400976	0.508724469996221	0.012867057465252064	-0	-0	0.8168279506293886	-0	-0	-0	0.8618051561208888	0.009977195386175293	-0	-0	-0	-0	0.5826526410996963	0.5068958218193059	-0	-0	-0	0.4736309334054864	0.6625816484664601	0.6012223377203622	0.8763716808080783	0.5265773038513172	0.5080047643317028	-0	-0	-0	-0	-0	0.8621362525173017	-0	-0	-0	-0	-0	0.014276455429848067	0.8574985447027721	0.8889390453426737	0.9780097951821005	0.9674397774916297	0.9760207408318313	1	0.3955769865848535	0.38838921994761827	-0	0.6700162889008555	0.6483162040095778	0.45070265863125747	-0	-0	-0	-0	0.00880729469044034	0.01182043755718311	-0	0.5412709989447789	-0	0.36866081767624675	0.369191699563931	0.36000413071852716	0.007906337740319402	0.3281944806232409	-0	0.011212720132884926	-0	-0	0.011380092140328793	0.011213029384902746	-0	-0	-0	-0	-0	-0	-0	-0	-0	-0	-0	-0	-0	-0	-0	-0	-0
GO:0060047	-0	0.42610911623098074	0.5250808045932012	0.6161702895342804	0.6251515985215522	0.8396270270405566	0.47737752666730765	-0	-0	0.6135155090763132	0.5834881509968395	-0	-0	-0	-0	-0	-0	-0	0.5556756566814323	0.4582494022609878	-0	0.9082805837601766	-0	-0	-0	-0	-0	-0	-0	-0	-0	-0	-0	0.47962304570867464	0.4788726428863243	-0	-0	-0	-0	-0	-0	-0	-0	-0	-0	-0	-0	-0	-0	-0	-0	-0	-0	-0	-0	0.402586343448501	0.38819876478462345	0.4610596910415966	-0	-0	-0	-0	-0	-0	-0	-0	-0	-0	-0	-0	-0	-0	-0	-0	-0	-0	-0	-0	0.5503600243554408	0.41559136353861315	-0	-0	-0	-0	-0	-0	-0	-0	-0	-0	-0	-0	-0	-0	-0	-0	0.3873713548198665	0.39599016147833654	0.39966890119230997	0.3955769865848535	1	0.972455856033334	-0	0.35793068853816407	-0	-0	-0	-0	-0	-0	-0	-0	-0	0.4763195338123429	-0	0.92080225652542	0.9221889224027797	0.898216674363213	-0	0.815638458146562	-0	-0	-0	-0	-0	-0	-0	-0	-0	-0	-0	-0	-0	-0	-0	-0	-0	-0	-0	-0	-0	-0	-0
GO:0060048	-0	0.417780651855543	0.5124913061605484	0.6035968175470372	0.6122127613471097	0.8235698707192286	0.7060436658544832	-0	-0	0.9033010516059053	0.8680383872875318	-0	-0	-0	-0	-0	-0	-0	0.5415959829979745	0.4486313461702445	-0	0.889519527220026	-0	-0	-0	-0	-0	-0	-0	-0	-0	-0	-0	0.709311807581238	0.7082197211877019	-0	-0	-0	-0	-0	-0	-0	-0	-0	-0	-0	-0	-0	-0	-0	-0	-0	-0	-0	-0	0.39514399148663715	0.38127428035932526	0.45132455771529045	-0	-0	-0	-0	-0	-0	-0	-0	-0	-0	-0	-0	-0	-0	-0	-0	-0	-0	-0	-0	0.5365450880123163	0.40766514793037373	-0	-0	-0	-0	-0	-0	-0	-0	-0	-0	-0	-0	-0	-0	-0	-0	0.3804760945903345	0.38878750864336103	0.39233304135321573	0.38838921994761827	0.972455856033334	1	-0	0.3520357205323628	-0	-0	-0	-0	-0	-0	-0	-0	-0	0.46593657856550613	-0	0.9119926605178987	0.9133416926021976	0.8900099072463807	-0	0.8028129551860961	-0	-0	-0	-0	-0	-0	-0	-0	-0	-0	-0	-0	-0	-0	-0	-0	-0	-0	-0	-0	-0	-0	-0
GO:0060306	-0	-0	-0	-0	-0	-0	-0	0.16239090516212604	-0	-0	-0	0.1123020645264805	-0	-0	-0	-0	-0	-0	-0	-0	-0	-0	0.11898149927973674	-0	-0	-0	0.15301772323638066	0.15745851079109596	0.15282006976005189	0.15653230056912337	-0	0.12823921468137497	-0	-0	-0	-0	0.17383313765982789	-0	-0	-0	-0	-0	-0	-0	-0	-0	-0	0.13392948516302094	0.13412659698407564	-0	0.14335274320744376	-0	-0	-0	-0	-0	-0	-0	0.16302097631696724	-0	0.4739462682430609	-0	0.1201129641318339	0.10362413010601407	0.12699754417679235	-0	-0	0.13543202966470871	0.14976152738736312	0.15171159581046906	0.1449939710096908	-0	-0	0.16312371840343076	0.16063786568629299	0.16277372091792972	-0	-0	-0	-0	-0	-0	0.1820825838436076	0.14897051481575463	0.1908494117460558	0.1287190142329404	0.14920304579033605	-0	0.14337051709115423	0.17749731370187058	0.15125127246992082	0.1372598471924359	0.12208108974360615	-0	-0	-0	-0	-0	-0	-0	-0	-0	1	-0	-0	-0	0.11244557743265654	-0	0.14975813344228697	0.14128562272792153	-0	-0	-0	-0	0.6281037739571546	0.6256692470688651	-0	0.611192667743565	0.10103847717343352	0.09774347053417708	0.1184881325760346	-0	0.5612244974801486	0.13193956260998144	-0	0.14247314912329856	0.11474488135138812	0.10942877815205672	0.1188925700110351	0.11242249396442905	0.08853943897788649	0.1497636114306911	0.13352234225445578	0.12150081520927042	0.1220026522412787	0.097366393367615	0.5557574335969462	0.5584363125367238	0.556506947540456	0.5592947410300905	0.556506947540456	0.09359232009210106	0.09248412762066593
GO:0060419	-0	0.7144518819686834	0.43689287476181043	0.38018378846620404	0.38490539056917183	0.35920060891975414	0.30457389464443174	-0	-0	0.3787842781260931	0.3628312044321457	-0	-0	-0	-0	-0	-0	-0	0.4721307493244039	0.6949605228275774	0.520068416572031	0.3842330000113879	-0	0.4589606374374029	-0	0.43357139891347746	-0	-0	-0	-0	0.3817845182678768	-0	0.3824247488393787	0.3058381281415118	0.305415804122178	-0	-0	-0	-0	-0	-0	0.44555949718497917	0.376009425860189	0.32153354636418086	-0	-0	-0	-0	-0	-0	-0	-0	-0	-0	-0	0.6802973907707717	0.7232180127451019	0.4557500055398777	-0	-0	-0	0.39312843268681624	-0	-0	-0	0.3615923648870521	-0	-0	-0	-0	-0	0.4486161317397667	0.4483009924506978	-0	-0	-0	0.42208325989673917	0.3916453035568296	0.5286074526916726	0.6992461933885264	0.460601423048469	0.44632823441158426	-0	-0	-0	-0	-0	0.3875085089269452	-0	-0	-0	-0	-0	-0	0.38563125353188477	0.38130997548487156	0.6579192565173809	0.6706236544020707	0.6760240140148439	0.6700162889008555	0.35793068853816407	0.3520357205323628	-0	1	0.384048160937689	0.40377775483829886	-0	-0	-0	-0	-0	-0	-0	0.4833306349932944	-0	0.3357502309672353	0.3361905026553634	0.3285550501222999	-0	0.301854176507085	-0	-0	-0	-0	-0	-0	-0	-0	-0	-0	-0	-0	-0	-0	-0	-0	-0	-0	-0	-0	-0	-0	-0
GO:0060537	-0	0.46076081469280533	-0	-0	-0	-0	-0	-0	-0	-0	-0	-0	-0	-0	-0	-0	-0	-0	0.6098871047542239	0.49734004209632	0.4660686385197296	-0	-0	0.5880877653438746	-0	0.5470412907342737	-0	-0	-0	-0	0.46710005774304836	-0	0.711890199187994	-0	-0	-0	-0	-0	-0	-0	-0	0.5748194410821471	0.4584846348641024	0.37998457603619673	-0	-0	-0	-0	-0	-0	-0	-0	-0	-0	-0	0.43415898322340174	0.39619226762160586	0.5005512797674724	-0	-0	-0	0.4841938884108894	-0	-0	-0	0.43722814044295266	-0	-0	-0	-0	-0	0.5712106636347934	0.5706998505309839	-0	-0	-0	0.5288791319581444	0.7330119325431359	0.6036809561933852	0.6826727843429323	0.6001024836304293	0.5760995497267367	-0	-0	-0	-0	-0	0.4756969129838625	-0	-0	-0	-0	-0	-0	0.4728711026963974	0.46638992755355085	0.6342756469930233	0.42672494860158544	0.655327631790982	0.6483162040095778	-0	-0	-0	0.384048160937689	1	0.500450326775855	-0	-0	-0	-0	-0	-0	-0	0.5180244582271117	-0	-0	-0	-0	-0	-0	-0	-0	-0	-0	-0	-0	-0	-0	-0	-0	-0	-0	-0	-0	-0	-0	-0	-0	-0	-0	-0	-0	-0
GO:0061061	-0	0.4894539104448758	-0	-0	-0	-0	-0	-0	-0	-0	-0	-0	-0	-0	-0	-0	-0	-0	0.6611930634448543	0.5309358876426201	0.49544768896826946	-0	-0	0.6356485809592469	-0	0.5879636489001687	-0	-0	-0	-0	0.4966134020294282	-0	0.4976972185182464	-0	-0	-0	-0	-0	-0	-0	-0	0.6228756817588971	0.48688620313303815	0.39928837108543547	-0	-0	-0	-0	-0	-0	-0	-0	-0	-0	-0	0.459543288790256	0.4184438096591781	0.534597220602603	-0	-0	-0	0.5159803771376092	-0	-0	-0	0.46298325319700356	-0	-0	-0	-0	-0	0.6159769240472922	0.6153829494577194	-0	-0	-0	0.5670345315753682	0.5134284708600868	0.6539050656716908	0.47603356925512774	0.6526724468966637	0.6243790575409903	-0	-0	-0	-0	-0	0.5063422624633879	-0	-0	-0	-0	-0	-0	0.5031418605380341	0.49581077590827344	0.4403948948201828	0.45122286814609364	0.45585963337018837	0.45070265863125747	-0	-0	-0	0.40377775483829886	0.500450326775855	1	-0	-0	-0	-0	-0	-0	-0	0.5545756128472783	-0	-0	-0	-0	-0	-0	-0	-0	-0	-0	-0	-0	-0	-0	-0	-0	-0	-0	-0	-0	-0	-0	-0	-0	-0	-0	-0	-0	-0
GO:0061337	-0	-0	-0	-0	-0	-0	-0	0.16637940101823478	-0	-0	-0	0.7648136339698602	-0	-0	-0	-0	-0	-0	-0	-0	-0	-0	0.8897061863728583	-0	-0	-0	0.15655406283956932	0.16120560103771459	0.1563471741700579	0.16023491953086771	-0	0.13071372882084786	-0	-0	-0	-0	0.1784114257700959	-0	-0	-0	-0	-0	-0	-0	-0	-0	-0	0.13663078409060717	0.1368359335065768	-0	0.14645193904710388	-0	-0	-0	-0	-0	-0	-0	0.16704086575126217	-0	0.1308749510446449	-0	0.12228115394248255	0.7047959789458142	0.6298853673365403	-0	-0	0.1381949051007951	0.1531472976380327	0.15518713654131297	0.1481653226655205	-0	-0	0.16714873896450008	0.16453967873148076	0.1667812757107933	-0	-0	-0	-0	-0	-0	0.18740023666280053	0.15232021351474764	0.19638215783080226	0.13121225951287382	0.1525633278106358	-0	0.14647048980829971	0.18227329610486462	0.15470551412111677	0.1400985840940397	0.12432157865942224	-0	-0	-0	-0	-0	-0	-0	-0	-0	0.11244557743265654	-0	-0	-0	1	-0	0.15333677482534122	0.14446649734338374	-0	-0	-0	-0	0.10595816481338305	0.1055407166275724	-0	0.10305952150789727	0.7963752222059495	0.09917445682103491	0.8076927852926371	-0	0.09977236703815504	0.13456040073652892	-0	0.14553402307016433	0.11672200553558856	0.11122551242225065	0.12101653480753953	0.11431973411656957	0.0897119992812591	0.1531494769782574	0.13620707774382568	0.12371986223441066	0.8320894425198749	0.09878627976897468	0.09878627976897468	0.09926943035908954	0.09892145189835709	0.09942426704350582	0.09892145189835709	0.09490352462344763	0.0937642526434032
GO:0065007	-0	-0	-0	-0	-0	-0	-0	-0	-0	-0	-0	-0	-0	-0	-0	-0	-0	-0	-0	-0	-0	-0	-0	-0	-0	-0	-0	-0	-0	-0	-0	-0	-0	-0	-0	-0	-0	-0	-0	-0	-0	-0	-0	-0	-0	-0	-0	-0	-0	-0	-0	-0	-0	-0	-0	-0	-0	-0	-0	-0	-0	-0	-0	-0	-0	-0	-0	-0	-0	-0	-0	-0	-0	-0	-0	-0	-0	-0	-0	-0	-0	-0	-0	-0	-0	-0	-0	-0	-0	-0	-0	-0	-0	-0	-0	-0	-0	-0	-0	-0	-0	-0	-0	-0	-0	-0	-0	1	-0	-0	-0	-0	-0	-0	-0	-0	-0	-0	-0	-0	-0	-0	-0	-0	-0	-0	-0	-0	-0	-0	-0	-0	-0	-0	-0	-0	-0	-0	-0	-0	-0	-0	-0
GO:0065008	-0	-0	-0	-0	-0	-0	-0	0.2751730224402615	-0	-0	-0	0.15305520324819746	-0	-0	-0	-0	-0	-0	-0	-0	-0	-0	0.16650384586542194	-0	-0	-0	0.24799792781898566	0.2605715595718595	0.24745034225614163	0.25790555602315585	-0	0.18638145038401696	-0	-0	-0	-0	0.31189866634048413	-0	-0	-0	-0	-0	-0	-0	-0	-0	-0	0.19937868077437146	0.1998402286450612	-0	0.22234895842513921	-0	-0	-0	-0	-0	-0	-0	0.2770887897843687	-0	0.202842877841137	-0	0.16885369584476925	0.13659672553908345	0.18362682493886895	-0	-0	0.20291669691805658	0.23910314372221747	0.24439791427630744	0.22654791745756672	-0	-0	0.2774022990215321	0.269903991127644	0.2763355949387558	-0	-0	-0	-0	-0	-0	0.38092116181233143	0.23698225699198108	0.3752768731451769	0.18745352777822716	0.2376041364099878	-0	0.22239410329368364	0.3245908186970732	0.24313947661743562	0.2072826824758567	0.1729926079004222	-0	-0	-0	-0	-0	-0	-0	-0	-0	0.14975813344228697	-0	-0	-0	0.15333677482534122	-0	1	0.23746974891267847	-0	-0	-0	-0	0.14866065009582557	0.14784022910011022	-0	0.1430170520269515	0.13189951968363395	0.12604380359711387	0.16548587745424986	-0	0.1270654684698408	0.1947622950723289	-0	0.22012370878431378	0.15789146898124767	0.14748354042310866	0.1663200596135828	0.15329146386016484	0.11041780633726789	0.23910875180593752	0.19842778811781364	0.17176544331434845	0.172826390210458	0.12538276579879257	0.12538276579879257	0.12620580606963253	0.12561275379848347	0.12647014848223853	0.12561275379848347	0.11886659797534062	0.11698711160698275
GO:0065009	-0	-0	-0	-0	-0	-0	-0	0.2478619103440327	-0	-0	-0	0.1442165338490301	-0	-0	-0	-0	-0	-0	-0	-0	-0	-0	0.1560964733760863	-0	-0	-0	0.22559516515474032	0.23595230111907284	0.22514195243065085	0.2337641608502139	-0	0.1734374281570225	-0	-0	-0	-0	0.2772696900666744	-0	-0	-0	-0	-0	-0	-0	-0	-0	-0	0.18463781133475687	0.18503356621438477	-0	0.20417070068731788	-0	-0	-0	-0	-0	-0	-0	0.24941519357814745	-0	0.1876048889239276	-0	0.15815992763178593	0.12951275774946353	0.17104967829036125	-0	-0	0.1876680319678364	0.2182108832574303	0.22261227349335264	0.20770569142300688	-0	-0	0.24966917922157073	0.2435787453871812	0.24880476739065166	-0	-0	-0	-0	-0	-0	0.3305083144281337	0.21644306974452573	0.3262507984379664	0.17436539606897047	0.21696170630411274	-0	0.20420876498521165	0.2872548564139875	0.22156771128324937	0.19139645935491983	0.1617855645308479	-0	-0	-0	-0	-0	-0	-0	-0	-0	0.14128562272792153	-0	-0	-0	0.14446649734338374	-0	0.23746974891267847	1	-0	-0	-0	-0	0.1403084009474806	0.13957735152227052	-0	0.13527039517651618	0.125282573274736	0.11998785038303056	0.15520144265877805	-0	0.12091333862406183	0.18067201848358203	-0	0.2022928940681531	0.14850253529629295	0.1392593768397629	0.15593493317117454	0.14442627638868488	0.10574247572447214	0.21821555410656648	0.18382203987216436	0.16071175590535833	0.1616401764773494	0.11938865661792296	0.11938865661792296	0.12013465048921036	0.11959716212671505	0.1203741479986107	0.11959716212671505	0.11346591136337164	0.11175210229606132
GO:0070252	0.007264577781788439	-0	-0	-0	-0	-0	-0	-0	0.010877784357687756	-0	-0	-0	0.01334033008607298	0.009281055482018439	0.01201206502350104	0.6916514359065653	0.006845008575229102	0.013761534964272428	-0	-0	-0	-0	-0	-0	-0	-0	-0	-0	-0	-0	0.00957282636725647	-0	-0	-0	-0	0.011987049648741954	-0	0.0112371004788653	0.007053313462491426	0.7172075488218788	0.6134551538133186	0.012092981368858391	0.6023009853495813	0.5070990600475976	0.6305225574147056	-0	-0	-0	-0	0.00957282636725647	-0	0.010052284811319902	0.010524444789249974	0.00813404426649158	0.009966414225837432	0.00895633865564801	-0	-0	0.012878591205046424	-0	-0	0.009889565899033292	-0	-0	-0	0.5768168227476915	0.009984128705438425	-0	-0	-0	-0	0.011469267137268443	-0	-0	-0	-0	-0	-0	-0	-0	-0	0.012116748957605549	-0	-0	-0	-0	-0	0.00973238993161788	-0	-0	-0	-0	-0	0.014290655650710006	0.0096800010069933	0.00955962148729037	0.5523978638371652	0.00881608674023274	0.00889433176532893	0.00880729469044034	-0	-0	-0	-0	-0	-0	-0	-0	-0	-0	1	0.011830170565852822	-0	-0	-0	0.8169383129757751	0.8181154315916265	0.7977442215446512	0.007910690977531075	0.007649079596846939	-0	0.01122147770221323	-0	-0	0.011389113214203453	0.011221787437502014	-0	-0	-0	-0	-0	-0	-0	-0	-0	-0	-0	-0	-0	-0	-0	-0	-0
GO:0070925	0.36915488359724685	-0	-0	-0	-0	-0	-0	-0	0.015876171146200622	-0	-0	-0	0.5332257494933693	0.4322112528235546	0.6271739040331099	0.5357386246167912	0.2907386554527009	0.02287109765863488	-0	-0	-0	-0	-0	-0	-0	-0	-0	-0	-0	-0	0.5314040199699688	-0	-0	-0	-0	0.01835523950672504	-0	0.01665336576751113	0.35566556682979267	0.5650386174070721	0.013268162601501151	0.01860479392085161	0.5191617755602399	0.4126777229582471	0.46949872663008557	-0	-0	-0	-0	0.32492069746293917	-0	0.5689405988402194	0.37136912508553055	0.2610485691697728	0.014006782617132982	0.01209047136933206	-0	-0	0.020531672568344567	-0	-0	0.013855469048117077	-0	-0	-0	0.4894414336659286	0.34455479199199046	-0	-0	-0	-0	0.017168406927371368	-0	-0	-0	-0	-0	-0	-0	-0	-0	0.01866110942206479	-0	-0	-0	-0	-0	0.013548909403502195	-0	-0	-0	-0	-0	0.024370753758962485	0.013447589825252154	0.013216386701135917	0.4618202417043397	0.011836279941253402	0.011977747855139895	0.01182043755718311	-0	-0	-0	-0	-0	-0	-0	-0	-0	-0	0.011830170565852822	1	-0	-0	-0	0.011437218708410185	0.011459164215158305	0.011082306390901379	0.010259756397305187	0.009823985911000118	-0	0.40779556367286424	-0	-0	0.6818074967416902	0.016619755512708265	-0	-0	-0	-0	-0	-0	-0	-0	-0	-0	-0	-0	-0	-0	-0	-0	-0
GO:0071495	-0	-0	-0	-0	-0	-0	-0	-0	-0	-0	-0	-0	-0	-0	-0	-0	-0	-0	-0	-0	-0	-0	-0	-0	0.30193370705956685	-0	-0	-0	-0	-0	-0	-0	-0	-0	-0	-0	-0	-0	-0	-0	-0	-0	-0	-0	-0	-0	-0	-0	-0	-0	-0	-0	-0	-0	0.2567146352383962	-0	-0	-0	0.3643052732624358	-0	-0	-0	-0	-0	-0	-0	-0	-0	-0	-0	-0	-0	-0	-0	-0	-0	-0	-0	-0	-0	-0	-0	-0	-0	-0	-0	-0	-0	-0	-0	-0	-0	-0	0.42446232371992715	-0	-0	-0	-0	-0	-0	-0	-0	-0	-0	-0	-0	-0	-0	-0	-0	-0	-0	1	-0	-0	-0	-0	-0	-0	0.18393575739164755	-0	-0	-0	-0	-0	0.3006402160392615	-0	-0	-0	-0	-0	-0	-0	-0	-0	-0	-0	-0	-0	-0	-0	-0	-0
GO:0072359	-0	0.5894064097033753	0.6271618951555461	0.5165553930975634	0.5253107732145481	0.47857110331471625	0.38626898838951224	-0	-0	0.5139752152044168	0.4850374338627005	-0	-0	-0	-0	-0	-0	-0	0.6922197129618671	0.6412245490821626	0.512666180610117	0.5240591616239461	-0	0.6642722857025342	-0	0.6123714139355098	-0	-0	-0	-0	0.51391442867095	-0	0.5150751648629396	0.3883046492292741	0.3876241211740884	-0	-0	-0	-0	-0	-0	0.6519146825802364	0.5035047746169348	0.4103968161855934	-0	-0	-0	-0	-0	-0	-0	-0	-0	-0	-0	0.5522295292848021	0.4413031898157587	0.6259958580417004	-0	-0	-0	0.5346825391817392	-0	-0	-0	0.47798501237650126	-0	-0	-0	-0	-0	0.6428189790296868	0.6421721371755271	-0	-0	-0	0.5897020932010526	0.5319427792697698	0.7721815491949824	0.5727065644871672	0.6846274696094364	0.6535616886328518	-0	-0	-0	-0	-0	0.5243400807456295	-0	-0	-0	-0	-0	-0	0.5209088911157318	0.5130549529989117	0.5285109578545379	0.5419154569489711	0.5476617540276303	0.5412709989447789	0.4763195338123429	0.46593657856550613	-0	0.4833306349932944	0.5180244582271117	0.5545756128472783	-0	-0	-0	-0	-0	-0	-0	1	-0	0.43782865561750534	0.4385776346531191	0.4256724789798833	-0	0.3819050433994823	-0	-0	-0	-0	-0	-0	-0	-0	-0	-0	-0	-0	-0	-0	-0	-0	-0	-0	-0	-0	-0	-0	-0
GO:0086001	-0	-0	-0	-0	-0	-0	-0	0.15266775910750194	-0	-0	-0	0.10582363717984956	-0	-0	-0	-0	-0	-0	-0	-0	-0	-0	0.11208297542756909	-0	-0	-0	0.14391831320952492	0.14806453745652445	0.14373373066152365	0.1471999048760674	-0	0.12075201805755675	-0	-0	-0	-0	0.1633382730499009	-0	-0	-0	-0	-0	-0	-0	-0	-0	-0	0.12607676363999842	0.1262611632311884	-0	0.13488851974530175	-0	-0	-0	-0	-0	-0	-0	0.15325562968414982	-0	0.47096849737628077	-0	0.11314289333236828	0.09768568926401278	0.11958973463740448	-0	-0	0.12748232017587852	0.14087702002105648	0.1426984979855301	0.1364224560151054	-0	-0	0.15335148710908	0.1510319531388147	0.15302493892143262	-0	-0	-0	-0	-0	-0	0.18046276107901477	0.14013807409621878	0.17918598729424906	0.12120110539720527	0.14035530486129616	-0	0.1349051329527673	0.16675292904926695	0.1422685587626226	0.1291918894319104	0.11498630132836585	-0	-0	-0	-0	-0	-0	-0	-0	-0	0.6281037739571546	-0	-0	-0	0.10595816481338305	-0	0.14866065009582557	0.1403084009474806	-0	-0	-0	-0	1	0.8315640511220411	-0	0.8124192552189495	0.0952596598479026	0.09216722309075506	0.11162077135676331	-0	0.5586595081712807	0.12421498717311755	-0	0.13406633099213666	0.10811326589340378	0.10312986836138378	0.11199966478312537	0.10593652671082378	0.0835240145458259	0.14087896681525816	0.12569586770614663	0.11444283307694487	0.11491284075680183	0.09181326740478885	0.5532420616317403	0.5558966881880713	0.5539848017578215	0.5567473206659672	0.5539848017578215	0.08826992765707087	0.0872292499831198
GO:0086002	0.007114477569559158	0.39504077970977824	0.4786896263105364	0.5693785848350978	0.5770391345364331	0.7796573866294292	0.6744938753973808	0.15180264225262474	0.010544664051778114	0.8522963676509697	0.821250473940869	0.10540724624756849	0.012842761551396374	0.009037458666469659	0.011607143428234159	0.6706008243659288	0.006711586677499791	0.013232672954990695	0.5039869238659641	0.4225140317842807	-0	0.8385104216230322	0.11161597838153367	-0	-0	-0	0.14314926547761475	0.14725066485195817	0.1429666490929629	0.1463954840221831	0.009313886432899146	0.1202101622997104	-0	0.6774758501387734	0.6764795268844338	0.011583784503057451	0.16234838961617795	0.010881968610063028	0.006911731490496513	0.6945980082866393	0.5968381490092929	0.011682679258229798	0.5862748721700447	0.49569086154933634	0.6129812810098205	-0	-0	0.12548618318041244	0.12566885800295402	0.009313886432899146	0.13421272192832204	0.009767143420501464	0.010212303778128843	0.007946328411782458	0.009686055673931677	0.3747414227625257	0.36224436261130616	0.42490196271660013	0.1523838564943672	-0	0.4687383719224774	0.009613454326281658	0.11266704091471764	0.09733077029018895	0.11905823685055983	0.5621016247583528	0.009702786706313268	0.12687852976974415	0.14014004879419426	0.1419423972698755	0.13573123999980705	0.011099550517182376	-0	0.15247862614073665	0.15018522467607945	0.15215578081839087	-0	-0	0.49961031889249136	0.3859845492530706	-0	0.011704859910030488	0.1792552045145168	0.13940879389032315	0.1779954008421223	0.12065522083667125	0.13962376786125183	0.009464866451747676	0.13422916907674107	0.16572135582636427	0.141516995327809	0.12857183587012944	0.11449485038840208	0.013721184569745179	0.00941531073876054	0.009301385794995117	0.5388876090504214	0.36901965283448723	0.37221232669165655	0.36866081767624675	0.92080225652542	0.9119926605178987	0.6256692470688651	0.3357502309672353	-0	-0	0.1055407166275724	-0	0.14784022910011022	0.13957735152227052	0.8169383129757751	0.011437218708410185	-0	0.43782865561750534	0.8315640511220411	1	0.9524450428621641	0.9741867598077827	0.0949221203742312	0.7672799028724073	0.1111576099852636	0.010867317055201492	0.5567327273703078	0.12364168048327359	0.011024463979337276	0.1333987260885849	0.10767869874036926	0.10273436669018056	0.11153336026750373	0.10551924866911064	0.0832644060741852	0.14014197527296965	0.12510884200467373	0.11395600688629141	0.11442201621636891	0.09149966955209866	0.5513524052950294	0.5539888853002388	0.5520900768898328	0.5548336847249441	0.5520900768898328	0.08798002981207449	0.08694613650935493
GO:0086003	0.0071229630404885174	0.39565041845061716	0.47958507080283086	0.570293815428355	0.5779791785747159	0.780835992532284	0.6753481822419724	-0	0.010563315185283247	0.8536609010438927	0.8225055059196393	-0	0.012870438870437933	0.009051155576354874	0.01162974651981134	0.6717796473830117	0.006719137790949101	0.013262058297443412	0.5049796103523521	0.4232114890194866	-0	0.8398738348611062	-0	-0	-0	-0	-0	-0	-0	-0	0.009328434723235602	-0	-0	0.678337732383319	0.6773388743478123	0.011606296622266027	-0	0.010901833183593683	0.006919739948015648	0.6958627878173812	0.5977717248954072	0.01170557778560547	0.5871756693423336	0.49633465001222465	0.6139660838111614	-0	-0	-0	-0	0.009328434723235602	-0	0.009783143355819012	0.010229796724855241	0.007956915670106977	0.009701790832096852	0.37528997458527935	0.3627569127211395	0.4256073324764436	0.012440130489629667	-0	-0	0.009628954295552914	-0	-0	-0	0.5629296176753256	0.00971857631541339	-0	-0	-0	-0	0.011120218159846987	-0	-0	-0	-0	-0	-0	0.5005858226430253	0.38656653610654534	-0	0.011727845555447012	-0	-0	-0	-0	-0	0.00947989060693658	-0	-0	-0	-0	-0	0.013752782192943456	0.009430177856684204	0.009315895029128591	0.5396485779657821	0.3695515694360184	0.372753493899883	0.369191699563931	0.9221889224027797	0.9133416926021976	-0	0.3361905026553634	-0	-0	-0	-0	-0	-0	0.8181154315916265	0.011459164215158305	-0	0.4385776346531191	-0	0.9524450428621641	1	0.9305695461485016	0.0077430561611100636	0.7682424847838516	-0	0.010887128124463397	-0	-0	0.011044852684941148	0.010887419677048987	-0	-0	-0	-0	-0	-0	-0	-0	-0	-0	-0	-0	-0	-0	-0	-0	-0
GO:0086005	0.0069755175258763005	0.38511756242947653	0.4641961424896809	0.5544976629926313	0.5617604688102417	0.7604625306832723	0.6605214649508622	0.146721901499372	0.010242252268248878	0.8301076878817012	0.8008167567258605	0.10293224918370508	0.012396957486291852	0.008814404773436318	0.011241775231270868	0.6514836571305702	0.006587782598058791	0.012759886649215476	0.4879467545111372	0.4111823886569896	-0	0.816349499161011	0.10884466103934963	-0	-0	-0	0.13862262502402178	0.14246525667866156	0.13845136845077147	0.1416646055242233	0.009077157520163942	0.11700177785383704	-0	0.6633809118618319	0.6624255852848931	0.011219862351214659	0.15655068976124067	0.010560195376139558	0.006780505629088696	0.6741090617319836	0.5816476349127053	0.011312615980147886	0.5716106996648398	0.4851674038878018	0.5969689382708429	-0	-0	0.12199407721210043	0.12216671933730922	0.009077157520163942	0.1302257488289209	0.009507134821647596	0.009928398530568705	0.007773368186680659	0.009430289859635515	0.3658002809532867	0.353882971323203	0.4134436079096418	0.1472647914839935	-0	0.45555628635881307	0.009361458427002268	0.10984394414824065	0.09521671609109683	0.11591024197318603	0.5486078702433548	0.009446148249608101	0.1233096017380556	0.13579883604569495	0.13749057495917866	0.13165490726986204	0.010764978920337781	-0	0.14735329899334695	0.14521040101607902	0.14705177130747998	-0	-0	0.4838431667404597	0.37650563386591024	-0	0.011333412437931374	0.17221328304167233	0.13511207355983368	0.1710501951477177	0.11742335472693641	0.13531399071411232	0.009220501165838186	0.13024123326483017	0.15968472509220508	0.13709140129821906	0.12490838643810022	0.11158059646149067	0.01321351575480003	0.00917346493501371	0.009065283853333366	0.5264730786369533	0.36034630397736944	0.3633900429394017	0.36000413071852716	0.898216674363213	0.8900099072463807	0.611192667743565	0.3285550501222999	-0	-0	0.10305952150789727	-0	0.1430170520269515	0.13527039517651618	0.7977442215446512	0.011082306390901379	-0	0.4256724789798833	0.8124192552189495	0.9741867598077827	0.9305695461485016	1	0.09291032335533395	0.7515333362816187	0.10840872731037779	0.010546396936595561	0.5452411826128272	0.12025009258948509	0.010694336392802784	0.12945925829333785	0.10509718964626162	0.10038189769917616	0.10876609320540413	0.1030390509825127	0.0817123765162185	0.13580064501671738	0.12163741572580788	0.11106877307450222	0.11151142170022697	0.08962889975969059	0.5400796495588986	0.5426091753005752	0.5407874458131556	0.5434195990677104	0.5407874458131556	0.08624905320433368	0.08525521289327892
GO:0086019	0.0066404230386737486	-0	-0	-0	-0	-0	-0	0.14256411195216095	0.00953570173573504	-0	-0	0.6861436574816222	0.011376663933624902	0.008286038556863908	0.010396285753656814	0.009482556926748873	0.006288105088390334	0.011681577222417467	-0	-0	-0	-0	0.793249738622317	-0	-0	-0	0.135288735679055	0.13874846356935588	0.13513420693916178	0.13802878707837907	0.008517820629799843	0.11554903598536807	-0	-0	-0	0.0103775422940319	0.15130765836366727	0.009810703058667521	0.006463459667832258	0.009788556875076614	0.008528787657321632	0.010456842702387626	0.008390547890910269	0.007187644322165075	0.00873924286847789	-0	-0	0.12014864663990434	0.12030725726407035	0.008517820629799843	0.1276779290948065	0.008895338010118846	0.009263079859899243	0.007359508476136123	0.008828029967712415	0.008026240419800197	-0	-0	0.32016164539785735	-0	0.11493172847878419	0.00876768142130724	0.10890987700695623	0.6374449200658886	0.5574476553184765	0.008072613210712912	0.008841925972900134	0.12135649289627717	0.13273707798559634	0.13426672584856492	0.12897823390390195	0.009987206872964947	-0	0.1431285952741835	0.1412112250201832	0.14285907108320214	-0	-0	-0	-0	-0	0.010474609290664297	0.15634506400995418	0.13211531021240275	0.16403820321198206	0.11593843067709256	0.1322981664495401	0.008643920105568567	0.1276920283473717	0.1540761830356644	0.13390605271814263	0.12282206555219326	0.11052551608913685	0.012060636761822698	0.00860256934453667	0.00850736435224499	0.007765202681682258	0.007913422277113322	0.007976407581661604	0.007906337740319402	-0	-0	0.10103847717343352	-0	-0	-0	0.7963752222059495	-0	0.13189951968363395	0.125282573274736	0.007910690977531075	0.010259756397305187	-0	-0	0.0952596598479026	0.0949221203742312	0.0077430561611100636	0.09291032335533395	1	0.20186375996961356	0.7204573691194643	0.009798792651516328	0.09068778106750229	0.1185447144157056	0.009926374618454744	0.2841955728491813	0.10447799591553777	0.10005231101596891	0.10790556966710148	0.10254911734736494	0.0822990434818422	0.1327387151415114	0.11982087746171032	0.11004968013014704	0.7398055428250478	0.08987235732088661	0.08987235732088661	0.09027207181566697	0.08998422188678991	0.0904000948839291	0.08998422188678991	0.0866472659138444	0.08569660365789664
GO:0086023	0.006455099028217641	0.34893811952280746	0.4126281194063239	0.5005044089070187	0.5064141337934001	0.6903122332116837	0.40488542074321315	0.14720645438304059	0.009158135828793318	0.49875135887059985	0.4787237721040372	0.09906280359257652	0.01084331663238086	0.007999461934958034	0.00994909302565946	0.009109105416869103	0.006121678264591652	0.011119963292893501	0.4312888164346041	0.37020052786960284	-0	0.7360538779141236	0.10422400625056721	-0	0.18589333573331665	-0	0.129445796868285	0.13260964170797618	0.1398655825669514	0.1319520886036998	0.008215279874534881	0.11125973906828801	-0	0.4064995821959348	0.40596042154713974	0.009931926041616926	0.14403631490957625	0.009411501630882184	0.006287750911432246	0.009391119181606155	0.008225481205056251	0.010004538454977799	0.00809682479614734	0.006971015780081538	0.008421062251504016	-0	-0	0.12495313287757424	0.1251117203541454	0.008215279874534881	0.13246355982970645	0.00856590381132314	0.008906390484507311	0.007132559997202143	0.1940644048488869	0.33300475470722823	0.32309959745364786	0.3720324615908221	0.3114400930430063	-0	0.11046014993026142	0.008447464576925363	0.10509117930448751	0.09224826365674423	0.110323907129179	0.007800366775926432	0.008516363674099853	0.12616039654392022	0.13748974260367658	0.12850985382753397	0.13375694493199372	0.00957381483979782	-0	0.1366051757365079	0.14587236745025978	0.14749716206305755	-0	-0	0.42807974373421104	0.3418533796441054	-0	0.010020800122895426	0.14818481922122057	0.1265376179383033	0.15552622727114807	0.11162071572876311	0.1370543348376113	0.008332519041732848	0.12247419589949907	0.14654293704243831	0.12817940830270647	0.12762400712225103	0.11530112196895138	0.22607221223467674	0.008294087350167489	0.00820555276547427	0.322526220095894	0.32847883320293936	0.331006138722892	0.3281944806232409	0.815638458146562	0.8028129551860961	0.09774347053417708	0.301854176507085	-0	-0	0.09917445682103491	-0	0.12604380359711387	0.11998785038303056	0.007649079596846939	0.009823985911000118	0.18393575739164755	0.3819050433994823	0.09216722309075506	0.7672799028724073	0.7682424847838516	0.7515333362816187	0.20186375996961356	1	0.10384524119313882	0.009400540240537837	0.08802439828731135	0.12334852754135173	0.009517900219961926	0.27787575760355443	0.10920480684903276	0.10472832702587273	0.11266295162826073	0.10725536146746631	0.08664197176217435	0.13749136646180873	0.12462536039659433	0.1148223067983077	0.10653492008470412	0.09438281874421277	0.09438281874421277	0.08763269543016224	0.08736140645918605	0.08775333665669928	0.08736140645918605	0.09109103138825661	0.09011939484011784
GO:0090257	-0	-0	-0	-0	-0	-0	-0	0.179958647300583	-0	-0	-0	0.8065873058156953	-0	-0	-0	-0	-0	-0	-0	-0	-0	-0	0.8582567010542361	-0	-0	-0	0.16851918335199811	0.17392117525763176	0.16827948621266473	0.17279185998138552	-0	0.13895105857885892	-0	-0	-0	-0	0.19411840882510767	-0	-0	-0	-0	-0	-0	-0	-0	-0	-0	0.1456565035347187	0.1458896753228889	-0	0.1568713238216983	-0	-0	-0	-0	-0	-0	-0	0.180732741766142	-0	0.13962384312163104	-0	0.12946076794396502	0.740119237236865	0.6691634369338356	-0	-0	0.1474354445208667	0.16457832783073234	0.16693638573094738	0.15883881646396458	-0	-0	0.18085903055965297	0.17780830875818004	0.18042889059243244	-0	-0	-0	-0	-0	-0	0.2058718132051877	0.16362355232460513	0.21558298299797587	0.13951453741118006	0.16390412055528275	-0	0.15689260827596216	0.19869892279873655	0.16637920609304072	0.14960421540325597	0.1317500725013781	-0	-0	-0	-0	-0	-0	-0	-0	-0	0.1184881325760346	-0	-0	-0	0.8076927852926371	-0	0.16548587745424986	0.15520144265877805	-0	-0	-0	-0	0.11162077135676331	0.1111576099852636	-0	0.10840872731037779	0.7204573691194643	0.10384524119313882	1	-0	0.10450098295525631	0.14330590265502574	-0	0.15581862003933697	0.12324624393715879	0.11713420705396785	0.12804414777717607	0.12057099219898428	0.09351690636130157	0.1645808446504706	0.14517506743689493	0.13107449530845286	0.881774184457464	0.1034197178937812	0.1034197178937812	0.10394937595846462	0.10356787703966643	0.10411916846229834	0.10356787703966643	0.09917202076529369	0.09792863287848878
GO:0097435	0.2165805196972538	-0	-0	-0	-0	-0	-0	-0	0.014798883045190628	-0	-0	-0	0.4849094874227332	0.29425863134534597	0.4166589228674164	0.36000079873011004	0.20156893293442443	0.02070029341147498	-0	-0	-0	-0	-0	-0	-0	-0	-0	-0	-0	-0	0.3063222192576232	-0	-0	-0	-0	0.01693034407814935	-0	0.015471946299307253	0.20897547645814069	0.37829775432681717	0.012507258270439608	0.017142433295343255	0.29966046049059536	0.2409653054028437	0.3181355968186011	-0	-0	-0	-0	0.3063222192576232	-0	0.32663910121195194	0.34727034665779877	0.24890686290925831	0.013161501844198783	0.01145541647281447	-0	-0	0.018765096715674428	-0	-0	0.013027812984624408	-0	-0	-0	0.2834143607969855	0.32371277855981195	-0	-0	-0	-0	0.01591553041317272	-0	-0	-0	-0	-0	-0	-0	-0	-0	0.017190232409381005	-0	-0	-0	-0	-0	0.012756425433004946	-0	-0	-0	-0	-0	0.021921182426295507	0.012666572411544173	0.012461240293080095	0.2682217628891703	0.011226974419005756	0.011354174045183575	0.011212720132884926	-0	-0	-0	-0	-0	-0	-0	-0	-0	-0	0.01122147770221323	0.40779556367286424	-0	-0	-0	0.010867317055201492	0.010887128124463397	0.010546396936595561	0.009798792651516328	0.009400540240537837	-0	1	-0	-0	0.3867550186927503	0.01544293148153879	-0	-0	-0	-0	-0	-0	-0	-0	-0	-0	-0	-0	-0	-0	-0	-0	-0
GO:0098903	-0	-0	-0	-0	-0	-0	-0	0.1372193009105622	-0	-0	-0	0.0996593642321085	-0	-0	-0	-0	-0	-0	-0	-0	-0	-0	0.10488455545411031	-0	-0	-0	0.13046629485152617	0.13368084065754704	0.13032258043790046	0.1330126481986749	-0	0.11201280251695728	-0	-0	-0	-0	0.14530095321870123	-0	-0	-0	-0	-0	-0	-0	-0	-0	-0	0.1163299312194255	0.1164786135050448	-0	0.12337417899364464	-0	-0	-0	-0	-0	-0	-0	0.13766891041463536	-0	0.41107194742424413	-0	0.10576280156242403	0.09276535812811575	0.11106431331474535	-0	-0	0.11746185736704436	0.1280917090268668	0.12951559064434717	0.1245878835911073	-0	-0	0.13774217440825356	0.13596550739850033	0.13749253704857775	-0	-0	-0	-0	-0	-0	0.14959895691768912	0.12751260452216007	0.1570017091697331	0.11237869030314342	0.12768293359141678	-0	0.12338734370572092	0.14785217466462178	0.12917995940487897	0.11883433969333537	0.10728576536490723	-0	-0	-0	-0	-0	-0	-0	-0	-0	0.5612244974801486	-0	-0	-0	0.09977236703815504	-0	0.1270654684698408	0.12091333862406183	-0	-0	-0	-0	0.5586595081712807	0.5567327273703078	-0	0.5452411826128272	0.09068778106750229	0.08802439828731135	0.10450098295525631	-0	1	0.11482569688961955	-0	0.12272211476790104	0.10157842815708505	0.09739006180926484	0.10481544442009862	0.09975419318968468	0.08048920684345887	0.1280932335969323	0.11602263943752893	0.10683735961528314	0.10722518317230982	0.08771846447242547	0.8517245001471748	0.8554214324843716	0.8527592073701667	0.8566053425741085	0.8527592073701667	0.08464346199364597	0.08373603108438456
GO:0110053	-0	-0	-0	-0	-0	-0	-0	0.23032076520046332	-0	-0	-0	0.1343549386252195	-0	-0	-0	-0	-0	-0	-0	-0	-0	-0	0.1440282186180011	-0	-0	-0	0.19709845280865512	0.20452845735776887	0.21284238652581303	0.20296846749133898	-0	0.15781974955075742	-0	-0	-0	-0	0.23304270813395708	-0	-0	-0	-0	-0	-0	-0	-0	-0	-0	0.9742800550821841	0.1804582874065896	-0	0.7798187955818652	-0	-0	-0	-0	-0	-0	-0	0.2314939307135862	-0	0.15990398493035984	-0	0.14568951698640503	0.12211983711231429	0.15594337953740356	-0	-0	0.18264812759649712	0.20738883381600956	0.1949367205313802	0.19901139759714753	-0	-0	0.2141909094894194	0.22707153827630389	0.23103321374342775	-0	-0	-0	-0	-0	-0	0.253225854401775	0.190434345103742	0.26467986934250465	0.1585470532681388	0.20639976238336447	-0	0.18137790859172562	0.2396757319670366	0.1941773784443776	0.8359778567791082	0.8178729974986095	-0	-0	-0	-0	-0	-0	-0	-0	-0	0.13193956260998144	-0	-0	-0	0.13456040073652892	-0	0.1947622950723289	0.18067201848358203	-0	-0	-0	-0	0.12421498717311755	0.12364168048327359	-0	0.12025009258948509	0.1185447144157056	0.12334852754135173	0.14330590265502574	-0	0.11482569688961955	1	-0	0.1946414655186416	0.14912693794784745	0.14090251285987462	0.15565116030999765	0.14551521189020492	0.110006876985297	0.2073925285300712	0.7133762585818777	0.8744676249079932	0.14847900386239013	0.12279371574574839	0.12279371574574839	0.11416005481908084	0.11370009346768235	0.11436487500853786	0.11370009346768235	0.1172797703850701	0.1156740533410169
GO:0140694	0.35836382978397596	-0	-0	-0	-0	-0	-0	-0	0.015091835447360107	-0	-0	-0	0.49781328703988664	0.41497315198619295	0.5915181672734058	0.5095040546072792	0.282835331471997	0.021278035619842563	-0	-0	-0	-0	-0	-0	-0	-0	-0	-0	-0	-0	0.5093264077648443	-0	-0	-0	-0	0.017314856835808006	-0	0.015792440565935775	0.3456380266767892	0.5359339432182102	0.012715867820842875	0.01753675229197246	0.6790736488427452	0.5443263343228247	0.4492277647707153	-0	-0	-0	-0	0.3114216028260361	-0	0.5437079035801506	0.3538388073912287	0.2522633225355592	0.013392708281917107	0.011630168798943255	-0	-0	0.019238630562307613	-0	-0	0.01325430587213199	-0	-0	-0	0.6416913112541667	0.32941299058759177	-0	-0	-0	-0	0.016254866931562254	-0	-0	-0	-0	-0	-0	-0	-0	-0	0.017586778905137098	-0	-0	-0	-0	-0	0.01297350166317669	-0	-0	-0	-0	-0	0.02257015229011884	0.012880575700945243	0.012668304885505275	0.6067926894308013	0.011394775427925703	0.01152582797268292	0.011380092140328793	-0	-0	-0	-0	-0	-0	-0	-0	-0	-0	0.011389113214203453	0.6818074967416902	-0	-0	-0	0.011024463979337276	0.011044852684941148	0.010694336392802784	0.009926374618454744	0.009517900219961926	-0	0.3867550186927503	-0	-0	1	0.015762212415121303	-0	-0	-0	-0	-0	-0	-0	-0	-0	-0	-0	-0	-0	-0	-0	-0	-0
GO:0141124	0.008826595018902652	-0	-0	-0	-0	-0	-0	0.2615252569565593	0.014799421751775493	-0	-0	0.1452937128746525	0.01976269519299011	0.011992408171285098	0.016980997832743504	0.014671804026968382	0.00821479542390576	0.020701347443278454	-0	-0	-0	-0	0.15667295649204407	-0	0.3059055213181169	-0	0.22157006001820503	0.23100376420435575	0.23921935062087582	0.2290157300933113	0.012484070597611441	0.17313075749327964	-0	-0	-0	0.016931049141684248	0.26804638589888324	0.015472535122660195	0.008516650047622795	0.015417523280743702	0.012507643053722886	0.01714315613479554	0.01221256445230847	0.009820404745421887	0.012965536627367099	-0	-0	0.19866723332802386	0.19906842542420164	0.012484070597611441	0.21835071484516116	0.013312106168249866	0.014152957400152485	0.010144066505836465	0.30037870340550277	0.011455739257262919	-0	-0	0.5547006283896238	-0	0.17661014708923675	0.013028230464501973	0.15864075465970578	0.1310905244475987	0.17087525353678235	0.011550441140848388	0.013192840649221986	0.20173655768169813	0.23235216085785868	0.21884192017358914	0.22188744924981227	0.015916153484598315	-0	0.24340548636647266	0.25734395193568044	0.2624442170104288	-0	-0	-0	-0	-0	0.017190959285598387	0.2978424458059213	0.2131836055386912	0.3107725249675584	0.1740064180323278	0.23111136278568453	0.0127568257004009	0.2018982797239508	0.2768593316966691	0.2178853787391378	0.20550513475361318	0.17533141178677197	0.4323539885663383	0.012666967059948117	0.012461622250061427	0.010931256122667814	0.011227284457813864	0.011354491149258255	0.011213029384902746	-0	-0	0.14247314912329856	-0	-0	-0	0.14553402307016433	-0	0.22012370878431378	0.2022928940681531	0.011221787437502014	0.016619755512708265	0.3006402160392615	-0	0.13406633099213666	0.1333987260885849	0.010887419677048987	0.12945925829333785	0.2841955728491813	0.27787575760355443	0.15581862003933697	0.01544293148153879	0.12272211476790104	0.1946414655186416	0.015762212415121303	1	0.16161229227617638	0.15199746586219995	0.16930287067441172	0.15737906432361704	0.1166549111712765	0.23235679857713767	0.19783994074867015	0.17422661518381685	0.1619538740173872	0.13113566093510992	0.13113566093510992	0.12196207704745243	0.1214372417239176	0.12219587855400112	0.1214372417239176	0.12486621767811105	0.12304765508041098
GO:1901016	-0	-0	-0	-0	-0	-0	-0	0.18546793283676546	-0	-0	-0	0.1165673766579061	-0	-0	-0	-0	-0	-0	-0	-0	-0	-0	0.12378011961407458	-0	-0	-0	0.16104707786741562	0.16597364146411778	0.17396420352076358	0.164944873559421	-0	0.8334767307004609	-0	-0	-0	-0	0.1842700841839325	-0	-0	-0	-0	-0	-0	-0	-0	-0	-0	0.15147870772653893	0.15171183592027113	-0	0.1626589333082115	-0	-0	-0	-0	-0	-0	-0	0.18622790937163558	-0	0.13417860097782444	-0	0.8179836151656154	0.1072450956613229	0.13247942792931344	-0	-0	0.15325658869703238	0.17030387184262863	0.1596009280141537	0.1646135362858946	-0	-0	0.1722804206215468	0.18335519169501494	0.18592963662784662	-0	-0	-0	-0	-0	-0	0.19424852593834827	0.1565701977509739	0.2035040562847731	0.13435381767808244	0.1696363330735489	-0	0.15039610199689027	0.18839268074974588	0.1590915646000385	0.15542180465763122	0.13752264451339075	-0	-0	-0	-0	-0	-0	-0	-0	-0	0.11474488135138812	-0	-0	-0	0.11672200553558856	-0	0.15789146898124767	0.14850253529629295	-0	-0	-0	-0	0.10811326589340378	0.10767869874036926	-0	0.10509718964626162	0.10447799591553777	0.10920480684903276	0.12324624393715879	-0	0.10157842815708505	0.14912693794784745	-0	0.16161229227617638	1	0.8824876715583156	0.9406653889341269	0.9075484547668716	0.7090214971553338	0.17030636332463128	0.15099727057563123	0.13684202903545054	0.12705322970063426	0.7820234685183847	0.7820234685183847	0.10105716610683083	0.10069656411730629	0.10121763440013277	0.10069656411730629	0.10442101422324278	0.10314618783386195
GO:1901018	-0	-0	-0	-0	-0	-0	-0	0.1729153501666332	-0	-0	-0	0.11108509498392723	-0	-0	-0	-0	-0	-0	-0	-0	-0	-0	0.11761634015352071	-0	-0	-0	0.4639950201151157	0.4772570915397914	0.4945199234772044	0.47449196984183806	-0	0.7887833153554082	-0	-0	-0	-0	0.17093447018419006	-0	-0	-0	-0	-0	-0	-0	-0	-0	-0	0.14300020872909988	0.14320795227951374	-0	0.15292291887301282	-0	-0	-0	-0	-0	-0	-0	0.17357575340057801	-0	0.1265869822466887	-0	0.7768682774525891	0.10258710362992396	0.12544344237387636	-0	-0	0.14458359776848265	0.4847651101872436	0.4600922158354297	0.46954817774207736	-0	-0	0.16056858331226526	0.4867450418468621	0.173316604475436	-0	-0	-0	-0	-0	-0	0.1787310914049411	0.14683663032790267	0.18736116985561582	0.12712275951072113	0.15907425247198512	-0	0.1413929834148108	0.17447621992400492	0.4587165024481186	0.1465091436671619	0.3962204289587534	-0	-0	-0	-0	-0	-0	-0	-0	-0	0.10942877815205672	-0	-0	-0	0.11122551242225065	-0	0.14748354042310866	0.1392593768397629	-0	-0	-0	-0	0.10312986836138378	0.10273436669018056	-0	0.10038189769917616	0.10005231101596891	0.10472832702587273	0.11713420705396785	-0	0.09739006180926484	0.14090251285987462	-0	0.15199746586219995	0.8824876715583156	1	0.8938584370584042	0.970690198975123	0.7678576985200009	0.4847717589189912	0.14257108055939316	0.39435917897967954	0.12056770333233885	0.8088978582854572	0.8436891333545425	0.09691079835114601	0.29722803167190515	0.09705835916828633	0.29722803167190515	0.10032077227778345	0.3010208642058785
GO:1901379	-0	-0	-0	-0	-0	-0	-0	0.19566814613031056	-0	-0	-0	0.12085032625009125	-0	-0	-0	-0	-0	-0	-0	-0	-0	-0	0.12862049666669556	-0	-0	-0	0.169338452707604	0.17479394690207425	0.18290780464056625	0.17365330608913884	-0	0.8688283568650689	-0	-0	-0	-0	0.19520629213160998	-0	-0	-0	-0	-0	-0	-0	-0	-0	-0	0.1582149775866486	0.1584693186766454	-0	0.1704518480647868	-0	-0	-0	-0	-0	-0	-0	0.19651420515672985	-0	0.14021720030905468	-0	0.8502996490593543	0.11085977302208952	0.1380393601154444	-0	-0	0.16015551232059166	0.17886581124618595	0.16774030085979472	0.17259946215054942	-0	-0	0.18180301111402083	0.19331809728682586	0.1961821016108119	-0	-0	-0	-0	-0	-0	0.20716442285054995	0.16439580304237997	0.21692558419532668	0.14007559016956966	0.17812960999786412	-0	0.15760249220011255	0.1998389030488115	0.16717775092523268	0.16252155723150455	0.14305218447007964	-0	-0	-0	-0	-0	-0	-0	-0	-0	0.1188925700110351	-0	-0	-0	0.12101653480753953	-0	0.1663200596135828	0.15593493317117454	-0	-0	-0	-0	0.11199966478312537	0.11153336026750373	-0	0.10876609320540413	0.10790556966710148	0.11266295162826073	0.12804414777717607	-0	0.10481544442009862	0.15565116030999765	-0	0.16930287067441172	0.9406653889341269	0.8938584370584042	1	0.9201758565807749	0.7131481721064197	0.17886855954343783	0.15768984347764792	0.14231588249531174	0.1321582576816549	0.7888906551548787	0.7888906551548787	0.10426052148175932	0.10387673952456479	0.10443133280171196	0.10387673952456479	0.10757844217745373	0.10622585445664141
GO:1901381	-0	-0	-0	-0	-0	-0	-0	0.17991420501904248	-0	-0	-0	0.11417140057215837	-0	-0	-0	-0	-0	-0	-0	-0	-0	-0	0.12108189417882004	-0	-0	-0	0.4816667609453545	0.4959738441945223	0.5133293547798937	0.4929882666888654	-0	0.8138675628824165	-0	-0	-0	-0	0.17835332132851514	-0	-0	-0	-0	-0	-0	-0	-0	-0	-0	0.1477535905290163	0.14797538528117246	-0	0.15837142427194847	-0	-0	-0	-0	-0	-0	-0	0.1806292611645514	-0	0.13084194127234478	-0	0.799980183333812	0.10521368466658564	0.12939333861830776	-0	-0	0.14944461640644624	0.5028262462826042	0.47746235750376653	0.48647342619803635	-0	-0	0.1670977379116447	0.5062285663382794	0.18034863952546976	-0	-0	-0	-0	-0	-0	0.18733256257253153	0.15227785899434268	0.19631176088575017	0.1311808290879727	0.16497836844475136	-0	0.14643132557812677	0.18221264942409798	0.4759809742010881	0.1515027372548215	0.40820467195319643	-0	-0	-0	-0	-0	-0	-0	-0	-0	0.11242249396442905	-0	-0	-0	0.11431973411656957	-0	0.15329146386016484	0.14442627638868488	-0	-0	-0	-0	0.10593652671082378	0.10551924866911064	-0	0.1030390509825127	0.10254911734736494	0.10725536146746631	0.12057099219898428	-0	0.09975419318968468	0.14551521189020492	-0	0.15737906432361704	0.9075484547668716	0.970690198975123	0.9201758565807749	1	0.7829676567526166	0.5028333996774996	0.14729550513007356	0.406229407634154	0.12421205727070184	0.7681179812749904	0.8621497817933383	0.09925143925527649	0.30438168043043423	0.0994062197773448	0.30438168043043423	0.10263722670044025	0.30788815359247773
GO:1902261	-0	-0	-0	-0	-0	-0	-0	0.12859401243084947	-0	-0	-0	0.08962062597323435	-0	-0	-0	-0	-0	-0	-0	-0	-0	-0	0.09382396367922302	-0	-0	-0	0.3501691224627626	0.3576698930991808	0.3733223055782592	0.3561146252728213	-0	0.6195902702322083	-0	-0	-0	-0	0.12490268558938025	-0	-0	-0	-0	-0	-0	-0	-0	-0	-0	0.11128134611147039	0.11140711088864484	-0	0.11719925502657304	-0	-0	-0	-0	-0	-0	-0	0.12895889964876203	-0	0.09827238040525947	-0	0.6185410408178291	0.08400642200991548	0.09873853731517518	-0	-0	0.11223786533849722	0.36773600999033085	0.3479416984646491	0.35891252062337564	-0	-0	0.11927614310005621	0.36297231599767027	0.12881579931968856	-0	-0	-0	-0	-0	-0	0.1270472053706579	0.1115283804854911	0.1334521399041766	0.09977600419629933	0.12077866875872367	-0	0.10835968283850404	0.12678323866379382	0.3471543485179844	0.11339478337493769	0.31443228587092414	-0	-0	-0	-0	-0	-0	-0	-0	-0	0.08853943897788649	-0	-0	-0	0.0897119992812591	-0	0.11041780633726789	0.10574247572447214	-0	-0	-0	-0	0.0835240145458259	0.0832644060741852	-0	0.0817123765162185	0.0822990434818422	0.08664197176217435	0.09351690636130157	-0	0.08048920684345887	0.110006876985297	-0	0.1166549111712765	0.7090214971553338	0.7678576985200009	0.7131481721064197	0.7829676567526166	1	0.36773983600809673	0.11102130165680585	0.3132589926315155	0.09569256204055954	0.6696448951417094	0.7546135802871257	0.08016157102679287	0.2460032098998331	0.08026250674431575	0.2460032098998331	0.0836032281620542	0.2513499882603184
GO:1902680	-0	-0	-0	-0	-0	-0	-0	0.530550523574848	-0	-0	-0	0.1528833820241088	-0	-0	-0	-0	-0	-0	-0	-0	-0	-0	0.16553426128832566	-0	-0	-0	0.8523051029904476	0.7718488520172102	0.9472465737556521	0.8833774727189608	-0	0.1840161984012032	-0	-0	-0	-0	0.2950705016213025	-0	-0	-0	-0	-0	-0	-0	-0	-0	-0	0.21196923492083514	0.2124260119667579	-0	0.23452646358830956	-0	-0	-0	-0	-0	-0	-0	0.286874711222574	-0	0.18862635152675666	-0	0.1677325103054516	0.13723747561290042	0.1814702379379907	-0	-0	0.21546695820829787	0.9526676942766222	0.8409627682209336	0.9065273679715582	-0	-0	0.26548481089971615	0.7969731793888734	0.28616752661965544	-0	-0	-0	-0	-0	-0	0.33369180734761406	0.22993182447722818	0.34769176588956857	0.1850057479814748	0.2493118104601287	-0	0.21685801238450161	0.5942969439296002	0.9574644364479149	0.21977145190212605	0.5635549309460867	-0	-0	-0	-0	-0	-0	-0	-0	-0	0.1497636114306911	-0	-0	-0	0.1531494769782574	-0	0.23910875180593752	0.21821555410656648	-0	-0	-0	-0	0.14087896681525816	0.14014197527296965	-0	0.13580064501671738	0.1327387151415114	0.13749136646180873	0.1645808446504706	-0	0.1280932335969323	0.2073925285300712	-0	0.23235679857713767	0.17030636332463128	0.4847717589189912	0.17886855954343783	0.5028333996774996	0.36773983600809673	1	0.21102771127227532	0.5597970523135702	0.17144070182556842	0.136802389521626	0.4153611717936855	0.12726543599651663	0.38990855364719806	0.12752003390077127	0.38990855364719806	0.202655222538607	0.4487214797870243
GO:1902903	-0	-0	-0	-0	-0	-0	-0	0.23481285697030732	-0	-0	-0	0.1359965601299375	-0	-0	-0	-0	-0	-0	-0	-0	-0	-0	0.14591639761574157	-0	-0	-0	0.2006516342959873	0.2083571780343531	0.2166728943808237	0.20673846739557947	-0	0.16008969913951698	-0	-0	-0	-0	0.23802641099575636	-0	-0	-0	-0	-0	-0	-0	-0	-0	-0	0.726957363412115	0.1832043232520132	-0	0.7927350263363997	-0	-0	-0	-0	-0	-0	-0	0.23603235187557664	-0	0.16236651061639	-0	0.1476217979174465	0.12347457485396449	0.1581592947330925	-0	-0	0.1854617330084078	0.21102388590214644	0.1984117013430548	0.2023563382302129	-0	-0	0.21839364940355246	0.23143657957325062	0.23555341187114365	-0	-0	-0	-0	-0	-0	0.25945744931850423	0.19374929432548718	0.27112728410787695	0.16083812480517973	0.20999992388019967	-0	0.184382571330195	0.24495038209468922	0.1976251002114282	0.7499252604965535	0.6476185440025751	-0	-0	-0	-0	-0	-0	-0	-0	-0	0.13352234225445578	-0	-0	-0	0.13620707774382568	-0	0.19842778811781364	0.18382203987216436	-0	-0	-0	-0	0.12569586770614663	0.12510884200467373	-0	0.12163741572580788	0.11982087746171032	0.12462536039659433	0.14517506743689493	-0	0.11602263943752893	0.7133762585818777	-0	0.19783994074867015	0.15099727057563123	0.14257108055939316	0.15768984347764792	0.14729550513007356	0.11102130165680585	0.21102771127227532	1	0.6438252563015915	0.15048649691986332	0.1240590293363218	0.1240590293363218	0.11534308880230094	0.11487356455429398	0.11555217995440549	0.11487356455429398	0.11843346588448987	0.11679622269488883
GO:1902905	-0	-0	-0	-0	-0	-0	-0	0.20227475352420612	-0	-0	-0	0.12354615036853785	-0	-0	-0	-0	-0	-0	-0	-0	-0	-0	0.131678511593055	-0	-0	-0	0.5375860064633251	0.5554695622716485	0.5728366179986201	0.5517274411181396	-0	0.14311245045501686	-0	-0	-0	-0	0.20233786774165582	-0	-0	-0	-0	-0	-0	-0	-0	-0	-0	0.6460274641140589	0.16277507841087047	-0	0.6974566503371669	-0	-0	-0	-0	-0	-0	-0	0.20317904236916964	-0	0.1440676898140206	-0	0.1330657559288289	0.113124123893075	0.14156779339784678	-0	-0	0.1645546623232491	0.5597881863798362	0.5323540146423794	0.5395948928745339	-0	-0	0.187973391809082	0.5683640879150897	0.20282405038938733	-0	-0	-0	-0	-0	-0	0.2156812049499063	0.1694248100776056	0.2257683546893142	0.1437102581076271	0.18358842143514653	-0	0.16221862513148305	0.20731947218922328	0.5305130927869876	0.6641025530140382	0.7696517933628291	-0	-0	-0	-0	-0	-0	-0	-0	-0	0.12150081520927042	-0	-0	-0	0.12371986223441066	-0	0.17176544331434845	0.16071175590535833	-0	-0	-0	-0	0.11444283307694487	0.11395600688629141	-0	0.11106877307450222	0.11004968013014704	0.1148223067983077	0.13107449530845286	-0	0.10683735961528314	0.8744676249079932	-0	0.17422661518381685	0.13684202903545054	0.39435917897967954	0.14231588249531174	0.406229407634154	0.3132589926315155	0.5597970523135702	0.6438252563015915	1	0.1353889228336939	0.11434139511331495	0.3471648121415562	0.1062608798628772	0.32579740652221356	0.10643831406164883	0.32579740652221356	0.10954558926889295	0.3283463968917534
GO:1903522	-0	-0	-0	-0	-0	-0	-0	0.1881923768602167	-0	-0	-0	0.8309162201188217	-0	-0	-0	-0	-0	-0	-0	-0	-0	-0	0.8858557633716586	-0	-0	-0	0.17571845520449653	0.18159991509335988	0.1754578563373889	0.18036903123708298	-0	0.1438092026387049	-0	-0	-0	-0	0.20373344453509964	-0	-0	-0	-0	-0	-0	-0	-0	-0	-0	0.15100386822589737	0.15125448948741138	-0	0.1630914114592717	-0	-0	-0	-0	-0	-0	-0	0.1890390934298928	-0	0.14481331898832717	-0	0.13366791010899656	0.7605528519788921	0.6923056536581687	-0	-0	0.152916682024069	0.17143797082913756	0.17399822240317298	0.16521908114934425	-0	-0	0.18917726170612295	0.18584205096691417	0.1887066965485572	-0	-0	-0	-0	-0	-0	0.2173566610307314	0.17040219680915925	0.2275072464284676	0.14441285766770948	0.17070651512397167	-0	0.16311441739569482	0.20878486259826462	0.1733929908911333	0.15525098470636586	0.136109828672276	-0	-0	-0	-0	-0	-0	-0	-0	-0	0.1220026522412787	-0	-0	-0	0.8320894425198749	-0	0.172826390210458	0.1616401764773494	-0	-0	-0	-0	0.11491284075680183	0.11442201621636891	-0	0.11151142170022697	0.7398055428250478	0.10653492008470412	0.881774184457464	-0	0.10722518317230982	0.14847900386239013	-0	0.1619538740173872	0.12705322970063426	0.12056770333233885	0.1321582576816549	0.12421205727070184	0.09569256204055954	0.17144070182556842	0.15048649691986332	0.1353889228336939	1	0.10608711602728144	0.10608711602728144	0.10664452191151164	0.10624302212522294	0.10682324070994222	0.10624302212522294	0.10162221012436577	0.1003170281369002
GO:1903760	-0	-0	-0	-0	-0	-0	-0	0.14641695137809346	-0	-0	-0	0.09867549838181598	-0	-0	-0	-0	-0	-0	-0	-0	-0	-0	0.10379537958968563	-0	-0	-0	0.12878527445685123	0.1319165228841264	0.13915266721214145	0.13126580869649343	-0	0.6898647057176659	-0	-0	-0	-0	0.143218968910765	-0	-0	-0	-0	-0	-0	-0	-0	-0	-0	0.12438382573193943	0.12454097049031031	-0	0.13182393360158454	-0	-0	-0	-0	-0	-0	-0	0.14689017967529128	-0	0.10995213527215758	-0	0.6848229818794287	0.09191232086304575	0.10984375550379682	-0	-0	0.12558006081464912	0.13680078189711067	0.1278588245292428	0.13310479774463788	-0	-0	0.13586977610044668	0.1450970719650342	0.14670454610607628	-0	-0	-0	-0	-0	-0	0.14727198731976338	0.12590636886978804	0.15457371042440857	0.11112923496546338	0.13636972001152625	-0	0.12188274293534501	0.14569697897806624	0.127531714328407	0.12703015980910776	0.114816199535645	-0	-0	-0	-0	-0	-0	-0	-0	-0	0.097366393367615	-0	-0	-0	0.09878627976897468	-0	0.12538276579879257	0.11938865661792296	-0	-0	-0	-0	0.09181326740478885	0.09149966955209866	-0	0.08962889975969059	0.08987235732088661	0.09438281874421277	0.1034197178937812	-0	0.08771846447242547	0.12279371574574839	-0	0.13113566093510992	0.7820234685183847	0.8088978582854572	0.7888906551548787	0.7681179812749904	0.6696448951417094	0.136802389521626	0.1240590293363218	0.11434139511331495	0.10608711602728144	1	0.7292668004600935	0.0873294736387949	0.08706005593194632	0.08744928086686334	0.08706005593194632	0.09078810288741551	0.08982288382204999
GO:1903762	-0	-0	-0	-0	-0	-0	-0	0.14641695137809346	-0	-0	-0	0.09867549838181598	-0	-0	-0	-0	-0	-0	-0	-0	-0	-0	0.10379537958968563	-0	-0	-0	0.39634435478237645	0.4059809583677305	0.42249711509838	0.4039783466876853	-0	0.6898647057176659	-0	-0	-0	-0	0.143218968910765	-0	-0	-0	-0	-0	-0	-0	-0	-0	-0	0.12438382573193943	0.12454097049031031	-0	0.13182393360158454	-0	-0	-0	-0	-0	-0	-0	0.14689017967529128	-0	0.40629815528802105	-0	0.6848229818794287	0.09191232086304575	0.10984375550379682	-0	-0	0.12558006081464912	0.41535629070348795	0.39349314993504614	0.40413449615830344	-0	-0	0.13586977610044668	0.4128262418028725	0.14670454610607628	-0	-0	-0	-0	-0	-0	0.14727198731976338	0.12590636886978804	0.15457371042440857	0.11112923496546338	0.13636972001152625	-0	0.12188274293534501	0.14569697897806624	0.39248644880372663	0.12703015980910776	0.34860641942576703	-0	-0	-0	-0	-0	-0	-0	-0	-0	0.5557574335969462	-0	-0	-0	0.09878627976897468	-0	0.12538276579879257	0.11938865661792296	-0	-0	-0	-0	0.5532420616317403	0.5513524052950294	-0	0.5400796495588986	0.08987235732088661	0.09438281874421277	0.1034197178937812	-0	0.8517245001471748	0.12279371574574839	-0	0.13113566093510992	0.7820234685183847	0.8436891333545425	0.7888906551548787	0.8621497817933383	0.7546135802871257	0.4153611717936855	0.1240590293363218	0.3471648121415562	0.10608711602728144	0.7292668004600935	1	0.992941032556274	0.9987808702874439	0.9881647606884081	0.9898777380592335	0.09078810288741551	0.2727213933080963
GO:1905024	-0	-0	-0	-0	-0	-0	-0	0.13626978493262323	-0	-0	-0	0.09915756330139884	-0	-0	-0	-0	-0	-0	-0	-0	-0	-0	0.1043289024270521	-0	-0	-0	0.129607644305649	0.13277950259821805	0.12946581432220133	0.1321202680707372	-0	0.11137928359970709	-0	-0	-0	-0	0.14423673217536578	-0	-0	-0	-0	-0	-0	-0	-0	-0	-0	0.11564678676677914	0.1157937268113649	-0	0.12260606841539942	-0	-0	-0	-0	-0	-0	-0	0.1367131835888236	-0	0.40863507187258635	-0	0.105197829167107	0.09233042930994027	0.11044144802138973	-0	-0	0.11676539361875904	0.12726393106761505	0.1286693678451939	0.12380463393459797	-0	-0	0.13678543361800446	0.13503320494404455	0.1365392490183664	-0	-0	-0	-0	-0	-0	0.14840878627426096	0.12669227046886977	0.15575992075956538	0.11174103765051988	0.12686041356749392	-0	0.12261906970576664	0.1467503956358902	0.12833810253156064	0.11812155458835451	0.1067044495505449	-0	-0	-0	-0	-0	-0	-0	-0	-0	0.5584363125367238	-0	-0	-0	0.09926943035908954	-0	0.12620580606963253	0.12013465048921036	-0	-0	-0	-0	0.5558966881880713	0.5539888853002388	-0	0.5426091753005752	0.09027207181566697	0.08763269543016224	0.10394937595846462	-0	0.8554214324843716	0.11416005481908084	-0	0.12196207704745243	0.10105716610683083	0.09691079835114601	0.10426052148175932	0.09925143925527649	0.08016157102679287	0.12726543599651663	0.11534308880230094	0.1062608798628772	0.10664452191151164	0.0873294736387949	0.992941032556274	1	0.9941419392925263	0.9924406963439742	0.9941419392925263	0.08428120925239622	0.0833814875941465
GO:1905026	-0	-0	-0	-0	-0	-0	-0	0.13561491751114219	-0	-0	-0	0.09881036730347177	-0	-0	-0	-0	-0	-0	-0	-0	-0	-0	0.10394461781334569	-0	-0	-0	0.3970516704500527	0.4067231193151178	0.3966191600282701	0.4047131972449138	-0	0.11094141432760334	-0	-0	-0	-0	0.14350325941317013	-0	-0	-0	-0	-0	-0	-0	-0	-0	-0	0.11517479181106342	0.11532053412015325	-0	0.12207568797736312	-0	-0	-0	-0	-0	-0	-0	0.13605405788666333	-0	0.4069515565597063	-0	0.10480712868062633	0.09202932467482386	0.11001090734405325	-0	-0	0.11628424264695264	0.3899039636320083	0.3941903167425878	0.3793518603868908	-0	-0	0.13612561274491025	0.4135936646907034	0.13588179537373143	-0	-0	-0	-0	-0	-0	0.1475893887468243	0.12612602962203812	0.15490491847332444	0.11130032503392172	0.12629267208702902	-0	0.12208857702079588	0.14599120242235966	0.39318004980896853	0.11762918570847003	0.32715227463186053	-0	-0	-0	-0	-0	-0	-0	-0	-0	0.556506947540456	-0	-0	-0	0.09892145189835709	-0	0.12561275379848347	0.11959716212671505	-0	-0	-0	-0	0.5539848017578215	0.5520900768898328	-0	0.5407874458131556	0.08998422188678991	0.08736140645918605	0.10356787703966643	-0	0.8527592073701667	0.11370009346768235	-0	0.1214372417239176	0.10069656411730629	0.29722803167190515	0.10387673952456479	0.30438168043043423	0.2460032098998331	0.38990855364719806	0.11487356455429398	0.32579740652221356	0.10624302212522294	0.08706005593194632	0.9987808702874439	0.9941419392925263	1	0.9893615323741897	0.9910712420047905	0.08403024449624971	0.25585551487878627
GO:1905031	-0	-0	-0	-0	-0	-0	-0	0.13656172553608428	-0	-0	-0	0.09931205093893143	-0	-0	-0	-0	-0	-0	-0	-0	-0	-0	0.10449993806298173	-0	-0	-0	0.12987170946808163	0.1330566645461851	0.12972930127900026	0.13239468185425293	-0	0.11157423855886996	-0	-0	-0	-0	0.14456384796621877	-0	-0	-0	-0	-0	-0	-0	-0	-0	-0	0.11585698144430898	0.11600445645883083	-0	0.12284234789735145	-0	-0	-0	-0	-0	-0	-0	0.13700702918148955	-0	0.4093848377910461	-0	0.10537172805935814	0.09246436156012658	0.11063313085913103	-0	-0	0.1169796779936369	0.1275185229445816	0.12892961968241717	0.12404556015089498	-0	-0	0.13707959020924346	0.13531986558558076	0.13683234658981006	-0	-0	-0	-0	-0	-0	0.14877445470368902	0.12694457799808564	0.15614146059702613	0.11193726218874452	0.12711339192338775	-0	0.1228553993493743	0.14708902567999668	0.12859701468446727	0.11834085011565974	0.10688336943176997	-0	-0	-0	-0	-0	-0	-0	-0	-0	0.5592947410300905	-0	-0	-0	0.09942426704350582	-0	0.12647014848223853	0.1203741479986107	-0	-0	-0	-0	0.5567473206659672	0.5548336847249441	-0	0.5434195990677104	0.0904000948839291	0.08775333665669928	0.10411916846229834	-0	0.8566053425741085	0.11436487500853786	-0	0.12219587855400112	0.10121763440013277	0.09705835916828633	0.10443133280171196	0.0994062197773448	0.08026250674431575	0.12752003390077127	0.11555217995440549	0.10643831406164883	0.10682324070994222	0.08744928086686334	0.9881647606884081	0.9924406963439742	0.9893615323741897	1	0.9893615323741897	0.08439279328562978	0.0834907004286064
GO:1905033	-0	-0	-0	-0	-0	-0	-0	0.13561491751114219	-0	-0	-0	0.09881036730347177	-0	-0	-0	-0	-0	-0	-0	-0	-0	-0	0.10394461781334569	-0	-0	-0	0.3970516704500527	0.4067231193151178	0.3966191600282701	0.4047131972449138	-0	0.11094141432760334	-0	-0	-0	-0	0.14350325941317013	-0	-0	-0	-0	-0	-0	-0	-0	-0	-0	0.11517479181106342	0.11532053412015325	-0	0.12207568797736312	-0	-0	-0	-0	-0	-0	-0	0.13605405788666333	-0	0.4069515565597063	-0	0.10480712868062633	0.09202932467482386	0.11001090734405325	-0	-0	0.11628424264695264	0.3899039636320083	0.3941903167425878	0.3793518603868908	-0	-0	0.13612561274491025	0.4135936646907034	0.13588179537373143	-0	-0	-0	-0	-0	-0	0.1475893887468243	0.12612602962203812	0.15490491847332444	0.11130032503392172	0.12629267208702902	-0	0.12208857702079588	0.14599120242235966	0.39318004980896853	0.11762918570847003	0.32715227463186053	-0	-0	-0	-0	-0	-0	-0	-0	-0	0.556506947540456	-0	-0	-0	0.09892145189835709	-0	0.12561275379848347	0.11959716212671505	-0	-0	-0	-0	0.5539848017578215	0.5520900768898328	-0	0.5407874458131556	0.08998422188678991	0.08736140645918605	0.10356787703966643	-0	0.8527592073701667	0.11370009346768235	-0	0.1214372417239176	0.10069656411730629	0.29722803167190515	0.10387673952456479	0.30438168043043423	0.2460032098998331	0.38990855364719806	0.11487356455429398	0.32579740652221356	0.10624302212522294	0.08706005593194632	0.9898777380592335	0.9941419392925263	0.9910712420047905	0.9893615323741897	1	0.08403024449624971	0.25585551487878627
GO:1905335	-0	-0	-0	-0	-0	-0	-0	0.21614189912519366	-0	-0	-0	0.09480127602473727	-0	-0	-0	-0	-0	-0	-0	-0	-0	-0	0.09951740598961331	-0	-0	-0	0.19645155403362385	0.2009805836554463	0.20596074365964162	0.20004030938954376	-0	0.10591254501204822	-0	-0	-0	-0	0.13519965598330175	-0	-0	-0	-0	-0	-0	-0	-0	-0	-0	0.11872943865996907	0.1188726125964144	-0	0.12549009594131577	-0	-0	-0	-0	-0	-0	-0	0.13906876060172976	-0	0.10490888499311059	-0	0.10030773003511394	0.08854190398683635	0.10506416154783271	-0	-0	0.11981890975820371	0.20265295957883617	0.1951094005979372	0.19744332872488338	-0	-0	0.128631561849577	0.1374604778625297	0.13890235827891034	-0	-0	-0	-0	-0	-0	0.1383628774515363	0.11966642002588138	0.1452736954549294	0.1062396070529574	0.12960273336099862	-0	0.11602596907917415	0.22078093959961495	0.194635280451215	0.12113831132901152	0.10998132376111437	-0	-0	-0	-0	-0	-0	-0	-0	-0	0.09359232009210106	-0	-0	-0	0.09490352462344763	-0	0.11886659797534062	0.11346591136337164	-0	-0	-0	-0	0.08826992765707087	0.08798002981207449	-0	0.08624905320433368	0.0866472659138444	0.09109103138825661	0.09917202076529369	-0	0.08464346199364597	0.1172797703850701	-0	0.12486621767811105	0.10442101422324278	0.10032077227778345	0.10757844217745373	0.10263722670044025	0.0836032281620542	0.202655222538607	0.11843346588448987	0.10954558926889295	0.10162221012436577	0.09078810288741551	0.09078810288741551	0.08428120925239622	0.08403024449624971	0.08439279328562978	0.08403024449624971	1	0.6163098935176083
GO:1905337	-0	-0	-0	-0	-0	-0	-0	0.21265224316423015	-0	-0	-0	0.09366444291113002	-0	-0	-0	-0	-0	-0	-0	-0	-0	-0	0.09826539702581769	-0	-0	-0	0.42800404403531783	0.37888225050337604	0.45592791371502817	0.43570010509021384	-0	0.10449559939144437	-0	-0	-0	-0	0.1328992426797642	-0	-0	-0	-0	-0	-0	-0	-0	-0	-0	0.1170840589388989	0.11722328977089999	-0	0.12365344915789443	-0	-0	-0	-0	-0	-0	-0	0.13681670725156203	-0	0.10344215171505515	-0	0.09903588335728378	0.08754945073219025	0.10366967568190108	-0	-0	0.11814340827984006	0.4487165450421158	0.42512469173102135	0.4373516846369422	-0	-0	0.12654750808674434	0.38483750221161506	0.13665564754650497	-0	-0	-0	-0	-0	-0	0.13582287673919421	0.11786070541287284	0.14262105489185084	0.10481395565265497	0.12764466972852162	-0	0.11432766938042614	0.21696412770157947	0.4241074060384393	0.11942597034976771	0.32963566230997343	-0	-0	-0	-0	-0	-0	-0	-0	-0	0.09248412762066593	-0	-0	-0	0.0937642526434032	-0	0.11698711160698275	0.11175210229606132	-0	-0	-0	-0	0.0872292499831198	0.08694613650935493	-0	0.08525521289327892	0.08569660365789664	0.09011939484011784	0.09792863287848878	-0	0.08373603108438456	0.1156740533410169	-0	0.12304765508041098	0.10314618783386195	0.3010208642058785	0.10622585445664141	0.30788815359247773	0.2513499882603184	0.4487214797870243	0.11679622269488883	0.3283463968917534	0.1003170281369002	0.08982288382204999	0.2727213933080963	0.0833814875941465	0.25585551487878627	0.0834907004286064	0.25585551487878627	0.6163098935176083	1
