"source","term_name","term_id","adjusted_p_value","negative_log10_of_adjusted_p_value","term_size","query_size","intersection_size","effective_domain_size","intersections"
"GO:MF","histone H3K9 monomethyltransferase activity","GO:0140948","0.004250688203186816","2.3715407502673354","6","20","2","20196","PRDM16,MECOM"
"GO:MF","histone H3K9me2 methyltransferase activity","GO:0140947","0.0059474277347568195","2.225670826228404","7","20","2","20196","PRDM16,MECOM"
"GO:MF","histone H3K9 methyltransferase activity","GO:0046974","0.022011823113370778","1.6573439858297916","13","20","2","20196","PRDM16,MECOM"
"GO:MF","muscle alpha-actinin binding","GO:0051371","0.029596109937101222","1.5287653681260087","15","20","2","20196","MYPN,LDB3"
"GO:MF","alpha-actinin binding","GO:0051393","0.1057264293488623","0.9758164347776335","28","20","2","20196","MYPN,LDB3"
"GO:MF","actinin binding","GO:0042805","0.18528713088707138","0.7321547435457478","37","20","2","20196","MYPN,LDB3"
"GO:MF","histone H3 methyltransferase activity","GO:0140938","0.2388279889083797","0.6219147783962199","42","20","2","20196","PRDM16,MECOM"
"GO:MF","actin binding","GO:0003779","0.26614320215794945","0.5748846221194229","448","20","4","20196","PTK2,MYPN,LDB3,MYO18B"
"GO:MF","histone modifying activity","GO:0140993","0.27292483478845075","0.563956943916581","195","20","3","20196","PRDM16,KAT2B,MECOM"
"GO:MF","adrenomedullin receptor binding","GO:0031700","0.30191924022612365","0.5201092100713576","1","20","1","20196","ADM"
"GO:MF","FAT10 activating enzyme activity","GO:0019780","0.30191924022612365","0.5201092100713576","1","20","1","20196","UBA6"
"GO:MF","protein kinase C binding","GO:0005080","0.36563555058873154","0.43695158461789474","52","20","2","20196","LDB3,PKP2"
"GO:MF","cell-cell adhesion mediator activity","GO:0098632","0.36563555058873154","0.43695158461789474","52","20","2","20196","MYPN,PKP2"
"GO:MF","protein-lysine N-methyltransferase activity","GO:0016279","0.5019233059598283","0.2993626381199865","61","20","2","20196","PRDM16,MECOM"
"GO:MF","lysine N-methyltransferase activity","GO:0016278","0.518346566379116","0.28537977396374664","62","20","2","20196","PRDM16,MECOM"
"GO:MF","peptide binding","GO:0042277","0.5832217629708544","0.2341662786513177","254","20","3","20196","HSPG2,GNRHR,CRYAB"
"GO:MF","histone methyltransferase activity","GO:0042054","0.5865780303244476","0.23167420710306183","66","20","2","20196","PRDM16,MECOM"
"GO:MF","histone H3K9 acetyltransferase activity","GO:0043992","0.6035544266982872","0.21928356044826192","2","20","1","20196","KAT2B"
"GO:MF","gonadotropin-releasing hormone receptor activity","GO:0004968","0.6035544266982872","0.21928356044826192","2","20","1","20196","GNRHR"
"GO:MF","cell adhesion mediator activity","GO:0098631","0.6042681634141824","0.21877028646934663","67","20","2","20196","MYPN,PKP2"
"GO:MF","cytoskeletal protein binding","GO:0008092","0.773521773636168","0.11152745696532727","1008","20","5","20196","PTK2,MYPN,LDB3,CRYAB,MYO18B"
"GO:MF","collagen V binding","GO:0070052","0.9049058126088088","0.04339662211302129","3","20","1","20196","HSPG2"
"GO:MF","amyloid-beta binding","GO:0001540","0.943174267840504","0.025408056394011364","84","20","2","20196","HSPG2,CRYAB"
"GO:MF","nucleotide binding","GO:0000166","1","0","2163","20","3","20196","UBA6,PTK2,MYO18B"
"GO:MF","enzyme binding","GO:0019899","1","0","2105","20","5","20196","NOS1AP,KAT2B,PTK2,LDB3,PKP2"
"GO:MF","protein kinase regulator activity","GO:0019887","1","0","232","20","1","20196","KAT2B"
"GO:MF","intermediate filament binding","GO:0019215","1","0","12","20","1","20196","PKP2"
"GO:MF","kinase inhibitor activity","GO:0019210","1","0","78","20","1","20196","KAT2B"
"GO:MF","kinase regulator activity","GO:0019207","1","0","270","20","1","20196","KAT2B"
"GO:MF","SH3 domain binding","GO:0017124","1","0","121","20","1","20196","MYPN"
"GO:MF","sodium channel regulator activity","GO:0017080","1","0","38","20","1","20196","PKP2"
"GO:MF","purine nucleotide binding","GO:0017076","1","0","1993","20","3","20196","UBA6,PTK2,MYO18B"
"GO:MF","ligase activity, forming carbon-sulfur bonds","GO:0016877","1","0","42","20","1","20196","UBA6"
"GO:MF","ligase activity","GO:0016874","1","0","175","20","1","20196","UBA6"
"GO:MF","phosphatase activity","GO:0016791","1","0","281","20","2","20196","PTP4A3,PTK2"
"GO:MF","hydrolase activity, acting on ester bonds","GO:0016788","1","0","776","20","2","20196","PTP4A3,PTK2"
"GO:MF","hydrolase activity","GO:0016787","1","0","2476","20","2","20196","PTP4A3,PTK2"
"GO:MF","sulfurtransferase activity","GO:0016783","1","0","12","20","1","20196","UBA6"
"GO:MF","transferase activity, transferring sulphur-containing groups","GO:0016782","1","0","75","20","1","20196","UBA6"
"GO:MF","nucleotidyltransferase activity","GO:0016779","1","0","151","20","1","20196","UBA6"
"GO:MF","phosphotransferase activity, alcohol group as acceptor","GO:0016773","1","0","696","20","1","20196","PTK2"
"GO:MF","transferase activity, transferring phosphorus-containing groups","GO:0016772","1","0","954","20","2","20196","UBA6,PTK2"
"GO:MF","acyltransferase activity, transferring groups other than amino-acyl groups","GO:0016747","1","0","229","20","1","20196","KAT2B"
"GO:MF","acyltransferase activity","GO:0016746","1","0","738","20","1","20196","KAT2B"
"GO:MF","transferase activity, transferring one-carbon groups","GO:0016741","1","0","230","20","2","20196","PRDM16,MECOM"
"GO:MF","transferase activity","GO:0016740","1","0","2346","20","5","20196","PRDM16,KAT2B,MECOM,UBA6,PTK2"
"GO:MF","cyclin-dependent protein serine/threonine kinase regulator activity","GO:0016538","1","0","48","20","1","20196","KAT2B"
"GO:MF","protein-hormone receptor activity","GO:0016500","1","0","21","20","1","20196","GNRHR"
"GO:MF","N-acyltransferase activity","GO:0016410","1","0","93","20","1","20196","KAT2B"
"GO:MF","acetyltransferase activity","GO:0016407","1","0","96","20","1","20196","KAT2B"
"GO:MF","kinase activity","GO:0016301","1","0","780","20","1","20196","PTK2"
"GO:MF","channel regulator activity","GO:0016247","1","0","149","20","1","20196","PKP2"
"GO:MF","tubulin binding","GO:0015631","1","0","389","20","1","20196","CRYAB"
"GO:MF","kinase binding","GO:0019900","1","0","790","20","4","20196","KAT2B,PTK2,LDB3,PKP2"
"GO:MF","protein kinase binding","GO:0019901","1","0","706","20","4","20196","KAT2B,PTK2,LDB3,PKP2"
"GO:MF","phosphatase binding","GO:0019902","1","0","190","20","1","20196","PTK2"
"GO:MF","protein phosphatase binding","GO:0019903","1","0","143","20","1","20196","PTK2"
"GO:MF","ion binding","GO:0043167","1","0","6153","20","10","20196","PRDM16,HSPG2,SP3,CACNA2D2,MECOM,UBA6,PTK2,LDB3,CRYAB,MYO18B"
"GO:MF","histone deacetylase binding","GO:0042826","1","0","127","20","1","20196","KAT2B"
"GO:MF","protein homodimerization activity","GO:0042803","1","0","727","20","2","20196","MECOM,CRYAB"
"GO:MF","identical protein binding","GO:0042802","1","0","2166","20","2","20196","MECOM,CRYAB"
"GO:MF","phosphoric ester hydrolase activity","GO:0042578","1","0","374","20","2","20196","PTP4A3,PTK2"
"GO:MF","SH2 domain binding","GO:0042169","1","0","41","20","1","20196","PTK2"
"GO:MF","signaling receptor activity","GO:0038023","1","0","1492","20","2","20196","SEC62,GNRHR"
"GO:MF","small molecule binding","GO:0036094","1","0","6357","20","10","20196","PRDM16,HSPG2,SP3,CACNA2D2,MECOM,UBA6,PTK2,LDB3,CRYAB,MYO18B"
"GO:MF","purine ribonucleoside triphosphate binding","GO:0035639","1","0","1852","20","3","20196","UBA6,PTK2,MYO18B"
"GO:MF","signaling adaptor activity","GO:0035591","1","0","112","20","1","20196","NOS1AP"
"GO:MF","histone acetyltransferase binding","GO:0035035","1","0","24","20","1","20196","KAT2B"
"GO:MF","peptide N-acetyltransferase activity","GO:0034212","1","0","53","20","1","20196","KAT2B"
"GO:MF","amide binding","GO:0033218","1","0","248","20","2","20196","HSPG2,CRYAB"
"GO:MF","adenyl ribonucleotide binding","GO:0032559","1","0","1543","20","3","20196","UBA6,PTK2,MYO18B"
"GO:MF","inorganic molecular entity transmembrane transporter activity","GO:0015318","1","0","735","20","1","20196","CACNA2D2"
"GO:MF","purine ribonucleotide binding","GO:0032555","1","0","1899","20","3","20196","UBA6,PTK2,MYO18B"
"GO:MF","protein-macromolecule adaptor activity","GO:0030674","1","0","988","20","3","20196","PRDM16,NOS1AP,KAT2B"
"GO:MF","adenyl nucleotide binding","GO:0030554","1","0","1636","20","3","20196","UBA6,PTK2,MYO18B"
"GO:MF","signaling receptor activator activity","GO:0030546","1","0","518","20","1","20196","ADM"
"GO:MF","signaling receptor regulator activity","GO:0030545","1","0","554","20","1","20196","ADM"
"GO:MF","protein serine/threonine kinase inhibitor activity","GO:0030291","1","0","39","20","1","20196","KAT2B"
"GO:MF","enzyme regulator activity","GO:0030234","1","0","1305","20","1","20196","KAT2B"
"GO:MF","extracellular matrix structural constituent conferring compression resistance","GO:0030021","1","0","22","20","1","20196","HSPG2"
"GO:MF","inorganic cation transmembrane transporter activity","GO:0022890","1","0","613","20","1","20196","CACNA2D2"
"GO:MF","transmembrane transporter activity","GO:0022857","1","0","1134","20","1","20196","CACNA2D2"
"GO:MF","voltage-gated monoatomic cation channel activity","GO:0022843","1","0","157","20","1","20196","CACNA2D2"
"GO:MF","gated channel activity","GO:0022836","1","0","331","20","1","20196","CACNA2D2"
"GO:MF","voltage-gated channel activity","GO:0022832","1","0","187","20","1","20196","CACNA2D2"
"GO:MF","passive transmembrane transporter activity","GO:0022803","1","0","511","20","1","20196","CACNA2D2"
"GO:MF","protein domain specific binding","GO:0019904","1","0","655","20","2","20196","PTK2,MYPN"
"GO:MF","ribonucleotide binding","GO:0032553","1","0","1916","20","3","20196","UBA6,PTK2,MYO18B"
"GO:MF","channel activity","GO:0015267","1","0","510","20","1","20196","CACNA2D2"
"GO:MF","calcium ion transmembrane transporter activity","GO:0015085","1","0","146","20","1","20196","CACNA2D2"
"GO:MF","monoatomic ion transmembrane transporter activity","GO:0015075","1","0","771","20","1","20196","CACNA2D2"
"GO:MF","thiosulfate sulfurtransferase activity","GO:0004792","1","0","4","20","1","20196","UBA6"
"GO:MF","protein tyrosine phosphatase activity","GO:0004725","1","0","101","20","2","20196","PTP4A3,PTK2"
"GO:MF","phosphoprotein phosphatase activity","GO:0004721","1","0","186","20","2","20196","PTP4A3,PTK2"
"GO:MF","non-membrane spanning protein tyrosine kinase activity","GO:0004715","1","0","45","20","1","20196","PTK2"
"GO:MF","protein tyrosine kinase activity","GO:0004713","1","0","148","20","1","20196","PTK2"
"GO:MF","protein kinase activity","GO:0004672","1","0","586","20","1","20196","PTK2"
"GO:MF","lysine N-acetyltransferase activity, acting on acetyl phosphate as donor","GO:0004468","1","0","5","20","1","20196","KAT2B"
"GO:MF","histone acetyltransferase activity","GO:0004402","1","0","44","20","1","20196","KAT2B"
"GO:MF","diamine N-acetyltransferase activity","GO:0004145","1","0","4","20","1","20196","KAT2B"
"GO:MF","catalytic activity","GO:0003824","1","0","5751","20","6","20196","PRDM16,KAT2B,MECOM,UBA6,PTP4A3,PTK2"
"GO:MF","cytoskeletal motor activity","GO:0003774","1","0","115","20","1","20196","MYO18B"
"GO:MF","transcription coactivator activity","GO:0003713","1","0","290","20","2","20196","PRDM16,KAT2B"
"GO:MF","transcription coregulator activity","GO:0003712","1","0","527","20","2","20196","PRDM16,KAT2B"
"GO:MF","DNA-binding transcription factor activity","GO:0003700","1","0","1448","20","4","20196","PRDM16,SP3,MECOM,NFATC3"
"GO:MF","ubiquitin activating enzyme activity","GO:0004839","1","0","4","20","1","20196","UBA6"
"GO:MF","double-stranded DNA binding","GO:0003690","1","0","1640","20","5","20196","PRDM16,SP3,KAT2B,MECOM,NFATC3"
"GO:MF","DNA binding","GO:0003677","1","0","2541","20","5","20196","PRDM16,SP3,KAT2B,MECOM,NFATC3"
"GO:MF","nucleic acid binding","GO:0003676","1","0","5470","20","5","20196","PRDM16,SP3,KAT2B,MECOM,NFATC3"
"GO:MF","molecular_function","GO:0003674","1","0","20196","20","20","20196","PRDM16,HSPG2,NOS1AP,SP3,KAT2B,CACNA2D2,SEC62,MECOM,GNRHR,UBA6,PTP4A3,PTK2,TMEM245,MYPN,LDB3,ADM,CRYAB,PKP2,NFATC3,MYO18B"
"GO:MF","G protein-coupled receptor binding","GO:0001664","1","0","291","20","1","20196","ADM"
"GO:MF","DNA-binding transcription activator activity, RNA polymerase II-specific","GO:0001228","1","0","472","20","3","20196","PRDM16,MECOM,NFATC3"
"GO:MF","DNA-binding transcription repressor activity, RNA polymerase II-specific","GO:0001227","1","0","326","20","3","20196","PRDM16,SP3,NFATC3"
"GO:MF","DNA-binding transcription repressor activity","GO:0001217","1","0","335","20","3","20196","PRDM16,SP3,NFATC3"
"GO:MF","DNA-binding transcription activator activity","GO:0001216","1","0","478","20","3","20196","PRDM16,MECOM,NFATC3"
"GO:MF","transcription regulatory region nucleic acid binding","GO:0001067","1","0","1485","20","5","20196","PRDM16,SP3,KAT2B,MECOM,NFATC3"
"GO:MF","cis-regulatory region sequence-specific DNA binding","GO:0000987","1","0","1205","20","4","20196","PRDM16,SP3,MECOM,NFATC3"
"GO:MF","DNA-binding transcription factor activity, RNA polymerase II-specific","GO:0000981","1","0","1359","20","4","20196","PRDM16,SP3,MECOM,NFATC3"
"GO:MF","RNA polymerase II cis-regulatory region sequence-specific DNA binding","GO:0000978","1","0","1182","20","4","20196","PRDM16,SP3,MECOM,NFATC3"
"GO:MF","RNA polymerase II transcription regulatory region sequence-specific DNA binding","GO:0000977","1","0","1386","20","5","20196","PRDM16,SP3,KAT2B,MECOM,NFATC3"
"GO:MF","transcription cis-regulatory region binding","GO:0000976","1","0","1483","20","5","20196","PRDM16,SP3,KAT2B,MECOM,NFATC3"
"GO:MF","chromatin binding","GO:0003682","1","0","603","20","2","20196","SP3,KAT2B"
"GO:MF","anion binding","GO:0043168","1","0","2445","20","3","20196","UBA6,PTK2,MYO18B"
"GO:MF","enzyme inhibitor activity","GO:0004857","1","0","393","20","1","20196","KAT2B"
"GO:MF","cyclin-dependent protein serine/threonine kinase inhibitor activity","GO:0004861","1","0","12","20","1","20196","KAT2B"
"GO:MF","histone H3 acetyltransferase activity","GO:0010484","1","0","15","20","1","20196","KAT2B"
"GO:MF","S-adenosylmethionine-dependent methyltransferase activity","GO:0008757","1","0","169","20","2","20196","PRDM16,MECOM"
"GO:MF","ubiquitin-like modifier activating enzyme activity","GO:0008641","1","0","10","20","1","20196","UBA6"
"GO:MF","JUN kinase binding","GO:0008432","1","0","11","20","1","20196","PTK2"
"GO:MF","monoatomic cation transmembrane transporter activity","GO:0008324","1","0","654","20","1","20196","CACNA2D2"
"GO:MF","protein methyltransferase activity","GO:0008276","1","0","96","20","2","20196","PRDM16,MECOM"
"GO:MF","N-methyltransferase activity","GO:0008170","1","0","99","20","2","20196","PRDM16,MECOM"
"GO:MF","methyltransferase activity","GO:0008168","1","0","220","20","2","20196","PRDM16,MECOM"
"GO:MF","transcription factor binding","GO:0008134","1","0","600","20","3","20196","PRDM16,SP3,KAT2B"
"GO:MF","N-acetyltransferase activity","GO:0008080","1","0","69","20","1","20196","KAT2B"
"GO:MF","microtubule binding","GO:0008017","1","0","278","20","1","20196","CRYAB"
"GO:MF","ATP binding","GO:0005524","1","0","1502","20","3","20196","UBA6,PTK2,MYO18B"
"GO:MF","collagen binding","GO:0005518","1","0","69","20","1","20196","HSPG2"
"GO:MF","protein binding","GO:0005515","1","0","14865","20","16","20196","PRDM16,HSPG2,NOS1AP,SP3,KAT2B,MECOM,UBA6,PTP4A3,PTK2,MYPN,LDB3,ADM,CRYAB,PKP2,NFATC3,MYO18B"
"GO:MF","protein kinase inhibitor activity","GO:0004860","1","0","73","20","1","20196","KAT2B"
"GO:MF","calcium ion binding","GO:0005509","1","0","726","20","1","20196","HSPG2"
"GO:MF","calcium channel activity","GO:0005262","1","0","128","20","1","20196","CACNA2D2"
"GO:MF","monoatomic cation channel activity","GO:0005261","1","0","342","20","1","20196","CACNA2D2"
"GO:MF","voltage-gated calcium channel activity","GO:0005245","1","0","53","20","1","20196","CACNA2D2"
"GO:MF","voltage-gated monoatomic ion channel activity","GO:0005244","1","0","184","20","1","20196","CACNA2D2"
"GO:MF","monoatomic ion channel activity","GO:0005216","1","0","448","20","1","20196","CACNA2D2"
"GO:MF","transporter activity","GO:0005215","1","0","1234","20","1","20196","CACNA2D2"
"GO:MF","structural constituent of eye lens","GO:0005212","1","0","24","20","1","20196","CRYAB"
"GO:MF","extracellular matrix structural constituent","GO:0005201","1","0","167","20","1","20196","HSPG2"
"GO:MF","structural molecule activity","GO:0005198","1","0","1104","20","2","20196","HSPG2,CRYAB"
"GO:MF","hormone activity","GO:0005179","1","0","130","20","1","20196","ADM"
"GO:MF","integrin binding","GO:0005178","1","0","158","20","1","20196","PTK2"
"GO:MF","signaling receptor binding","GO:0005102","1","0","1499","20","3","20196","HSPG2,PTK2,ADM"
"GO:MF","G protein-coupled receptor activity","GO:0004930","1","0","838","20","1","20196","GNRHR"
"GO:MF","transmembrane signaling receptor activity","GO:0004888","1","0","1270","20","1","20196","GNRHR"
"GO:MF","binding","GO:0005488","1","0","18366","20","18","20196","PRDM16,HSPG2,NOS1AP,SP3,KAT2B,CACNA2D2,MECOM,GNRHR,UBA6,PTP4A3,PTK2,MYPN,LDB3,ADM,CRYAB,PKP2,NFATC3,MYO18B"
"GO:MF","cation binding","GO:0043169","1","0","4474","20","7","20196","PRDM16,HSPG2,SP3,CACNA2D2,MECOM,LDB3,CRYAB"
"GO:MF","sequence-specific DNA binding","GO:0043565","1","0","1655","20","5","20196","PRDM16,SP3,KAT2B,MECOM,NFATC3"
"GO:MF","transmembrane transporter binding","GO:0044325","1","0","142","20","1","20196","PKP2"
"GO:MF","transporter regulator activity","GO:0141108","1","0","150","20","1","20196","PKP2"
"GO:MF","molecular function inhibitor activity","GO:0140678","1","0","507","20","1","20196","KAT2B"
"GO:MF","molecular function activator activity","GO:0140677","1","0","1132","20","2","20196","PTK2,ADM"
"GO:MF","ATP-dependent activity","GO:0140657","1","0","580","20","1","20196","UBA6"
"GO:MF","DNA-binding transcription factor binding","GO:0140297","1","0","490","20","3","20196","PRDM16,SP3,KAT2B"
"GO:MF","transcription regulator activity","GO:0140110","1","0","1962","20","5","20196","PRDM16,SP3,KAT2B,MECOM,NFATC3"
"GO:MF","catalytic activity, acting on a protein","GO:0140096","1","0","2358","20","6","20196","PRDM16,KAT2B,MECOM,UBA6,PTP4A3,PTK2"
"GO:MF","ion channel regulator activity","GO:0099106","1","0","144","20","1","20196","PKP2"
"GO:MF","molecular function regulator activity","GO:0098772","1","0","2120","20","4","20196","KAT2B,PTK2,ADM,PKP2"
"GO:MF","carbohydrate derivative binding","GO:0097367","1","0","2286","20","3","20196","UBA6,PTK2,MYO18B"
"GO:MF","organic cyclic compound binding","GO:0097159","1","0","7525","20","8","20196","PRDM16,SP3,KAT2B,MECOM,UBA6,PTK2,NFATC3,MYO18B"
"GO:MF","cell adhesive protein binding involved in bundle of His cell-Purkinje myocyte communication","GO:0086083","1","0","5","20","1","20196","PKP2"
"GO:MF","protein binding involved in heterotypic cell-cell adhesion","GO:0086080","1","0","12","20","1","20196","PKP2"
"GO:MF","lipoprotein particle receptor binding","GO:0070325","1","0","29","20","1","20196","HSPG2"
"GO:MF","nucleoside phosphate binding","GO:1901265","1","0","2181","20","3","20196","UBA6,PTK2,MYO18B"
"GO:MF","peptide-lysine-N-acetyltransferase activity","GO:0061733","1","0","48","20","1","20196","KAT2B"
"GO:MF","molecular adaptor activity","GO:0060090","1","0","1175","20","4","20196","PRDM16,NOS1AP,KAT2B,PKP2"
"GO:MF","molecular transducer activity","GO:0060089","1","0","1492","20","2","20196","SEC62,GNRHR"
"GO:MF","unfolded protein binding","GO:0051082","1","0","113","20","1","20196","CRYAB"
"GO:MF","actin filament binding","GO:0051015","1","0","209","20","1","20196","MYO18B"
"GO:MF","nitric-oxide synthase binding","GO:0050998","1","0","11","20","1","20196","NOS1AP"
"GO:MF","cell adhesion molecule binding","GO:0050839","1","0","561","20","3","20196","PTK2,MYPN,PKP2"
"GO:MF","low-density lipoprotein particle receptor binding","GO:0050750","1","0","24","20","1","20196","HSPG2"
"GO:MF","receptor ligand activity","GO:0048018","1","0","512","20","1","20196","ADM"
"GO:MF","protein dimerization activity","GO:0046983","1","0","1116","20","2","20196","MECOM,CRYAB"
"GO:MF","metal ion transmembrane transporter activity","GO:0046873","1","0","447","20","1","20196","CACNA2D2"
"GO:MF","metal ion binding","GO:0046872","1","0","4375","20","7","20196","PRDM16,HSPG2,SP3,CACNA2D2,MECOM,LDB3,CRYAB"
"GO:MF","cadherin binding","GO:0045296","1","0","335","20","1","20196","PKP2"
"GO:MF","alpha-catenin binding","GO:0045294","1","0","11","20","1","20196","PKP2"
"GO:MF","protein-containing complex binding","GO:0044877","1","0","1279","20","4","20196","HSPG2,PTK2,CRYAB,MYO18B"
"GO:MF","RNA polymerase II-specific DNA-binding transcription factor binding","GO:0061629","1","0","348","20","1","20196","SP3"
"GO:MF","heterocyclic compound binding","GO:1901363","1","0","2315","20","3","20196","UBA6,PTK2,MYO18B"
"GO:MF","sequence-specific double-stranded DNA binding","GO:1990837","1","0","1544","20","5","20196","PRDM16,SP3,KAT2B,MECOM,NFATC3"
"GO:BP","muscle structure development","GO:0061061","0.0001640779732652355","3.7849497171275055","679","20","8","21017","CACNA2D2,MYPN,LDB3,ADM,CRYAB,PKP2,NFATC3,MYO18B"
"GO:BP","muscle cell development","GO:0055001","0.0013166754700694192","2.8805212553541217","191","20","5","21017","CACNA2D2,MYPN,LDB3,ADM,MYO18B"
"GO:BP","muscle cell differentiation","GO:0042692","0.0021855616612983008","2.6604369362418945","397","20","6","21017","CACNA2D2,MYPN,LDB3,ADM,NFATC3,MYO18B"
"GO:BP","cell differentiation","GO:0030154","0.004947287758607919","2.3056328281963654","4381","20","14","21017","PRDM16,HSPG2,SP3,KAT2B,CACNA2D2,MECOM,UBA6,PTK2,MYPN,LDB3,ADM,PKP2,NFATC3,MYO18B"
"GO:BP","cellular developmental process","GO:0048869","0.004961514022398119","2.3043857768890748","4382","20","14","21017","PRDM16,HSPG2,SP3,KAT2B,CACNA2D2,MECOM,UBA6,PTK2,MYPN,LDB3,ADM,PKP2,NFATC3,MYO18B"
"GO:BP","multicellular organismal process","GO:0032501","0.0074909315377805295","2.1254641720786367","7234","20","17","21017","PRDM16,HSPG2,NOS1AP,SP3,KAT2B,CACNA2D2,GNRHR,UBA6,PTP4A3,PTK2,MYPN,LDB3,ADM,CRYAB,PKP2,NFATC3,MYO18B"
"GO:BP","circulatory system development","GO:0072359","0.00795269751315049","2.0994855359513567","1134","20","8","21017","HSPG2,KAT2B,PTK2,LDB3,ADM,PKP2,NFATC3,MYO18B"
"GO:BP","cell development","GO:0048468","0.02189969489290449","1.6595619357192883","2833","20","11","21017","SP3,KAT2B,CACNA2D2,MECOM,UBA6,PTK2,MYPN,LDB3,ADM,NFATC3,MYO18B"
"GO:BP","heart development","GO:0007507","0.023454283175692085","1.6297778356905446","600","20","6","21017","KAT2B,PTK2,LDB3,ADM,PKP2,MYO18B"
"GO:BP","cytoskeleton organization","GO:0007010","0.06692046467624244","1.1744410520846085","1517","20","8","21017","NOS1AP,KAT2B,PTK2,MYPN,LDB3,CRYAB,PKP2,MYO18B"
"GO:BP","system development","GO:0048731","0.09396398059281744","1.0270385935028044","3985","20","12","21017","HSPG2,SP3,KAT2B,UBA6,PTK2,MYPN,LDB3,ADM,CRYAB,PKP2,NFATC3,MYO18B"
"GO:BP","developmental process","GO:0032502","0.09771158234896912","1.0100539536598778","6478","20","15","21017","PRDM16,HSPG2,SP3,KAT2B,CACNA2D2,MECOM,UBA6,PTK2,MYPN,LDB3,ADM,CRYAB,PKP2,NFATC3,MYO18B"
"GO:BP","anatomical structure morphogenesis","GO:0009653","0.10231781425462938","0.9900487459658021","2692","20","10","21017","HSPG2,SP3,PTK2,MYPN,LDB3,ADM,CRYAB,PKP2,NFATC3,MYO18B"
"GO:BP","heterochromatin organization","GO:0070828","0.10755671575864746","0.9683624674163156","13","20","2","21017","PRDM16,MECOM"
"GO:BP","blood circulation","GO:0008015","0.14975869200647693","0.8246079617206209","508","20","5","21017","NOS1AP,KAT2B,PTP4A3,ADM,PKP2"
"GO:BP","system process","GO:0003008","0.1729174606367452","0.7621611508827002","2266","20","9","21017","NOS1AP,KAT2B,GNRHR,UBA6,PTP4A3,ADM,CRYAB,PKP2,NFATC3"
"GO:BP","regulation of heart rate","GO:0002027","0.18120077423435169","0.7418399510025375","100","20","3","21017","NOS1AP,ADM,PKP2"
"GO:BP","anatomical structure development","GO:0048856","0.200313877973433","0.6982889612481411","5924","20","14","21017","HSPG2,SP3,KAT2B,CACNA2D2,MECOM,UBA6,PTK2,MYPN,LDB3,ADM,CRYAB,PKP2,NFATC3,MYO18B"
"GO:BP","animal organ development","GO:0048513","0.2975822637396426","0.5263929568275875","3047","20","10","21017","HSPG2,SP3,KAT2B,UBA6,PTK2,LDB3,ADM,CRYAB,PKP2,MYO18B"
"GO:BP","circulatory system process","GO:0003013","0.3092682388968691","0.5096646787038792","593","20","5","21017","NOS1AP,KAT2B,PTP4A3,ADM,PKP2"
"GO:BP","blood vessel morphogenesis","GO:0048514","0.4037373821548727","0.39390103728286263","628","20","5","21017","HSPG2,PTK2,ADM,NFATC3,MYO18B"
"GO:BP","multicellular organism development","GO:0007275","0.4593198707267668","0.3378847660771409","4658","20","12","21017","HSPG2,SP3,KAT2B,UBA6,PTK2,MYPN,LDB3,ADM,CRYAB,PKP2,NFATC3,MYO18B"
"GO:BP","regulation of cardiac muscle cell action potential","GO:0098901","0.5167925034270042","0.286683794827018","28","20","2","21017","NOS1AP,PKP2"
"GO:BP","vascular associated smooth muscle cell differentiation","GO:0035886","0.5547567675258476","0.2558973910676449","29","20","2","21017","ADM,NFATC3"
"GO:BP","placenta development","GO:0001890","0.6111045296331207","0.21388449718775207","151","20","3","21017","SP3,PTK2,ADM"
"GO:BP","tube development","GO:0035295","0.646361391000735","0.18952459309998176","1092","20","6","21017","HSPG2,SP3,PTK2,ADM,NFATC3,MYO18B"
"GO:BP","ventricular cardiac muscle cell action potential","GO:0086005","0.7198123071569095","0.14278073216957557","33","20","2","21017","NOS1AP,PKP2"
"GO:BP","striated muscle cell development","GO:0055002","0.7780053845646319","0.10901739725373685","164","20","3","21017","MYPN,LDB3,MYO18B"
"GO:BP","blood vessel development","GO:0001568","0.782467158973417","0.1065338812267933","725","20","5","21017","HSPG2,PTK2,ADM,NFATC3,MYO18B"
"GO:BP","vasculature development","GO:0001944","0.9416005168849135","0.026133311761686182","755","20","5","21017","HSPG2,PTK2,ADM,NFATC3,MYO18B"
"GO:BP","anatomical structure formation involved in morphogenesis","GO:0048646","0.9823720602700499","0.007723997834722134","1181","20","6","21017","HSPG2,SP3,PTK2,MYPN,LDB3,ADM"
"GO:BP","negative regulation of miRNA metabolic process","GO:2000629","1","0","30","20","1","21017","NFATC3"
"GO:BP","regulation of miRNA metabolic process","GO:2000628","1","0","91","20","1","21017","NFATC3"
"GO:BP","negative regulation of reactive oxygen species metabolic process","GO:2000378","1","0","44","20","1","21017","CRYAB"
"GO:BP","regulation of reactive oxygen species metabolic process","GO:2000377","1","0","144","20","1","21017","CRYAB"
"GO:BP","negative regulation of rRNA processing","GO:2000233","1","0","3","20","1","21017","KAT2B"
"GO:BP","regulation of rRNA processing","GO:2000232","1","0","16","20","1","21017","KAT2B"
"GO:BP","regulation of anoikis","GO:2000209","1","0","25","20","1","21017","PTK2"
"GO:BP","positive regulation of progesterone biosynthetic process","GO:2000184","1","0","1","20","1","21017","ADM"
"GO:BP","regulation of progesterone biosynthetic process","GO:2000182","1","0","3","20","1","21017","ADM"
"GO:BP","negative regulation of blood vessel morphogenesis","GO:2000181","1","0","105","20","1","21017","HSPG2"
"GO:BP","positive regulation of peptidyl-cysteine S-nitrosylation","GO:2000170","1","0","3","20","1","21017","NOS1AP"
"GO:BP","regulation of peptidyl-cysteine S-nitrosylation","GO:2000169","1","0","9","20","1","21017","NOS1AP"
"GO:BP","positive regulation of cell motility","GO:2000147","1","0","570","20","1","21017","PTK2"
"GO:BP","regulation of cell motility","GO:2000145","1","0","1000","20","1","21017","PTK2"
"GO:BP","positive regulation of ubiquitin-dependent protein catabolic process","GO:2000060","1","0","110","20","1","21017","PTK2"
"GO:BP","regulation of ubiquitin-dependent protein catabolic process","GO:2000058","1","0","177","20","1","21017","PTK2"
"GO:BP","regulation of multicellular organismal development","GO:2000026","1","0","1413","20","3","21017","HSPG2,KAT2B,ADM"
"GO:BP","adaptive thermogenesis","GO:1990845","1","0","170","20","1","21017","PRDM16"
"GO:BP","cellular response to leukemia inhibitory factor","GO:1990830","1","0","105","20","1","21017","PTP4A3"
"GO:BP","response to leukemia inhibitory factor","GO:1990823","1","0","107","20","1","21017","PTP4A3"
"GO:BP","protein localization to cell periphery","GO:1990778","1","0","361","20","1","21017","PKP2"
"GO:BP","adrenomedullin receptor signaling pathway","GO:1990410","1","0","4","20","1","21017","ADM"
"GO:BP","amyloid fibril formation","GO:1990000","1","0","41","20","1","21017","CRYAB"
"GO:BP","negative regulation of amyloid fibril formation","GO:1905907","1","0","12","20","1","21017","CRYAB"
"GO:BP","regulation of amyloid fibril formation","GO:1905906","1","0","16","20","1","21017","CRYAB"
"GO:BP","positive regulation of artery morphogenesis","GO:1905653","1","0","7","20","1","21017","NFATC3"
"GO:BP","regulation of artery morphogenesis","GO:1905651","1","0","7","20","1","21017","NFATC3"
"GO:BP","positive regulation of macrophage migration","GO:1905523","1","0","26","20","1","21017","PTK2"
"GO:BP","regulation of macrophage migration","GO:1905521","1","0","44","20","1","21017","PTK2"
"GO:BP","negative regulation of anoikis","GO:2000811","1","0","19","20","1","21017","PTK2"
"GO:BP","reactive nitrogen species metabolic process","GO:2001057","1","0","82","20","2","21017","NOS1AP,NFATC3"
"GO:BP","regulation of RNA biosynthetic process","GO:2001141","1","0","3454","20","7","21017","PRDM16,SP3,KAT2B,MECOM,PTP4A3,CRYAB,NFATC3"
"GO:BP","regulation of vasculogenesis","GO:2001212","1","0","17","20","1","21017","ADM"
"GO:BP","macrophage migration","GO:1905517","1","0","60","20","1","21017","PTK2"
"GO:BP","positive regulation of cation channel activity","GO:2001259","1","0","48","20","1","21017","NOS1AP"
"GO:BP","regulation of cation channel activity","GO:2001257","1","0","99","20","1","21017","NOS1AP"
"GO:BP","positive regulation of vasculogenesis","GO:2001214","1","0","12","20","1","21017","ADM"
"GO:BP","negative regulation of vascular associated smooth muscle cell differentiation","GO:1905064","1","0","8","20","1","21017","NFATC3"
"GO:BP","regulation of vascular associated smooth muscle cell differentiation","GO:1905063","1","0","14","20","1","21017","NFATC3"
"GO:BP","positive regulation of membrane repolarization during cardiac muscle cell action potential","GO:1905033","1","0","2","20","1","21017","NOS1AP"
"GO:BP","positive regulation of intracellular signal transduction","GO:1902533","1","0","1108","20","3","21017","NOS1AP,PTP4A3,PTK2"
"GO:BP","negative regulation of intracellular signal transduction","GO:1902532","1","0","640","20","1","21017","MECOM"
"GO:BP","regulation of intracellular signal transduction","GO:1902531","1","0","1935","20","4","21017","NOS1AP,MECOM,PTP4A3,PTK2"
"GO:BP","regulation of calcium ion transmembrane transport via high voltage-gated calcium channel","GO:1902514","1","0","16","20","1","21017","NOS1AP"
"GO:BP","positive regulation of attachment of mitotic spindle microtubules to kinetochore","GO:1902425","1","0","8","20","1","21017","KAT2B"
"GO:BP","regulation of attachment of mitotic spindle microtubules to kinetochore","GO:1902423","1","0","8","20","1","21017","KAT2B"
"GO:BP","positive regulation of delayed rectifier potassium channel activity","GO:1902261","1","0","5","20","1","21017","NOS1AP"
"GO:BP","regulation of delayed rectifier potassium channel activity","GO:1902259","1","0","17","20","1","21017","NOS1AP"
"GO:BP","negative regulation of organelle assembly","GO:1902116","1","0","47","20","1","21017","KAT2B"
"GO:BP","regulation of organelle assembly","GO:1902115","1","0","224","20","1","21017","KAT2B"
"GO:BP","regulation of cell junction assembly","GO:1901888","1","0","211","20","1","21017","PTK2"
"GO:BP","regulation of high voltage-gated calcium channel activity","GO:1901841","1","0","12","20","1","21017","NOS1AP"
"GO:BP","cellular response to oxygen-containing compound","GO:1901701","1","0","1153","20","3","21017","KAT2B,GNRHR,PTK2"
"GO:BP","response to oxygen-containing compound","GO:1901700","1","0","1632","20","5","21017","KAT2B,GNRHR,PTK2,ADM,CRYAB"
"GO:BP","regulation of cellular response to vascular endothelial growth factor stimulus","GO:1902547","1","0","26","20","1","21017","PTP4A3"
"GO:BP","cellular response to nitrogen compound","GO:1901699","1","0","618","20","3","21017","KAT2B,GNRHR,PTK2"
"GO:BP","response to peptide","GO:1901652","1","0","950","20","1","21017","PTP4A3"
"GO:BP","regulation of voltage-gated calcium channel activity","GO:1901385","1","0","26","20","1","21017","NOS1AP"
"GO:BP","positive regulation of potassium ion transmembrane transport","GO:1901381","1","0","36","20","1","21017","NOS1AP"
"GO:BP","regulation of potassium ion transmembrane transport","GO:1901379","1","0","78","20","1","21017","NOS1AP"
"GO:BP","negative regulation of vasculature development","GO:1901343","1","0","106","20","1","21017","HSPG2"
"GO:BP","regulation of vasculature development","GO:1901342","1","0","295","20","2","21017","HSPG2,ADM"
"GO:BP","nucleoside phosphate catabolic process","GO:1901292","1","0","182","20","1","21017","KAT2B"
"GO:BP","positive regulation of non-canonical NF-kappaB signal transduction","GO:1901224","1","0","64","20","1","21017","PTP4A3"
"GO:BP","regulation of non-canonical NF-kappaB signal transduction","GO:1901222","1","0","94","20","1","21017","PTP4A3"
"GO:BP","carbohydrate derivative catabolic process","GO:1901136","1","0","256","20","1","21017","KAT2B"
"GO:BP","carbohydrate derivative metabolic process","GO:1901135","1","0","992","20","1","21017","KAT2B"
"GO:BP","regulation of calcium ion transmembrane transporter activity","GO:1901019","1","0","68","20","1","21017","NOS1AP"
"GO:BP","positive regulation of potassium ion transmembrane transporter activity","GO:1901018","1","0","21","20","1","21017","NOS1AP"
"GO:BP","regulation of potassium ion transmembrane transporter activity","GO:1901016","1","0","49","20","1","21017","NOS1AP"
"GO:BP","response to nitrogen compound","GO:1901698","1","0","1010","20","4","21017","KAT2B,GNRHR,PTK2,ADM"
"GO:BP","negative regulation of RNA biosynthetic process","GO:1902679","1","0","1352","20","6","21017","PRDM16,SP3,KAT2B,MECOM,CRYAB,NFATC3"
"GO:BP","apoptotic process involved in development","GO:1902742","1","0","40","20","1","21017","CRYAB"
"GO:BP","regulation of membrane repolarization during cardiac muscle cell action potential","GO:1905031","1","0","4","20","1","21017","NOS1AP"
"GO:BP","positive regulation of membrane repolarization during ventricular cardiac muscle cell action potential","GO:1905026","1","0","2","20","1","21017","NOS1AP"
"GO:BP","regulation of membrane repolarization during ventricular cardiac muscle cell action potential","GO:1905024","1","0","3","20","1","21017","NOS1AP"
"GO:BP","positive regulation of establishment of protein localization","GO:1904951","1","0","332","20","1","21017","PTP4A3"
"GO:BP","positive regulation of nitric oxide metabolic process","GO:1904407","1","0","40","20","2","21017","NOS1AP,NFATC3"
"GO:BP","DN4 thymocyte differentiation","GO:1904157","1","0","2","20","1","21017","NFATC3"
"GO:BP","positive regulation of cation transmembrane transport","GO:1904064","1","0","135","20","1","21017","NOS1AP"
"GO:BP","regulation of monoatomic cation transmembrane transport","GO:1904062","1","0","282","20","1","21017","NOS1AP"
"GO:BP","positive regulation of vasculature development","GO:1904018","1","0","168","20","1","21017","ADM"
"GO:BP","regulation of cellular response to transforming growth factor beta stimulus","GO:1903844","1","0","145","20","1","21017","PRDM16"
"GO:BP","positive regulation of protein localization","GO:1903829","1","0","493","20","1","21017","PTP4A3"
"GO:BP","positive regulation of voltage-gated potassium channel activity","GO:1903818","1","0","12","20","1","21017","NOS1AP"
"GO:BP","positive regulation of voltage-gated potassium channel activity involved in ventricular cardiac muscle cell action potential repolarization","GO:1903762","1","0","2","20","1","21017","NOS1AP"
"GO:BP","regulation of voltage-gated potassium channel activity involved in ventricular cardiac muscle cell action potential repolarization","GO:1903760","1","0","3","20","1","21017","NOS1AP"
"GO:BP","positive regulation of RNA biosynthetic process","GO:1902680","1","0","1713","20","5","21017","PRDM16,SP3,KAT2B,MECOM,NFATC3"
"GO:BP","positive regulation of ATP metabolic process","GO:1903580","1","0","35","20","1","21017","KAT2B"
"GO:BP","positive regulation of blood circulation","GO:1903524","1","0","38","20","1","21017","ADM"
"GO:BP","regulation of blood circulation","GO:1903522","1","0","253","20","3","21017","NOS1AP,ADM,PKP2"
"GO:BP","regulation of calcium ion transmembrane transport","GO:1903169","1","0","163","20","1","21017","NOS1AP"
"GO:BP","mononuclear cell differentiation","GO:1903131","1","0","529","20","2","21017","SP3,NFATC3"
"GO:BP","regulation of actin filament-based movement","GO:1903115","1","0","39","20","1","21017","PKP2"
"GO:BP","positive regulation of proteolysis involved in protein catabolic process","GO:1903052","1","0","138","20","1","21017","PTK2"
"GO:BP","regulation of proteolysis involved in protein catabolic process","GO:1903050","1","0","238","20","1","21017","PTK2"
"GO:BP","mitotic cell cycle process","GO:1903047","1","0","747","20","1","21017","KAT2B"
"GO:BP","positive regulation of response to wounding","GO:1903036","1","0","75","20","1","21017","PTK2"
"GO:BP","regulation of response to wounding","GO:1903034","1","0","169","20","1","21017","PTK2"
"GO:BP","negative regulation of supramolecular fiber organization","GO:1902904","1","0","164","20","1","21017","CRYAB"
"GO:BP","regulation of supramolecular fiber organization","GO:1902903","1","0","386","20","1","21017","CRYAB"
"GO:BP","negative regulation of miRNA transcription","GO:1902894","1","0","28","20","1","21017","NFATC3"
"GO:BP","regulation of miRNA transcription","GO:1902893","1","0","76","20","1","21017","NFATC3"
"GO:BP","regulation of ATP metabolic process","GO:1903578","1","0","73","20","1","21017","KAT2B"
"GO:BP","regulation of vascular endothelial growth factor signaling pathway","GO:1900746","1","0","24","20","1","21017","PTP4A3"
"GO:BP","positive regulation of purine nucleotide metabolic process","GO:1900544","1","0","38","20","1","21017","KAT2B"
"GO:BP","regulation of substrate adhesion-dependent cell spreading","GO:1900024","1","0","62","20","2","21017","PTK2,PKP2"
"GO:BP","respiratory system development","GO:0060541","1","0","222","20","1","21017","SP3"
"GO:BP","muscle tissue development","GO:0060537","1","0","421","20","2","21017","PKP2,MYO18B"
"GO:BP","mesenchyme development","GO:0060485","1","0","316","20","1","21017","PTK2"
"GO:BP","epithelium development","GO:0060429","1","0","1229","20","1","21017","ADM"
"GO:BP","response to growth hormone","GO:0060416","1","0","40","20","1","21017","PTK2"
"GO:BP","muscle tissue morphogenesis","GO:0060415","1","0","70","20","1","21017","PKP2"
"GO:BP","growth hormone receptor signaling pathway","GO:0060396","1","0","26","20","1","21017","PTK2"
"GO:BP","regulation of cellular localization","GO:0060341","1","0","997","20","2","21017","PTP4A3,CRYAB"
"GO:BP","cell chemotaxis","GO:0060326","1","0","319","20","1","21017","PTK2"
"GO:BP","head development","GO:0060322","1","0","789","20","2","21017","HSPG2,UBA6"
"GO:BP","regulation of ventricular cardiac muscle cell membrane repolarization","GO:0060307","1","0","22","20","1","21017","NOS1AP"
"GO:BP","regulation of membrane repolarization","GO:0060306","1","0","35","20","1","21017","NOS1AP"
"GO:BP","regulation of macromolecule metabolic process","GO:0060255","1","0","6535","20","9","21017","PRDM16,NOS1AP,SP3,KAT2B,MECOM,PTP4A3,PTK2,CRYAB,NFATC3"
"GO:BP","definitive hemopoiesis","GO:0060216","1","0","21","20","1","21017","SP3"
"GO:BP","limb development","GO:0060173","1","0","191","20","1","21017","KAT2B"
"GO:BP","embryonic process involved in female pregnancy","GO:0060136","1","0","7","20","1","21017","SP3"
"GO:BP","cardiac muscle contraction","GO:0060048","1","0","134","20","2","21017","NOS1AP,PKP2"
"GO:BP","heart contraction","GO:0060047","1","0","234","20","3","21017","NOS1AP,ADM,PKP2"
"GO:BP","rhythmic synaptic transmission","GO:0060024","1","0","4","20","1","21017","CACNA2D2"
"GO:BP","regulation of cardiac muscle contraction","GO:0055117","1","0","74","20","1","21017","PKP2"
"GO:BP","nucleobase-containing small molecule metabolic process","GO:0055086","1","0","677","20","1","21017","KAT2B"
"GO:BP","transmembrane transport","GO:0055085","1","0","1538","20","3","21017","NOS1AP,CACNA2D2,SEC62"
"GO:BP","cardiac muscle cell development","GO:0055013","1","0","79","20","1","21017","MYO18B"
"GO:BP","ventricular cardiac muscle tissue morphogenesis","GO:0055010","1","0","47","20","1","21017","PKP2"
"GO:BP","cardiac muscle tissue morphogenesis","GO:0055008","1","0","59","20","1","21017","PKP2"
"GO:BP","cardiac muscle cell differentiation","GO:0055007","1","0","116","20","1","21017","MYO18B"
"GO:BP","cardiac cell development","GO:0055006","1","0","85","20","1","21017","MYO18B"
"GO:BP","regulation of attachment of spindle microtubules to kinetochore","GO:0051988","1","0","22","20","1","21017","KAT2B"
"GO:BP","positive regulation of attachment of spindle microtubules to kinetochore","GO:0051987","1","0","11","20","1","21017","KAT2B"
"GO:BP","apoptotic process involved in morphogenesis","GO:0060561","1","0","26","20","1","21017","CRYAB"
"GO:BP","epithelial tube morphogenesis","GO:0060562","1","0","335","20","1","21017","ADM"
"GO:BP","tube closure","GO:0060606","1","0","88","20","1","21017","ADM"
"GO:BP","embryonic placenta morphogenesis","GO:0060669","1","0","27","20","1","21017","ADM"
"GO:BP","leukocyte proliferation","GO:0070661","1","0","351","20","1","21017","PTK2"
"GO:BP","protein modification by small protein conjugation or removal","GO:0070647","1","0","962","20","1","21017","UBA6"
"GO:BP","dendrite self-avoidance","GO:0070593","1","0","14","20","1","21017","MYPN"
"GO:BP","calcium ion transmembrane transport","GO:0070588","1","0","339","20","2","21017","NOS1AP,CACNA2D2"
"GO:BP","response to oxygen levels","GO:0070482","1","0","345","20","3","21017","HSPG2,ADM,CRYAB"
"GO:BP","actin-mediated cell contraction","GO:0070252","1","0","101","20","2","21017","NOS1AP,PKP2"
"GO:BP","regulation of establishment of protein localization","GO:0070201","1","0","539","20","1","21017","PTP4A3"
"GO:BP","regulation of molecular function","GO:0065009","1","0","1611","20","3","21017","NOS1AP,KAT2B,PTK2"
"GO:BP","regulation of biological quality","GO:0065008","1","0","2847","20","8","21017","NOS1AP,KAT2B,GNRHR,PTP4A3,PTK2,ADM,CRYAB,PKP2"
"GO:BP","biological regulation","GO:0065007","1","0","12671","20","14","21017","PRDM16,HSPG2,NOS1AP,SP3,KAT2B,CACNA2D2,MECOM,GNRHR,PTP4A3,PTK2,ADM,CRYAB,PKP2,NFATC3"
"GO:BP","protein-containing complex assembly","GO:0065003","1","0","3226","20","2","21017","PTK2,CRYAB"
"GO:BP","intracellular protein transmembrane transport","GO:0065002","1","0","31","20","1","21017","SEC62"
"GO:BP","cellular response to chemical stress","GO:0062197","1","0","314","20","1","21017","KAT2B"
"GO:BP","positive regulation of small molecule metabolic process","GO:0062013","1","0","138","20","2","21017","KAT2B,ADM"
"GO:BP","positive regulation of chromosome segregation","GO:0051984","1","0","28","20","1","21017","KAT2B"
"GO:BP","regulation of small molecule metabolic process","GO:0062012","1","0","314","20","2","21017","KAT2B,ADM"
"GO:BP","calcium ion transmembrane transport via high voltage-gated calcium channel","GO:0061577","1","0","18","20","1","21017","NOS1AP"
"GO:BP","axon development","GO:0061564","1","0","526","20","2","21017","PTK2,MYPN"
"GO:BP","macrophage proliferation","GO:0061517","1","0","12","20","1","21017","PTK2"
"GO:BP","cardiac conduction","GO:0061337","1","0","95","20","1","21017","PKP2"
"GO:BP","morphogenesis of a branching epithelium","GO:0061138","1","0","189","20","1","21017","ADM"
"GO:BP","regulation of wound healing","GO:0061041","1","0","131","20","1","21017","PTK2"
"GO:BP","hepaticobiliary system development","GO:0061008","1","0","149","20","1","21017","SP3"
"GO:BP","dendritic spine development","GO:0060996","1","0","98","20","1","21017","UBA6"
"GO:BP","endocrine hormone secretion","GO:0060986","1","0","57","20","1","21017","GNRHR"
"GO:BP","artery development","GO:0060840","1","0","104","20","1","21017","NFATC3"
"GO:BP","labyrinthine layer morphogenesis","GO:0060713","1","0","22","20","1","21017","ADM"
"GO:BP","spongiotrophoblast layer development","GO:0060712","1","0","12","20","1","21017","ADM"
"GO:BP","labyrinthine layer development","GO:0060711","1","0","47","20","1","21017","ADM"
"GO:BP","branching involved in labyrinthine layer morphogenesis","GO:0060670","1","0","13","20","1","21017","ADM"
"GO:BP","miRNA transcription","GO:0061614","1","0","77","20","1","21017","NFATC3"
"GO:BP","regulation of chromosome segregation","GO:0051983","1","0","129","20","1","21017","KAT2B"
"GO:BP","regulation of calcium ion transport","GO:0051924","1","0","241","20","1","21017","NOS1AP"
"GO:BP","positive regulation of phosphatidylinositol 3-kinase/protein kinase B signal transduction","GO:0051897","1","0","180","20","1","21017","PTK2"
"GO:BP","positive regulation of protein metabolic process","GO:0051247","1","0","1152","20","2","21017","NOS1AP,PTK2"
"GO:BP","regulation of protein metabolic process","GO:0051246","1","0","1975","20","4","21017","NOS1AP,KAT2B,PTK2,CRYAB"
"GO:BP","negative regulation of multicellular organismal process","GO:0051241","1","0","1088","20","2","21017","HSPG2,ADM"
"GO:BP","positive regulation of multicellular organismal process","GO:0051240","1","0","1644","20","5","21017","PRDM16,CACNA2D2,PTK2,ADM,NFATC3"
"GO:BP","regulation of multicellular organismal process","GO:0051239","1","0","2928","20","9","21017","PRDM16,HSPG2,NOS1AP,KAT2B,CACNA2D2,PTK2,ADM,PKP2,NFATC3"
"GO:BP","maintenance of location","GO:0051235","1","0","334","20","1","21017","PKP2"
"GO:BP","establishment of localization","GO:0051234","1","0","4869","20","11","21017","HSPG2,NOS1AP,KAT2B,CACNA2D2,SEC62,GNRHR,PTP4A3,PTK2,ADM,CRYAB,PKP2"
"GO:BP","localization","GO:0051179","1","0","5521","20","11","21017","HSPG2,NOS1AP,KAT2B,CACNA2D2,SEC62,GNRHR,PTP4A3,PTK2,ADM,CRYAB,PKP2"
"GO:BP","regulation of phosphorus metabolic process","GO:0051174","1","0","1072","20","2","21017","KAT2B,PTK2"
"GO:BP","negative regulation of smooth muscle cell differentiation","GO:0051151","1","0","17","20","1","21017","NFATC3"
"GO:BP","regulation of smooth muscle cell differentiation","GO:0051150","1","0","36","20","1","21017","NFATC3"
"GO:BP","negative regulation of muscle cell differentiation","GO:0051148","1","0","62","20","1","21017","NFATC3"
"GO:BP","regulation of muscle cell differentiation","GO:0051147","1","0","142","20","1","21017","NFATC3"
"GO:BP","striated muscle cell differentiation","GO:0051146","1","0","294","20","3","21017","MYPN,LDB3,MYO18B"
"GO:BP","negative regulation of protein metabolic process","GO:0051248","1","0","708","20","1","21017","CRYAB"
"GO:BP","smooth muscle cell differentiation","GO:0051145","1","0","65","20","2","21017","ADM,NFATC3"
"GO:BP","negative regulation of cellular component organization","GO:0051129","1","0","719","20","2","21017","KAT2B,CRYAB"
"GO:BP","regulation of cellular component organization","GO:0051128","1","0","2398","20","3","21017","KAT2B,PTK2,CRYAB"
"GO:BP","positive regulation of developmental process","GO:0051094","1","0","1331","20","4","21017","CACNA2D2,PTK2,ADM,NFATC3"
"GO:BP","negative regulation of developmental process","GO:0051093","1","0","928","20","3","21017","HSPG2,PKP2,NFATC3"
"GO:BP","regulation of DNA metabolic process","GO:0051052","1","0","492","20","1","21017","KAT2B"
"GO:BP","negative regulation of transport","GO:0051051","1","0","412","20","1","21017","CRYAB"
"GO:BP","positive regulation of transport","GO:0051050","1","0","844","20","2","21017","NOS1AP,PKP2"
"GO:BP","regulation of transport","GO:0051049","1","0","1589","20","3","21017","NOS1AP,CRYAB,PKP2"
"GO:BP","positive regulation of nitric-oxide synthase activity","GO:0051000","1","0","16","20","1","21017","NOS1AP"
"GO:BP","regulation of nitric-oxide synthase activity","GO:0050999","1","0","23","20","1","21017","NOS1AP"
"GO:BP","detection of mechanical stimulus","GO:0050982","1","0","55","20","1","21017","PTK2"
"GO:BP","positive regulation of chemotaxis","GO:0050921","1","0","145","20","1","21017","PTK2"
"GO:BP","regulation of chemotaxis","GO:0050920","1","0","225","20","1","21017","PTK2"
"GO:BP","leukocyte migration","GO:0050900","1","0","396","20","1","21017","PTK2"
"GO:BP","positive regulation of cellular component organization","GO:0051130","1","0","1093","20","1","21017","KAT2B"
"GO:BP","regulation of leukocyte proliferation","GO:0070663","1","0","265","20","1","21017","PTK2"
"GO:BP","regulation of RNA metabolic process","GO:0051252","1","0","3709","20","7","21017","PRDM16,SP3,KAT2B,MECOM,PTP4A3,CRYAB,NFATC3"
"GO:BP","positive regulation of RNA metabolic process","GO:0051254","1","0","1844","20","5","21017","PRDM16,SP3,KAT2B,MECOM,NFATC3"
"GO:BP","regulation of phosphatidylinositol 3-kinase/protein kinase B signal transduction","GO:0051896","1","0","250","20","1","21017","PTK2"
"GO:BP","regulation of focal adhesion assembly","GO:0051893","1","0","63","20","1","21017","PTK2"
"GO:BP","regulation of cell cycle","GO:0051726","1","0","1104","20","2","21017","KAT2B,MECOM"
"GO:BP","cellular response to stimulus","GO:0051716","1","0","7320","20","11","21017","PRDM16,HSPG2,NOS1AP,KAT2B,MECOM,GNRHR,PTP4A3,PTK2,ADM,CRYAB,NFATC3"
"GO:BP","response to other organism","GO:0051707","1","0","1555","20","1","21017","ADM"
"GO:BP","localization within membrane","GO:0051668","1","0","916","20","2","21017","SEC62,PKP2"
"GO:BP","establishment of organelle localization","GO:0051656","1","0","490","20","1","21017","KAT2B"
"GO:BP","maintenance of location in cell","GO:0051651","1","0","226","20","1","21017","PKP2"
"GO:BP","establishment of localization in cell","GO:0051649","1","0","1976","20","3","21017","KAT2B,SEC62,CRYAB"
"GO:BP","cellular localization","GO:0051641","1","0","3625","20","5","21017","KAT2B,SEC62,PTP4A3,CRYAB,PKP2"
"GO:BP","organelle localization","GO:0051640","1","0","624","20","1","21017","KAT2B"
"GO:BP","detection of stimulus","GO:0051606","1","0","643","20","1","21017","PTK2"
"GO:BP","protein maturation","GO:0051604","1","0","571","20","2","21017","KAT2B,CRYAB"
"GO:BP","proteolysis involved in protein catabolic process","GO:0051603","1","0","732","20","2","21017","UBA6,PTK2"
"GO:BP","negative regulation of RNA metabolic process","GO:0051253","1","0","1457","20","6","21017","PRDM16,SP3,KAT2B,MECOM,CRYAB,NFATC3"
"GO:BP","negative regulation of cytoskeleton organization","GO:0051494","1","0","162","20","1","21017","KAT2B"
"GO:BP","stress-activated MAPK cascade","GO:0051403","1","0","55","20","1","21017","CRYAB"
"GO:BP","response to glucocorticoid","GO:0051384","1","0","135","20","1","21017","ADM"
"GO:BP","positive regulation of oxidoreductase activity","GO:0051353","1","0","41","20","1","21017","NOS1AP"
"GO:BP","positive regulation of transferase activity","GO:0051347","1","0","323","20","1","21017","PTK2"
"GO:BP","regulation of oxidoreductase activity","GO:0051341","1","0","64","20","1","21017","NOS1AP"
"GO:BP","regulation of transferase activity","GO:0051338","1","0","539","20","2","21017","KAT2B,PTK2"
"GO:BP","regulation of hydrolase activity","GO:0051336","1","0","401","20","1","21017","PTK2"
"GO:BP","attachment of mitotic spindle microtubules to kinetochore","GO:0051315","1","0","24","20","1","21017","KAT2B"
"GO:BP","metaphase chromosome alignment","GO:0051310","1","0","102","20","1","21017","KAT2B"
"GO:BP","establishment of chromosome localization","GO:0051303","1","0","116","20","1","21017","KAT2B"
"GO:BP","regulation of cell division","GO:0051302","1","0","185","20","1","21017","KAT2B"
"GO:BP","cell division","GO:0051301","1","0","656","20","1","21017","KAT2B"
"GO:BP","centrosome duplication","GO:0051298","1","0","74","20","1","21017","KAT2B"
"GO:BP","chromosome organization","GO:0051276","1","0","628","20","1","21017","KAT2B"
"GO:BP","regulation of cytoskeleton organization","GO:0051493","1","0","517","20","2","21017","KAT2B,PTK2"
"GO:BP","regulation of purine nucleotide metabolic process","GO:1900542","1","0","83","20","1","21017","KAT2B"
"GO:BP","positive regulation of leukocyte proliferation","GO:0070665","1","0","163","20","1","21017","PTK2"
"GO:BP","response to growth factor","GO:0070848","1","0","713","20","3","21017","PRDM16,PTP4A3,PTK2"
"GO:BP","regulation of ventricular cardiac muscle cell action potential","GO:0098911","1","0","12","20","1","21017","PKP2"
"GO:BP","regulation of membrane repolarization during action potential","GO:0098903","1","0","7","20","1","21017","NOS1AP"
"GO:BP","regulation of action potential","GO:0098900","1","0","55","20","2","21017","NOS1AP,PKP2"
"GO:BP","nuclear chromosome segregation","GO:0098813","1","0","320","20","1","21017","KAT2B"
"GO:BP","cell-cell adhesion via plasma-membrane adhesion molecules","GO:0098742","1","0","280","20","1","21017","MYPN"
"GO:BP","macromolecule deacylation","GO:0098732","1","0","56","20","1","21017","KAT2B"
"GO:BP","inorganic cation transmembrane transport","GO:0098662","1","0","811","20","2","21017","NOS1AP,CACNA2D2"
"GO:BP","inorganic ion transmembrane transport","GO:0098660","1","0","903","20","2","21017","NOS1AP,CACNA2D2"
"GO:BP","import into cell","GO:0098657","1","0","921","20","3","21017","HSPG2,PTK2,ADM"
"GO:BP","monoatomic cation transmembrane transport","GO:0098655","1","0","832","20","2","21017","NOS1AP,CACNA2D2"
"GO:BP","cell-cell adhesion","GO:0098609","1","0","948","20","3","21017","PTK2,MYPN,PKP2"
"GO:BP","centriole assembly","GO:0098534","1","0","48","20","1","21017","KAT2B"
"GO:BP","blood vessel diameter maintenance","GO:0097746","1","0","149","20","2","21017","KAT2B,ADM"
"GO:BP","calcineurin-mediated signaling","GO:0097720","1","0","48","20","1","21017","NFATC3"
"GO:BP","calcitonin family receptor signaling pathway","GO:0097646","1","0","9","20","1","21017","ADM"
"GO:BP","granulocyte migration","GO:0097530","1","0","156","20","1","21017","PTK2"
"GO:BP","myeloid leukocyte migration","GO:0097529","1","0","237","20","1","21017","PTK2"
"GO:BP","neuron projection guidance","GO:0097485","1","0","247","20","2","21017","PTK2,MYPN"
"GO:BP","supramolecular fiber organization","GO:0097435","1","0","846","20","4","21017","MYPN,LDB3,CRYAB,PKP2"
"GO:BP","cellular response to gonadotropin-releasing hormone","GO:0097211","1","0","5","20","1","21017","GNRHR"
"GO:BP","response to gonadotropin-releasing hormone","GO:0097210","1","0","7","20","1","21017","GNRHR"
"GO:BP","vascular associated smooth muscle cell development","GO:0097084","1","0","12","20","1","21017","ADM"
"GO:BP","sensory organ morphogenesis","GO:0090596","1","0","290","20","1","21017","SP3"
"GO:BP","regulation of protein deacetylation","GO:0090311","1","0","29","20","1","21017","KAT2B"
"GO:BP","nucleic acid metabolic process","GO:0090304","1","0","7460","20","7","21017","PRDM16,SP3,KAT2B,MECOM,PTP4A3,CRYAB,NFATC3"
"GO:BP","positive regulation of wound healing","GO:0090303","1","0","63","20","1","21017","PTK2"
"GO:BP","regulation of cellular response to growth factor stimulus","GO:0090287","1","0","320","20","2","21017","PRDM16,PTP4A3"
"GO:BP","regulation of muscle system process","GO:0090257","1","0","227","20","2","21017","PKP2,NFATC3"
"GO:BP","regulation of metaphase plate congression","GO:0090235","1","0","13","20","1","21017","KAT2B"
"GO:BP","membrane repolarization during ventricular cardiac muscle cell action potential","GO:0098915","1","0","14","20","1","21017","NOS1AP"
"GO:BP","anterograde trans-synaptic signaling","GO:0098916","1","0","753","20","1","21017","CACNA2D2"
"GO:BP","postsynaptic actin cytoskeleton organization","GO:0098974","1","0","17","20","1","21017","NOS1AP"
"GO:BP","maintenance of protein localization at cell tip","GO:0099017","1","0","1","20","1","21017","PKP2"
"GO:BP","regulation of cell-substrate junction organization","GO:0150116","1","0","68","20","1","21017","PTK2"
"GO:BP","cell-substrate junction organization","GO:0150115","1","0","103","20","1","21017","PTK2"
"GO:BP","visual system development","GO:0150063","1","0","408","20","2","21017","SP3,CRYAB"
"GO:BP","nucleic acid biosynthetic process","GO:0141187","1","0","6822","20","7","21017","PRDM16,SP3,KAT2B,MECOM,PTP4A3,CRYAB,NFATC3"
"GO:BP","positive regulation of gene expression, epigenetic","GO:0141137","1","0","44","20","1","21017","KAT2B"
"GO:BP","intracellular signaling cassette","GO:0141124","1","0","1895","20","7","21017","NOS1AP,MECOM,PTP4A3,PTK2,ADM,CRYAB,NFATC3"
"GO:BP","transforming growth factor beta receptor superfamily signaling pathway","GO:0141091","1","0","341","20","2","21017","PRDM16,PTK2"
"GO:BP","membraneless organelle assembly","GO:0140694","1","0","402","20","3","21017","KAT2B,MYPN,LDB3"
"GO:BP","export from cell","GO:0140352","1","0","901","20","1","21017","GNRHR"
"GO:BP","mitotic nuclear division","GO:0140014","1","0","281","20","1","21017","KAT2B"
"GO:BP","olefinic compound biosynthetic process","GO:0120255","1","0","29","20","1","21017","ADM"
"GO:BP","olefinic compound metabolic process","GO:0120254","1","0","161","20","1","21017","ADM"
"GO:BP","steroid hormone biosynthetic process","GO:0120178","1","0","45","20","1","21017","ADM"
"GO:BP","positive regulation of cold-induced thermogenesis","GO:0120162","1","0","101","20","1","21017","PRDM16"
"GO:BP","establishment of protein localization to membrane","GO:0090150","1","0","491","20","1","21017","SEC62"
"GO:BP","regulation of cold-induced thermogenesis","GO:0120161","1","0","151","20","1","21017","PRDM16"
"GO:BP","regulation of macrophage proliferation","GO:0120040","1","0","6","20","1","21017","PTK2"
"GO:BP","plasma membrane bounded cell projection morphogenesis","GO:0120039","1","0","670","20","2","21017","PTK2,MYPN"
"GO:BP","plasma membrane bounded cell projection organization","GO:0120036","1","0","1572","20","5","21017","KAT2B,UBA6,PTK2,MYPN,ADM"
"GO:BP","regulation of plasma membrane bounded cell projection organization","GO:0120035","1","0","655","20","1","21017","KAT2B"
"GO:BP","cold-induced thermogenesis","GO:0106106","1","0","153","20","1","21017","PRDM16"
"GO:BP","cellular response to environmental stimulus","GO:0104004","1","0","333","20","1","21017","CRYAB"
"GO:BP","ventricular cardiac muscle cell membrane repolarization","GO:0099625","1","0","27","20","1","21017","NOS1AP"
"GO:BP","regulation of cardiac muscle cell membrane repolarization","GO:0099623","1","0","26","20","1","21017","NOS1AP"
"GO:BP","cardiac muscle cell membrane repolarization","GO:0099622","1","0","37","20","1","21017","NOS1AP"
"GO:BP","trans-synaptic signaling","GO:0099537","1","0","759","20","1","21017","CACNA2D2"
"GO:BP","synaptic signaling","GO:0099536","1","0","783","20","1","21017","CACNA2D2"
"GO:BP","postsynaptic cytoskeleton organization","GO:0099188","1","0","20","20","1","21017","NOS1AP"
"GO:BP","regulation of trans-synaptic signaling","GO:0099177","1","0","491","20","1","21017","CACNA2D2"
"GO:BP","postsynapse organization","GO:0099173","1","0","198","20","1","21017","NOS1AP"
"GO:BP","positive regulation of macrophage proliferation","GO:0120041","1","0","5","20","1","21017","PTK2"
"GO:BP","epithelium migration","GO:0090132","1","0","98","20","1","21017","PTK2"
"GO:BP","tissue migration","GO:0090130","1","0","104","20","1","21017","PTK2"
"GO:BP","regulation of cell-substrate junction assembly","GO:0090109","1","0","63","20","1","21017","PTK2"
"GO:BP","purine-containing compound metabolic process","GO:0072521","1","0","567","20","1","21017","KAT2B"
"GO:BP","monocarboxylic acid biosynthetic process","GO:0072330","1","0","218","20","1","21017","KAT2B"
"GO:BP","epithelial tube formation","GO:0072175","1","0","135","20","1","21017","ADM"
"GO:BP","stem cell proliferation","GO:0072089","1","0","122","20","1","21017","MECOM"
"GO:BP","cellular component organization or biogenesis","GO:0071840","1","0","8323","20","13","21017","PRDM16,NOS1AP,KAT2B,CACNA2D2,MECOM,UBA6,PTK2,MYPN,LDB3,ADM,CRYAB,PKP2,MYO18B"
"GO:BP","protein transmembrane transport","GO:0071806","1","0","66","20","1","21017","SEC62"
"GO:BP","potassium ion transmembrane transport","GO:0071805","1","0","213","20","1","21017","NOS1AP"
"GO:BP","nitrogen compound transport","GO:0071705","1","0","1909","20","1","21017","SEC62"
"GO:BP","positive regulation of mononuclear cell migration","GO:0071677","1","0","95","20","1","21017","PTK2"
"GO:BP","regulation of mononuclear cell migration","GO:0071675","1","0","142","20","1","21017","PTK2"
"GO:BP","mononuclear cell migration","GO:0071674","1","0","235","20","1","21017","PTK2"
"GO:BP","regulation of granulocyte chemotaxis","GO:0071622","1","0","51","20","1","21017","PTK2"
"GO:BP","granulocyte chemotaxis","GO:0071621","1","0","129","20","1","21017","PTK2"
"GO:BP","cellular response to transforming growth factor beta stimulus","GO:0071560","1","0","261","20","2","21017","PRDM16,PTK2"
"GO:BP","purine-containing compound catabolic process","GO:0072523","1","0","152","20","1","21017","KAT2B"
"GO:BP","response to transforming growth factor beta","GO:0071559","1","0","268","20","2","21017","PRDM16,PTK2"
"GO:BP","cellular response to gamma radiation","GO:0071480","1","0","26","20","1","21017","CRYAB"
"GO:BP","cellular response to ionizing radiation","GO:0071479","1","0","70","20","1","21017","CRYAB"
"GO:BP","cellular response to radiation","GO:0071478","1","0","180","20","1","21017","CRYAB"
"GO:BP","hematopoietic stem cell proliferation","GO:0071425","1","0","34","20","1","21017","MECOM"
"GO:BP","cellular response to growth hormone stimulus","GO:0071378","1","0","27","20","1","21017","PTK2"
"GO:BP","cellular response to peptide hormone stimulus","GO:0071375","1","0","307","20","3","21017","KAT2B,GNRHR,PTK2"
"GO:BP","cellular response to parathyroid hormone stimulus","GO:0071374","1","0","10","20","1","21017","KAT2B"
"GO:BP","cellular response to growth factor stimulus","GO:0071363","1","0","682","20","3","21017","PRDM16,PTP4A3,PTK2"
"GO:BP","cellular response to cytokine stimulus","GO:0071345","1","0","843","20","1","21017","PTP4A3"
"GO:BP","cellular response to abiotic stimulus","GO:0071214","1","0","333","20","1","21017","CRYAB"
"GO:BP","response to parathyroid hormone","GO:0071107","1","0","14","20","1","21017","KAT2B"
"GO:BP","protein localization to endoplasmic reticulum","GO:0070972","1","0","291","20","1","21017","SEC62"
"GO:BP","organelle assembly","GO:0070925","1","0","998","20","3","21017","KAT2B,MYPN,LDB3"
"GO:BP","cellular response to chemical stimulus","GO:0070887","1","0","2186","20","3","21017","KAT2B,GNRHR,PTK2"
"GO:BP","cellular response to endogenous stimulus","GO:0071495","1","0","1215","20","5","21017","PRDM16,KAT2B,GNRHR,PTP4A3,PTK2"
"GO:BP","cellular macromolecule localization","GO:0070727","1","0","2749","20","3","21017","SEC62,PTP4A3,PKP2"
"GO:BP","pyridine-containing compound metabolic process","GO:0072524","1","0","173","20","1","21017","KAT2B"
"GO:BP","reactive oxygen species metabolic process","GO:0072593","1","0","232","20","1","21017","CRYAB"
"GO:BP","negative regulation of transmembrane receptor protein serine/threonine kinase signaling pathway","GO:0090101","1","0","149","20","1","21017","PRDM16"
"GO:BP","regulation of transmembrane receptor protein serine/threonine kinase signaling pathway","GO:0090092","1","0","264","20","1","21017","PRDM16"
"GO:BP","negative regulation of ribosome biogenesis","GO:0090071","1","0","4","20","1","21017","KAT2B"
"GO:BP","regulation of ribosome biogenesis","GO:0090069","1","0","6","20","1","21017","KAT2B"
"GO:BP","positive regulation of cell cycle process","GO:0090068","1","0","253","20","1","21017","KAT2B"
"GO:BP","regulation of anatomical structure size","GO:0090066","1","0","518","20","2","21017","KAT2B,ADM"
"GO:BP","regulation of tubulin deacetylation","GO:0090043","1","0","21","20","1","21017","KAT2B"
"GO:BP","tubulin deacetylation","GO:0090042","1","0","23","20","1","21017","KAT2B"
"GO:BP","regulation of heart rate by cardiac conduction","GO:0086091","1","0","40","20","1","21017","PKP2"
"GO:BP","bundle of His cell-Purkinje myocyte adhesion involved in cell communication","GO:0086073","1","0","6","20","1","21017","PKP2"
"GO:BP","bundle of His cell to Purkinje myocyte communication","GO:0086069","1","0","15","20","1","21017","PKP2"
"GO:BP","cell communication involved in cardiac conduction","GO:0086065","1","0","57","20","1","21017","PKP2"
"GO:BP","cell communication by electrical coupling involved in cardiac conduction","GO:0086064","1","0","26","20","1","21017","PKP2"
"GO:BP","cardiac muscle cell-cardiac muscle cell adhesion","GO:0086042","1","0","7","20","1","21017","PKP2"
"GO:BP","pyridine-containing compound catabolic process","GO:0072526","1","0","99","20","1","21017","KAT2B"
"GO:BP","cell-cell signaling involved in cardiac conduction","GO:0086019","1","0","32","20","1","21017","PKP2"
"GO:BP","membrane repolarization during action potential","GO:0086011","1","0","28","20","1","21017","NOS1AP"
"GO:BP","membrane repolarization","GO:0086009","1","0","51","20","1","21017","NOS1AP"
"GO:BP","regulation of cardiac muscle cell contraction","GO:0086004","1","0","33","20","1","21017","PKP2"
"GO:BP","cardiac muscle cell contraction","GO:0086003","1","0","71","20","2","21017","NOS1AP,PKP2"
"GO:BP","cardiac muscle cell action potential involved in contraction","GO:0086002","1","0","50","20","2","21017","NOS1AP,PKP2"
"GO:BP","cardiac muscle cell action potential","GO:0086001","1","0","72","20","2","21017","NOS1AP,PKP2"
"GO:BP","regulation of nitric oxide metabolic process","GO:0080164","1","0","60","20","2","21017","NOS1AP,NFATC3"
"GO:BP","regulation of cellular response to stress","GO:0080135","1","0","512","20","1","21017","KAT2B"
"GO:BP","regulation of response to stress","GO:0080134","1","0","1354","20","2","21017","KAT2B,PTK2"
"GO:BP","regulation of primary metabolic process","GO:0080090","1","0","5486","20","10","21017","PRDM16,NOS1AP,SP3,KAT2B,MECOM,PTP4A3,PTK2,ADM,CRYAB,NFATC3"
"GO:BP","protein localization to plasma membrane","GO:0072659","1","0","294","20","1","21017","PKP2"
"GO:BP","protein localization to membrane","GO:0072657","1","0","825","20","2","21017","SEC62,PKP2"
"GO:BP","establishment of protein localization to endoplasmic reticulum","GO:0072599","1","0","261","20","1","21017","SEC62"
"GO:BP","establishment of protein localization to organelle","GO:0072594","1","0","666","20","1","21017","SEC62"
"GO:BP","membrane repolarization during cardiac muscle cell action potential","GO:0086013","1","0","22","20","1","21017","NOS1AP"
"GO:BP","response to stimulus","GO:0050896","1","0","8993","20","11","21017","PRDM16,HSPG2,NOS1AP,KAT2B,MECOM,GNRHR,PTP4A3,PTK2,ADM,CRYAB,NFATC3"
"GO:BP","cognition","GO:0050890","1","0","324","20","2","21017","KAT2B,UBA6"
"GO:BP","endocrine process","GO:0050886","1","0","93","20","1","21017","GNRHR"
"GO:BP","regulation of body fluid levels","GO:0050878","1","0","371","20","1","21017","ADM"
"GO:BP","immune effector process","GO:0002252","1","0","703","20","1","21017","PTK2"
"GO:BP","hematopoietic progenitor cell differentiation","GO:0002244","1","0","139","20","1","21017","SP3"
"GO:BP","response to molecule of bacterial origin","GO:0002237","1","0","355","20","1","21017","ADM"
"GO:BP","desmosome assembly","GO:0002159","1","0","4","20","1","21017","PKP2"
"GO:BP","lens development in camera-type eye","GO:0002088","1","0","91","20","1","21017","CRYAB"
"GO:BP","G protein-coupled receptor internalization","GO:0002031","1","0","15","20","1","21017","ADM"
"GO:BP","desensitization of G protein-coupled receptor signaling pathway","GO:0002029","1","0","20","20","1","21017","ADM"
"GO:BP","regulation of sodium ion transport","GO:0002028","1","0","71","20","1","21017","PKP2"
"GO:BP","regulation of the force of heart contraction","GO:0002026","1","0","26","20","1","21017","ADM"
"GO:BP","morphogenesis of an epithelium","GO:0002009","1","0","502","20","1","21017","ADM"
"GO:BP","regulation of cell-matrix adhesion","GO:0001952","1","0","121","20","1","21017","PTK2"
"GO:BP","positive regulation of endothelial cell proliferation","GO:0001938","1","0","93","20","1","21017","HSPG2"
"GO:BP","regulation of endothelial cell proliferation","GO:0001936","1","0","136","20","1","21017","HSPG2"
"GO:BP","endothelial cell proliferation","GO:0001935","1","0","161","20","1","21017","HSPG2"
"GO:BP","positive regulation of protein phosphorylation","GO:0001934","1","0","595","20","1","21017","PTK2"
"GO:BP","regulation of protein phosphorylation","GO:0001932","1","0","901","20","1","21017","PTK2"
"GO:BP","embryonic placenta development","GO:0001892","1","0","89","20","2","21017","SP3,ADM"
"GO:BP","liver development","GO:0001889","1","0","146","20","1","21017","SP3"
"GO:BP","neural tube closure","GO:0001843","1","0","87","20","1","21017","ADM"
"GO:BP","neural tube formation","GO:0001841","1","0","100","20","1","21017","ADM"
"GO:BP","embryonic epithelial tube formation","GO:0001838","1","0","122","20","1","21017","ADM"
"GO:BP","epithelial to mesenchymal transition","GO:0001837","1","0","166","20","1","21017","PTK2"
"GO:BP","trophectodermal cell differentiation","GO:0001829","1","0","19","20","1","21017","SP3"
"GO:BP","blastocyst formation","GO:0001825","1","0","46","20","1","21017","SP3"
"GO:BP","blastocyst development","GO:0001824","1","0","119","20","1","21017","SP3"
"GO:BP","natural killer cell differentiation","GO:0001779","1","0","24","20","1","21017","SP3"
"GO:BP","cell activation","GO:0001775","1","0","1098","20","2","21017","SP3,NFATC3"
"GO:BP","morphogenesis of a branching structure","GO:0001763","1","0","206","20","1","21017","ADM"
"GO:BP","in utero embryonic development","GO:0001701","1","0","412","20","3","21017","SP3,ADM,MYO18B"
"GO:BP","activation of immune response","GO:0002253","1","0","543","20","1","21017","PTK2"
"GO:BP","myeloid cell homeostasis","GO:0002262","1","0","178","20","1","21017","SP3"
"GO:BP","myeloid progenitor cell differentiation","GO:0002318","1","0","10","20","1","21017","SP3"
"GO:BP","immune system process","GO:0002376","1","0","2796","20","3","21017","SP3,PTK2,NFATC3"
"GO:BP","monosaccharide metabolic process","GO:0005996","1","0","250","20","1","21017","KAT2B"
"GO:BP","carbohydrate metabolic process","GO:0005975","1","0","569","20","1","21017","KAT2B"
"GO:BP","cardiac muscle hypertrophy","GO:0003300","1","0","83","20","1","21017","NFATC3"
"GO:BP","cardiac ventricle development","GO:0003231","1","0","127","20","1","21017","PKP2"
"GO:BP","ventricular cardiac muscle tissue development","GO:0003229","1","0","59","20","1","21017","PKP2"
"GO:BP","cardiac ventricle morphogenesis","GO:0003208","1","0","70","20","1","21017","PKP2"
"GO:BP","cardiac chamber morphogenesis","GO:0003206","1","0","124","20","1","21017","PKP2"
"GO:BP","cardiac chamber development","GO:0003205","1","0","169","20","1","21017","PKP2"
"GO:BP","regulation of systemic arterial blood pressure","GO:0003073","1","0","98","20","1","21017","ADM"
"GO:BP","regulation of heart rate by chemical signal","GO:0003062","1","0","5","20","1","21017","NOS1AP"
"GO:BP","vascular process in circulatory system","GO:0003018","1","0","272","20","3","21017","KAT2B,PTP4A3,ADM"
"GO:BP","heart process","GO:0003015","1","0","245","20","3","21017","NOS1AP,ADM,PKP2"
"GO:BP","renal system process","GO:0003014","1","0","127","20","1","21017","ADM"
"GO:BP","muscle system process","GO:0003012","1","0","432","20","4","21017","NOS1AP,CRYAB,PKP2,NFATC3"
"GO:BP","ameboidal-type cell migration","GO:0001667","1","0","235","20","1","21017","PTK2"
"GO:BP","heart morphogenesis","GO:0003007","1","0","266","20","2","21017","PTK2,PKP2"
"GO:BP","immune response-regulating cell surface receptor signaling pathway","GO:0002768","1","0","334","20","1","21017","PTK2"
"GO:BP","immune response-regulating signaling pathway","GO:0002764","1","0","504","20","1","21017","PTK2"
"GO:BP","immune response-activating signaling pathway","GO:0002757","1","0","477","20","1","21017","PTK2"
"GO:BP","positive regulation of leukocyte chemotaxis","GO:0002690","1","0","95","20","1","21017","PTK2"
"GO:BP","regulation of leukocyte chemotaxis","GO:0002688","1","0","123","20","1","21017","PTK2"
"GO:BP","positive regulation of leukocyte migration","GO:0002687","1","0","153","20","1","21017","PTK2"
"GO:BP","regulation of leukocyte migration","GO:0002685","1","0","230","20","1","21017","PTK2"
"GO:BP","positive regulation of immune system process","GO:0002684","1","0","1066","20","1","21017","PTK2"
"GO:BP","regulation of immune system process","GO:0002682","1","0","1526","20","1","21017","PTK2"
"GO:BP","myeloid leukocyte differentiation","GO:0002573","1","0","239","20","1","21017","SP3"
"GO:BP","leukocyte differentiation","GO:0002521","1","0","632","20","2","21017","SP3,NFATC3"
"GO:BP","immune response-regulating cell surface receptor signaling pathway involved in phagocytosis","GO:0002433","1","0","23","20","1","21017","PTK2"
"GO:BP","Fc receptor mediated stimulatory signaling pathway","GO:0002431","1","0","32","20","1","21017","PTK2"
"GO:BP","immune response-activating cell surface receptor signaling pathway","GO:0002429","1","0","306","20","1","21017","PTK2"
"GO:BP","desmosome organization","GO:0002934","1","0","10","20","1","21017","PKP2"
"GO:BP","response to hypoxia","GO:0001666","1","0","302","20","3","21017","HSPG2,ADM,CRYAB"
"GO:BP","temperature homeostasis","GO:0001659","1","0","185","20","1","21017","PRDM16"
"GO:BP","eye development","GO:0001654","1","0","404","20","2","21017","SP3,CRYAB"
"GO:BP","glucose metabolic process","GO:0006006","1","0","187","20","1","21017","KAT2B"
"GO:BP","osteoblast differentiation","GO:0001649","1","0","232","20","1","21017","PTK2"
"GO:BP","vasculogenesis","GO:0001570","1","0","84","20","2","21017","ADM,MYO18B"
"GO:BP","regulation of cell growth","GO:0001558","1","0","425","20","1","21017","CRYAB"
"GO:BP","angiogenesis","GO:0001525","1","0","541","20","3","21017","HSPG2,PTK2,ADM"
"GO:BP","action potential","GO:0001508","1","0","144","20","2","21017","NOS1AP,PKP2"
"GO:BP","ossification","GO:0001503","1","0","425","20","2","21017","SP3,PTK2"
"GO:BP","skeletal system development","GO:0001501","1","0","536","20","1","21017","SP3"
"GO:BP","cell morphogenesis","GO:0000902","1","0","986","20","2","21017","PTK2,MYPN"
"GO:BP","sister chromatid segregation","GO:0000819","1","0","232","20","1","21017","KAT2B"
"GO:BP","carbon catabolite activation of transcription from RNA polymerase II promoter","GO:0000436","1","0","7","20","1","21017","KAT2B"
"GO:BP","positive regulation of transcription from RNA polymerase II promoter by glucose","GO:0000432","1","0","6","20","1","21017","KAT2B"
"GO:BP","regulation of transcription from RNA polymerase II promoter by glucose","GO:0000430","1","0","6","20","1","21017","KAT2B"
"GO:BP","carbon catabolite regulation of transcription from RNA polymerase II promoter","GO:0000429","1","0","7","20","1","21017","KAT2B"
"GO:BP","response to reactive oxygen species","GO:0000302","1","0","199","20","1","21017","CRYAB"
"GO:BP","nuclear division","GO:0000280","1","0","450","20","1","21017","KAT2B"
"GO:BP","microtubule cytoskeleton organization","GO:0000226","1","0","663","20","2","21017","KAT2B,CRYAB"
"GO:BP","MAPK cascade","GO:0000165","1","0","749","20","2","21017","MECOM,CRYAB"
"GO:BP","negative regulation of transcription by RNA polymerase II","GO:0000122","1","0","992","20","4","21017","PRDM16,SP3,KAT2B,NFATC3"
"GO:BP","mitotic sister chromatid segregation","GO:0000070","1","0","191","20","1","21017","KAT2B"
"GO:BP","mitotic cell cycle","GO:0000278","1","0","897","20","1","21017","KAT2B"
"GO:BP","organic acid metabolic process","GO:0006082","1","0","933","20","1","21017","KAT2B"
"GO:BP","generation of precursor metabolites and energy","GO:0006091","1","0","509","20","2","21017","PRDM16,KAT2B"
"GO:BP","smoothened signaling pathway","GO:0007224","1","0","151","20","1","21017","HSPG2"
"GO:BP","Notch signaling pathway","GO:0007219","1","0","184","20","1","21017","PTP4A3"
"GO:BP","positive regulation of cytosolic calcium ion concentration","GO:0007204","1","0","169","20","1","21017","ADM"
"GO:BP","adenylate cyclase-activating G protein-coupled receptor signaling pathway","GO:0007189","1","0","158","20","1","21017","ADM"
"GO:BP","adenylate cyclase-modulating G protein-coupled receptor signaling pathway","GO:0007188","1","0","248","20","1","21017","ADM"
"GO:BP","G protein-coupled receptor signaling pathway","GO:0007186","1","0","1275","20","2","21017","GNRHR,ADM"
"GO:BP","transforming growth factor beta receptor signaling pathway","GO:0007179","1","0","206","20","2","21017","PRDM16,PTK2"
"GO:BP","cell surface receptor protein serine/threonine kinase signaling pathway","GO:0007178","1","0","363","20","2","21017","PRDM16,PTK2"
"GO:BP","epidermal growth factor receptor signaling pathway","GO:0007173","1","0","104","20","1","21017","PTK2"
"GO:BP","signal complex assembly","GO:0007172","1","0","8","20","1","21017","PTK2"
"GO:BP","cell surface receptor protein tyrosine kinase signaling pathway","GO:0007169","1","0","619","20","2","21017","PTP4A3,PTK2"
"GO:BP","enzyme-linked receptor protein signaling pathway","GO:0007167","1","0","959","20","3","21017","PRDM16,PTP4A3,PTK2"
"GO:BP","cell surface receptor signaling pathway","GO:0007166","1","0","2803","20","4","21017","PRDM16,HSPG2,PTP4A3,PTK2"
"GO:BP","signal transduction","GO:0007165","1","0","5979","20","10","21017","PRDM16,HSPG2,NOS1AP,MECOM,GNRHR,PTP4A3,PTK2,ADM,CRYAB,NFATC3"
"GO:BP","establishment or maintenance of cell polarity","GO:0007163","1","0","229","20","1","21017","PTK2"
"GO:BP","negative regulation of cell adhesion","GO:0007162","1","0","285","20","2","21017","HSPG2,PTK2"
"GO:BP","cell-matrix adhesion","GO:0007160","1","0","236","20","1","21017","PTK2"
"GO:BP","homophilic cell adhesion via plasma membrane adhesion molecules","GO:0007156","1","0","168","20","1","21017","MYPN"
"GO:BP","cell adhesion","GO:0007155","1","0","1511","20","4","21017","HSPG2,PTK2,MYPN,PKP2"
"GO:BP","cell communication","GO:0007154","1","0","6496","20","12","21017","PRDM16,HSPG2,NOS1AP,CACNA2D2,MECOM,GNRHR,PTP4A3,PTK2,ADM,CRYAB,PKP2,NFATC3"
"GO:BP","centriole replication","GO:0007099","1","0","43","20","1","21017","KAT2B"
"GO:BP","centrosome cycle","GO:0007098","1","0","139","20","1","21017","KAT2B"
"GO:BP","mitotic metaphase chromosome alignment","GO:0007080","1","0","61","20","1","21017","KAT2B"
"GO:BP","chromosome segregation","GO:0007059","1","0","427","20","1","21017","KAT2B"
"GO:BP","cell cycle","GO:0007049","1","0","1824","20","2","21017","KAT2B,MECOM"
"GO:BP","cell-substrate junction assembly","GO:0007044","1","0","96","20","1","21017","PTK2"
"GO:BP","cell-cell junction assembly","GO:0007043","1","0","159","20","1","21017","PKP2"
"GO:BP","tubulin complex assembly","GO:0007021","1","0","10","20","1","21017","CRYAB"
"GO:BP","microtubule-based process","GO:0007017","1","0","959","20","2","21017","KAT2B,CRYAB"
"GO:BP","integrin-mediated signaling pathway","GO:0007229","1","0","117","20","1","21017","PTK2"
"GO:BP","JNK cascade","GO:0007254","1","0","174","20","1","21017","MECOM"
"GO:BP","nitric oxide mediated signal transduction","GO:0007263","1","0","27","20","1","21017","NOS1AP"
"GO:BP","cell-cell signaling","GO:0007267","1","0","1316","20","3","21017","CACNA2D2,GNRHR,PKP2"
"GO:BP","cell population proliferation","GO:0008283","1","0","2009","20","5","21017","HSPG2,KAT2B,MECOM,PTK2,ADM"
"GO:BP","regulation of G protein-coupled receptor signaling pathway","GO:0008277","1","0","151","20","1","21017","ADM"
"GO:BP","cell death","GO:0008219","1","0","1984","20","5","21017","MECOM,PTK2,ADM,CRYAB,NFATC3"
"GO:BP","regulation of blood pressure","GO:0008217","1","0","186","20","1","21017","ADM"
"GO:BP","androgen metabolic process","GO:0008209","1","0","30","20","1","21017","ADM"
"GO:BP","C21-steroid hormone metabolic process","GO:0008207","1","0","38","20","1","21017","ADM"
"GO:BP","steroid metabolic process","GO:0008202","1","0","326","20","1","21017","ADM"
"GO:BP","metabolic process","GO:0008152","1","0","14188","20","12","21017","PRDM16,HSPG2,NOS1AP,SP3,KAT2B,MECOM,UBA6,PTP4A3,PTK2,ADM,CRYAB,NFATC3"
"GO:BP","biological_process","GO:0008150","1","0","21017","20","20","21017","PRDM16,HSPG2,NOS1AP,SP3,KAT2B,CACNA2D2,SEC62,MECOM,GNRHR,UBA6,PTP4A3,PTK2,TMEM245,MYPN,LDB3,ADM,CRYAB,PKP2,NFATC3,MYO18B"
"GO:BP","protein localization","GO:0008104","1","0","2738","20","3","21017","SEC62,PTP4A3,PKP2"
"GO:BP","neuron recognition","GO:0008038","1","0","45","20","1","21017","MYPN"
"GO:BP","cell recognition","GO:0008037","1","0","157","20","1","21017","MYPN"
"GO:BP","regulation of heart contraction","GO:0008016","1","0","200","20","3","21017","NOS1AP,ADM,PKP2"
"GO:BP","locomotory behavior","GO:0007626","1","0","214","20","1","21017","UBA6"
"GO:BP","organelle organization","GO:0006996","1","0","3570","20","8","21017","NOS1AP,KAT2B,PTK2,MYPN,LDB3,CRYAB,PKP2,MYO18B"
"GO:BP","memory","GO:0007613","1","0","127","20","1","21017","KAT2B"
"GO:BP","learning or memory","GO:0007611","1","0","280","20","2","21017","KAT2B,UBA6"
"GO:BP","behavior","GO:0007610","1","0","665","20","2","21017","KAT2B,UBA6"
"GO:BP","response to nutrient","GO:0007584","1","0","170","20","1","21017","KAT2B"
"GO:BP","embryo implantation","GO:0007566","1","0","57","20","1","21017","HSPG2"
"GO:BP","female pregnancy","GO:0007565","1","0","181","20","3","21017","HSPG2,SP3,ADM"
"GO:BP","neuromuscular junction development","GO:0007528","1","0","57","20","1","21017","CACNA2D2"
"GO:BP","muscle organ development","GO:0007517","1","0","358","20","2","21017","CRYAB,PKP2"
"GO:BP","sensory organ development","GO:0007423","1","0","612","20","2","21017","SP3,CRYAB"
"GO:BP","brain development","GO:0007420","1","0","739","20","2","21017","HSPG2,UBA6"
"GO:BP","central nervous system development","GO:0007417","1","0","1038","20","2","21017","HSPG2,UBA6"
"GO:BP","axon guidance","GO:0007411","1","0","247","20","2","21017","PTK2,MYPN"
"GO:BP","axonogenesis","GO:0007409","1","0","464","20","2","21017","PTK2,MYPN"
"GO:BP","nervous system development","GO:0007399","1","0","2541","20","6","21017","HSPG2,KAT2B,UBA6,PTK2,MYPN,ADM"
"GO:BP","chemical synaptic transmission","GO:0007268","1","0","753","20","1","21017","CACNA2D2"
"GO:BP","learning","GO:0007612","1","0","156","20","1","21017","UBA6"
"GO:BP","response to oxidative stress","GO:0006979","1","0","398","20","2","21017","KAT2B,CRYAB"
"GO:BP","DNA damage response","GO:0006974","1","0","901","20","1","21017","KAT2B"
"GO:BP","immune response","GO:0006955","1","0","2008","20","1","21017","PTK2"
"GO:BP","proteolysis","GO:0006508","1","0","1457","20","2","21017","UBA6,PTK2"
"GO:BP","protein deacetylation","GO:0006476","1","0","43","20","1","21017","KAT2B"
"GO:BP","internal protein amino acid acetylation","GO:0006475","1","0","10","20","1","21017","KAT2B"
"GO:BP","N-terminal protein amino acid acetylation","GO:0006474","1","0","15","20","1","21017","KAT2B"
"GO:BP","protein acetylation","GO:0006473","1","0","57","20","1","21017","KAT2B"
"GO:BP","protein dephosphorylation","GO:0006470","1","0","148","20","1","21017","PTP4A3"
"GO:BP","protein phosphorylation","GO:0006468","1","0","1341","20","1","21017","PTK2"
"GO:BP","protein folding","GO:0006457","1","0","219","20","1","21017","CRYAB"
"GO:BP","RNA processing","GO:0006396","1","0","3344","20","1","21017","KAT2B"
"GO:BP","transcription initiation at RNA polymerase II promoter","GO:0006367","1","0","160","20","1","21017","KAT2B"
"GO:BP","transcription by RNA polymerase II","GO:0006366","1","0","2698","20","5","21017","PRDM16,SP3,KAT2B,MECOM,NFATC3"
"GO:BP","rRNA processing","GO:0006364","1","0","225","20","1","21017","KAT2B"
"GO:BP","regulation of transcription by RNA polymerase II","GO:0006357","1","0","2572","20","5","21017","PRDM16,SP3,KAT2B,MECOM,NFATC3"
"GO:BP","regulation of DNA-templated transcription","GO:0006355","1","0","3435","20","7","21017","PRDM16,SP3,KAT2B,MECOM,PTP4A3,CRYAB,NFATC3"
"GO:BP","ubiquitin-dependent protein catabolic process","GO:0006511","1","0","603","20","2","21017","UBA6,PTK2"
"GO:BP","DNA-templated transcription initiation","GO:0006352","1","0","199","20","1","21017","KAT2B"
"GO:BP","chromatin remodeling","GO:0006338","1","0","682","20","2","21017","PRDM16,KAT2B"
"GO:BP","chromatin organization","GO:0006325","1","0","843","20","3","21017","PRDM16,KAT2B,MECOM"
"GO:BP","regulation of DNA repair","GO:0006282","1","0","215","20","1","21017","KAT2B"
"GO:BP","DNA repair","GO:0006281","1","0","610","20","1","21017","KAT2B"
"GO:BP","DNA metabolic process","GO:0006259","1","0","993","20","1","21017","KAT2B"
"GO:BP","purine nucleotide catabolic process","GO:0006195","1","0","135","20","1","21017","KAT2B"
"GO:BP","purine nucleotide metabolic process","GO:0006163","1","0","435","20","1","21017","KAT2B"
"GO:BP","regulation of nucleotide metabolic process","GO:0006140","1","0","84","20","1","21017","KAT2B"
"GO:BP","nucleobase-containing compound metabolic process","GO:0006139","1","0","8016","20","7","21017","PRDM16,SP3,KAT2B,MECOM,PTP4A3,CRYAB,NFATC3"
"GO:BP","regulation of gluconeogenesis","GO:0006111","1","0","49","20","1","21017","KAT2B"
"GO:BP","regulation of glycolytic process","GO:0006110","1","0","52","20","1","21017","KAT2B"
"GO:BP","regulation of carbohydrate metabolic process","GO:0006109","1","0","179","20","1","21017","KAT2B"
"GO:BP","glycolytic process","GO:0006096","1","0","92","20","1","21017","KAT2B"
"GO:BP","gluconeogenesis","GO:0006094","1","0","87","20","1","21017","KAT2B"
"GO:BP","DNA-templated transcription","GO:0006351","1","0","3559","20","7","21017","PRDM16,SP3,KAT2B,MECOM,PTP4A3,CRYAB,NFATC3"
"GO:BP","pyruvate metabolic process","GO:0006090","1","0","120","20","1","21017","KAT2B"
"GO:BP","protein targeting","GO:0006605","1","0","538","20","1","21017","SEC62"
"GO:BP","cotranslational protein targeting to membrane","GO:0006613","1","0","242","20","1","21017","SEC62"
"GO:BP","inflammatory response","GO:0006954","1","0","847","20","3","21017","HSPG2,ADM,NFATC3"
"GO:BP","defense response","GO:0006952","1","0","1809","20","3","21017","HSPG2,ADM,NFATC3"
"GO:BP","response to stress","GO:0006950","1","0","3876","20","6","21017","HSPG2,KAT2B,PTK2,ADM,CRYAB,NFATC3"
"GO:BP","regulation of striated muscle contraction","GO:0006942","1","0","95","20","1","21017","PKP2"
"GO:BP","striated muscle contraction","GO:0006941","1","0","181","20","2","21017","NOS1AP,PKP2"
"GO:BP","regulation of muscle contraction","GO:0006937","1","0","161","20","1","21017","PKP2"
"GO:BP","muscle contraction","GO:0006936","1","0","343","20","3","21017","NOS1AP,CRYAB,PKP2"
"GO:BP","chemotaxis","GO:0006935","1","0","463","20","1","21017","PTK2"
"GO:BP","apoptotic process","GO:0006915","1","0","1919","20","5","21017","MECOM,PTK2,ADM,CRYAB,NFATC3"
"GO:BP","phagocytosis","GO:0006909","1","0","234","20","1","21017","PTK2"
"GO:BP","receptor-mediated endocytosis","GO:0006898","1","0","257","20","2","21017","HSPG2,ADM"
"GO:BP","endocytosis","GO:0006897","1","0","704","20","3","21017","HSPG2,PTK2,ADM"
"GO:BP","intracellular protein transport","GO:0006886","1","0","685","20","1","21017","SEC62"
"GO:BP","calcium ion transport","GO:0006816","1","0","433","20","2","21017","NOS1AP,CACNA2D2"
"GO:BP","protein targeting to membrane","GO:0006612","1","0","339","20","1","21017","SEC62"
"GO:BP","sodium ion transport","GO:0006814","1","0","235","20","1","21017","PKP2"
"GO:BP","monoatomic cation transport","GO:0006812","1","0","1032","20","3","21017","NOS1AP,CACNA2D2,PKP2"
"GO:BP","monoatomic ion transport","GO:0006811","1","0","1256","20","3","21017","NOS1AP,CACNA2D2,PKP2"
"GO:BP","transport","GO:0006810","1","0","4341","20","9","21017","HSPG2,NOS1AP,CACNA2D2,SEC62,GNRHR,PTK2,ADM,CRYAB,PKP2"
"GO:BP","nitric oxide biosynthetic process","GO:0006809","1","0","72","20","2","21017","NOS1AP,NFATC3"
"GO:BP","phosphate-containing compound metabolic process","GO:0006796","1","0","2550","20","3","21017","KAT2B,PTP4A3,PTK2"
"GO:BP","phosphorus metabolic process","GO:0006793","1","0","2553","20","3","21017","KAT2B,PTP4A3,PTK2"
"GO:BP","nucleoside phosphate metabolic process","GO:0006753","1","0","642","20","1","21017","KAT2B"
"GO:BP","progesterone biosynthetic process","GO:0006701","1","0","7","20","1","21017","ADM"
"GO:BP","C21-steroid hormone biosynthetic process","GO:0006700","1","0","21","20","1","21017","ADM"
"GO:BP","steroid biosynthetic process","GO:0006694","1","0","181","20","1","21017","ADM"
"GO:BP","fatty acid biosynthetic process","GO:0006633","1","0","159","20","1","21017","KAT2B"
"GO:BP","fatty acid metabolic process","GO:0006631","1","0","398","20","1","21017","KAT2B"
"GO:BP","lipid metabolic process","GO:0006629","1","0","1379","20","3","21017","HSPG2,KAT2B,ADM"
"GO:BP","post-translational protein targeting to endoplasmic reticulum membrane","GO:0006620","1","0","16","20","1","21017","SEC62"
"GO:BP","potassium ion transport","GO:0006813","1","0","238","20","1","21017","NOS1AP"
"GO:BP","positive regulation of cell population proliferation","GO:0008284","1","0","958","20","3","21017","HSPG2,PTK2,ADM"
"GO:BP","negative regulation of cell population proliferation","GO:0008285","1","0","705","20","3","21017","HSPG2,KAT2B,ADM"
"GO:BP","RNA splicing","GO:0008380","1","0","1846","20","1","21017","KAT2B"
"GO:BP","regulation of monoatomic ion transport","GO:0043269","1","0","449","20","2","21017","NOS1AP,PKP2"
"GO:BP","positive regulation of potassium ion transport","GO:0043268","1","0","43","20","1","21017","NOS1AP"
"GO:BP","regulation of potassium ion transport","GO:0043266","1","0","94","20","1","21017","NOS1AP"
"GO:BP","regulation of carbohydrate biosynthetic process","GO:0043255","1","0","96","20","1","21017","KAT2B"
"GO:BP","regulation of protein-containing complex assembly","GO:0043254","1","0","420","20","1","21017","CRYAB"
"GO:BP","response to external biotic stimulus","GO:0043207","1","0","1558","20","1","21017","ADM"
"GO:BP","macromolecule metabolic process","GO:0043170","1","0","12088","20","10","21017","PRDM16,NOS1AP,SP3,KAT2B,MECOM,UBA6,PTP4A3,PTK2,CRYAB,NFATC3"
"GO:BP","positive regulation of vascular permeability","GO:0043117","1","0","18","20","1","21017","PTP4A3"
"GO:BP","negative regulation of vascular permeability","GO:0043116","1","0","19","20","1","21017","ADM"
"GO:BP","regulation of vascular permeability","GO:0043114","1","0","50","20","2","21017","PTP4A3,ADM"
"GO:BP","regulation of GTPase activity","GO:0043087","1","0","210","20","1","21017","PTK2"
"GO:BP","positive regulation of catalytic activity","GO:0043085","1","0","618","20","2","21017","NOS1AP,PTK2"
"GO:BP","negative regulation of programmed cell death","GO:0043069","1","0","898","20","3","21017","MECOM,PTK2,CRYAB"
"GO:BP","positive regulation of programmed cell death","GO:0043068","1","0","533","20","2","21017","ADM,NFATC3"
"GO:BP","regulation of programmed cell death","GO:0043067","1","0","1497","20","5","21017","MECOM,PTK2,ADM,CRYAB,NFATC3"
"GO:BP","negative regulation of apoptotic process","GO:0043066","1","0","872","20","2","21017","PTK2,CRYAB"
"GO:BP","positive regulation of apoptotic process","GO:0043065","1","0","517","20","2","21017","ADM,NFATC3"
"GO:BP","camera-type eye development","GO:0043010","1","0","352","20","2","21017","SP3,CRYAB"
"GO:BP","chordate embryonic development","GO:0043009","1","0","669","20","3","21017","SP3,ADM,MYO18B"
"GO:BP","regulation of apoptotic process","GO:0042981","1","0","1458","20","4","21017","PTK2,ADM,CRYAB,NFATC3"
"GO:BP","response to starvation","GO:0042594","1","0","218","20","1","21017","ADM"
"GO:BP","homeostatic process","GO:0042592","1","0","1711","20","2","21017","PRDM16,SP3"
"GO:BP","response to hydrogen peroxide","GO:0042542","1","0","97","20","1","21017","CRYAB"
"GO:BP","odontogenesis","GO:0042476","1","0","135","20","1","21017","ADM"
"GO:BP","odontogenesis of dentin-containing tooth","GO:0042475","1","0","95","20","1","21017","ADM"
"GO:BP","progesterone metabolic process","GO:0042448","1","0","17","20","1","21017","ADM"
"GO:BP","hormone biosynthetic process","GO:0042446","1","0","68","20","1","21017","ADM"
"GO:BP","hormone metabolic process","GO:0042445","1","0","243","20","1","21017","ADM"
"GO:BP","regulation of membrane potential","GO:0042391","1","0","433","20","2","21017","NOS1AP,PKP2"
"GO:BP","positive regulation of monoatomic ion transport","GO:0043270","1","0","209","20","2","21017","NOS1AP,PKP2"
"GO:BP","anoikis","GO:0043276","1","0","35","20","1","21017","PTK2"
"GO:BP","enucleate erythrocyte differentiation","GO:0043353","1","0","14","20","1","21017","SP3"
"GO:BP","positive T cell selection","GO:0043368","1","0","44","20","1","21017","NFATC3"
"GO:BP","T cell selection","GO:0045058","1","0","57","20","1","21017","NFATC3"
"GO:BP","protein targeting to ER","GO:0045047","1","0","257","20","1","21017","SEC62"
"GO:BP","multi-multicellular organism process","GO:0044706","1","0","212","20","3","21017","HSPG2,SP3,ADM"
"GO:BP","multi-organism reproductive process","GO:0044703","1","0","203","20","3","21017","HSPG2,SP3,ADM"
"GO:BP","biological process involved in interspecies interaction between organisms","GO:0044419","1","0","1724","20","1","21017","ADM"
"GO:BP","small molecule biosynthetic process","GO:0044283","1","0","595","20","2","21017","KAT2B,ADM"
"GO:BP","small molecule metabolic process","GO:0044281","1","0","1795","20","2","21017","KAT2B,ADM"
"GO:BP","primary metabolic process","GO:0044238","1","0","12419","20","12","21017","PRDM16,HSPG2,NOS1AP,SP3,KAT2B,MECOM,UBA6,PTP4A3,PTK2,ADM,CRYAB,NFATC3"
"GO:BP","positive regulation of molecular function","GO:0044093","1","0","959","20","2","21017","NOS1AP,PTK2"
"GO:BP","regulation of cellular component biogenesis","GO:0044087","1","0","965","20","3","21017","KAT2B,PTK2,CRYAB"
"GO:BP","cellular component biogenesis","GO:0044085","1","0","4910","20","6","21017","KAT2B,PTK2,MYPN,LDB3,CRYAB,PKP2"
"GO:BP","regulation of system process","GO:0044057","1","0","542","20","4","21017","NOS1AP,ADM,PKP2,NFATC3"
"GO:BP","protein-containing complex organization","GO:0043933","1","0","3419","20","2","21017","PTK2,CRYAB"
"GO:BP","post-translational protein modification","GO:0043687","1","0","1013","20","1","21017","UBA6"
"GO:BP","taxis","GO:0042330","1","0","465","20","1","21017","PTK2"
"GO:BP","modification-dependent macromolecule catabolic process","GO:0043632","1","0","617","20","2","21017","UBA6,PTK2"
"GO:BP","protein acylation","GO:0043543","1","0","90","20","1","21017","KAT2B"
"GO:BP","endothelial cell migration","GO:0043542","1","0","220","20","2","21017","PTP4A3,PTK2"
"GO:BP","regulation of muscle adaptation","GO:0043502","1","0","80","20","1","21017","NFATC3"
"GO:BP","muscle adaptation","GO:0043500","1","0","106","20","1","21017","NFATC3"
"GO:BP","phosphatidylinositol 3-kinase/protein kinase B signal transduction","GO:0043491","1","0","300","20","1","21017","PTK2"
"GO:BP","regulation of RNA splicing","GO:0043484","1","0","188","20","1","21017","KAT2B"
"GO:BP","regulation of carbohydrate catabolic process","GO:0043470","1","0","61","20","1","21017","KAT2B"
"GO:BP","regulation of generation of precursor metabolites and energy","GO:0043467","1","0","137","20","2","21017","PRDM16,KAT2B"
"GO:BP","regulation of cellular respiration","GO:0043457","1","0","49","20","1","21017","PRDM16"
"GO:BP","oxoacid metabolic process","GO:0043436","1","0","927","20","1","21017","KAT2B"
"GO:BP","response to peptide hormone","GO:0043434","1","0","434","20","4","21017","KAT2B,GNRHR,PTK2,ADM"
"GO:BP","macromolecule modification","GO:0043412","1","0","3129","20","5","21017","NOS1AP,KAT2B,UBA6,PTP4A3,PTK2"
"GO:BP","negative regulation of MAPK cascade","GO:0043409","1","0","158","20","1","21017","MECOM"
"GO:BP","regulation of MAPK cascade","GO:0043408","1","0","645","20","1","21017","MECOM"
"GO:BP","regulation of kinase activity","GO:0043549","1","0","469","20","1","21017","PTK2"
"GO:BP","positive regulation of phosphorylation","GO:0042327","1","0","620","20","1","21017","PTK2"
"GO:BP","regulation of phosphorylation","GO:0042325","1","0","954","20","1","21017","PTK2"
"GO:BP","vasodilation","GO:0042311","1","0","48","20","1","21017","KAT2B"
"GO:BP","organ growth","GO:0035265","1","0","165","20","1","21017","CACNA2D2"
"GO:BP","multicellular organism growth","GO:0035264","1","0","156","20","1","21017","CACNA2D2"
"GO:BP","tube morphogenesis","GO:0035239","1","0","872","20","5","21017","HSPG2,PTK2,ADM,NFATC3,MYO18B"
"GO:BP","regulation of tube size","GO:0035150","1","0","150","20","2","21017","KAT2B,ADM"
"GO:BP","tube formation","GO:0035148","1","0","146","20","1","21017","ADM"
"GO:BP","cardiocyte differentiation","GO:0035051","1","0","150","20","1","21017","MYO18B"
"GO:BP","positive regulation of monoatomic ion transmembrane transport","GO:0034767","1","0","151","20","1","21017","NOS1AP"
"GO:BP","regulation of monoatomic ion transmembrane transport","GO:0034765","1","0","321","20","1","21017","NOS1AP"
"GO:BP","positive regulation of transmembrane transport","GO:0034764","1","0","210","20","1","21017","NOS1AP"
"GO:BP","regulation of transmembrane transport","GO:0034762","1","0","442","20","1","21017","NOS1AP"
"GO:BP","nucleobase-containing compound catabolic process","GO:0034655","1","0","529","20","1","21017","KAT2B"
"GO:BP","nucleobase-containing compound biosynthetic process","GO:0034654","1","0","7112","20","7","21017","PRDM16,SP3,KAT2B,MECOM,PTP4A3,CRYAB,NFATC3"
"GO:BP","cellular response to oxidative stress","GO:0034599","1","0","250","20","1","21017","KAT2B"
"GO:BP","substrate adhesion-dependent cell spreading","GO:0034446","1","0","101","20","2","21017","PTK2,PKP2"
"GO:BP","regulation of tube diameter","GO:0035296","1","0","149","20","2","21017","KAT2B,ADM"
"GO:BP","cell junction organization","GO:0034330","1","0","760","20","4","21017","NOS1AP,CACNA2D2,PTK2,PKP2"
"GO:BP","monoatomic ion transmembrane transport","GO:0034220","1","0","1017","20","2","21017","NOS1AP,CACNA2D2"
"GO:BP","heterotypic cell-cell adhesion","GO:0034113","1","0","61","20","1","21017","PKP2"
"GO:BP","homotypic cell-cell adhesion","GO:0034109","1","0","98","20","1","21017","PKP2"
"GO:BP","erythrocyte homeostasis","GO:0034101","1","0","143","20","1","21017","SP3"
"GO:BP","response to cytokine","GO:0034097","1","0","937","20","1","21017","PTP4A3"
"GO:BP","response to lipid","GO:0033993","1","0","921","20","2","21017","ADM,CRYAB"
"GO:BP","positive regulation of kinase activity","GO:0033674","1","0","279","20","1","21017","PTK2"
"GO:BP","regulation of cell adhesion mediated by integrin","GO:0033628","1","0","49","20","1","21017","PTK2"
"GO:BP","cell adhesion mediated by integrin","GO:0033627","1","0","82","20","1","21017","PTK2"
"GO:BP","cellular response to stress","GO:0033554","1","0","1786","20","3","21017","KAT2B,ADM,CRYAB"
"GO:BP","protein localization to organelle","GO:0033365","1","0","1189","20","1","21017","SEC62"
"GO:BP","calcineurin-NFAT signaling cascade","GO:0033173","1","0","45","20","1","21017","NFATC3"
"GO:BP","positive regulation of purine nucleotide catabolic process","GO:0033123","1","0","22","20","1","21017","KAT2B"
"GO:BP","regulation of purine nucleotide catabolic process","GO:0033121","1","0","52","20","1","21017","KAT2B"
"GO:BP","cell junction assembly","GO:0034329","1","0","449","20","2","21017","PTK2,PKP2"
"GO:BP","positive thymic T cell selection","GO:0045059","1","0","15","20","1","21017","NFATC3"
"GO:BP","intracellular signal transduction","GO:0035556","1","0","2946","20","7","21017","NOS1AP,MECOM,PTP4A3,PTK2,ADM,CRYAB,NFATC3"
"GO:BP","regulation of urine volume","GO:0035809","1","0","21","20","1","21017","ADM"
"GO:BP","vasoconstriction","GO:0042310","1","0","88","20","1","21017","ADM"
"GO:BP","regulation of fatty acid biosynthetic process","GO:0042304","1","0","45","20","1","21017","KAT2B"
"GO:BP","ribosome biogenesis","GO:0042254","1","0","316","20","1","21017","KAT2B"
"GO:BP","response to chemical","GO:0042221","1","0","3867","20","7","21017","HSPG2,KAT2B,GNRHR,PTP4A3,PTK2,ADM,CRYAB"
"GO:BP","ketone biosynthetic process","GO:0042181","1","0","50","20","1","21017","ADM"
"GO:BP","ketone metabolic process","GO:0042180","1","0","214","20","2","21017","KAT2B,ADM"
"GO:BP","regulation of cell population proliferation","GO:0042127","1","0","1682","20","4","21017","HSPG2,KAT2B,PTK2,ADM"
"GO:BP","B cell activation","GO:0042113","1","0","282","20","1","21017","SP3"
"GO:BP","T cell activation","GO:0042110","1","0","558","20","2","21017","SP3,NFATC3"
"GO:BP","wound healing","GO:0042060","1","0","430","20","1","21017","PTK2"
"GO:BP","protein refolding","GO:0042026","1","0","27","20","1","21017","CRYAB"
"GO:BP","epigenetic regulation of gene expression","GO:0040029","1","0","245","20","1","21017","KAT2B"
"GO:BP","positive regulation of locomotion","GO:0040017","1","0","585","20","1","21017","PTK2"
"GO:BP","regulation of multicellular organism growth","GO:0040014","1","0","67","20","1","21017","CACNA2D2"
"GO:BP","protein deacylation","GO:0035601","1","0","51","20","1","21017","KAT2B"
"GO:BP","regulation of locomotion","GO:0040012","1","0","1042","20","1","21017","PTK2"
"GO:BP","regulation of growth","GO:0040008","1","0","621","20","2","21017","CACNA2D2,CRYAB"
"GO:BP","growth","GO:0040007","1","0","941","20","3","21017","CACNA2D2,ADM,CRYAB"
"GO:BP","ERBB signaling pathway","GO:0038127","1","0","125","20","1","21017","PTK2"
"GO:BP","Fc-gamma receptor signaling pathway involved in phagocytosis","GO:0038096","1","0","23","20","1","21017","PTK2"
"GO:BP","Fc-gamma receptor signaling pathway","GO:0038094","1","0","32","20","1","21017","PTK2"
"GO:BP","Fc receptor signaling pathway","GO:0038093","1","0","56","20","1","21017","PTK2"
"GO:BP","vascular endothelial growth factor signaling pathway","GO:0038084","1","0","45","20","1","21017","PTP4A3"
"GO:BP","non-canonical NF-kappaB signal transduction","GO:0038061","1","0","124","20","1","21017","PTP4A3"
"GO:BP","netrin-activated signaling pathway","GO:0038007","1","0","10","20","1","21017","PTK2"
"GO:BP","response to decreased oxygen levels","GO:0036293","1","0","316","20","3","21017","HSPG2,ADM,CRYAB"
"GO:BP","protein modification process","GO:0036211","1","0","2947","20","5","21017","NOS1AP,KAT2B,UBA6,PTP4A3,PTK2"
"GO:BP","detection of muscle stretch","GO:0035995","1","0","7","20","1","21017","PTK2"
"GO:BP","response to muscle stretch","GO:0035994","1","0","25","20","1","21017","PTK2"
"GO:BP","cellular response to vascular endothelial growth factor stimulus","GO:0035924","1","0","64","20","1","21017","PTP4A3"
"GO:BP","locomotion","GO:0040011","1","0","1238","20","1","21017","PTK2"
"GO:BP","T cell differentiation in thymus","GO:0033077","1","0","88","20","1","21017","NFATC3"
"GO:BP","thymic T cell selection","GO:0045061","1","0","24","20","1","21017","NFATC3"
"GO:BP","intermediate filament cytoskeleton organization","GO:0045104","1","0","94","20","1","21017","PKP2"
"GO:BP","regulation of developmental growth","GO:0048638","1","0","322","20","1","21017","CACNA2D2"
"GO:BP","multicellular organismal reproductive process","GO:0048609","1","0","980","20","1","21017","SP3"
"GO:BP","embryonic morphogenesis","GO:0048598","1","0","617","20","2","21017","SP3,ADM"
"GO:BP","embryonic camera-type eye morphogenesis","GO:0048596","1","0","26","20","1","21017","SP3"
"GO:BP","camera-type eye morphogenesis","GO:0048593","1","0","134","20","1","21017","SP3"
"GO:BP","eye morphogenesis","GO:0048592","1","0","169","20","1","21017","SP3"
"GO:BP","developmental growth","GO:0048589","1","0","669","20","2","21017","CACNA2D2,ADM"
"GO:BP","negative regulation of response to stimulus","GO:0048585","1","0","1663","20","3","21017","PRDM16,MECOM,ADM"
"GO:BP","positive regulation of response to stimulus","GO:0048584","1","0","2293","20","3","21017","NOS1AP,PTP4A3,PTK2"
"GO:BP","regulation of response to stimulus","GO:0048583","1","0","3958","20","8","21017","PRDM16,NOS1AP,KAT2B,MECOM,PTP4A3,PTK2,ADM,NFATC3"
"GO:BP","embryonic organ development","GO:0048568","1","0","463","20","2","21017","SP3,ADM"
"GO:BP","embryonic organ morphogenesis","GO:0048562","1","0","305","20","1","21017","SP3"
"GO:BP","response to steroid hormone","GO:0048545","1","0","339","20","1","21017","ADM"
"GO:BP","negative regulation of cellular process","GO:0048523","1","0","5646","20","10","21017","PRDM16,HSPG2,SP3,KAT2B,MECOM,PTK2,ADM,CRYAB,PKP2,NFATC3"
"GO:BP","positive regulation of cellular process","GO:0048522","1","0","5886","20","10","21017","PRDM16,HSPG2,NOS1AP,SP3,KAT2B,MECOM,PTP4A3,PTK2,ADM,NFATC3"
"GO:BP","negative regulation of biological process","GO:0048519","1","0","5865","20","10","21017","PRDM16,HSPG2,SP3,KAT2B,MECOM,PTK2,ADM,CRYAB,PKP2,NFATC3"
"GO:BP","positive regulation of biological process","GO:0048518","1","0","6235","20","12","21017","PRDM16,HSPG2,NOS1AP,SP3,KAT2B,CACNA2D2,MECOM,PTP4A3,PTK2,ADM,PKP2,NFATC3"
"GO:BP","rhythmic process","GO:0048511","1","0","300","20","1","21017","KAT2B"
"GO:BP","maintenance of animal organ identity","GO:0048496","1","0","5","20","1","21017","PKP2"
"GO:BP","organelle fission","GO:0048285","1","0","498","20","1","21017","KAT2B"
"GO:BP","macrophage chemotaxis","GO:0048246","1","0","41","20","1","21017","PTK2"
"GO:BP","embryonic eye morphogenesis","GO:0048048","1","0","35","20","1","21017","SP3"
"GO:BP","focal adhesion assembly","GO:0048041","1","0","85","20","1","21017","PTK2"
"GO:BP","ephrin receptor signaling pathway","GO:0048013","1","0","51","20","1","21017","PTK2"
"GO:BP","vascular endothelial growth factor receptor signaling pathway","GO:0048010","1","0","57","20","1","21017","PTK2"
"GO:BP","intracellular transport","GO:0046907","1","0","1371","20","2","21017","SEC62,CRYAB"
"GO:BP","secretion","GO:0046903","1","0","968","20","1","21017","GNRHR"
"GO:BP","regulation of lipid biosynthetic process","GO:0046890","1","0","177","20","2","21017","KAT2B,ADM"
"GO:BP","positive regulation of lipid biosynthetic process","GO:0046889","1","0","88","20","2","21017","KAT2B,ADM"
"GO:BP","positive regulation of developmental growth","GO:0048639","1","0","165","20","1","21017","CACNA2D2"
"GO:BP","muscle organ morphogenesis","GO:0048644","1","0","77","20","1","21017","PKP2"
"GO:BP","neuron development","GO:0048666","1","0","1170","20","5","21017","KAT2B,UBA6,PTK2,MYPN,ADM"
"GO:BP","cell morphogenesis involved in neuron differentiation","GO:0048667","1","0","595","20","2","21017","PTK2,MYPN"
"GO:BP","nervous system process","GO:0050877","1","0","1489","20","2","21017","KAT2B,UBA6"
"GO:BP","brown fat cell differentiation","GO:0050873","1","0","55","20","1","21017","PRDM16"
"GO:BP","protein stabilization","GO:0050821","1","0","216","20","1","21017","CRYAB"
"GO:BP","regulation of steroid biosynthetic process","GO:0050810","1","0","74","20","1","21017","ADM"
"GO:BP","synapse organization","GO:0050808","1","0","485","20","2","21017","NOS1AP,CACNA2D2"
"GO:BP","modulation of chemical synaptic transmission","GO:0050804","1","0","490","20","1","21017","CACNA2D2"
"GO:BP","regulation of cellular process","GO:0050794","1","0","11876","20","14","21017","PRDM16,HSPG2,NOS1AP,SP3,KAT2B,CACNA2D2,MECOM,GNRHR,PTP4A3,PTK2,ADM,CRYAB,PKP2,NFATC3"
"GO:BP","regulation of developmental process","GO:0050793","1","0","2453","20","7","21017","HSPG2,KAT2B,CACNA2D2,PTK2,ADM,PKP2,NFATC3"
"GO:BP","regulation of catalytic activity","GO:0050790","1","0","1015","20","3","21017","NOS1AP,KAT2B,PTK2"
"GO:BP","regulation of biological process","GO:0050789","1","0","12278","20","14","21017","PRDM16,HSPG2,NOS1AP,SP3,KAT2B,CACNA2D2,MECOM,GNRHR,PTP4A3,PTK2,ADM,CRYAB,PKP2,NFATC3"
"GO:BP","positive regulation of immune response","GO:0050778","1","0","732","20","1","21017","PTK2"
"GO:BP","regulation of immune response","GO:0050776","1","0","897","20","1","21017","PTK2"
"GO:BP","positive regulation of epithelial cell proliferation","GO:0050679","1","0","205","20","1","21017","HSPG2"
"GO:BP","regulation of epithelial cell proliferation","GO:0050678","1","0","363","20","1","21017","HSPG2"
"GO:BP","positive regulation of hormone biosynthetic process","GO:0046886","1","0","9","20","1","21017","ADM"
"GO:BP","epithelial cell proliferation","GO:0050673","1","0","442","20","1","21017","HSPG2"
"GO:BP","sensory system development","GO:0048880","1","0","414","20","2","21017","SP3,CRYAB"
"GO:BP","homeostasis of number of cells","GO:0048872","1","0","323","20","1","21017","SP3"
"GO:BP","multicellular organismal-level homeostasis","GO:0048871","1","0","809","20","2","21017","PRDM16,SP3"
"GO:BP","cell motility","GO:0048870","1","0","1716","20","2","21017","PTP4A3,PTK2"
"GO:BP","cell projection morphogenesis","GO:0048858","1","0","675","20","2","21017","PTK2,MYPN"
"GO:BP","artery morphogenesis","GO:0048844","1","0","72","20","1","21017","NFATC3"
"GO:BP","neuron projection morphogenesis","GO:0048812","1","0","654","20","2","21017","PTK2,MYPN"
"GO:BP","mesenchymal cell differentiation","GO:0048762","1","0","248","20","1","21017","PTK2"
"GO:BP","cardiac muscle tissue development","GO:0048738","1","0","229","20","2","21017","PKP2,MYO18B"
"GO:BP","appendage development","GO:0048736","1","0","191","20","1","21017","KAT2B"
"GO:BP","gland development","GO:0048732","1","0","454","20","1","21017","SP3"
"GO:BP","tissue morphogenesis","GO:0048729","1","0","613","20","2","21017","ADM,PKP2"
"GO:BP","embryonic skeletal system development","GO:0048706","1","0","128","20","1","21017","SP3"
"GO:BP","generation of neurons","GO:0048699","1","0","1517","20","5","21017","KAT2B,UBA6,PTK2,MYPN,ADM"
"GO:BP","chromosome localization","GO:0050000","1","0","124","20","1","21017","KAT2B"
"GO:BP","regulation of hormone biosynthetic process","GO:0046885","1","0","24","20","1","21017","ADM"
"GO:BP","hormone secretion","GO:0046879","1","0","317","20","1","21017","GNRHR"
"GO:BP","protein autophosphorylation","GO:0046777","1","0","186","20","1","21017","PTK2"
"GO:BP","negative regulation of DNA-templated transcription","GO:0045892","1","0","1337","20","6","21017","PRDM16,SP3,KAT2B,MECOM,CRYAB,NFATC3"
"GO:BP","positive regulation of proteolysis","GO:0045862","1","0","234","20","1","21017","PTK2"
"GO:BP","positive regulation of protein kinase activity","GO:0045860","1","0","262","20","1","21017","PTK2"
"GO:BP","regulation of protein kinase activity","GO:0045859","1","0","438","20","1","21017","PTK2"
"GO:BP","positive regulation of lipid metabolic process","GO:0045834","1","0","124","20","2","21017","KAT2B,ADM"
"GO:BP","positive regulation of heart contraction","GO:0045823","1","0","37","20","1","21017","ADM"
"GO:BP","positive regulation of glycolytic process","GO:0045821","1","0","22","20","1","21017","KAT2B"
"GO:BP","transcription initiation-coupled chromatin remodeling","GO:0045815","1","0","44","20","1","21017","KAT2B"
"GO:BP","positive regulation of cell cycle","GO:0045787","1","0","343","20","1","21017","KAT2B"
"GO:BP","negative regulation of cell cycle","GO:0045786","1","0","388","20","1","21017","KAT2B"
"GO:BP","positive regulation of angiogenesis","GO:0045766","1","0","165","20","1","21017","ADM"
"GO:BP","regulation of angiogenesis","GO:0045765","1","0","289","20","2","21017","HSPG2,ADM"
"GO:BP","negative regulation of G protein-coupled receptor signaling pathway","GO:0045744","1","0","60","20","1","21017","ADM"
"GO:BP","positive regulation of fatty acid biosynthetic process","GO:0045723","1","0","22","20","1","21017","KAT2B"
"GO:BP","positive regulation of DNA-templated transcription","GO:0045893","1","0","1710","20","5","21017","PRDM16,SP3,KAT2B,MECOM,NFATC3"
"GO:BP","positive regulation of gluconeogenesis","GO:0045722","1","0","18","20","1","21017","KAT2B"
"GO:BP","positive regulation of cell differentiation","GO:0045597","1","0","866","20","2","21017","PTK2,ADM"
"GO:BP","negative regulation of cell differentiation","GO:0045596","1","0","680","20","2","21017","PKP2,NFATC3"
"GO:BP","regulation of cell differentiation","GO:0045595","1","0","1577","20","4","21017","PTK2,ADM,PKP2,NFATC3"
"GO:BP","fat cell differentiation","GO:0045444","1","0","238","20","1","21017","PRDM16"
"GO:BP","positive regulation of nitric oxide biosynthetic process","GO:0045429","1","0","39","20","2","21017","NOS1AP,NFATC3"
"GO:BP","regulation of nitric oxide biosynthetic process","GO:0045428","1","0","58","20","2","21017","NOS1AP,NFATC3"
"GO:BP","cellular respiration","GO:0045333","1","0","244","20","1","21017","PRDM16"
"GO:BP","leukocyte activation","GO:0045321","1","0","951","20","2","21017","SP3,NFATC3"
"GO:BP","cell-cell junction organization","GO:0045216","1","0","216","20","1","21017","PKP2"
"GO:BP","sarcomere organization","GO:0045214","1","0","44","20","2","21017","MYPN,LDB3"
"GO:BP","maintenance of protein location","GO:0045185","1","0","90","20","1","21017","PKP2"
"GO:BP","establishment of protein localization","GO:0045184","1","0","1925","20","2","21017","SEC62,PTP4A3"
"GO:BP","intermediate filament bundle assembly","GO:0045110","1","0","8","20","1","21017","PKP2"
"GO:BP","intermediate filament organization","GO:0045109","1","0","73","20","1","21017","PKP2"
"GO:BP","regulation of osteoblast differentiation","GO:0045667","1","0","130","20","1","21017","PTK2"
"GO:BP","intermediate filament-based process","GO:0045103","1","0","95","20","1","21017","PKP2"
"GO:BP","negative regulation of vasoconstriction","GO:0045906","1","0","12","20","1","21017","ADM"
"GO:BP","positive regulation of fatty acid metabolic process","GO:0045923","1","0","38","20","1","21017","KAT2B"
"GO:BP","lymphocyte activation","GO:0046649","1","0","787","20","2","21017","SP3,NFATC3"
"GO:BP","positive regulation of organ growth","GO:0046622","1","0","45","20","1","21017","CACNA2D2"
"GO:BP","regulation of organ growth","GO:0046620","1","0","89","20","1","21017","CACNA2D2"
"GO:BP","negative regulation of centrosome cycle","GO:0046606","1","0","12","20","1","21017","KAT2B"
"GO:BP","regulation of centrosome cycle","GO:0046605","1","0","54","20","1","21017","KAT2B"
"GO:BP","negative regulation of centriole replication","GO:0046600","1","0","7","20","1","21017","KAT2B"
"GO:BP","regulation of centriole replication","GO:0046599","1","0","23","20","1","21017","KAT2B"
"GO:BP","nicotinamide nucleotide metabolic process","GO:0046496","1","0","167","20","1","21017","KAT2B"
"GO:BP","organophosphate catabolic process","GO:0046434","1","0","240","20","1","21017","KAT2B"
"GO:BP","carboxylic acid biosynthetic process","GO:0046394","1","0","326","20","1","21017","KAT2B"
"GO:BP","monosaccharide biosynthetic process","GO:0046364","1","0","94","20","1","21017","KAT2B"
"GO:BP","negative regulation of JNK cascade","GO:0046329","1","0","36","20","1","21017","MECOM"
"GO:BP","regulation of JNK cascade","GO:0046328","1","0","139","20","1","21017","MECOM"
"GO:BP","nitric oxide metabolic process","GO:0046209","1","0","81","20","2","21017","NOS1AP,NFATC3"
"GO:BP","positive regulation of carbohydrate metabolic process","GO:0045913","1","0","76","20","1","21017","KAT2B"
"GO:BP","ATP metabolic process","GO:0046034","1","0","224","20","1","21017","KAT2B"
"GO:BP","ADP metabolic process","GO:0046031","1","0","101","20","1","21017","KAT2B"
"GO:BP","positive regulation of transcription by glucose","GO:0046016","1","0","7","20","1","21017","KAT2B"
"GO:BP","regulation of transcription by glucose","GO:0046015","1","0","10","20","1","21017","KAT2B"
"GO:BP","regulation of embryonic development","GO:0045995","1","0","92","20","1","21017","KAT2B"
"GO:BP","carbon catabolite activation of transcription","GO:0045991","1","0","8","20","1","21017","KAT2B"
"GO:BP","carbon catabolite regulation of transcription","GO:0045990","1","0","8","20","1","21017","KAT2B"
"GO:BP","positive regulation of nucleotide metabolic process","GO:0045981","1","0","38","20","1","21017","KAT2B"
"GO:BP","positive regulation of transcription by RNA polymerase II","GO:0045944","1","0","1261","20","5","21017","PRDM16,SP3,KAT2B,MECOM,NFATC3"
"GO:BP","positive regulation of steroid metabolic process","GO:0045940","1","0","27","20","1","21017","ADM"
"GO:BP","positive regulation of phosphate metabolic process","GO:0045937","1","0","667","20","2","21017","KAT2B,PTK2"
"GO:BP","positive regulation of nucleobase-containing compound metabolic process","GO:0045935","1","0","2038","20","5","21017","PRDM16,SP3,KAT2B,MECOM,NFATC3"
"GO:BP","negative regulation of nucleobase-containing compound metabolic process","GO:0045934","1","0","1579","20","6","21017","PRDM16,SP3,KAT2B,MECOM,CRYAB,NFATC3"
"GO:BP","positive regulation of growth","GO:0045927","1","0","258","20","1","21017","CACNA2D2"
"GO:BP","negative regulation of growth","GO:0045926","1","0","245","20","1","21017","CRYAB"
"GO:BP","ADP catabolic process","GO:0046032","1","0","94","20","1","21017","KAT2B"
"GO:BP","regulation of mitotic sister chromatid segregation","GO:0033047","1","0","54","20","1","21017","KAT2B"
"GO:BP","regulation of sister chromatid segregation","GO:0033045","1","0","104","20","1","21017","KAT2B"
"GO:BP","regulation of chromosome organization","GO:0033044","1","0","237","20","1","21017","KAT2B"
"GO:BP","regulation of protein ADP-ribosylation","GO:0010835","1","0","8","20","1","21017","KAT2B"
"GO:BP","negative regulation of centrosome duplication","GO:0010826","1","0","12","20","1","21017","KAT2B"
"GO:BP","regulation of centrosome duplication","GO:0010824","1","0","47","20","1","21017","KAT2B"
"GO:BP","regulation of hormone levels","GO:0010817","1","0","548","20","2","21017","GNRHR,ADM"
"GO:BP","regulation of cell-substrate adhesion","GO:0010810","1","0","215","20","2","21017","PTK2,PKP2"
"GO:BP","positive regulation of sodium ion transport","GO:0010765","1","0","30","20","1","21017","PKP2"
"GO:BP","positive regulation of fibroblast migration","GO:0010763","1","0","14","20","1","21017","PTK2"
"GO:BP","regulation of fibroblast migration","GO:0010762","1","0","38","20","1","21017","PTK2"
"GO:BP","fibroblast migration","GO:0010761","1","0","53","20","1","21017","PTK2"
"GO:BP","positive regulation of macrophage chemotaxis","GO:0010759","1","0","18","20","1","21017","PTK2"
"GO:BP","regulation of macrophage chemotaxis","GO:0010758","1","0","28","20","1","21017","PTK2"
"GO:BP","positive regulation of nitric oxide mediated signal transduction","GO:0010750","1","0","4","20","1","21017","NOS1AP"
"GO:BP","regulation of nitric oxide mediated signal transduction","GO:0010749","1","0","10","20","1","21017","NOS1AP"
"GO:BP","positive regulation of epithelial to mesenchymal transition","GO:0010718","1","0","55","20","1","21017","PTK2"
"GO:BP","regulation of epithelial to mesenchymal transition","GO:0010717","1","0","100","20","1","21017","PTK2"
"GO:BP","negative regulation of cell communication","GO:0010648","1","0","1407","20","3","21017","PRDM16,MECOM,ADM"
"GO:BP","positive regulation of cell communication","GO:0010647","1","0","1783","20","3","21017","NOS1AP,PTP4A3,PTK2"
"GO:BP","regulation of cell communication","GO:0010646","1","0","3453","20","7","21017","PRDM16,NOS1AP,CACNA2D2,MECOM,PTP4A3,PTK2,ADM"
"GO:BP","cell communication by electrical coupling","GO:0010644","1","0","34","20","1","21017","PKP2"
"GO:BP","negative regulation of organelle organization","GO:0010639","1","0","357","20","1","21017","KAT2B"
"GO:BP","positive regulation of epithelial cell migration","GO:0010634","1","0","47","20","1","21017","PTK2"
"GO:BP","regulation of epithelial cell migration","GO:0010632","1","0","66","20","1","21017","PTK2"
"GO:BP","epithelial cell migration","GO:0010631","1","0","95","20","1","21017","PTK2"
"GO:BP","negative regulation of gene expression","GO:0010629","1","0","1640","20","2","21017","KAT2B,CRYAB"
"GO:BP","positive regulation of gene expression","GO:0010628","1","0","1189","20","2","21017","NOS1AP,KAT2B"
"GO:BP","positive regulation of cardiac muscle hypertrophy","GO:0010613","1","0","26","20","1","21017","NFATC3"
"GO:BP","regulation of cardiac muscle hypertrophy","GO:0010611","1","0","54","20","1","21017","NFATC3"
"GO:BP","negative regulation of macromolecule metabolic process","GO:0010605","1","0","3197","20","6","21017","PRDM16,SP3,KAT2B,MECOM,CRYAB,NFATC3"
"GO:BP","positive regulation of macromolecule metabolic process","GO:0010604","1","0","3349","20","7","21017","PRDM16,NOS1AP,SP3,KAT2B,MECOM,PTK2,NFATC3"
"GO:BP","positive regulation of steroid biosynthetic process","GO:0010893","1","0","22","20","1","21017","ADM"
"GO:BP","regulation of glucose metabolic process","GO:0010906","1","0","96","20","1","21017","KAT2B"
"GO:BP","positive regulation of glucose metabolic process","GO:0010907","1","0","41","20","1","21017","KAT2B"
"GO:BP","cellular component assembly involved in morphogenesis","GO:0010927","1","0","128","20","2","21017","MYPN,LDB3"
"GO:BP","protein nitrosylation","GO:0017014","1","0","14","20","1","21017","NOS1AP"
"GO:BP","protein ubiquitination","GO:0016567","1","0","762","20","1","21017","UBA6"
"GO:BP","negative regulation of angiogenesis","GO:0016525","1","0","104","20","1","21017","HSPG2"
"GO:BP","cell migration","GO:0016477","1","0","1499","20","2","21017","PTP4A3,PTK2"
"GO:BP","dendrite development","GO:0016358","1","0","238","20","1","21017","UBA6"
"GO:BP","morphogenesis of embryonic epithelium","GO:0016331","1","0","151","20","1","21017","ADM"
"GO:BP","dephosphorylation","GO:0016311","1","0","228","20","1","21017","PTP4A3"
"GO:BP","phosphorylation","GO:0016310","1","0","1575","20","1","21017","PTK2"
"GO:BP","vesicle-mediated transport","GO:0016192","1","0","1547","20","3","21017","HSPG2,PTK2,ADM"
"GO:BP","rRNA metabolic process","GO:0016072","1","0","263","20","1","21017","KAT2B"
"GO:BP","RNA metabolic process","GO:0016070","1","0","6907","20","7","21017","PRDM16,SP3,KAT2B,MECOM,PTP4A3,CRYAB,NFATC3"
"GO:BP","organic acid biosynthetic process","GO:0016053","1","0","329","20","1","21017","KAT2B"
"GO:BP","carbohydrate catabolic process","GO:0016052","1","0","163","20","1","21017","KAT2B"
"GO:BP","carbohydrate biosynthetic process","GO:0016051","1","0","203","20","1","21017","KAT2B"
"GO:BP","regulation of endothelial cell migration","GO:0010594","1","0","168","20","1","21017","PTK2"
"GO:BP","cell growth","GO:0016049","1","0","500","20","1","21017","CRYAB"
"GO:BP","energy derivation by oxidation of organic compounds","GO:0015980","1","0","338","20","1","21017","PRDM16"
"GO:BP","protein transport","GO:0015031","1","0","1428","20","1","21017","SEC62"
"GO:BP","striated muscle hypertrophy","GO:0014897","1","0","86","20","1","21017","NFATC3"
"GO:BP","muscle hypertrophy","GO:0014896","1","0","88","20","1","21017","NFATC3"
"GO:BP","regulation of muscle hypertrophy","GO:0014743","1","0","57","20","1","21017","NFATC3"
"GO:BP","positive regulation of muscle hypertrophy","GO:0014742","1","0","27","20","1","21017","NFATC3"
"GO:BP","striated muscle tissue development","GO:0014706","1","0","398","20","2","21017","PKP2,MYO18B"
"GO:BP","response to organic cyclic compound","GO:0014070","1","0","909","20","2","21017","ADM,CRYAB"
"GO:BP","primary neural tube formation","GO:0014020","1","0","93","20","1","21017","ADM"
"GO:BP","programmed cell death","GO:0012501","1","0","1980","20","5","21017","MECOM,PTK2,ADM,CRYAB,NFATC3"
"GO:BP","positive regulation of neuron projection development","GO:0010976","1","0","158","20","1","21017","KAT2B"
"GO:BP","regulation of neuron projection development","GO:0010975","1","0","458","20","1","21017","KAT2B"
"GO:BP","regulation of metal ion transport","GO:0010959","1","0","369","20","2","21017","NOS1AP,PKP2"
"GO:BP","negative regulation of cell cycle process","GO:0010948","1","0","301","20","1","21017","KAT2B"
"GO:BP","cellular component organization","GO:0016043","1","0","8108","20","13","21017","PRDM16,NOS1AP,KAT2B,CACNA2D2,MECOM,UBA6,PTK2,MYPN,LDB3,ADM,CRYAB,PKP2,MYO18B"
"GO:BP","miRNA metabolic process","GO:0010586","1","0","107","20","1","21017","NFATC3"
"GO:BP","regulation of ketone biosynthetic process","GO:0010566","1","0","22","20","1","21017","ADM"
"GO:BP","regulation of ketone metabolic process","GO:0010565","1","0","127","20","2","21017","KAT2B,ADM"
"GO:BP","detection of abiotic stimulus","GO:0009582","1","0","145","20","1","21017","PTK2"
"GO:BP","detection of external stimulus","GO:0009581","1","0","142","20","1","21017","PTK2"
"GO:BP","response to xenobiotic stimulus","GO:0009410","1","0","436","20","1","21017","HSPG2"
"GO:BP","response to heat","GO:0009408","1","0","100","20","1","21017","CRYAB"
"GO:BP","response to radiation","GO:0009314","1","0","430","20","1","21017","CRYAB"
"GO:BP","response to temperature stimulus","GO:0009266","1","0","170","20","1","21017","CRYAB"
"GO:BP","ribonucleotide catabolic process","GO:0009261","1","0","133","20","1","21017","KAT2B"
"GO:BP","ribonucleotide metabolic process","GO:0009259","1","0","367","20","1","21017","KAT2B"
"GO:BP","purine ribonucleoside triphosphate metabolic process","GO:0009205","1","0","248","20","1","21017","KAT2B"
"GO:BP","ribonucleoside triphosphate metabolic process","GO:0009199","1","0","255","20","1","21017","KAT2B"
"GO:BP","ribonucleoside diphosphate catabolic process","GO:0009191","1","0","100","20","1","21017","KAT2B"
"GO:BP","ribonucleoside diphosphate metabolic process","GO:0009185","1","0","123","20","1","21017","KAT2B"
"GO:BP","purine ribonucleoside diphosphate catabolic process","GO:0009181","1","0","97","20","1","21017","KAT2B"
"GO:BP","purine ribonucleoside diphosphate metabolic process","GO:0009179","1","0","113","20","1","21017","KAT2B"
"GO:BP","response to external stimulus","GO:0009605","1","0","2367","20","2","21017","PTK2,ADM"
"GO:BP","nucleotide catabolic process","GO:0009166","1","0","159","20","1","21017","KAT2B"
"GO:BP","purine ribonucleotide metabolic process","GO:0009150","1","0","346","20","1","21017","KAT2B"
"GO:BP","purine nucleoside triphosphate metabolic process","GO:0009144","1","0","255","20","1","21017","KAT2B"
"GO:BP","nucleoside triphosphate metabolic process","GO:0009141","1","0","271","20","1","21017","KAT2B"
"GO:BP","purine nucleoside diphosphate catabolic process","GO:0009137","1","0","97","20","1","21017","KAT2B"
"GO:BP","purine nucleoside diphosphate metabolic process","GO:0009135","1","0","113","20","1","21017","KAT2B"
"GO:BP","nucleoside diphosphate catabolic process","GO:0009134","1","0","104","20","1","21017","KAT2B"
"GO:BP","nucleoside diphosphate metabolic process","GO:0009132","1","0","130","20","1","21017","KAT2B"
"GO:BP","nucleotide metabolic process","GO:0009117","1","0","498","20","1","21017","KAT2B"
"GO:BP","macromolecule biosynthetic process","GO:0009059","1","0","9660","20","8","21017","PRDM16,NOS1AP,SP3,KAT2B,MECOM,PTP4A3,CRYAB,NFATC3"
"GO:BP","biosynthetic process","GO:0009058","1","0","10675","20","9","21017","PRDM16,NOS1AP,SP3,KAT2B,MECOM,PTP4A3,ADM,CRYAB,NFATC3"
"GO:BP","macromolecule catabolic process","GO:0009057","1","0","1348","20","2","21017","UBA6,PTK2"
"GO:BP","catabolic process","GO:0009056","1","0","2562","20","3","21017","KAT2B,UBA6,PTK2"
"GO:BP","lipid biosynthetic process","GO:0008610","1","0","733","20","2","21017","KAT2B,ADM"
"GO:BP","attachment of spindle microtubules to kinetochore","GO:0008608","1","0","53","20","1","21017","KAT2B"
"GO:BP","purine ribonucleotide catabolic process","GO:0009154","1","0","126","20","1","21017","KAT2B"
"GO:BP","regulation of transforming growth factor beta receptor signaling pathway","GO:0017015","1","0","142","20","1","21017","PRDM16"
"GO:BP","response to biotic stimulus","GO:0009607","1","0","1593","20","1","21017","ADM"
"GO:BP","response to mechanical stimulus","GO:0009612","1","0","218","20","1","21017","PTK2"
"GO:BP","regulation of cell cycle process","GO:0010564","1","0","724","20","1","21017","KAT2B"
"GO:BP","positive regulation of phosphorus metabolic process","GO:0010562","1","0","667","20","2","21017","KAT2B,PTK2"
"GO:BP","negative regulation of macromolecule biosynthetic process","GO:0010558","1","0","2772","20","6","21017","PRDM16,SP3,KAT2B,MECOM,CRYAB,NFATC3"
"GO:BP","positive regulation of macromolecule biosynthetic process","GO:0010557","1","0","2604","20","6","21017","PRDM16,NOS1AP,SP3,KAT2B,MECOM,NFATC3"
"GO:BP","regulation of macromolecule biosynthetic process","GO:0010556","1","0","5633","20","8","21017","PRDM16,NOS1AP,SP3,KAT2B,MECOM,PTP4A3,CRYAB,NFATC3"
"GO:BP","regulation of gene expression","GO:0010468","1","0","5515","20","8","21017","PRDM16,NOS1AP,SP3,KAT2B,MECOM,PTP4A3,CRYAB,NFATC3"
"GO:BP","gene expression","GO:0010467","1","0","9217","20","8","21017","PRDM16,NOS1AP,SP3,KAT2B,MECOM,PTP4A3,CRYAB,NFATC3"
"GO:BP","positive regulation of heart rate","GO:0010460","1","0","25","20","1","21017","ADM"
"GO:BP","response to gamma radiation","GO:0010332","1","0","51","20","1","21017","CRYAB"
"GO:BP","response to ionizing radiation","GO:0010212","1","0","139","20","1","21017","CRYAB"
"GO:BP","cellular process","GO:0009987","1","0","20203","20","19","21017","PRDM16,HSPG2,NOS1AP,SP3,KAT2B,CACNA2D2,SEC62,MECOM,GNRHR,UBA6,PTP4A3,PTK2,MYPN,LDB3,ADM,CRYAB,PKP2,NFATC3,MYO18B"
"GO:BP","negative regulation of signal transduction","GO:0009968","1","0","1300","20","3","21017","PRDM16,MECOM,ADM"
"GO:BP","positive regulation of signal transduction","GO:0009967","1","0","1566","20","3","21017","NOS1AP,PTP4A3,PTK2"
"GO:BP","regulation of signal transduction","GO:0009966","1","0","3020","20","6","21017","PRDM16,NOS1AP,MECOM,PTP4A3,PTK2,ADM"
"GO:BP","response to wounding","GO:0009611","1","0","564","20","1","21017","PTK2"
"GO:BP","hormone transport","GO:0009914","1","0","328","20","1","21017","GNRHR"
"GO:BP","regulation of catabolic process","GO:0009894","1","0","1030","20","2","21017","KAT2B,PTK2"
"GO:BP","positive regulation of metabolic process","GO:0009893","1","0","3648","20","8","21017","PRDM16,NOS1AP,SP3,KAT2B,MECOM,PTK2,ADM,NFATC3"
"GO:BP","negative regulation of metabolic process","GO:0009892","1","0","3418","20","6","21017","PRDM16,SP3,KAT2B,MECOM,CRYAB,NFATC3"
"GO:BP","positive regulation of biosynthetic process","GO:0009891","1","0","2707","20","7","21017","PRDM16,NOS1AP,SP3,KAT2B,MECOM,ADM,NFATC3"
"GO:BP","negative regulation of biosynthetic process","GO:0009890","1","0","2838","20","6","21017","PRDM16,SP3,KAT2B,MECOM,CRYAB,NFATC3"
"GO:BP","regulation of biosynthetic process","GO:0009889","1","0","5795","20","9","21017","PRDM16,NOS1AP,SP3,KAT2B,MECOM,PTP4A3,ADM,CRYAB,NFATC3"
"GO:BP","tissue development","GO:0009888","1","0","2012","20","4","21017","PTK2,ADM,PKP2,MYO18B"
"GO:BP","animal organ morphogenesis","GO:0009887","1","0","1037","20","4","21017","SP3,PTK2,ADM,PKP2"
"GO:BP","embryo development ending in birth or egg hatching","GO:0009792","1","0","690","20","3","21017","SP3,ADM,MYO18B"
"GO:BP","embryo development","GO:0009790","1","0","1130","20","4","21017","SP3,KAT2B,ADM,MYO18B"
"GO:BP","response to hormone","GO:0009725","1","0","902","20","4","21017","KAT2B,GNRHR,PTK2,ADM"
"GO:BP","response to endogenous stimulus","GO:0009719","1","0","1478","20","6","21017","PRDM16,KAT2B,GNRHR,PTP4A3,PTK2,ADM"
"GO:BP","response to abiotic stimulus","GO:0009628","1","0","1130","20","4","21017","HSPG2,PTK2,ADM,CRYAB"
"GO:BP","response to bacterium","GO:0009617","1","0","721","20","1","21017","ADM"
"GO:BP","positive regulation of catabolic process","GO:0009896","1","0","537","20","2","21017","KAT2B,PTK2"
"GO:BP","N-terminal peptidyl-lysine acetylation","GO:0018076","1","0","4","20","1","21017","KAT2B"
"GO:BP","peptidyl-tyrosine phosphorylation","GO:0018108","1","0","258","20","1","21017","PTK2"
"GO:BP","peptidyl-cysteine S-nitrosylation","GO:0018119","1","0","14","20","1","21017","NOS1AP"
"GO:BP","response to nutrient levels","GO:0031667","1","0","501","20","2","21017","KAT2B,ADM"
"GO:BP","regulation of protein stability","GO:0031647","1","0","325","20","1","21017","CRYAB"
"GO:BP","receptor internalization","GO:0031623","1","0","128","20","1","21017","ADM"
"GO:BP","cell-substrate adhesion","GO:0031589","1","0","352","20","2","21017","PTK2,PKP2"
"GO:BP","positive regulation of protein modification process","GO:0031401","1","0","751","20","2","21017","NOS1AP,PTK2"
"GO:BP","regulation of protein modification process","GO:0031399","1","0","1166","20","3","21017","NOS1AP,KAT2B,PTK2"
"GO:BP","N-terminal protein amino acid modification","GO:0031365","1","0","27","20","1","21017","KAT2B"
"GO:BP","positive regulation of cell projection organization","GO:0031346","1","0","357","20","1","21017","KAT2B"
"GO:BP","regulation of cell projection organization","GO:0031344","1","0","671","20","1","21017","KAT2B"
"GO:BP","negative regulation of protein-containing complex assembly","GO:0031333","1","0","148","20","1","21017","CRYAB"
"GO:BP","post-translational protein targeting to membrane, translocation","GO:0031204","1","0","8","20","1","21017","SEC62"
"GO:BP","neuron projection development","GO:0031175","1","0","1014","20","5","21017","KAT2B,UBA6,PTK2,MYPN,ADM"
"GO:BP","microtubule polymerization or depolymerization","GO:0031109","1","0","136","20","1","21017","CRYAB"
"GO:BP","neuron projection regeneration","GO:0031102","1","0","58","20","1","21017","ADM"
"GO:BP","cellular response to nutrient levels","GO:0031669","1","0","246","20","1","21017","KAT2B"
"GO:BP","animal organ regeneration","GO:0031100","1","0","68","20","2","21017","HSPG2,ADM"
"GO:BP","stress-activated protein kinase signaling cascade","GO:0031098","1","0","62","20","1","21017","CRYAB"
"GO:BP","embryonic camera-type eye development","GO:0031076","1","0","37","20","1","21017","SP3"
"GO:BP","actomyosin structure organization","GO:0031032","1","0","205","20","3","21017","MYPN,LDB3,MYO18B"
"GO:BP","microtubule organizing center organization","GO:0031023","1","0","155","20","1","21017","KAT2B"
"GO:BP","forebrain development","GO:0030900","1","0","417","20","1","21017","UBA6"
"GO:BP","granulocyte differentiation","GO:0030851","1","0","41","20","1","21017","SP3"
"GO:BP","positive regulation of nucleotide catabolic process","GO:0030813","1","0","22","20","1","21017","KAT2B"
"GO:BP","regulation of nucleotide catabolic process","GO:0030811","1","0","52","20","1","21017","KAT2B"
"GO:BP","leukocyte chemotaxis","GO:0030595","1","0","237","20","1","21017","PTK2"
"GO:BP","negative regulation of transforming growth factor beta receptor signaling pathway","GO:0030512","1","0","95","20","1","21017","PRDM16"
"GO:BP","positive regulation of cell migration","GO:0030335","1","0","542","20","1","21017","PTK2"
"GO:BP","regulation of cell migration","GO:0030334","1","0","938","20","1","21017","PTK2"
"GO:BP","lung development","GO:0030324","1","0","195","20","1","21017","SP3"
"GO:BP","respiratory tube development","GO:0030323","1","0","199","20","1","21017","SP3"
"GO:BP","regeneration","GO:0031099","1","0","201","20","2","21017","HSPG2,ADM"
"GO:BP","negative regulation of cell growth","GO:0030308","1","0","191","20","1","21017","CRYAB"
"GO:BP","cellular response to nutrient","GO:0031670","1","0","50","20","1","21017","KAT2B"
"GO:BP","regulation of response to external stimulus","GO:0032101","1","0","1071","20","1","21017","PTK2"
"GO:BP","regulation of organelle organization","GO:0033043","1","0","1139","20","2","21017","KAT2B,PTK2"
"GO:BP","macromolecule localization","GO:0033036","1","0","3211","20","3","21017","SEC62,PTP4A3,PKP2"
"GO:BP","cellular anatomical entity morphogenesis","GO:0032989","1","0","128","20","2","21017","MYPN,LDB3"
"GO:BP","regulation of actin filament-based process","GO:0032970","1","0","375","20","1","21017","PKP2"
"GO:BP","secretion by cell","GO:0032940","1","0","832","20","1","21017","GNRHR"
"GO:BP","regulation of microtubule-based process","GO:0032886","1","0","265","20","1","21017","KAT2B"
"GO:BP","regulation of protein localization","GO:0032880","1","0","891","20","1","21017","PTP4A3"
"GO:BP","regulation of localization","GO:0032879","1","0","2005","20","5","21017","NOS1AP,KAT2B,PTP4A3,CRYAB,PKP2"
"GO:BP","cellular response to hormone stimulus","GO:0032870","1","0","637","20","3","21017","KAT2B,GNRHR,PTK2"
"GO:BP","cellular response to insulin stimulus","GO:0032869","1","0","202","20","1","21017","KAT2B"
"GO:BP","response to insulin","GO:0032868","1","0","265","20","2","21017","KAT2B,ADM"
"GO:BP","monocarboxylic acid metabolic process","GO:0032787","1","0","633","20","1","21017","KAT2B"
"GO:BP","RNA biosynthetic process","GO:0032774","1","0","6704","20","7","21017","PRDM16,SP3,KAT2B,MECOM,PTP4A3,CRYAB,NFATC3"
"GO:BP","positive regulation of monooxygenase activity","GO:0032770","1","0","27","20","1","21017","NOS1AP"
"GO:BP","response to corticosteroid","GO:0031960","1","0","157","20","1","21017","ADM"
"GO:BP","regulation of monooxygenase activity","GO:0032768","1","0","36","20","1","21017","NOS1AP"
"GO:BP","response to lipopolysaccharide","GO:0032496","1","0","337","20","1","21017","ADM"
"GO:BP","protein modification by small protein conjugation","GO:0032446","1","0","846","20","1","21017","UBA6"
"GO:BP","positive regulation of ion transmembrane transporter activity","GO:0032414","1","0","81","20","1","21017","NOS1AP"
"GO:BP","regulation of monoatomic ion transmembrane transporter activity","GO:0032412","1","0","187","20","1","21017","NOS1AP"
"GO:BP","positive regulation of transporter activity","GO:0032411","1","0","89","20","1","21017","NOS1AP"
"GO:BP","regulation of transporter activity","GO:0032409","1","0","208","20","1","21017","NOS1AP"
"GO:BP","negative regulation of intracellular transport","GO:0032387","1","0","48","20","1","21017","CRYAB"
"GO:BP","regulation of intracellular transport","GO:0032386","1","0","266","20","1","21017","CRYAB"
"GO:BP","response to estradiol","GO:0032355","1","0","117","20","1","21017","CRYAB"
"GO:BP","positive regulation of hormone metabolic process","GO:0032352","1","0","15","20","1","21017","ADM"
"GO:BP","regulation of hormone metabolic process","GO:0032350","1","0","40","20","1","21017","ADM"
"GO:BP","gonadotropin secretion","GO:0032274","1","0","18","20","1","21017","GNRHR"
"GO:BP","methylation","GO:0032259","1","0","234","20","2","21017","PRDM16,MECOM"
"GO:BP","positive regulation of response to external stimulus","GO:0032103","1","0","619","20","1","21017","PTK2"
"GO:BP","maintenance of protein location in cell","GO:0032507","1","0","67","20","1","21017","PKP2"
"GO:BP","regulation of cell shape","GO:0008360","1","0","140","20","1","21017","PTK2"
"GO:BP","myofibril assembly","GO:0030239","1","0","70","20","2","21017","MYPN,LDB3"
"GO:BP","megakaryocyte differentiation","GO:0030219","1","0","65","20","1","21017","SP3"
"GO:BP","neural tube development","GO:0021915","1","0","159","20","1","21017","ADM"
"GO:BP","hippocampus development","GO:0021766","1","0","95","20","1","21017","UBA6"
"GO:BP","amygdala development","GO:0021764","1","0","5","20","1","21017","UBA6"
"GO:BP","limbic system development","GO:0021761","1","0","126","20","1","21017","UBA6"
"GO:BP","pallium development","GO:0021543","1","0","194","20","1","21017","UBA6"
"GO:BP","telencephalon development","GO:0021537","1","0","279","20","1","21017","UBA6"
"GO:BP","modification-dependent protein catabolic process","GO:0019941","1","0","613","20","2","21017","UBA6,PTK2"
"GO:BP","cAMP-mediated signaling","GO:0019933","1","0","59","20","1","21017","ADM"
"GO:BP","carboxylic acid metabolic process","GO:0019752","1","0","905","20","1","21017","KAT2B"
"GO:BP","calcium-mediated signaling","GO:0019722","1","0","218","20","1","21017","NFATC3"
"GO:BP","ribose phosphate metabolic process","GO:0019693","1","0","375","20","1","21017","KAT2B"
"GO:BP","organophosphate metabolic process","GO:0019637","1","0","1063","20","1","21017","KAT2B"
"GO:BP","protein metabolic process","GO:0019538","1","0","4813","20","6","21017","NOS1AP,KAT2B,UBA6,PTP4A3,PTK2,CRYAB"
"GO:BP","pyridine nucleotide catabolic process","GO:0019364","1","0","96","20","1","21017","KAT2B"
"GO:BP","neurogenesis","GO:0022008","1","0","1746","20","5","21017","KAT2B,UBA6,PTK2,MYPN,ADM"
"GO:BP","pyridine nucleotide metabolic process","GO:0019362","1","0","167","20","1","21017","KAT2B"
"GO:BP","hexose metabolic process","GO:0019318","1","0","229","20","1","21017","KAT2B"
"GO:BP","regulation of vasoconstriction","GO:0019229","1","0","68","20","1","21017","ADM"
"GO:BP","regulation of metabolic process","GO:0019222","1","0","7076","20","10","21017","PRDM16,NOS1AP,SP3,KAT2B,MECOM,PTP4A3,PTK2,ADM,CRYAB,NFATC3"
"GO:BP","regulation of phosphate metabolic process","GO:0019220","1","0","1071","20","2","21017","KAT2B,PTK2"
"GO:BP","regulation of nucleobase-containing compound metabolic process","GO:0019219","1","0","4002","20","7","21017","PRDM16,SP3,KAT2B,MECOM,PTP4A3,CRYAB,NFATC3"
"GO:BP","regulation of steroid metabolic process","GO:0019218","1","0","98","20","1","21017","ADM"
"GO:BP","regulation of fatty acid metabolic process","GO:0019217","1","0","92","20","1","21017","KAT2B"
"GO:BP","regulation of lipid metabolic process","GO:0019216","1","0","315","20","2","21017","KAT2B,ADM"
"GO:BP","peptidyl-lysine acetylation","GO:0018394","1","0","21","20","1","21017","KAT2B"
"GO:BP","internal peptidyl-lysine acetylation","GO:0018393","1","0","7","20","1","21017","KAT2B"
"GO:BP","peptidyl-tyrosine modification","GO:0018212","1","0","260","20","1","21017","PTK2"
"GO:BP","peptidyl-lysine modification","GO:0018205","1","0","140","20","1","21017","KAT2B"
"GO:BP","peptidyl-cysteine modification","GO:0018198","1","0","35","20","1","21017","NOS1AP"
"GO:BP","peptidyl-amino acid modification","GO:0018193","1","0","742","20","3","21017","NOS1AP,KAT2B,PTK2"
"GO:BP","hexose biosynthetic process","GO:0019319","1","0","90","20","1","21017","KAT2B"
"GO:BP","monocyte differentiation","GO:0030224","1","0","35","20","1","21017","SP3"
"GO:BP","negative adaptation of signaling pathway","GO:0022401","1","0","21","20","1","21017","ADM"
"GO:BP","regulation of cell-cell adhesion","GO:0022407","1","0","478","20","1","21017","PTK2"
"GO:BP","erythrocyte differentiation","GO:0030218","1","0","134","20","1","21017","SP3"
"GO:BP","T cell differentiation","GO:0030217","1","0","312","20","2","21017","SP3,NFATC3"
"GO:BP","B cell differentiation","GO:0030183","1","0","159","20","1","21017","SP3"
"GO:BP","neuron differentiation","GO:0030182","1","0","1434","20","5","21017","KAT2B,UBA6,PTK2,MYPN,ADM"
"GO:BP","protein catabolic process","GO:0030163","1","0","973","20","2","21017","UBA6,PTK2"
"GO:BP","regulation of proteolysis","GO:0030162","1","0","435","20","1","21017","PTK2"
"GO:BP","regulation of cell adhesion","GO:0030155","1","0","779","20","3","21017","HSPG2,PTK2,PKP2"
"GO:BP","natural killer cell activation","GO:0030101","1","0","95","20","1","21017","SP3"
"GO:BP","myeloid cell differentiation","GO:0030099","1","0","439","20","1","21017","SP3"
"GO:BP","lymphocyte differentiation","GO:0030098","1","0","438","20","2","21017","SP3,NFATC3"
"GO:BP","hemopoiesis","GO:0030097","1","0","971","20","3","21017","SP3,MECOM,NFATC3"
"GO:BP","actin filament-based movement","GO:0030048","1","0","128","20","2","21017","NOS1AP,PKP2"
"GO:BP","actin cytoskeleton organization","GO:0030036","1","0","719","20","4","21017","NOS1AP,MYPN,LDB3,MYO18B"
"GO:BP","cell projection organization","GO:0030030","1","0","1615","20","5","21017","KAT2B,UBA6,PTK2,MYPN,ADM"
"GO:BP","cell cycle process","GO:0022402","1","0","1280","20","1","21017","KAT2B"
"GO:BP","actin filament-based process","GO:0030029","1","0","806","20","5","21017","NOS1AP,MYPN,LDB3,PKP2,MYO18B"
"GO:BP","metal ion transport","GO:0030001","1","0","875","20","3","21017","NOS1AP,CACNA2D2,PKP2"
"GO:BP","signal release","GO:0023061","1","0","493","20","1","21017","GNRHR"
"GO:BP","adaptation of signaling pathway","GO:0023058","1","0","21","20","1","21017","ADM"
"GO:BP","negative regulation of signaling","GO:0023057","1","0","1407","20","3","21017","PRDM16,MECOM,ADM"
"GO:BP","positive regulation of signaling","GO:0023056","1","0","1784","20","3","21017","NOS1AP,PTP4A3,PTK2"
"GO:BP","signaling","GO:0023052","1","0","6471","20","12","21017","PRDM16,HSPG2,NOS1AP,CACNA2D2,MECOM,GNRHR,PTP4A3,PTK2,ADM,CRYAB,PKP2,NFATC3"
"GO:BP","regulation of signaling","GO:0023051","1","0","3446","20","7","21017","PRDM16,NOS1AP,CACNA2D2,MECOM,PTP4A3,PTK2,ADM"
"GO:BP","regulation of transmembrane transporter activity","GO:0022898","1","0","195","20","1","21017","NOS1AP"
"GO:BP","ribonucleoprotein complex biogenesis","GO:0022613","1","0","1848","20","1","21017","KAT2B"
"GO:BP","cellular component assembly","GO:0022607","1","0","4644","20","6","21017","KAT2B,PTK2,MYPN,LDB3,CRYAB,PKP2"
"GO:BP","regulation of cell morphogenesis","GO:0022604","1","0","245","20","1","21017","PTK2"
"GO:BP","regulation of anatomical structure morphogenesis","GO:0022603","1","0","835","20","4","21017","HSPG2,PTK2,ADM,NFATC3"
"GO:BP","reproductive process","GO:0022414","1","0","1556","20","3","21017","HSPG2,SP3,ADM"
"GO:BP","negative regulation of cell-cell adhesion","GO:0022408","1","0","189","20","1","21017","PTK2"
"GO:BP","establishment of cell polarity","GO:0030010","1","0","156","20","1","21017","PTK2"
"GO:CC","I band","GO:0031674","4.873379588004951e-7","6.312169760062257","149","20","6","22115","NOS1AP,KAT2B,MYPN,LDB3,CRYAB,MYO18B"
"GO:CC","sarcomere","GO:0030017","0.000005021483123575407","5.299167992565282","220","20","6","22115","NOS1AP,KAT2B,MYPN,LDB3,CRYAB,MYO18B"
"GO:CC","myofibril","GO:0030016","0.000009064087386539685","5.042675916107034","243","20","6","22115","NOS1AP,KAT2B,MYPN,LDB3,CRYAB,MYO18B"
"GO:CC","contractile muscle fiber","GO:0043292","0.000011510951193528912","4.938888787488155","253","20","6","22115","NOS1AP,KAT2B,MYPN,LDB3,CRYAB,MYO18B"
"GO:CC","Z disc","GO:0030018","0.000017556259972653145","4.755567996757757","134","20","5","22115","NOS1AP,MYPN,LDB3,CRYAB,MYO18B"
"GO:CC","actin cytoskeleton","GO:0015629","0.0007394041079358151","3.131118140929668","516","20","6","22115","NOS1AP,KAT2B,PTK2,LDB3,CRYAB,MYO18B"
"GO:CC","supramolecular fiber","GO:0099512","0.003924746464640407","2.4061883930751713","1053","20","7","22115","NOS1AP,KAT2B,MYPN,LDB3,CRYAB,PKP2,MYO18B"
"GO:CC","supramolecular polymer","GO:0099081","0.004121330289594654","2.3849625790691102","1061","20","7","22115","NOS1AP,KAT2B,MYPN,LDB3,CRYAB,PKP2,MYO18B"
"GO:CC","actomyosin","GO:0042641","0.012528039663697213","1.9021168803102726","93","20","3","22115","KAT2B,PTK2,LDB3"
"GO:CC","actin filament bundle","GO:0032432","0.013347640466499692","1.8745955000632573","95","20","3","22115","PTK2,LDB3,CRYAB"
"GO:CC","supramolecular complex","GO:0099080","0.026991287667822324","1.5687763961515202","1426","20","7","22115","NOS1AP,KAT2B,MYPN,LDB3,CRYAB,PKP2,MYO18B"
"GO:CC","filamentous actin","GO:0031941","0.05718191320170763","1.242741318039867","31","20","2","22115","LDB3,MYO18B"
"GO:CC","A band","GO:0031672","0.08163324014210627","1.0881329653784368","37","20","2","22115","KAT2B,CRYAB"
"GO:CC","anchoring junction","GO:0070161","0.16929097364921783","0.7713661972297621","905","20","5","22115","HSPG2,NOS1AP,PTK2,LDB3,PKP2"
"GO:CC","transcription repressor complex","GO:0017053","0.35095801204516613","0.4547448385992926","77","20","2","22115","PRDM16,SP3"
"GO:CC","contractile actin filament bundle","GO:0097517","0.4362669839212529","0.36024765257212266","86","20","2","22115","PTK2,LDB3"
"GO:CC","stress fiber","GO:0001725","0.4362669839212529","0.36024765257212266","86","20","2","22115","PTK2,LDB3"
"GO:CC","cytoskeleton","GO:0005856","0.6698040981119107","0.174052199612001","2440","20","7","22115","NOS1AP,KAT2B,PTK2,LDB3,CRYAB,PKP2,MYO18B"
"GO:CC","actin filament","GO:0005884","0.8503145749969098","0.07042037674318147","121","20","2","22115","LDB3,MYO18B"
"GO:CC","cardiac myofibril","GO:0097512","0.8705046212049791","0.06022891902281884","6","20","1","22115","CRYAB"
"GO:CC","actin-based cell projection","GO:0098858","1","0","226","20","1","22115","NOS1AP"
"GO:CC","membrane microdomain","GO:0098857","1","0","292","20","1","22115","NOS1AP"
"GO:CC","endoplasmic reticulum subcompartment","GO:0098827","1","0","1209","20","2","22115","NOS1AP,SEC62"
"GO:CC","plasma membrane protein complex","GO:0098797","1","0","723","20","2","22115","HSPG2,CACNA2D2"
"GO:CC","membrane protein complex","GO:0098796","1","0","1325","20","2","22115","HSPG2,CACNA2D2"
"GO:CC","postsynapse","GO:0098794","1","0","652","20","2","22115","PTK2,CRYAB"
"GO:CC","chromosomal region","GO:0098687","1","0","403","20","1","22115","KAT2B"
"GO:CC","plasma membrane region","GO:0098590","1","0","1271","20","2","22115","NOS1AP,CRYAB"
"GO:CC","bounding membrane of organelle","GO:0098588","1","0","2217","20","1","22115","NOS1AP"
"GO:CC","intracellular vesicle","GO:0097708","1","0","2529","20","1","22115","PTP4A3"
"GO:CC","dendritic tree","GO:0097447","1","0","629","20","2","22115","PTK2,CRYAB"
"GO:CC","synaptic membrane","GO:0097060","1","0","400","20","1","22115","CRYAB"
"GO:CC","mitotic spindle","GO:0072686","1","0","185","20","1","22115","KAT2B"
"GO:CC","cell periphery","GO:0071944","1","0","6269","20","9","22115","HSPG2,NOS1AP,CACNA2D2,GNRHR,PTP4A3,PTK2,MYPN,CRYAB,PKP2"
"GO:CC","glutamatergic synapse","GO:0098978","1","0","425","20","1","22115","NOS1AP"
"GO:CC","SAGA-type complex","GO:0070461","1","0","39","20","1","22115","KAT2B"
"GO:CC","intracellular organelle lumen","GO:0070013","1","0","6663","20","9","22115","PRDM16,HSPG2,SP3,KAT2B,MECOM,MYPN,CRYAB,PKP2,NFATC3"
"GO:CC","extracellular membrane-bounded organelle","GO:0065010","1","0","2135","20","2","22115","HSPG2,CRYAB"
"GO:CC","collagen-containing extracellular matrix","GO:0062023","1","0","425","20","1","22115","HSPG2"
"GO:CC","perinuclear region of cytoplasm","GO:0048471","1","0","737","20","3","22115","NOS1AP,PTK2,LDB3"
"GO:CC","synapse","GO:0045202","1","0","1475","20","3","22115","NOS1AP,PTK2,CRYAB"
"GO:CC","membrane raft","GO:0045121","1","0","291","20","1","22115","NOS1AP"
"GO:CC","intermediate filament cytoskeleton","GO:0045111","1","0","253","20","1","22115","PKP2"
"GO:CC","plasma membrane raft","GO:0044853","1","0","114","20","1","22115","NOS1AP"
"GO:CC","neuron spine","GO:0044309","1","0","176","20","2","22115","PTK2,CRYAB"
"GO:CC","cell body","GO:0044297","1","0","567","20","1","22115","CRYAB"
"GO:CC","cell-cell contact zone","GO:0044291","1","0","75","20","1","22115","PKP2"
"GO:CC","organelle lumen","GO:0043233","1","0","6663","20","9","22115","PRDM16,HSPG2,SP3,KAT2B,MECOM,MYPN,CRYAB,PKP2,NFATC3"
"GO:CC","intracellular membraneless organelle","GO:0043232","1","0","6606","20","10","22115","NOS1AP,SP3,KAT2B,PTK2,MYPN,LDB3,CRYAB,PKP2,NFATC3,MYO18B"
"GO:CC","intracellular membrane-bounded organelle","GO:0043231","1","0","14608","20","14","22115","PRDM16,HSPG2,NOS1AP,SP3,KAT2B,SEC62,MECOM,PTP4A3,PTK2,MYPN,CRYAB,PKP2,NFATC3,MYO18B"
"GO:CC","extracellular exosome","GO:0070062","1","0","2110","20","2","22115","HSPG2,CRYAB"
"GO:CC","polymeric cytoskeletal fiber","GO:0099513","1","0","806","20","3","22115","LDB3,PKP2,MYO18B"
"GO:CC","plasma membrane bounded cell projection","GO:0120025","1","0","2286","20","5","22115","NOS1AP,PTK2,MYPN,LDB3,CRYAB"
"GO:CC","cellular anatomical structure","GO:0110165","1","0","21571","20","20","22115","PRDM16,HSPG2,NOS1AP,SP3,KAT2B,CACNA2D2,SEC62,MECOM,GNRHR,UBA6,PTP4A3,PTK2,TMEM245,MYPN,LDB3,ADM,CRYAB,PKP2,NFATC3,MYO18B"
"GO:CC","transporter complex","GO:1990351","1","0","457","20","1","22115","CACNA2D2"
"GO:CC","transferase complex","GO:1990234","1","0","906","20","1","22115","KAT2B"
"GO:CC","peptidase complex","GO:1905368","1","0","129","20","1","22115","KAT2B"
"GO:CC","extracellular vesicle","GO:1903561","1","0","2134","20","2","22115","HSPG2,CRYAB"
"GO:CC","transmembrane transporter complex","GO:1902495","1","0","430","20","1","22115","CACNA2D2"
"GO:CC","catalytic complex","GO:1902494","1","0","1699","20","2","22115","KAT2B,MECOM"
"GO:CC","acetyltransferase complex","GO:1902493","1","0","103","20","1","22115","KAT2B"
"GO:CC","ATAC complex","GO:0140672","1","0","14","20","1","22115","KAT2B"
"GO:CC","intracellular protein-containing complex","GO:0140535","1","0","948","20","1","22115","KAT2B"
"GO:CC","nuclear protein-containing complex","GO:0140513","1","0","2679","20","1","22115","MECOM"
"GO:CC","extracellular organelle","GO:0043230","1","0","2135","20","2","22115","HSPG2,CRYAB"
"GO:CC","intracellular organelle","GO:0043229","1","0","16022","20","15","22115","PRDM16,HSPG2,NOS1AP,SP3,KAT2B,SEC62,MECOM,PTP4A3,PTK2,MYPN,LDB3,CRYAB,PKP2,NFATC3,MYO18B"
"GO:CC","membraneless organelle","GO:0043228","1","0","6607","20","10","22115","NOS1AP,SP3,KAT2B,PTK2,MYPN,LDB3,CRYAB,PKP2,NFATC3,MYO18B"
"GO:CC","membrane-bounded organelle","GO:0043227","1","0","15672","20","14","22115","PRDM16,HSPG2,NOS1AP,SP3,KAT2B,SEC62,MECOM,PTP4A3,PTK2,MYPN,CRYAB,PKP2,NFATC3,MYO18B"
"GO:CC","filopodium","GO:0030175","1","0","108","20","1","22115","NOS1AP"
"GO:CC","desmosome","GO:0030057","1","0","27","20","1","22115","PKP2"
"GO:CC","cell-substrate junction","GO:0030055","1","0","433","20","2","22115","HSPG2,PTK2"
"GO:CC","cell junction","GO:0030054","1","0","2236","20","6","22115","HSPG2,NOS1AP,PTK2,LDB3,CRYAB,PKP2"
"GO:CC","nuclear speck","GO:0016607","1","0","419","20","1","22115","MECOM"
"GO:CC","PML body","GO:0016605","1","0","107","20","1","22115","SP3"
"GO:CC","nuclear body","GO:0016604","1","0","894","20","2","22115","SP3,MECOM"
"GO:CC","sarcoplasmic reticulum","GO:0016529","1","0","77","20","1","22115","NOS1AP"
"GO:CC","sarcoplasm","GO:0016528","1","0","96","20","1","22115","NOS1AP"
"GO:CC","unconventional myosin complex","GO:0016461","1","0","9","20","1","22115","MYO18B"
"GO:CC","myosin II complex","GO:0016460","1","0","26","20","1","22115","MYO18B"
"GO:CC","myosin complex","GO:0016459","1","0","57","20","1","22115","MYO18B"
"GO:CC","aggresome","GO:0016235","1","0","35","20","1","22115","PRDM16"
"GO:CC","inclusion body","GO:0016234","1","0","72","20","1","22115","PRDM16"
"GO:CC","external encapsulating structure","GO:0030312","1","0","556","20","1","22115","HSPG2"
"GO:CC","membrane","GO:0016020","1","0","9912","20","11","22115","HSPG2,NOS1AP,CACNA2D2,SEC62,GNRHR,PTP4A3,PTK2,TMEM245,MYPN,CRYAB,PKP2"
"GO:CC","intercalated disc","GO:0014704","1","0","53","20","1","22115","PKP2"
"GO:CC","endomembrane system","GO:0012505","1","0","4803","20","4","22115","HSPG2,NOS1AP,SEC62,PTP4A3"
"GO:CC","cell surface","GO:0009986","1","0","904","20","1","22115","CRYAB"
"GO:CC","cell cortex","GO:0005938","1","0","315","20","1","22115","PTK2"
"GO:CC","cilium","GO:0005929","1","0","769","20","1","22115","PTK2"
"GO:CC","focal adhesion","GO:0005925","1","0","423","20","2","22115","HSPG2,PTK2"
"GO:CC","adherens junction","GO:0005912","1","0","188","20","2","22115","LDB3,PKP2"
"GO:CC","cell-cell junction","GO:0005911","1","0","519","20","2","22115","LDB3,PKP2"
"GO:CC","caveola","GO:0005901","1","0","83","20","1","22115","NOS1AP"
"GO:CC","voltage-gated calcium channel complex","GO:0005891","1","0","57","20","1","22115","CACNA2D2"
"GO:CC","plasma membrane","GO:0005886","1","0","5783","20","9","22115","HSPG2,NOS1AP,CACNA2D2,GNRHR,PTP4A3,PTK2,MYPN,CRYAB,PKP2"
"GO:CC","intermediate filament","GO:0005882","1","0","217","20","1","22115","PKP2"
"GO:CC","cytosol","GO:0005829","1","0","5513","20","10","22115","PRDM16,NOS1AP,SP3,KAT2B,MECOM,UBA6,PTK2,MYPN,CRYAB,NFATC3"
"GO:CC","spindle","GO:0005819","1","0","437","20","1","22115","KAT2B"
"GO:CC","microtubule cytoskeleton","GO:0015630","1","0","1414","20","2","22115","KAT2B,PTK2"
"GO:CC","microtubule organizing center","GO:0005815","1","0","874","20","2","22115","KAT2B,PTK2"
"GO:CC","T-tubule","GO:0030315","1","0","52","20","1","22115","NOS1AP"
"GO:CC","dendrite","GO:0030425","1","0","627","20","2","22115","PTK2,CRYAB"
"GO:CC","organelle","GO:0043226","1","0","16811","20","15","22115","PRDM16,HSPG2,NOS1AP,SP3,KAT2B,SEC62,MECOM,PTP4A3,PTK2,MYPN,LDB3,CRYAB,PKP2,NFATC3,MYO18B"
"GO:CC","perikaryon","GO:0043204","1","0","155","20","1","22115","CRYAB"
"GO:CC","lysosomal lumen","GO:0043202","1","0","100","20","1","22115","HSPG2"
"GO:CC","dendritic spine","GO:0043197","1","0","172","20","2","22115","PTK2,CRYAB"
"GO:CC","neuronal cell body","GO:0043025","1","0","500","20","1","22115","CRYAB"
"GO:CC","neuron projection","GO:0043005","1","0","1338","20","3","22115","PTK2,MYPN,CRYAB"
"GO:CC","cell projection","GO:0042995","1","0","2399","20","5","22115","NOS1AP,PTK2,MYPN,LDB3,CRYAB"
"GO:CC","sarcolemma","GO:0042383","1","0","142","20","1","22115","NOS1AP"
"GO:CC","nuclear outer membrane-endoplasmic reticulum membrane network","GO:0042175","1","0","1226","20","2","22115","NOS1AP,SEC62"
"GO:CC","somatodendritic compartment","GO:0036477","1","0","852","20","2","22115","PTK2,CRYAB"
"GO:CC","ciliary basal body","GO:0036064","1","0","173","20","1","22115","PTK2"
"GO:CC","calcium channel complex","GO:0034704","1","0","83","20","1","22115","CACNA2D2"
"GO:CC","cation channel complex","GO:0034703","1","0","225","20","1","22115","CACNA2D2"
"GO:CC","monoatomic ion channel complex","GO:0034702","1","0","364","20","1","22115","CACNA2D2"
"GO:CC","axon","GO:0030424","1","0","655","20","2","22115","MYPN,CRYAB"
"GO:CC","sarcoplasmic reticulum membrane","GO:0033017","1","0","44","20","1","22115","NOS1AP"
"GO:CC","protein-containing complex","GO:0032991","1","0","7861","20","10","22115","PRDM16,HSPG2,SP3,KAT2B,CACNA2D2,MECOM,LDB3,CRYAB,NFATC3,MYO18B"
"GO:CC","myosin filament","GO:0032982","1","0","23","20","1","22115","MYO18B"
"GO:CC","organelle subcompartment","GO:0031984","1","0","1530","20","2","22115","NOS1AP,SEC62"
"GO:CC","vesicle","GO:0031982","1","0","4012","20","3","22115","HSPG2,PTP4A3,CRYAB"
"GO:CC","nuclear lumen","GO:0031981","1","0","5524","20","8","22115","PRDM16,SP3,KAT2B,MECOM,MYPN,CRYAB,PKP2,NFATC3"
"GO:CC","membrane-enclosed lumen","GO:0031974","1","0","6663","20","9","22115","PRDM16,HSPG2,SP3,KAT2B,MECOM,MYPN,CRYAB,PKP2,NFATC3"
"GO:CC","organelle envelope","GO:0031967","1","0","1300","20","1","22115","NOS1AP"
"GO:CC","nuclear membrane","GO:0031965","1","0","316","20","1","22115","NOS1AP"
"GO:CC","M band","GO:0031430","1","0","23","20","1","22115","CRYAB"
"GO:CC","cytoplasmic vesicle","GO:0031410","1","0","2523","20","1","22115","PTP4A3"
"GO:CC","protein acetyltransferase complex","GO:0031248","1","0","102","20","1","22115","KAT2B"
"GO:CC","pseudopodium","GO:0031143","1","0","18","20","1","22115","LDB3"
"GO:CC","organelle membrane","GO:0031090","1","0","3787","20","2","22115","NOS1AP,SEC62"
"GO:CC","extracellular matrix","GO:0031012","1","0","555","20","1","22115","HSPG2"
"GO:CC","protein-DNA complex","GO:0032993","1","0","241","20","1","22115","SP3"
"GO:CC","centrosome","GO:0005813","1","0","733","20","2","22115","KAT2B,PTK2"
"GO:CC","Golgi apparatus","GO:0005794","1","0","1640","20","1","22115","HSPG2"
"GO:CC","Golgi lumen","GO:0005796","1","0","104","20","1","22115","HSPG2"
"GO:CC","histone deacetylase complex","GO:0000118","1","0","79","20","1","22115","MECOM"
"GO:CC","rough endoplasmic reticulum","GO:0005791","1","0","60","20","1","22115","SEC62"
"GO:CC","endoplasmic reticulum membrane","GO:0005789","1","0","1203","20","2","22115","NOS1AP,SEC62"
"GO:CC","endoplasmic reticulum","GO:0005783","1","0","2066","20","2","22115","NOS1AP,SEC62"
"GO:CC","vacuolar lumen","GO:0005775","1","0","178","20","1","22115","HSPG2"
"GO:CC","vacuole","GO:0005773","1","0","856","20","2","22115","HSPG2,CRYAB"
"GO:CC","early endosome","GO:0005769","1","0","428","20","1","22115","PTP4A3"
"GO:CC","endosome","GO:0005768","1","0","1070","20","1","22115","PTP4A3"
"GO:CC","lysosome","GO:0005764","1","0","763","20","2","22115","HSPG2,CRYAB"
"GO:CC","mitochondrion","GO:0005739","1","0","1697","20","2","22115","NOS1AP,CRYAB"
"GO:CC","cytoplasm","GO:0005737","1","0","12394","20","17","22115","PRDM16,HSPG2,NOS1AP,SP3,KAT2B,SEC62,MECOM,UBA6,PTP4A3,PTK2,MYPN,LDB3,ADM,CRYAB,PKP2,NFATC3,MYO18B"
"GO:CC","chromosome","GO:0005694","1","0","1956","20","3","22115","SP3,KAT2B,NFATC3"
"GO:CC","transcription regulator complex","GO:0005667","1","0","519","20","3","22115","PRDM16,SP3,NFATC3"
"GO:CC","nucleoplasm","GO:0005654","1","0","4229","20","8","22115","PRDM16,SP3,KAT2B,MECOM,MYPN,CRYAB,PKP2,NFATC3"
"GO:CC","nuclear envelope","GO:0005635","1","0","501","20","1","22115","NOS1AP"
"GO:CC","nucleus","GO:0005634","1","0","10058","20","12","22115","PRDM16,NOS1AP,SP3,KAT2B,MECOM,PTP4A3,PTK2,MYPN,CRYAB,PKP2,NFATC3,MYO18B"
"GO:CC","extracellular space","GO:0005615","1","0","3303","20","3","22115","HSPG2,ADM,CRYAB"
"GO:CC","basement membrane","GO:0005604","1","0","92","20","1","22115","HSPG2"
"GO:CC","extracellular region","GO:0005576","1","0","4232","20","3","22115","HSPG2,ADM,CRYAB"
"GO:CC","cellular_component","GO:0005575","1","0","22115","20","20","22115","PRDM16,HSPG2,NOS1AP,SP3,KAT2B,CACNA2D2,SEC62,MECOM,GNRHR,UBA6,PTP4A3,PTK2,TMEM245,MYPN,LDB3,ADM,CRYAB,PKP2,NFATC3,MYO18B"
"GO:CC","podosome","GO:0002102","1","0","33","20","1","22115","NOS1AP"
"GO:CC","cornified envelope","GO:0001533","1","0","59","20","1","22115","PKP2"
"GO:CC","condensed chromosome","GO:0000793","1","0","282","20","1","22115","KAT2B"
"GO:CC","chromatin","GO:0000785","1","0","1371","20","3","22115","SP3,KAT2B,NFATC3"
"GO:CC","condensed chromosome, centromeric region","GO:0000779","1","0","182","20","1","22115","KAT2B"
"GO:CC","kinetochore","GO:0000776","1","0","171","20","1","22115","KAT2B"
"GO:CC","chromosome, centromeric region","GO:0000775","1","0","259","20","1","22115","KAT2B"
"GO:CC","lytic vacuole","GO:0000323","1","0","763","20","2","22115","HSPG2,CRYAB"
"GO:CC","SAGA complex","GO:0000124","1","0","24","20","1","22115","KAT2B"
"GO:CC","histone acetyltransferase complex","GO:0000123","1","0","92","20","1","22115","KAT2B"
"GO:CC","intracellular anatomical structure","GO:0005622","1","0","17842","20","17","22115","PRDM16,HSPG2,NOS1AP,SP3,KAT2B,SEC62,MECOM,UBA6,PTP4A3,PTK2,MYPN,LDB3,ADM,CRYAB,PKP2,NFATC3,MYO18B"
"KEGG","Lysine degradation","KEGG:00310","0.33975489990590346","0.4688342712054733","63","15","2","8484","PRDM16,MECOM"
"KEGG","Arrhythmogenic right ventricular cardiomyopathy","KEGG:05412","0.593601511606333","0.2265050017966618","84","15","2","8484","CACNA2D2,PKP2"
"KEGG","MAPK signaling pathway","KEGG:04010","0.9296959035323642","0.03165908264459228","301","15","3","8484","CACNA2D2,MECOM,NFATC3"
"KEGG","Th1 and Th2 cell differentiation","KEGG:04658","1","0","89","15","1","8484","NFATC3"
"KEGG","C-type lectin receptor signaling pathway","KEGG:04625","1","0","104","15","1","8484","NFATC3"
"KEGG","ECM-receptor interaction","KEGG:04512","1","0","89","15","1","8484","HSPG2"
"KEGG","Focal adhesion","KEGG:04510","1","0","202","15","1","8484","PTK2"
"KEGG","VEGF signaling pathway","KEGG:04370","1","0","59","15","1","8484","PTK2"
"KEGG","Axon guidance","KEGG:04360","1","0","181","15","2","8484","PTK2,NFATC3"
"KEGG","Notch signaling pathway","KEGG:04330","1","0","60","15","1","8484","KAT2B"
"KEGG","Wnt signaling pathway","KEGG:04310","1","0","174","15","1","8484","NFATC3"
"KEGG","Vascular smooth muscle contraction","KEGG:04270","1","0","133","15","1","8484","ADM"
"KEGG","Adrenergic signaling in cardiomyocytes","KEGG:04261","1","0","153","15","1","8484","CACNA2D2"
"KEGG","Cardiac muscle contraction","KEGG:04260","1","0","87","15","1","8484","CACNA2D2"
"KEGG","Cellular senescence","KEGG:04218","1","0","155","15","1","8484","NFATC3"
"KEGG","Longevity regulating pathway - multiple species","KEGG:04213","1","0","61","15","1","8484","CRYAB"
"KEGG","PI3K-Akt signaling pathway","KEGG:04151","1","0","356","15","1","8484","PTK2"
"KEGG","Efferocytosis","KEGG:04148","1","0","156","15","2","8484","PTK2,NFATC3"
"KEGG","Ubiquitin mediated proteolysis","KEGG:04120","1","0","140","15","1","8484","UBA6"
"KEGG","Neuroactive ligand-receptor interaction","KEGG:04080","1","0","365","15","2","8484","GNRHR,ADM"
"KEGG","Chemokine signaling pathway","KEGG:04062","1","0","190","15","1","8484","PTK2"
"KEGG","cGMP-PKG signaling pathway","KEGG:04022","1","0","164","15","1","8484","NFATC3"
"KEGG","Calcium signaling pathway","KEGG:04020","1","0","251","15","1","8484","NFATC3"
"KEGG","ErbB signaling pathway","KEGG:04012","1","0","84","15","1","8484","PTK2"
"KEGG","Viral life cycle - HIV-1","KEGG:03250","1","0","62","15","1","8484","KAT2B"
"KEGG","Protein export","KEGG:03060","1","0","31","15","1","8484","SEC62"
"KEGG","Endocrine resistance","KEGG:01522","1","0","95","15","1","8484","PTK2"
"KEGG","Metabolic pathways","KEGG:01100","1","0","1537","15","2","8484","PRDM16,MECOM"
"KEGG","KEGG root term","KEGG:00000","1","0","8484","15","15","8484","PRDM16,HSPG2,NOS1AP,KAT2B,CACNA2D2,SEC62,MECOM,GNRHR,UBA6,PTK2,ADM,CRYAB,PKP2,NFATC3,MYO18B"
"KEGG","Protein processing in endoplasmic reticulum","KEGG:04141","1","0","168","15","2","8484","SEC62,CRYAB"
"KEGG","Th17 cell differentiation","KEGG:04659","1","0","105","15","1","8484","NFATC3"
"KEGG","T cell receptor signaling pathway","KEGG:04660","1","0","119","15","1","8484","NFATC3"
"KEGG","Leukocyte transendothelial migration","KEGG:04670","1","0","114","15","1","8484","PTK2"
"KEGG","Fluid shear stress and atherosclerosis","KEGG:05418","1","0","138","15","1","8484","PTK2"
"KEGG","Lipid and atherosclerosis","KEGG:05417","1","0","214","15","2","8484","PTK2,NFATC3"
"KEGG","Dilated cardiomyopathy","KEGG:05414","1","0","102","15","1","8484","CACNA2D2"
"KEGG","Hypertrophic cardiomyopathy","KEGG:05410","1","0","97","15","1","8484","CACNA2D2"
"KEGG","PD-L1 expression and PD-1 checkpoint pathway in cancer","KEGG:05235","1","0","89","15","1","8484","NFATC3"
"KEGG","Small cell lung cancer","KEGG:05222","1","0","92","15","1","8484","PTK2"
"KEGG","Chronic myeloid leukemia","KEGG:05220","1","0","76","15","1","8484","MECOM"
"KEGG","Chemical carcinogenesis - reactive oxygen species","KEGG:05208","1","0","221","15","1","8484","PTK2"
"KEGG","Proteoglycans in cancer","KEGG:05205","1","0","205","15","2","8484","HSPG2,PTK2"
"KEGG","Viral carcinogenesis","KEGG:05203","1","0","201","15","1","8484","KAT2B"
"KEGG","Transcriptional misregulation in cancer","KEGG:05202","1","0","192","15","1","8484","PTK2"
"KEGG","Pathways in cancer","KEGG:05200","1","0","527","15","2","8484","MECOM,PTK2"
"KEGG","Human immunodeficiency virus 1 infection","KEGG:05170","1","0","210","15","2","8484","PTK2,NFATC3"
"KEGG","Kaposi sarcoma-associated herpesvirus infection","KEGG:05167","1","0","194","15","1","8484","NFATC3"
"KEGG","Human T-cell leukemia virus 1 infection","KEGG:05166","1","0","218","15","2","8484","KAT2B,NFATC3"
"KEGG","Human cytomegalovirus infection","KEGG:05163","1","0","223","15","2","8484","PTK2,NFATC3"
"KEGG","Hepatitis B","KEGG:05161","1","0","162","15","2","8484","HSPG2,NFATC3"
"KEGG","Amoebiasis","KEGG:05146","1","0","101","15","1","8484","PTK2"
"KEGG","Yersinia infection","KEGG:05135","1","0","136","15","2","8484","PTK2,NFATC3"
"KEGG","Shigellosis","KEGG:05131","1","0","246","15","1","8484","PTK2"
"KEGG","Bacterial invasion of epithelial cells","KEGG:05100","1","0","77","15","1","8484","PTK2"
"KEGG","Growth hormone synthesis, secretion and action","KEGG:04935","1","0","120","15","1","8484","PTK2"
"KEGG","Oxytocin signaling pathway","KEGG:04921","1","0","154","15","2","8484","CACNA2D2,NFATC3"
"KEGG","Thyroid hormone signaling pathway","KEGG:04919","1","0","121","15","1","8484","KAT2B"
"KEGG","GnRH signaling pathway","KEGG:04912","1","0","93","15","1","8484","GNRHR"
"KEGG","Motor proteins","KEGG:04814","1","0","193","15","1","8484","MYO18B"
"KEGG","Regulation of actin cytoskeleton","KEGG:04810","1","0","227","15","1","8484","PTK2"
"KEGG","Thermogenesis","KEGG:04714","1","0","232","15","1","8484","PRDM16"
"KEGG","Circadian entrainment","KEGG:04713","1","0","97","15","1","8484","NOS1AP"
"KEGG","Human papillomavirus infection","KEGG:05165","1","0","330","15","1","8484","PTK2"
"KEGG","B cell receptor signaling pathway","KEGG:04662","1","0","81","15","1","8484","NFATC3"
"REAC","PKMTs methylate histone lysines","REAC:R-HSA-3214841","0.9681901987339607","0.014039318160014509","70","13","2","10916","PRDM16,MECOM"
"REAC","GPCR ligand binding","REAC:R-HSA-500792","1","0","460","13","2","10916","GNRHR,ADM"
"REAC","GPCR downstream signalling","REAC:R-HSA-388396","1","0","623","13","2","10916","GNRHR,ADM"
"REAC","G alpha (s) signalling events","REAC:R-HSA-418555","1","0","156","13","1","10916","ADM"
"REAC","G alpha (q) signalling events","REAC:R-HSA-416476","1","0","213","13","1","10916","GNRHR"
"REAC","Formation of the cornified envelope","REAC:R-HSA-6809371","1","0","128","13","1","10916","PKP2"
"REAC","Formation of paraxial mesoderm","REAC:R-HSA-9793380","1","0","69","13","1","10916","KAT2B"
"REAC","Formation of WDR5-containing histone-modifying complexes","REAC:R-HSA-9772755","1","0","41","13","1","10916","KAT2B"
"REAC","Fcgamma receptor (FCGR) dependent phagocytosis","REAC:R-HSA-2029480","1","0","140","13","1","10916","PTK2"
"REAC","Fc epsilon receptor (FCERI) signaling","REAC:R-HSA-2454202","1","0","182","13","1","10916","NFATC3"
"REAC","FOXO-mediated transcription","REAC:R-HSA-9614085","1","0","66","13","1","10916","KAT2B"
"REAC","FCGR3A-mediated phagocytosis","REAC:R-HSA-9664422","1","0","113","13","1","10916","PTK2"
"REAC","FCERI mediated Ca+2 mobilization","REAC:R-HSA-2871809","1","0","83","13","1","10916","NFATC3"
"REAC","Extracellular matrix organization","REAC:R-HSA-1474244","1","0","298","13","1","10916","HSPG2"
"REAC","Extra-nuclear estrogen signaling","REAC:R-HSA-9009391","1","0","73","13","1","10916","PTK2"
"REAC","Estrogen-dependent nuclear events downstream of ESR-membrane signaling","REAC:R-HSA-9634638","1","0","24","13","1","10916","PTK2"
"REAC","Estrogen-dependent gene expression","REAC:R-HSA-9018519","1","0","147","13","1","10916","KAT2B"
"REAC","Epigenetic regulation of gene expression","REAC:R-HSA-212165","1","0","185","13","1","10916","KAT2B"
"REAC","Epigenetic regulation by WDR5-containing histone modifying complexes","REAC:R-HSA-9917777","1","0","41","13","1","10916","KAT2B"
"REAC","Early SARS-CoV-2 Infection Events","REAC:R-HSA-9772572","1","0","37","13","1","10916","HSPG2"
"REAC","ESR-mediated signaling","REAC:R-HSA-8939211","1","0","216","13","2","10916","KAT2B,PTK2"
"REAC","EPHB-mediated forward signaling","REAC:R-HSA-3928662","1","0","40","13","1","10916","PTK2"
"REAC","EPH-Ephrin signaling","REAC:R-HSA-2682334","1","0","90","13","1","10916","PTK2"
"REAC","ECM proteoglycans","REAC:R-HSA-3000178","1","0","76","13","1","10916","HSPG2"
"REAC","Downstream signaling events of B Cell Receptor (BCR)","REAC:R-HSA-1168372","1","0","80","13","1","10916","NFATC3"
"REAC","Diseases of signal transduction by growth factor receptors and second messengers","REAC:R-HSA-5663202","1","0","418","13","1","10916","KAT2B"
"REAC","Diseases of metabolism","REAC:R-HSA-5668914","1","0","245","13","1","10916","HSPG2"
"REAC","Diseases of glycosylation","REAC:R-HSA-3781865","1","0","140","13","1","10916","HSPG2"
"REAC","Diseases associated with glycosaminoglycan metabolism","REAC:R-HSA-3560782","1","0","41","13","1","10916","HSPG2"
"REAC","Disease","REAC:R-HSA-1643685","1","0","1767","13","3","10916","HSPG2,KAT2B,PTK2"
"REAC","GRB2:SOS provides linkage to MAPK signaling for Integrins ","REAC:R-HSA-354194","1","0","14","13","1","10916","PTK2"
"REAC","Gastrulation","REAC:R-HSA-9758941","1","0","114","13","1","10916","KAT2B"
"REAC","Gene expression (Transcription)","REAC:R-HSA-74160","1","0","1519","13","1","10916","KAT2B"
"REAC","Generic Transcription Pathway","REAC:R-HSA-212436","1","0","1235","13","1","10916","KAT2B"
"REAC","Muscle contraction","REAC:R-HSA-397014","1","0","203","13","2","10916","KAT2B,CACNA2D2"
"REAC","Metalloprotease DUBs","REAC:R-HSA-5689901","1","0","36","13","1","10916","KAT2B"
"REAC","Metabolism of vitamins and cofactors","REAC:R-HSA-196854","1","0","189","13","1","10916","HSPG2"
"REAC","Metabolism of proteins","REAC:R-HSA-392499","1","0","1962","13","4","10916","HSPG2,SP3,KAT2B,UBA6"
"REAC","Metabolism of fat-soluble vitamins","REAC:R-HSA-6806667","1","0","48","13","1","10916","HSPG2"
"REAC","Metabolism of carbohydrates","REAC:R-HSA-71387","1","0","288","13","1","10916","HSPG2"
"REAC","Metabolism","REAC:R-HSA-1430728","1","0","2079","13","2","10916","HSPG2,CACNA2D2"
"REAC","MET promotes cell motility","REAC:R-HSA-8875878","1","0","40","13","1","10916","PTK2"
"REAC","MET activates PTK2 signaling","REAC:R-HSA-8874081","1","0","30","13","1","10916","PTK2"
"REAC","MAPK1/MAPK3 signaling","REAC:R-HSA-5684996","1","0","269","13","1","10916","PTK2"
"REAC","MAPK family signaling cascades","REAC:R-HSA-5683057","1","0","308","13","1","10916","PTK2"
"REAC","Leishmania phagocytosis","REAC:R-HSA-9664417","1","0","113","13","1","10916","PTK2"
"REAC","Leishmania infection","REAC:R-HSA-9658195","1","0","215","13","1","10916","PTK2"
"REAC","Laminin interactions","REAC:R-HSA-3000157","1","0","30","13","1","10916","HSPG2"
"REAC","Developmental Biology","REAC:R-HSA-1266738","1","0","1225","13","3","10916","KAT2B,PTK2,PKP2"
"REAC","Keratinization","REAC:R-HSA-6805567","1","0","215","13","1","10916","PKP2"
"REAC","Integrin signaling","REAC:R-HSA-354192","1","0","26","13","1","10916","PTK2"
"REAC","Integrin cell surface interactions","REAC:R-HSA-216083","1","0","84","13","1","10916","HSPG2"
"REAC","Integration of energy metabolism","REAC:R-HSA-163685","1","0","107","13","1","10916","CACNA2D2"
"REAC","Innate Immune System","REAC:R-HSA-168249","1","0","1099","13","2","10916","PTK2,NFATC3"
"REAC","Infectious disease","REAC:R-HSA-5663205","1","0","1000","13","2","10916","HSPG2,PTK2"
"REAC","Immune System","REAC:R-HSA-168256","1","0","2079","13","3","10916","UBA6,PTK2,NFATC3"
"REAC","Hormone ligand-binding receptors","REAC:R-HSA-375281","1","0","12","13","1","10916","GNRHR"
"REAC","Heparan sulfate/heparin (HS-GAG) metabolism","REAC:R-HSA-1638091","1","0","57","13","1","10916","HSPG2"
"REAC","Hemostasis","REAC:R-HSA-109582","1","0","673","13","1","10916","PTK2"
"REAC","HSF1-dependent transactivation","REAC:R-HSA-3371571","1","0","24","13","1","10916","CRYAB"
"REAC","HS-GAG degradation","REAC:R-HSA-2024096","1","0","24","13","1","10916","HSPG2"
"REAC","HS-GAG biosynthesis","REAC:R-HSA-2022928","1","0","31","13","1","10916","HSPG2"
"REAC","HATs acetylate histones","REAC:R-HSA-3214847","1","0","141","13","1","10916","KAT2B"
"REAC","Glycosaminoglycan metabolism","REAC:R-HSA-1630316","1","0","125","13","1","10916","HSPG2"
"REAC","Intracellular signaling by second messengers","REAC:R-HSA-9006925","1","0","293","13","1","10916","MECOM"
"REAC","Deubiquitination","REAC:R-HSA-5688426","1","0","298","13","1","10916","KAT2B"
"REAC","Degradation of the extracellular matrix","REAC:R-HSA-1474228","1","0","140","13","1","10916","HSPG2"
"REAC","Defective EXT2 causes exostoses 2","REAC:R-HSA-3656237","1","0","14","13","1","10916","HSPG2"
"REAC","A tetrasaccharide linker sequence is required for GAG synthesis","REAC:R-HSA-1971475","1","0","26","13","1","10916","HSPG2"
"REAC","Adaptive Immune System","REAC:R-HSA-1280218","1","0","809","13","2","10916","UBA6,NFATC3"
"REAC","Amyloid fiber formation","REAC:R-HSA-977225","1","0","110","13","1","10916","HSPG2"
"REAC","Defective EXT1 causes exostoses 1, TRPS2 and CHDS","REAC:R-HSA-3656253","1","0","14","13","1","10916","HSPG2"
"REAC","Defective B4GALT7 causes EDS, progeroid type","REAC:R-HSA-3560783","1","0","20","13","1","10916","HSPG2"
"REAC","Defective B3GAT3 causes JDSSDHD","REAC:R-HSA-3560801","1","0","20","13","1","10916","HSPG2"
"REAC","Defective B3GALT6 causes EDSP2 and SEMDJL1","REAC:R-HSA-4420332","1","0","20","13","1","10916","HSPG2"
"REAC","DCC mediated attractive signaling","REAC:R-HSA-418885","1","0","13","13","1","10916","PTK2"
"REAC","Constitutive Signaling by NOTCH1 PEST Domain Mutants","REAC:R-HSA-2644606","1","0","57","13","1","10916","KAT2B"
"REAC","Constitutive Signaling by NOTCH1 HD+PEST Domain Mutants","REAC:R-HSA-2894862","1","0","57","13","1","10916","KAT2B"
"REAC","Class I MHC mediated antigen processing & presentation","REAC:R-HSA-983169","1","0","380","13","1","10916","UBA6"
"REAC","Class B/2 (Secretin family receptors)","REAC:R-HSA-373080","1","0","93","13","1","10916","ADM"
"REAC","Class A/1 (Rhodopsin-like receptors)","REAC:R-HSA-373076","1","0","328","13","1","10916","GNRHR"
"REAC","Chromatin organization","REAC:R-HSA-4839726","1","0","271","13","3","10916","PRDM16,KAT2B,MECOM"
"REAC","Chromatin modifying enzymes","REAC:R-HSA-3247509","1","0","271","13","3","10916","PRDM16,KAT2B,MECOM"
"REAC","Chondroitin sulfate/dermatan sulfate metabolism","REAC:R-HSA-1793185","1","0","49","13","1","10916","HSPG2"
"REAC","Cellular responses to stress","REAC:R-HSA-2262752","1","0","792","13","1","10916","CRYAB"
"REAC","Adrenaline,noradrenaline inhibits insulin secretion","REAC:R-HSA-400042","1","0","28","13","1","10916","CACNA2D2"
"REAC","Cellular responses to stimuli","REAC:R-HSA-8953897","1","0","806","13","1","10916","CRYAB"
"REAC","Cell-Cell communication","REAC:R-HSA-1500931","1","0","150","13","1","10916","PTK2"
"REAC","Cardiac conduction","REAC:R-HSA-5576891","1","0","130","13","2","10916","KAT2B,CACNA2D2"
"REAC","Calcitonin-like ligand receptors","REAC:R-HSA-419812","1","0","10","13","1","10916","ADM"
"REAC","Calcineurin activates NFAT","REAC:R-HSA-2025928","1","0","9","13","1","10916","NFATC3"
"REAC","CLEC7A (Dectin-1) signaling","REAC:R-HSA-5607764","1","0","97","13","1","10916","NFATC3"
"REAC","CLEC7A (Dectin-1) induces NFAT activation","REAC:R-HSA-5607763","1","0","11","13","1","10916","NFATC3"
"REAC","C-type lectin receptors (CLRs)","REAC:R-HSA-5621481","1","0","136","13","1","10916","NFATC3"
"REAC","B-WICH complex positively regulates rRNA expression","REAC:R-HSA-5250924","1","0","89","13","1","10916","KAT2B"
"REAC","Axon guidance","REAC:R-HSA-422475","1","0","549","13","1","10916","PTK2"
"REAC","Attachment and Entry","REAC:R-HSA-9694614","1","0","19","13","1","10916","HSPG2"
"REAC","Apoptotic execution phase","REAC:R-HSA-75153","1","0","51","13","1","10916","PTK2"
"REAC","Apoptotic cleavage of cellular proteins","REAC:R-HSA-111465","1","0","37","13","1","10916","PTK2"
"REAC","Apoptosis","REAC:R-HSA-109581","1","0","176","13","1","10916","PTK2"
"REAC","Antigen processing: Ubiquitination & Proteasome degradation","REAC:R-HSA-983168","1","0","308","13","1","10916","UBA6"
"REAC","Cellular response to heat stress","REAC:R-HSA-3371556","1","0","87","13","1","10916","CRYAB"
"REAC","NCAM signaling for neurite out-growth","REAC:R-HSA-375165","1","0","59","13","1","10916","PTK2"
"REAC","NOTCH1 Intracellular Domain Regulates Transcription","REAC:R-HSA-2122947","1","0","46","13","1","10916","KAT2B"
"REAC","NOTCH3 Intracellular Domain Regulates Transcription","REAC:R-HSA-9013508","1","0","24","13","1","10916","KAT2B"
"REAC","NOTCH4 Intracellular Domain Regulates Transcription","REAC:R-HSA-9013695","1","0","20","13","1","10916","KAT2B"
"REAC","REACTOME root term","REAC:0000000","1","0","10916","13","13","10916","PRDM16,HSPG2,SP3,KAT2B,CACNA2D2,MECOM,GNRHR,UBA6,PTK2,ADM,CRYAB,PKP2,NFATC3"
"REAC","p130Cas linkage to MAPK signaling for integrins","REAC:R-HSA-372708","1","0","15","13","1","10916","PTK2"
"REAC","YAP1- and WWTR1 (TAZ)-stimulated gene expression","REAC:R-HSA-2032785","1","0","14","13","1","10916","KAT2B"
"REAC","Visual phototransduction","REAC:R-HSA-2187338","1","0","97","13","1","10916","HSPG2"
"REAC","Viral Infection Pathways","REAC:R-HSA-9824446","1","0","810","13","1","10916","HSPG2"
"REAC","VEGFA-VEGFR2 Pathway","REAC:R-HSA-4420097","1","0","94","13","1","10916","PTK2"
"REAC","Transmission across Chemical Synapses","REAC:R-HSA-112315","1","0","259","13","1","10916","CACNA2D2"
"REAC","Transcriptional regulation by RUNX3","REAC:R-HSA-8878159","1","0","95","13","1","10916","KAT2B"
"REAC","RUNX3 regulates NOTCH signaling","REAC:R-HSA-8941856","1","0","14","13","1","10916","KAT2B"
"REAC","RUNX1 regulates genes involved in megakaryocyte differentiation and platelet function","REAC:R-HSA-8936459","1","0","95","13","1","10916","KAT2B"
"REAC","RNA Polymerase II Transcription","REAC:R-HSA-73857","1","0","1356","13","1","10916","KAT2B"
"REAC","RNA Polymerase I Transcription Initiation","REAC:R-HSA-73762","1","0","47","13","1","10916","KAT2B"
"REAC","RNA Polymerase I Transcription","REAC:R-HSA-73864","1","0","110","13","1","10916","KAT2B"
"REAC","RNA Polymerase I Promoter Clearance","REAC:R-HSA-73854","1","0","109","13","1","10916","KAT2B"
"REAC","RHO GTPases Activate WASPs and WAVEs","REAC:R-HSA-5663213","1","0","35","13","1","10916","PTK2"
"REAC","RHO GTPase Effectors","REAC:R-HSA-195258","1","0","318","13","1","10916","PTK2"
"REAC","RAF/MAP kinase cascade","REAC:R-HSA-5673001","1","0","264","13","1","10916","PTK2"
"REAC","Protein ubiquitination","REAC:R-HSA-8852135","1","0","78","13","1","10916","UBA6"
"REAC","Programmed Cell Death","REAC:R-HSA-5357801","1","0","208","13","1","10916","PTK2"
"REAC","Presynaptic depolarization and calcium channel opening","REAC:R-HSA-112308","1","0","11","13","1","10916","CACNA2D2"
"REAC","Pre-NOTCH Transcription and Translation","REAC:R-HSA-1912408","1","0","92","13","1","10916","KAT2B"
"REAC","Pre-NOTCH Expression and Processing","REAC:R-HSA-1912422","1","0","108","13","1","10916","KAT2B"
"REAC","Regulation of FOXO transcriptional activity by acetylation","REAC:R-HSA-9617629","1","0","10","13","1","10916","KAT2B"
"REAC","Post-translational protein modification","REAC:R-HSA-597592","1","0","1440","13","3","10916","SP3,KAT2B,UBA6"
"REAC","Platelet activation, signaling and aggregation","REAC:R-HSA-76002","1","0","259","13","1","10916","PTK2"
"REAC","Platelet Aggregation (Plug Formation)","REAC:R-HSA-76009","1","0","38","13","1","10916","PTK2"
"REAC","Physiological factors","REAC:R-HSA-5578768","1","0","14","13","1","10916","KAT2B"
"REAC","Phase 2 - plateau phase","REAC:R-HSA-5576893","1","0","15","13","1","10916","CACNA2D2"
"REAC","Phase 0 - rapid depolarisation","REAC:R-HSA-5576892","1","0","32","13","1","10916","CACNA2D2"
"REAC","Parasitic Infection Pathways","REAC:R-HSA-9824443","1","0","215","13","1","10916","PTK2"
"REAC","Parasite infection","REAC:R-HSA-9664407","1","0","113","13","1","10916","PTK2"
"REAC","PTEN Regulation","REAC:R-HSA-6807070","1","0","138","13","1","10916","MECOM"
"REAC","PIP3 activates AKT signaling","REAC:R-HSA-1257604","1","0","253","13","1","10916","MECOM"
"REAC","Notch-HLH transcription pathway","REAC:R-HSA-350054","1","0","28","13","1","10916","KAT2B"
"REAC","Non-integrin membrane-ECM interactions","REAC:R-HSA-3000171","1","0","59","13","1","10916","HSPG2"
"REAC","Neuronal System","REAC:R-HSA-112316","1","0","400","13","1","10916","CACNA2D2"
"REAC","Netrin-1 signaling","REAC:R-HSA-373752","1","0","49","13","1","10916","PTK2"
"REAC","Nervous system development","REAC:R-HSA-9675108","1","0","574","13","1","10916","PTK2"
"REAC","Positive epigenetic regulation of rRNA expression","REAC:R-HSA-5250913","1","0","104","13","1","10916","KAT2B"
"REAC","Regulation of PTEN gene transcription","REAC:R-HSA-8943724","1","0","59","13","1","10916","MECOM"
"REAC","Regulation of beta-cell development","REAC:R-HSA-186712","1","0","39","13","1","10916","KAT2B"
"REAC","Transcriptional regulation by RUNX1","REAC:R-HSA-8878171","1","0","234","13","1","10916","KAT2B"
"REAC","Synthesis of active ubiquitin: roles of E1 and E2 enzymes","REAC:R-HSA-8866652","1","0","30","13","1","10916","UBA6"
"REAC","Signaling by the B Cell Receptor (BCR)","REAC:R-HSA-983705","1","0","163","13","1","10916","NFATC3"
"REAC","Signaling by VEGF","REAC:R-HSA-194138","1","0","104","13","1","10916","PTK2"
"REAC","Signaling by Rho GTPases, Miro GTPases and RHOBTB3","REAC:R-HSA-9716542","1","0","716","13","1","10916","PTK2"
"REAC","Signaling by Rho GTPases","REAC:R-HSA-194315","1","0","701","13","1","10916","PTK2"
"REAC","Signaling by Receptor Tyrosine Kinases","REAC:R-HSA-9006934","1","0","507","13","1","10916","PTK2"
"REAC","Signaling by Nuclear Receptors","REAC:R-HSA-9006931","1","0","290","13","2","10916","KAT2B,PTK2"
"REAC","Signaling by NOTCH4","REAC:R-HSA-9013694","1","0","81","13","1","10916","KAT2B"
"REAC","Signaling by NOTCH3","REAC:R-HSA-9012852","1","0","48","13","1","10916","KAT2B"
"REAC","Signaling by NOTCH1 in Cancer","REAC:R-HSA-2644603","1","0","57","13","1","10916","KAT2B"
"REAC","Signaling by NOTCH1 PEST Domain Mutants in Cancer","REAC:R-HSA-2644602","1","0","57","13","1","10916","KAT2B"
"REAC","Signaling by NOTCH1 HD+PEST Domain Mutants in Cancer","REAC:R-HSA-2894858","1","0","57","13","1","10916","KAT2B"
"REAC","Signaling by NOTCH1","REAC:R-HSA-1980143","1","0","72","13","1","10916","KAT2B"
"REAC","Regulation of actin dynamics for phagocytic cup formation","REAC:R-HSA-2029482","1","0","116","13","1","10916","PTK2"
"REAC","Signaling by NOTCH","REAC:R-HSA-157118","1","0","232","13","1","10916","KAT2B"
"REAC","Signaling by GPCR","REAC:R-HSA-372790","1","0","696","13","2","10916","GNRHR,ADM"
"REAC","Signal regulatory protein family interactions","REAC:R-HSA-391160","1","0","14","13","1","10916","PTK2"
"REAC","Signal Transduction","REAC:R-HSA-162582","1","0","2548","13","5","10916","KAT2B,MECOM,GNRHR,PTK2,ADM"
"REAC","Sensory processing of sound by inner hair cells of the cochlea","REAC:R-HSA-9662360","1","0","66","13","1","10916","CACNA2D2"
"REAC","Sensory processing of sound","REAC:R-HSA-9659379","1","0","74","13","1","10916","CACNA2D2"
"REAC","Sensory Perception","REAC:R-HSA-9709957","1","0","575","13","2","10916","HSPG2,CACNA2D2"
"REAC","SUMOylation of transcription factors","REAC:R-HSA-3232118","1","0","18","13","1","10916","SP3"
"REAC","SUMOylation","REAC:R-HSA-2990846","1","0","177","13","1","10916","SP3"
"REAC","SUMO E3 ligases SUMOylate target proteins","REAC:R-HSA-3108232","1","0","171","13","1","10916","SP3"
"REAC","SARS-CoV-2 Infection","REAC:R-HSA-9694516","1","0","292","13","1","10916","HSPG2"
"REAC","SARS-CoV Infections","REAC:R-HSA-9679506","1","0","459","13","1","10916","HSPG2"
"REAC","Retinoid metabolism and transport","REAC:R-HSA-975634","1","0","44","13","1","10916","HSPG2"
"REAC","Regulation of insulin secretion","REAC:R-HSA-422356","1","0","78","13","1","10916","CACNA2D2"
"REAC","Regulation of gene expression in late stage (branching morphogenesis) pancreatic bud precursor cells","REAC:R-HSA-210744","1","0","16","13","1","10916","KAT2B"
"REAC","Signaling by MET","REAC:R-HSA-6806834","1","0","76","13","1","10916","PTK2"
"WP","Cardiomyocyte signaling converging on titin","WP:WP5344","0.21603130795154027","0.6654833049356667","33","16","2","8722","MYPN,CRYAB"
"WP","PTF1A related regulatory pathway","WP:WP4147","1","0","11","16","1","8722","KAT2B"
"WP","Ethanol effects on histone modifications","WP:WP3996","1","0","31","16","1","8722","KAT2B"
"WP","Prion disease pathway","WP:WP3995","1","0","32","16","1","8722","PTK2"
"WP","Focal adhesion PI3K Akt mTOR signaling","WP:WP3932","1","0","302","16","1","8722","PTK2"
"WP","Chemokine signaling","WP:WP3929","1","0","165","16","1","8722","PTK2"
"WP","VEGFA VEGFR2 signaling","WP:WP3888","1","0","430","16","1","8722","PTK2"
"WP","MAPK signaling","WP:WP382","1","0","245","16","2","8722","CACNA2D2,NFATC3"
"WP","Physico chemical features and toxicity associated pathways","WP:WP3680","1","0","66","16","1","8722","PTK2"
"WP","TGF beta signaling pathway","WP:WP366","1","0","131","16","1","8722","PTK2"
"WP","MECP2 and associated Rett syndrome","WP:WP3584","1","0","73","16","1","8722","SP3"
"WP","Initiation of transcription and translation elongation at the HIV 1 LTR","WP:WP3414","1","0","32","16","1","8722","NFATC3"
"WP","FTO obesity variant mechanism","WP:WP3407","1","0","8","16","1","8722","PRDM16"
"WP","RAC1 PAK1 p38 MMP2 pathway","WP:WP3303","1","0","68","16","1","8722","PTK2"
"WP","MFAP5 mediated ovarian cancer cell motility and invasiveness","WP:WP3301","1","0","13","16","1","8722","PTK2"
"WP","Overview of nanoparticle effects","WP:WP3287","1","0","19","16","1","8722","PTK2"
"WP","Hepatocyte growth factor receptor signaling","WP:WP313","1","0","34","16","1","8722","PTK2"
"WP","Focal adhesion","WP:WP306","1","0","198","16","1","8722","PTK2"
"WP","Differentiation of white and brown adipocyte","WP:WP2895","1","0","25","16","1","8722","PRDM16"
"WP","Myometrial relaxation and contraction pathways","WP:WP289","1","0","154","16","1","8722","ADM"
"WP","Nuclear receptors meta pathway","WP:WP2882","1","0","313","16","1","8722","KAT2B"
"WP","Apoptosis related network due to altered Notch3 in ovarian cancer","WP:WP2864","1","0","53","16","1","8722","PTK2"
"WP","Complement system","WP:WP2806","1","0","94","16","1","8722","ADM"
"WP","Selenium metabolism and selenoproteins","WP:WP28","1","0","47","16","1","8722","SP3"
"WP","Notch signaling","WP:WP268","1","0","44","16","1","8722","KAT2B"
"WP","Nanoparticle mediated activation of receptor signaling","WP:WP2643","1","0","28","16","1","8722","PTK2"
"WP","Primary focal segmental glomerulosclerosis FSGS ","WP:WP2572","1","0","72","16","1","8722","PTK2"
"WP","Alpha 6 beta 4 signaling","WP:WP244","1","0","33","16","1","8722","PTK2"
"WP","Peptide GPCRs","WP:WP24","1","0","75","16","1","8722","GNRHR"
"WP","Corticotropin releasing hormone signaling","WP:WP2355","1","0","90","16","1","8722","PTK2"
"WP","White fat cell differentiation","WP:WP4149","1","0","32","16","1","8722","MECOM"
"WP","B cell receptor signaling","WP:WP23","1","0","92","16","1","8722","NFATC3"
"WP","PI3K Akt signaling","WP:WP4172","1","0","336","16","1","8722","PTK2"
"WP","Epithelial to mesenchymal transition in colorectal cancer","WP:WP4239","1","0","161","16","1","8722","PKP2"
"WP","Effect of dasatinib on the BCR ABL signaling pathway","WP:WP5493","1","0","45","16","1","8722","PTK2"
"WP","Inhibition of GNAQ regulated signaling in uveal melanoma","WP:WP5490","1","0","33","16","1","8722","PTK2"
"WP","Hallmark of cancer sustaining proliferative signaling","WP:WP5475","1","0","98","16","1","8722","PTK2"
"WP","Cancer pathways","WP:WP5434","1","0","505","16","2","8722","MECOM,PTK2"
"WP","8q11 23 RB1CC1 copy number variation","WP:WP5412","1","0","16","16","1","8722","PTK2"
"WP","15q11q13 copy number variation","WP:WP5407","1","0","57","16","1","8722","KAT2B"
"WP","10q22q23 copy number variation","WP:WP5402","1","0","64","16","1","8722","LDB3"
"WP","Macrophage stimulating protein MSP signaling","WP:WP5353","1","0","108","16","1","8722","PTK2"
"WP","TROP2 regulatory signaling","WP:WP5300","1","0","44","16","1","8722","PTK2"
"WP","Estradiol regulation in porto sinusoidal vascular disease","WP:WP5235","1","0","5","16","1","8722","SP3"
"WP","2q13 copy number variation syndrome","WP:WP5222","1","0","62","16","1","8722","PTK2"
"WP","NRP1 triggered signaling in pancreatic cancer ","WP:WP5144","1","0","53","16","1","8722","PTK2"
"WP","Network map of SARS CoV 2 signaling","WP:WP5115","1","0","253","16","1","8722","NFATC3"
"WP","Regulation of actin cytoskeleton","WP:WP51","1","0","149","16","1","8722","PTK2"
"WP","Pleural mesothelioma","WP:WP5087","1","0","435","16","1","8722","PTK2"
"WP","15q13 3 copy number variation syndrome","WP:WP4942","1","0","20","16","1","8722","KAT2B"
"WP","Overlap between signal transduction pathways contributing to LMNA laminopathies","WP:WP4879","1","0","57","16","1","8722","KAT2B"
"WP","Netrin UNC5B signaling","WP:WP4747","1","0","52","16","1","8722","PTK2"
"WP","Thyroid hormones production and peripheral downstream signaling effects","WP:WP4746","1","0","93","16","1","8722","PRDM16"
"WP","Hepatitis B infection","WP:WP4666","1","0","151","16","2","8722","HSPG2,NFATC3"
"WP","Gastrin signaling","WP:WP4659","1","0","114","16","1","8722","PTK2"
"WP","Small cell lung cancer","WP:WP4658","1","0","96","16","1","8722","PTK2"
"WP","Cancer immunotherapy by PD 1 blockade","WP:WP4585","1","0","23","16","1","8722","NFATC3"
"WP","MFAP5 effect on permeability and motility of endothelial cells via cytoskeleton rearrangement","WP:WP4560","1","0","18","16","1","8722","PTK2"
"WP","Hippo Merlin signaling dysregulation","WP:WP4541","1","0","120","16","1","8722","PTK2"
"WP","EGF EGFR signaling","WP:WP437","1","0","158","16","1","8722","PTK2"
"WP","Non genomic actions of 1 25 dihydroxyvitamin D3","WP:WP4341","1","0","74","16","1","8722","SP3"
"WP","Thermogenesis","WP:WP4321","1","0","108","16","1","8722","PRDM16"
"WP","Wnt signaling","WP:WP428","1","0","113","16","1","8722","NFATC3"
"WP","MET in type 1 papillary renal cell carcinoma","WP:WP4205","1","0","58","16","1","8722","PTK2"
"WP","Arrhythmogenic right ventricular cardiomyopathy","WP:WP2118","1","0","74","16","2","8722","CACNA2D2,PKP2"
"WP","Prolactin signaling","WP:WP2037","1","0","74","16","1","8722","PTK2"
"WP","Leptin signaling","WP:WP2034","1","0","71","16","1","8722","PTK2"
"WP","RANKL RANK signaling","WP:WP2018","1","0","50","16","1","8722","PTK2"
"WP","miR targeted genes in muscle cell","WP:WP2005","1","0","350","16","1","8722","SEC62"
"WP","miR targeted genes in lymphocytes","WP:WP2004","1","0","421","16","1","8722","SEC62"
"WP","Integrin mediated cell adhesion","WP:WP185","1","0","101","16","2","8722","PTK2,MYPN"
"WP","Heart development","WP:WP1591","1","0","47","16","1","8722","NFATC3"
"WP","Angiogenesis","WP:WP1539","1","0","24","16","1","8722","PTK2"
"WP","Androgen receptor signaling","WP:WP138","1","0","85","16","2","8722","KAT2B,PTK2"
"WP","GPCRs other","WP:WP117","1","0","96","16","1","8722","GNRHR"
"WP","WIKIPATHWAYS","WP:000000","1","0","8722","16","16","8722","PRDM16,HSPG2,NOS1AP,SP3,KAT2B,CACNA2D2,SEC62,MECOM,GNRHR,PTK2,MYPN,LDB3,ADM,CRYAB,PKP2,NFATC3"
"WP","ErbB signaling","WP:WP673","1","0","89","16","1","8722","PTK2"
"WP","Sudden infant death syndrome SIDS susceptibility pathways","WP:WP706","1","0","159","16","2","8722","NOS1AP,SP3"
"TF","Factor: Egr-2; motif: GNGRRNGWGKGGGNGGRG; match class: 1","TF:M09898_1","0.021892386032819865","1.6597069024605862","2664","20","11","20044","PRDM16,HSPG2,SP3,KAT2B,CACNA2D2,MECOM,PTP4A3,TMEM245,CRYAB,PKP2,NFATC3"
"TF","Factor: Egr-1; motif: NNNNNGYGKGGGNGGGNN; match class: 1","TF:M09603_1","0.05400574988435801","1.267559999249057","1378","20","8","20044","HSPG2,SP3,KAT2B,CACNA2D2,MECOM,PTP4A3,CRYAB,PKP2"
"TF","Factor: SP1:SP3; motif: CCSCCCCCYCC; match class: 1","TF:M01219_1","0.08064002616182278","1.0934493400015581","3048","20","11","20044","PRDM16,HSPG2,NOS1AP,KAT2B,CACNA2D2,SEC62,PTP4A3,PTK2,TMEM245,PKP2,NFATC3"
"TF","Factor: PATZ1; motif: SCNCCNCNSCCCCCASCCN","TF:M12648","0.10526321752172492","0.9777233592800344","4510","20","13","20044","PRDM16,HSPG2,SP3,KAT2B,CACNA2D2,MECOM,PTP4A3,TMEM245,ADM,CRYAB,PKP2,NFATC3,MYO18B"
"TF","Factor: MAZ; motif: NKGGGAGGGGRGGR; match class: 1","TF:M02023_1","0.14094629504108125","0.8509463356445379","3232","20","11","20044","PRDM16,HSPG2,SP3,KAT2B,CACNA2D2,SEC62,MECOM,PTP4A3,TMEM245,ADM,NFATC3"
"TF","Factor: WT1; motif: NNGGGNGGGSGN; match class: 1","TF:M07436_1","0.20314487279678023","0.6921941344213299","2735","20","10","20044","PRDM16,SP3,KAT2B,CACNA2D2,MECOM,PTP4A3,TMEM245,ADM,PKP2,NFATC3"
"TF","Factor: EZI; motif: GGGGAGGGGRRGGRGRRGGRRR","TF:M10151","0.22903403601610794","0.6400999737491947","2201","20","9","20044","PRDM16,NOS1AP,SP3,KAT2B,MECOM,PTP4A3,ADM,CRYAB,MYO18B"
"TF","Factor: Sp1; motif: RGGGMGGRGSNGGGG; match class: 1","TF:M10529_1","0.3695590904351142","0.43231611045417095","2933","20","10","20044","PRDM16,HSPG2,SP3,KAT2B,MECOM,PTP4A3,TMEM245,ADM,PKP2,NFATC3"
"TF","Factor: ZNF383; motif: SSNGGGMGGNGSNGGS; match class: 1","TF:M12703_1","0.5942158375420983","0.22605577719496306","4496","20","12","20044","PRDM16,HSPG2,NOS1AP,SP3,KAT2B,CACNA2D2,MECOM,PTP4A3,PTK2,ADM,PKP2,NFATC3"
"TF","Factor: PRDM1; motif: TCACTTTCWC","TF:M09818","0.9102324851655408","0.04084766907530426","1082","20","6","20044","PRDM16,HSPG2,SP3,KAT2B,MECOM,MYO18B"
"TF","Factor: KLF15; motif: RGGGMGGRGNNGGGGGNGG","TF:M09968","0.9575289037357753","0.01884810765333986","3285","20","10","20044","PRDM16,NOS1AP,SP3,KAT2B,CACNA2D2,SEC62,MECOM,PTP4A3,CRYAB,PKP2"
"TF","Factor: TCF4; motif: NNGCACCTGCNNN","TF:M12564","1","0","1299","20","1","20044","PKP2"
"TF","Factor: TFEA; motif: YRCACGTGACN; match class: 1","TF:M11090_1","1","0","3458","20","3","20044","HSPG2,PTP4A3,NFATC3"
"TF","Factor: T-box; motif: NASGTGTNAN","TF:M12021","1","0","4395","20","2","20044","TMEM245,PKP2"
"TF","Factor: TFE3; motif: GTCACGTGAC","TF:M13041","1","0","4250","20","2","20044","UBA6,NFATC3"
"TF","Factor: T-box; motif: NASGTGTNAN; match class: 1","TF:M12021_1","1","0","578","20","1","20044","TMEM245"
"TF","Factor: TFE3; motif: GTCACGTGAC; match class: 1","TF:M13041_1","1","0","4189","20","2","20044","UBA6,NFATC3"
"TF","Factor: TEAD1; motif: NNACATTCCAGNN","TF:M12500","1","0","6043","20","7","20044","PRDM16,SEC62,PTP4A3,MYPN,ADM,CRYAB,MYO18B"
"TF","Factor: TFEA; motif: RGTCACGTGA","TF:M10100","1","0","6186","20","4","20044","UBA6,TMEM245,ADM,NFATC3"
"TF","Factor: T-box; motif: NAGGTGTNAN","TF:M12022","1","0","1150","20","1","20044","TMEM245"
"TF","Factor: Tbx5; motif: YMTYCTCWCACYTGN","TF:M03856","1","0","195","20","2","20044","UBA6,TMEM245"
"TF","Factor: TEF-1; motif: NRCATWCCN; match class: 1","TF:M12042_1","1","0","836","20","1","20044","MYO18B"
"TF","Factor: TEF-1; motif: CRCATWCCN; match class: 1","TF:M12041_1","1","0","691","20","1","20044","MYO18B"
"TF","Factor: TEF-1; motif: CRCATWCCN","TF:M12041","1","0","4809","20","5","20044","SP3,SEC62,PTP4A3,CRYAB,MYO18B"
"TF","Factor: TFEA; motif: RGTCACGTGA; match class: 1","TF:M10100_1","1","0","2032","20","2","20044","UBA6,NFATC3"
"TF","Factor: TCFL5; motif: KCACGCGCNC","TF:M11078","1","0","1519","20","2","20044","CACNA2D2,PTK2"
"TF","Factor: TCFL5; motif: KCACGCGCMC","TF:M11077","1","0","1030","20","1","20044","CACNA2D2"
"TF","Factor: TCF7; motif: NNCTTTGAWNN","TF:M12558","1","0","2079","20","3","20044","MECOM,TMEM245,MYPN"
"TF","Factor: TCF11:MafG; motif: NNNNNATGACTCAGCANTTNNG","TF:M00284","1","0","4491","20","5","20044","KAT2B,SEC62,MYPN,LDB3,ADM"
"TF","Factor: TCF-1; motif: ACATCGRGRCGCTGW; match class: 1","TF:M11603_1","1","0","13544","20","14","20044","PRDM16,HSPG2,NOS1AP,SP3,KAT2B,CACNA2D2,SEC62,MECOM,PTK2,TMEM245,ADM,PKP2,NFATC3,MYO18B"
"TF","Factor: TEF-1; motif: NRCATWCCN","TF:M12042","1","0","5294","20","6","20044","NOS1AP,SP3,GNRHR,PTP4A3,MYPN,MYO18B"
"TF","Factor: TEAD1; motif: NNACATTCCAGNN; match class: 1","TF:M12500_1","1","0","1134","20","2","20044","SEC62,CRYAB"
"TF","Factor: Tbx5; motif: AGGTGTKA","TF:M04137","1","0","2107","20","1","20044","TMEM245"
"TF","Factor: Tbx5; motif: TNAGGTGTKV; match class: 1","TF:M01020_1","1","0","4183","20","5","20044","HSPG2,NOS1AP,UBA6,TMEM245,CRYAB"
"TF","Factor: Tbx3; motif: AGGTGTNR","TF:M08786","1","0","3787","20","1","20044","TMEM245"
"TF","Factor: Tbx3; motif: AGGTGTNR; match class: 1","TF:M08786_1","1","0","462","20","1","20044","TMEM245"
"TF","Factor: Tbx3; motif: NRAGGTGNNAR","TF:M10090","1","0","5116","20","5","20044","NOS1AP,KAT2B,SEC62,PTP4A3,TMEM245"
"TF","Factor: TFE3; motif: NNCACGTGAY; match class: 1","TF:M04193_1","1","0","703","20","1","20044","NFATC3"
"TF","Factor: TFII-I; motif: RGAGGKAGG; match class: 1","TF:M00706_1","1","0","1635","20","4","20044","SP3,CACNA2D2,MECOM,PTK2"
"TF","Factor: TEF-3:Dlx-2; motif: RMATWCYNNNYAATTA","TF:M08632","1","0","598","20","2","20044","GNRHR,MYO18B"
"TF","Factor: TFEA; motif: NNCATGTGACN","TF:M11089","1","0","881","20","2","20044","UBA6,TMEM245"
"TF","Factor: Tbx3; motif: NAGGTGTGAN","TF:M12023","1","0","677","20","1","20044","TMEM245"
"TF","Factor: TEF-3:C/EBPdelta; motif: RGWATGYNRTTRCGYAAY; match class: 1","TF:M08413_1","1","0","1650","20","1","20044","MYO18B"
"TF","Factor: Tbx3; motif: NAGGTGTSAN","TF:M12024","1","0","4554","20","3","20044","PTP4A3,TMEM245,CRYAB"
"TF","Factor: TBX4; motif: AGGTGTGA","TF:M04135","1","0","2107","20","1","20044","TMEM245"
"TF","Factor: TEF-3:C/EBPdelta; motif: RGWATGYNRTTRCGYAAY","TF:M08413","1","0","6175","20","4","20044","NOS1AP,GNRHR,NFATC3,MYO18B"
"TF","Factor: TFEA; motif: YRCACGTGACN","TF:M11090","1","0","6290","20","4","20044","HSPG2,PTP4A3,LDB3,NFATC3"
"TF","Factor: Tbx5; motif: NNAGGTGTNANN","TF:M01019","1","0","5917","20","4","20044","KAT2B,CACNA2D2,TMEM245,CRYAB"
"TF","Factor: Tbx5; motif: NNAGGTGTNANN; match class: 1","TF:M01019_1","1","0","1131","20","2","20044","TMEM245,CRYAB"
"TF","Factor: TEF-3:C/EBPbeta; motif: RTTGCGYAAYNNNNNGGAATGY","TF:M08626","1","0","7129","20","6","20044","PRDM16,HSPG2,KAT2B,GNRHR,UBA6,MYO18B"
"TF","Factor: TEAD3; motif: RCATTCCW","TF:M04144","1","0","1230","20","3","20044","SEC62,CRYAB,MYO18B"
"TF","Factor: TEAD2; motif: NNACATTCCWNNN","TF:M09788","1","0","554","20","1","20044","MYO18B"
"TF","Factor: Tbx5; motif: TNAGGTGTKV","TF:M01020","1","0","11277","20","10","20044","HSPG2,NOS1AP,KAT2B,CACNA2D2,UBA6,TMEM245,LDB3,CRYAB,PKP2,MYO18B"
"TF","Factor: TCF-1; motif: ACATCGRGRCGCTGW","TF:M11603","1","0","16683","20","16","20044","PRDM16,HSPG2,NOS1AP,SP3,KAT2B,CACNA2D2,SEC62,MECOM,UBA6,PTK2,TMEM245,ADM,CRYAB,PKP2,NFATC3,MYO18B"
"TF","Factor: ITF-2; motif: NCACCTGC","TF:M11156","1","0","1560","20","1","20044","LDB3"
"TF","Factor: HTF4; motif: NSCAGSTGKG","TF:M09951","1","0","1880","20","3","20044","MECOM,PTP4A3,ADM"
"TF","Factor: TCF-1; motif: ACATCGRGRCGCTGW; match class: 1","TF:M11601_1","1","0","11404","20","14","20044","PRDM16,HSPG2,NOS1AP,SP3,KAT2B,CACNA2D2,SEC62,MECOM,PTK2,TMEM245,ADM,PKP2,NFATC3,MYO18B"
"TF","Factor: TFIIA; motif: TMTRWRAGGRSS","TF:M00707","1","0","442","20","1","20044","CRYAB"
"TF","Factor: TFE; motif: TCATGTGN","TF:M01029","1","0","930","20","1","20044","UBA6"
"TF","Factor: TCF-4; motif: NCTTTGATS","TF:M04775","1","0","2505","20","1","20044","TMEM245"
"TF","Factor: TCF-3; motif: ASATCAAAG","TF:M11615","1","0","895","20","1","20044","TMEM245"
"TF","Factor: TCF-3; motif: ASATCAAAG","TF:M11613","1","0","1402","20","3","20044","MECOM,TMEM245,MYPN"
"TF","Factor: TCF-3; motif: NNNCTTTGAWSTN","TF:M10095","1","0","1942","20","3","20044","MECOM,TMEM245,MYPN"
"TF","Factor: TCF-4; motif: NNWTCAAAGN","TF:M04633","1","0","2647","20","1","20044","MECOM"
"TF","Factor: TCF-4; motif: ATCAAAGNNN","TF:M02033","1","0","647","20","1","20044","GNRHR"
"TF","Factor: TFEB; motif: RNCACGTGAC","TF:M04194","1","0","1481","20","1","20044","NFATC3"
"TF","Factor: TCF-4; motif: SCTTTGAW; match class: 1","TF:M00671_1","1","0","426","20","1","20044","GNRHR"
"TF","Factor: TCF-4; motif: NNNCTTTGAWSTN","TF:M09669","1","0","2259","20","3","20044","MECOM,TMEM245,MYPN"
"TF","Factor: TCF-4; motif: SCTTTGAW","TF:M00671","1","0","3657","20","1","20044","GNRHR"
"TF","Factor: TCF-4; motif: NCCTTTGATSTNN","TF:M10096","1","0","1444","20","1","20044","TMEM245"
"TF","Factor: TEF-3:Dlx-3; motif: RCATWCCNNNYAATTA","TF:M08635","1","0","237","20","1","20044","MYO18B"
"TF","Factor: TFEC; motif: RNCACRTGAY; match class: 1","TF:M04571_1","1","0","591","20","1","20044","NFATC3"
"TF","Factor: tcfec; motif: NNCATGTGACN","TF:M11087","1","0","216","20","1","20044","UBA6"
"TF","Factor: ITF-2; motif: NCACCTGN","TF:M11155","1","0","3056","20","5","20044","KAT2B,PTP4A3,TMEM245,LDB3,PKP2"
"TF","Factor: TCF4; motif: NNCTTTGATSTN","TF:M12674","1","0","1304","20","1","20044","TMEM245"
"TF","Factor: TCF-4; motif: NCTTTGATS","TF:M01705","1","0","1894","20","1","20044","TMEM245"
"TF","Factor: TFIIB; motif: SASTATRWAAG","TF:M01739","1","0","952","20","1","20044","MYPN"
"TF","Factor: TFIIB; motif: YTNTMTGMSN","TF:M08904","1","0","6740","20","10","20044","NOS1AP,SP3,CACNA2D2,GNRHR,UBA6,PTP4A3,TMEM245,ADM,CRYAB,MYO18B"
"TF","Factor: TFEB; motif: RTCACGTGAY; match class: 1","TF:M01768_1","1","0","465","20","1","20044","NFATC3"
"TF","Factor: HTF4; motif: NCACCTGN","TF:M11157","1","0","1874","20","2","20044","CACNA2D2,PTP4A3"
"TF","Factor: TCF-1; motif: CTTTGW","TF:M03857","1","0","13420","20","13","20044","HSPG2,SP3,KAT2B,SEC62,GNRHR,UBA6,TMEM245,MYPN,LDB3,CRYAB,PKP2,NFATC3,MYO18B"
"TF","Factor: TCF-1; motif: CTTTGW; match class: 1","TF:M03857_1","1","0","6611","20","6","20044","SEC62,UBA6,MYPN,LDB3,CRYAB,PKP2"
"TF","Factor: TFEA; motif: NNNNSNGGTCACGTGACN","TF:M12678","1","0","1703","20","1","20044","NFATC3"
"TF","Factor: TFII-I; motif: RGAGGKAGG","TF:M00706","1","0","5827","20","5","20044","SP3,KAT2B,CACNA2D2,MECOM,PTK2"
"TF","Factor: TCF-1; motif: NNNSWWCAAAGN","TF:M07433","1","0","5759","20","4","20044","GNRHR,TMEM245,PKP2,MYO18B"
"TF","Factor: TCF-3; motif: NCTTTGWTNTKYW","TF:M01594","1","0","4840","20","3","20044","MECOM,GNRHR,MYPN"
"TF","Factor: TCF-3; motif: NCTTTGWTNTKYW; match class: 1","TF:M01594_1","1","0","836","20","1","20044","MYPN"
"TF","Factor: TCF-3; motif: CTTTGA","TF:M03858","1","0","12215","20","10","20044","HSPG2,NOS1AP,MECOM,GNRHR,UBA6,TMEM245,MYPN,ADM,CRYAB,MYO18B"
"TF","Factor: TFEA; motif: GYCASVTGACYN","TF:M03890","1","0","2605","20","4","20044","SEC62,UBA6,CRYAB,NFATC3"
"TF","Factor: TCF-1; motif: ACATCGRGRCGCTGW","TF:M11601","1","0","15178","20","15","20044","PRDM16,HSPG2,NOS1AP,SP3,KAT2B,CACNA2D2,SEC62,MECOM,PTP4A3,PTK2,TMEM245,ADM,PKP2,NFATC3,MYO18B"
"TF","Factor: TCF-1; motif: ASATCAAAG","TF:M11600","1","0","3560","20","3","20044","MECOM,TMEM245,MYPN"
"TF","Factor: TCF7RELATED; motif: NANNWWCAAAGN","TF:M08902","1","0","3172","20","1","20044","KAT2B"
"TF","Factor: TCF-3; motif: CTTTGA; match class: 1","TF:M03858_1","1","0","5610","20","2","20044","GNRHR,MYO18B"
"TF","Factor: TCF-4; motif: NNASATCAAAGNNN","TF:M07136","1","0","1879","20","3","20044","MECOM,TMEM245,MYPN"
"TF","Factor: TCF3; motif: DCATCAAAGB","TF:M08901","1","0","2896","20","2","20044","NOS1AP,GNRHR"
"TF","Factor: TFIIB; motif: YTNTMTGMSN; match class: 1","TF:M08904_1","1","0","1451","20","2","20044","ADM,CRYAB"
"TF","Factor: TFEA; motif: GYCASVTGACYN; match class: 1","TF:M03890_1","1","0","601","20","1","20044","UBA6"
"TF","Factor: TFEB; motif: RTCACGTGAY","TF:M01768","1","0","465","20","1","20044","NFATC3"
"TF","Factor: TCF-1; motif: ASATCAAAG","TF:M11602","1","0","7063","20","5","20044","SEC62,MECOM,PTP4A3,TMEM245,MYPN"
"TF","Factor: TFEC; motif: RNCACRTGAY","TF:M04571","1","0","1665","20","1","20044","NFATC3"
"TF","Factor: TEF-3:E2A; motif: NCAGSTGNGWATGYN; match class: 1","TF:M08438_1","1","0","1130","20","1","20044","NOS1AP"
"TF","Factor: TEF-3:Prrxl1; motif: GGNATGYTAATTN","TF:M08414","1","0","175","20","1","20044","MYO18B"
"TF","Factor: AP-4; motif: NNCAGCTGNN; match class: 1","TF:M11212_1","1","0","2897","20","7","20044","CACNA2D2,SEC62,MECOM,UBA6,MYPN,LDB3,MYO18B"
"TF","Factor: TFAP2C; motif: NGCCCNNRGGCA","TF:M04152","1","0","7897","20","11","20044","PRDM16,HSPG2,SP3,KAT2B,CACNA2D2,SEC62,PTP4A3,LDB3,PKP2,NFATC3,MYO18B"
"TF","Factor: AP-4; motif: AHCATRTGKT","TF:M11213","1","0","4231","20","5","20044","CACNA2D2,GNRHR,MYPN,PKP2,MYO18B"
"TF","Factor: AP-2gamma:Max; motif: NNSCCYNRGGSNNNNCACGTGN","TF:M08664","1","0","2368","20","2","20044","CACNA2D2,PKP2"
"TF","Factor: AP-2gamma:HES-7; motif: NNCACGYGNNNNNNSCCNNNGGS","TF:M08662","1","0","2017","20","2","20044","SP3,PKP2"
"TF","Factor: AP-2gamma:Elk-1; motif: NGCCKNRGGSGRCGGAAGTG; match class: 1","TF:M08441_1","1","0","13081","20","14","20044","PRDM16,SP3,KAT2B,CACNA2D2,SEC62,UBA6,PTK2,TMEM245,LDB3,ADM,CRYAB,PKP2,NFATC3,MYO18B"
"TF","Factor: AP-4; motif: AHCATRTGKT; match class: 1","TF:M11213_1","1","0","3092","20","3","20044","CACNA2D2,MYPN,PKP2"
"TF","Factor: AP-2gamma:Elk-1; motif: NGCCKNRGGSGRCGGAAGTG","TF:M08441","1","0","16725","20","19","20044","PRDM16,HSPG2,NOS1AP,SP3,KAT2B,CACNA2D2,SEC62,GNRHR,UBA6,PTP4A3,PTK2,TMEM245,MYPN,LDB3,ADM,CRYAB,PKP2,NFATC3,MYO18B"
"TF","Factor: AP-2gamma:E2F-8; motif: NTTCCCGCNNSCCCSMGGC","TF:M08440","1","0","1254","20","2","20044","HSPG2,SP3"
"TF","Factor: AP-2gamma:Prrxl1; motif: SCCYSAGGSNNYAATTA","TF:M08439","1","0","57","20","1","20044","SP3"
"TF","Factor: AP-2gamma:Dlx-3; motif: NSCCYNNRGGCANNNNYAATTA","TF:M08660","1","0","3619","20","1","20044","HSPG2"
"TF","Factor: AP4; motif: NMNCAGCTGGN","TF:M12580","1","0","5944","20","12","20044","KAT2B,CACNA2D2,SEC62,MECOM,UBA6,PTP4A3,MYPN,LDB3,ADM,CRYAB,PKP2,MYO18B"
"TF","Factor: AP2BETA; motif: SCCYCAGGSNN; match class: 1","TF:M13137_1","1","0","4516","20","8","20044","HSPG2,KAT2B,SEC62,UBA6,PTP4A3,PTK2,LDB3,CRYAB"
"TF","Factor: TFAP2C; motif: NGCCCNNRGGCA; match class: 1","TF:M04152_1","1","0","5680","20","9","20044","PRDM16,HSPG2,SP3,CACNA2D2,SEC62,PTP4A3,LDB3,PKP2,NFATC3"
"TF","Factor: AP2BETA; motif: SCCYCAGGSNN","TF:M13137","1","0","10658","20","13","20044","PRDM16,HSPG2,KAT2B,SEC62,MECOM,UBA6,PTP4A3,PTK2,TMEM245,LDB3,ADM,CRYAB,NFATC3"
"TF","Factor: AP-2beta; motif: NSCCNNNGGSN","TF:M11478","1","0","10221","20","16","20044","PRDM16,HSPG2,NOS1AP,SP3,KAT2B,CACNA2D2,MECOM,PTP4A3,PTK2,TMEM245,LDB3,ADM,CRYAB,PKP2,NFATC3,MYO18B"
"TF","Factor: AP-2beta; motif: NSCCYNRGGSN; match class: 1","TF:M11477_1","1","0","7101","20","10","20044","HSPG2,SP3,KAT2B,CACNA2D2,SEC62,UBA6,PTP4A3,PTK2,CRYAB,MYO18B"
"TF","Factor: AP4; motif: NMNCAGCTGGN; match class: 1","TF:M12580_1","1","0","1362","20","2","20044","CACNA2D2,PTP4A3"
"TF","Factor: CP2; motif: AACCGGTTNNAACCGGTT","TF:M11485","1","0","7126","20","8","20044","KAT2B,MECOM,PTP4A3,LDB3,ADM,CRYAB,PKP2,NFATC3"
"TF","Factor: CP2; motif: AACCGGTTNNAACCGGTT; match class: 1","TF:M11485_1","1","0","6327","20","7","20044","KAT2B,MECOM,PTP4A3,LDB3,ADM,PKP2,NFATC3"
"TF","Factor: AP-2beta; motif: NSCCYNRGGSN","TF:M11477","1","0","8436","20","11","20044","HSPG2,SP3,KAT2B,CACNA2D2,SEC62,MECOM,UBA6,PTP4A3,PTK2,CRYAB,MYO18B"
"TF","Factor: TFAP2B; motif: NGCCCNNRGGCA; match class: 1","TF:M04149_1","1","0","1433","20","2","20044","SP3,CACNA2D2"
"TF","Factor: TFAP2B; motif: NGCCCNNRGGCA","TF:M04149","1","0","2373","20","4","20044","SP3,CACNA2D2,SEC62,NFATC3"
"TF","Factor: TFAP2A; motif: NNNGCCTCAGGCNN; match class: 1","TF:M12485_1","1","0","1498","20","3","20044","SEC62,UBA6,PTK2"
"TF","Factor: TFAP2A; motif: NNNGCCTCAGGCNN","TF:M12485","1","0","6459","20","7","20044","SP3,SEC62,UBA6,PTK2,TMEM245,NFATC3,MYO18B"
"TF","Factor: CP2; motif: AACCGGTTNNAACCGGTT","TF:M11486","1","0","3733","20","4","20044","KAT2B,MECOM,PTP4A3,LDB3"
"TF","Factor: AP-2alpha; motif: NGCCTSAGGCN; match class: 1","TF:M11480_1","1","0","5972","20","7","20044","PRDM16,SP3,KAT2B,PTP4A3,PTK2,CRYAB,NFATC3"
"TF","Factor: CP2; motif: AACCGGTTNNAACCGGTT; match class: 1","TF:M11486_1","1","0","3023","20","2","20044","MECOM,PTP4A3"
"TF","Factor: AP-2beta; motif: NSCCNNNGGSN; match class: 1","TF:M11478_1","1","0","8261","20","11","20044","PRDM16,SP3,KAT2B,CACNA2D2,PTP4A3,PTK2,TMEM245,LDB3,ADM,CRYAB,MYO18B"
"TF","Factor: AP-2alpha; motif: NGCCTSAGGCN","TF:M11480","1","0","6321","20","10","20044","PRDM16,HSPG2,SP3,KAT2B,CACNA2D2,PTP4A3,PTK2,CRYAB,NFATC3,MYO18B"
"TF","Factor: AP-4; motif: NNCAGCTGNN","TF:M11212","1","0","2975","20","7","20044","CACNA2D2,SEC62,MECOM,UBA6,MYPN,LDB3,MYO18B"
"TF","Factor: AP-4; motif: ANCATATGNT; match class: 1","TF:M11211_1","1","0","2368","20","3","20044","CACNA2D2,MYPN,PKP2"
"TF","Factor: Tcfap2e; motif: TGCCCYNNGGCN","TF:M11476","1","0","2354","20","1","20044","PTP4A3"
"TF","Factor: AP-2gamma; motif: NSCCYNNRGSN; match class: 1","TF:M11482_1","1","0","2120","20","1","20044","CACNA2D2"
"TF","Factor: AP-2gamma; motif: NSCCYNNRGSN","TF:M11482","1","0","6886","20","11","20044","HSPG2,NOS1AP,SP3,CACNA2D2,SEC62,MECOM,PTP4A3,PTK2,TMEM245,CRYAB,MYO18B"
"TF","Factor: AP-4:ER81; motif: RSCGGAAGCAGSTGNN","TF:M08443","1","0","10955","20","10","20044","PRDM16,KAT2B,CACNA2D2,SEC62,GNRHR,UBA6,PTP4A3,LDB3,CRYAB,PKP2"
"TF","Factor: AP-2gamma; motif: NSCCYNRGGSN; match class: 1","TF:M11481_1","1","0","4788","20","4","20044","SEC62,UBA6,PTK2,CRYAB"
"TF","Factor: AP-2gamma; motif: NSCCYNRGGSN","TF:M11481","1","0","4992","20","4","20044","SEC62,UBA6,PTK2,CRYAB"
"TF","Factor: AP-2gamma; motif: NTGSCCTGRGGSNN; match class: 1","TF:M09591_1","1","0","2893","20","4","20044","SEC62,PTP4A3,PTK2,CRYAB"
"TF","Factor: AP-2gamma; motif: NTGSCCTGRGGSNN","TF:M09591","1","0","8575","20","9","20044","KAT2B,SEC62,UBA6,PTP4A3,PTK2,TMEM245,LDB3,ADM,CRYAB"
"TF","Factor: AP-2gamma; motif: NNNNSCCYCAGGSCN","TF:M07137","1","0","1214","20","1","20044","LDB3"
"TF","Factor: TFAP2C; motif: NGCCTNAGGCN; match class: 1","TF:M04154_1","1","0","1546","20","1","20044","PTP4A3"
"TF","Factor: AP-4:ER81; motif: RSCGGAAGCAGSTGNN; match class: 1","TF:M08443_1","1","0","4104","20","5","20044","PRDM16,KAT2B,CACNA2D2,PTP4A3,LDB3"
"TF","Factor: AP-4:Fli-1; motif: RSCGGAWRCAGSTGN","TF:M08445","1","0","9757","20","13","20044","PRDM16,HSPG2,KAT2B,CACNA2D2,SEC62,GNRHR,UBA6,PTP4A3,MYPN,LDB3,CRYAB,PKP2,NFATC3"
"TF","Factor: AP-4:Fli-1; motif: RSCGGAWRCAGSTGN; match class: 1","TF:M08445_1","1","0","3183","20","4","20044","KAT2B,CACNA2D2,PTP4A3,LDB3"
"TF","Factor: TFAP2C; motif: NGCCTNAGGCN","TF:M04154","1","0","3335","20","3","20044","KAT2B,PTP4A3,CRYAB"
"TF","Factor: AP-4:Max; motif: NCAGCTGNNNNNNNCACGTGN","TF:M08674","1","0","11747","20","11","20044","PRDM16,HSPG2,SEC62,MECOM,PTP4A3,PTK2,MYPN,LDB3,ADM,PKP2,MYO18B"
"TF","Factor: TFAP4; motif: AWCAGCTGWT","TF:M04192","1","0","5354","20","9","20044","CACNA2D2,SEC62,MECOM,UBA6,TMEM245,MYPN,LDB3,CRYAB,MYO18B"
"TF","Factor: TFAP4; motif: AWCAGCTGWT; match class: 1","TF:M04192_1","1","0","4147","20","7","20044","CACNA2D2,SEC62,MECOM,UBA6,MYPN,LDB3,MYO18B"
"TF","Factor: AP-4; motif: AWCAGCTGWT","TF:M11206","1","0","7378","20","11","20044","KAT2B,CACNA2D2,SEC62,MECOM,UBA6,TMEM245,MYPN,LDB3,CRYAB,NFATC3,MYO18B"
"TF","Factor: AP-4; motif: AWCAGCTGWT; match class: 1","TF:M11206_1","1","0","7378","20","11","20044","KAT2B,CACNA2D2,SEC62,MECOM,UBA6,TMEM245,MYPN,LDB3,CRYAB,NFATC3,MYO18B"
"TF","Factor: AP-4; motif: ANCATATGNT","TF:M11207","1","0","3280","20","3","20044","CACNA2D2,MYPN,PKP2"
"TF","Factor: AP-4; motif: ANCATATGNT; match class: 1","TF:M11207_1","1","0","2373","20","3","20044","CACNA2D2,MYPN,PKP2"
"TF","Factor: AP-4; motif: AWCAGCTGWT","TF:M11208","1","0","4209","20","7","20044","CACNA2D2,SEC62,MECOM,UBA6,MYPN,LDB3,MYO18B"
"TF","Factor: AP-4; motif: AWCAGCTGWT; match class: 1","TF:M11208_1","1","0","3884","20","7","20044","CACNA2D2,SEC62,MECOM,UBA6,MYPN,LDB3,MYO18B"
"TF","Factor: AP-4; motif: ANCATATGNT","TF:M11209","1","0","3712","20","5","20044","CACNA2D2,GNRHR,MYPN,PKP2,MYO18B"
"TF","Factor: AP-4; motif: ANCATATGNT; match class: 1","TF:M11209_1","1","0","2785","20","4","20044","CACNA2D2,GNRHR,MYPN,PKP2"
"TF","Factor: AP-4; motif: AWCAGCTGWT","TF:M11210","1","0","4660","20","8","20044","CACNA2D2,SEC62,MECOM,UBA6,MYPN,LDB3,CRYAB,MYO18B"
"TF","Factor: AP-4; motif: AWCAGCTGWT; match class: 1","TF:M11210_1","1","0","4660","20","8","20044","CACNA2D2,SEC62,MECOM,UBA6,MYPN,LDB3,CRYAB,MYO18B"
"TF","Factor: AP-4; motif: ANCATATGNT","TF:M11211","1","0","3192","20","4","20044","CACNA2D2,GNRHR,MYPN,PKP2"
"TF","Factor: AP-4:Max; motif: NCAGCTGNNNNNNNCACGTGN; match class: 1","TF:M08674_1","1","0","5702","20","5","20044","HSPG2,MECOM,LDB3,PKP2,MYO18B"
"TF","Factor: TFE3; motif: NNCACGTGAY","TF:M04193","1","0","2297","20","1","20044","NFATC3"
"TF","Factor: AP-2alpha; motif: NGCCTNAGGCN; match class: 1","TF:M11479_1","1","0","3703","20","2","20044","SEC62,UBA6"
"TF","Factor: AP-2alpha; motif: NTNSCCTGRGGSNAN; match class: 1","TF:M09590_1","1","0","1035","20","1","20044","PTP4A3"
"TF","Factor: TEF-3; motif: GNTATTTTT","TF:M07270","1","0","10285","20","12","20044","KAT2B,SEC62,MECOM,GNRHR,UBA6,TMEM245,MYPN,LDB3,CRYAB,PKP2,NFATC3,MYO18B"
"TF","Factor: TEF3; motif: NNSCWGGAATGYNN","TF:M12677","1","0","39","20","1","20044","MYO18B"
"TF","Factor: TEF-3; motif: RCATTCCWGNNNN","TF:M10093","1","0","1732","20","4","20044","SEC62,MYPN,CRYAB,MYO18B"
"TF","Factor: TEF-3; motif: RCATTCCWGNNNN","TF:M09667","1","0","1063","20","2","20044","MYPN,MYO18B"
"TF","Factor: TEF-1; motif: ACATTCCWSNN; match class: 1","TF:M07340_1","1","0","459","20","1","20044","MYPN"
"TF","Factor: TEF-1; motif: ACATTCCWSNN","TF:M07340","1","0","3950","20","9","20044","HSPG2,NOS1AP,SEC62,PTP4A3,MYPN,LDB3,ADM,CRYAB,MYO18B"
"TF","Factor: TEF-1; motif: GWGGAATGT","TF:M01817","1","0","3836","20","4","20044","HSPG2,NOS1AP,PTP4A3,PKP2"
"TF","Factor: TEF-1; motif: GRRATG; match class: 1","TF:M00704_1","1","0","5486","20","5","20044","HSPG2,SEC62,MYPN,CRYAB,MYO18B"
"TF","Factor: TEF-1; motif: GRRATG","TF:M00704","1","0","12531","20","12","20044","PRDM16,HSPG2,NOS1AP,KAT2B,SEC62,PTP4A3,MYPN,LDB3,ADM,CRYAB,PKP2,MYO18B"
"TF","Factor: TEAD4; motif: NNACATTCCANN","TF:M12561","1","0","517","20","2","20044","CRYAB,MYO18B"
"TF","Factor: TEAD4; motif: NRCATTCCWN","TF:M04145","1","0","1491","20","3","20044","SEC62,CRYAB,MYO18B"
"TF","Factor: AP-4:Dlx-3; motif: NCAGCTGNNNNNNGTAATKR","TF:M08671","1","0","4439","20","3","20044","PTP4A3,LDB3,ADM"
"TF","Factor: TEF-3:E2A; motif: NCAGSTGNGWATGYN","TF:M08438","1","0","5971","20","3","20044","NOS1AP,PTP4A3,PKP2"
"TF","Factor: TEF-3; motif: GNTATTTTT; match class: 1","TF:M07270_1","1","0","4500","20","6","20044","SEC62,MECOM,UBA6,TMEM245,MYPN,CRYAB"
"TF","Factor: TEF-3:T-bet; motif: ANGTGTGAATWCC","TF:M08437","1","0","635","20","1","20044","GNRHR"
"TF","Factor: TEF-3:Max; motif: RCATWCCNNNNNNCACGTG","TF:M08647","1","0","824","20","1","20044","GNRHR"
"TF","Factor: TEF-3:HOXA13; motif: CTCGTAAATWCCN","TF:M08427","1","0","289","20","1","20044","MYPN"
"TF","Factor: DP-1; motif: NRNNGGCGGGAANN","TF:M10098","1","0","7274","20","9","20044","PRDM16,HSPG2,SP3,KAT2B,UBA6,PTP4A3,PTK2,TMEM245,PKP2"
"TF","Factor: TEF-3:Gscl; motif: GGWATGTTAATCSG","TF:M08426","1","0","336","20","1","20044","ADM"
"TF","Factor: TEF-3:Fli-1; motif: ACCGGAAATGCC","TF:M08510","1","0","7484","20","6","20044","NOS1AP,SEC62,UBA6,PTK2,MYPN,PKP2"
"TF","Factor: DP-1; motif: NRNNGGCGGGAANN; match class: 1","TF:M10098_1","1","0","2250","20","4","20044","SP3,KAT2B,UBA6,TMEM245"
"TF","Factor: TEF-3:ER81; motif: ACCGGAAATRCC","TF:M08423","1","0","3938","20","4","20044","NOS1AP,SP3,UBA6,PKP2"
"TF","Factor: TEF-3:Erg; motif: ACCGGAAATRNNNNNCATWCC","TF:M08637","1","0","4483","20","3","20044","SEC62,PTK2,ADM"
"TF","Factor: TEF-3:TBR2; motif: NGYGNNACATWCYNNTNRCRCN","TF:M08419","1","0","317","20","1","20044","CRYAB"
"TF","Factor: TEF-3:Elk-1; motif: RMATWCCGGAWGT; match class: 1","TF:M08418_1","1","0","5351","20","7","20044","NOS1AP,UBA6,TMEM245,CRYAB,PKP2,NFATC3,MYO18B"
"TF","Factor: TEF-3:Elk-1; motif: RMATWCCGGAWGT","TF:M08418","1","0","12010","20","14","20044","PRDM16,NOS1AP,SP3,KAT2B,CACNA2D2,UBA6,PTP4A3,PTK2,TMEM245,MYPN,CRYAB,PKP2,NFATC3,MYO18B"
"TF","Factor: TEF-3:Elf-1; motif: RGAATGCGGAAGTN; match class: 1","TF:M08415_1","1","0","2796","20","3","20044","KAT2B,SEC62,MYPN"
"TF","Factor: TEF-3:Elf-1; motif: RGAATGCGGAAGTN","TF:M08415","1","0","9489","20","10","20044","NOS1AP,KAT2B,SEC62,MECOM,UBA6,TMEM245,MYPN,ADM,PKP2,NFATC3"
"TF","Factor: TEF-3:pitx1; motif: RCATWCYNNNGGATTA","TF:M08650","1","0","341","20","1","20044","MYPN"
"TF","Factor: AP-2alpha; motif: NGCCTNAGGCN","TF:M11479","1","0","3780","20","3","20044","SEC62,UBA6,CRYAB"
"TF","Factor: TEF-5; motif: AAAAATAT","TF:M04635","1","0","3221","20","5","20044","KAT2B,UBA6,TMEM245,CRYAB,MYO18B"
"TF","Factor: TEF5; motif: NNWGGWATKTTT","TF:M08903","1","0","2134","20","3","20044","UBA6,MYPN,MYO18B"
"TF","Factor: AP-2alpha; motif: NTNSCCTGRGGSNAN","TF:M09590","1","0","5354","20","5","20044","SEC62,UBA6,PTP4A3,PTK2,LDB3"
"TF","Factor: TFAP2A; motif: NNNNGCCYSAGGGCA; match class: 1","TF:M07231_1","1","0","1150","20","1","20044","SEC62"
"TF","Factor: TFAP2A; motif: NNNNGCCYSAGGGCA","TF:M07231","1","0","5428","20","6","20044","PRDM16,SEC62,UBA6,PTP4A3,PTK2,LDB3"
"TF","Factor: CP2; motif: AACCGGTTNNAACCGGTT","TF:M11487","1","0","4432","20","5","20044","KAT2B,MECOM,PTP4A3,LDB3,ADM"
"TF","Factor: CP2; motif: AACCGGTTNNAACCGGTT; match class: 1","TF:M11487_1","1","0","2557","20","3","20044","MECOM,LDB3,ADM"
"TF","Factor: CP2; motif: WACCGGTTNNAACCGGWT","TF:M11488","1","0","3526","20","4","20044","KAT2B,MECOM,UBA6,PTK2"
"TF","Factor: AP-2alpha; motif: NNNGSCCTGRGGSN; match class: 1","TF:M04896_1","1","0","1390","20","3","20044","PTP4A3,PTK2,CRYAB"
"TF","Factor: AP-2alpha; motif: NNNGSCCTGRGGSN","TF:M04896","1","0","5925","20","7","20044","KAT2B,SEC62,UBA6,PTP4A3,PTK2,LDB3,CRYAB"
"TF","Factor: TBX2; motif: AGGTGTGARM","TF:M03889","1","0","1293","20","1","20044","TMEM245"
"TF","Factor: TFAP2A; motif: NGCCCYNNGGGCN","TF:M04148","1","0","10275","20","10","20044","PRDM16,CACNA2D2,UBA6,PTK2,MYPN,LDB3,ADM,PKP2,NFATC3,MYO18B"
"TF","Factor: TFAP2A; motif: NGCCYSAGGCN; match class: 1","TF:M04147_1","1","0","2040","20","2","20044","KAT2B,PTP4A3"
"TF","Factor: TFAP2A; motif: NGCCYSAGGCN","TF:M04147","1","0","5214","20","8","20044","PRDM16,HSPG2,SP3,KAT2B,PTP4A3,PTK2,CRYAB,NFATC3"
"TF","Factor: TFAP2A; motif: YGCCCNNRGGCN; match class: 1","TF:M04146_1","1","0","3880","20","8","20044","PRDM16,HSPG2,SP3,CACNA2D2,SEC62,LDB3,PKP2,NFATC3"
"TF","Factor: TEF-5; motif: AAAAATAT; match class: 1","TF:M04635_1","1","0","594","20","1","20044","KAT2B"
"TF","Factor: TFAP2A; motif: YGCCCNNRGGCN","TF:M04146","1","0","6674","20","8","20044","PRDM16,HSPG2,SP3,CACNA2D2,SEC62,LDB3,PKP2,NFATC3"
"TF","Factor: Tel-2; motif: YTACTTCCTG","TF:M00678","1","0","5364","20","5","20044","NOS1AP,UBA6,PTP4A3,PTK2,MYPN"
"TF","Factor: TEL1; motif: CNCGGAANNN; match class: 1","TF:M02070_1","1","0","4988","20","6","20044","PRDM16,NOS1AP,SP3,SEC62,UBA6,MYO18B"
"TF","Factor: TEL1; motif: CNCGGAANNN","TF:M02070","1","0","11085","20","12","20044","PRDM16,NOS1AP,SP3,KAT2B,SEC62,UBA6,PTP4A3,PTK2,ADM,PKP2,NFATC3,MYO18B"
"TF","Factor: TEF; motif: ATGTTWAYATAA; match class: 1","TF:M00672_1","1","0","1820","20","2","20044","GNRHR,MYPN"
"TF","Factor: TEF; motif: ATGTTWAYATAA","TF:M00672","1","0","5942","20","2","20044","GNRHR,MYPN"
"TF","Factor: CP2; motif: NRRRCCGGCYNRARCCGGNN","TF:M12590","1","0","11316","20","14","20044","PRDM16,HSPG2,NOS1AP,SP3,KAT2B,CACNA2D2,MECOM,PTP4A3,PTK2,LDB3,ADM,CRYAB,PKP2,NFATC3"
"TF","Factor: TEF-1; motif: RCATTCCWGNNN","TF:M10092","1","0","3259","20","3","20044","SEC62,CRYAB,MYO18B"
"TF","Factor: TEF1; motif: GGAATGYRWGGWATG","TF:M07481","1","0","399","20","1","20044","HSPG2"
"TF","Factor: CP2; motif: NRRRCCGGCYNRARCCGGNN; match class: 1","TF:M12590_1","1","0","6930","20","13","20044","PRDM16,HSPG2,NOS1AP,SP3,KAT2B,CACNA2D2,MECOM,PTP4A3,PTK2,LDB3,ADM,PKP2,NFATC3"
"TF","Factor: TFDP1; motif: NSGCGGGAANN","TF:M09789","1","0","2094","20","1","20044","UBA6"
"TF","Factor: TEF; motif: GTTACGTAAT","TF:M07439","1","0","67","20","1","20044","SEC62"
"TF","Factor: TEF; motif: YACATTCCWSNG; match class: 1","TF:M01305_1","1","0","444","20","1","20044","MYPN"
"TF","Factor: TEF; motif: YACATTCCWSNG","TF:M01305","1","0","3861","20","6","20044","NOS1AP,SEC62,MYPN,ADM,CRYAB,MYO18B"
"TF","Factor: Tel-2; motif: YTACTTCCTG; match class: 1","TF:M00678_1","1","0","887","20","1","20044","PTP4A3"
"TF","Factor: TFAP2A; motif: NGCCCYNNGGGCN; match class: 1","TF:M04148_1","1","0","9836","20","10","20044","PRDM16,CACNA2D2,UBA6,PTK2,MYPN,LDB3,ADM,PKP2,NFATC3,MYO18B"
"TF","Factor: TBX2; motif: NNNGTGTSNN","TF:M12026","1","0","7581","20","8","20044","KAT2B,CACNA2D2,MECOM,PTP4A3,TMEM245,LDB3,CRYAB,PKP2"
"TF","Factor: SP8; motif: RNCACGCCCMCN","TF:M12147","1","0","2540","20","3","20044","KAT2B,PTP4A3,PTK2"
"TF","Factor: SP8; motif: RCCACGCCCMCY; match class: 1","TF:M03923_1","1","0","413","20","1","20044","MECOM"
"TF","Factor: SP8; motif: RCCACGCCCMCY","TF:M03923","1","0","2955","20","6","20044","SP3,KAT2B,MECOM,UBA6,PTP4A3,CRYAB"
"TF","Factor: Sp6; motif: WGGGCGG; match class: 1","TF:M05361_1","1","0","3433","20","4","20044","PRDM16,PTP4A3,PTK2,TMEM245"
"TF","Factor: Sp6; motif: WGGGCGG","TF:M05361","1","0","8793","20","10","20044","PRDM16,NOS1AP,KAT2B,CACNA2D2,MECOM,PTP4A3,PTK2,TMEM245,ADM,PKP2"
"TF","Factor: Sp5; motif: ACCSCGCCKCCSS","TF:M07310","1","0","255","20","1","20044","CACNA2D2"
"TF","Factor: SP4; motif: SCCCCGCCCCS; match class: 1","TF:M01273_1","1","0","1054","20","2","20044","HSPG2,NFATC3"
"TF","Factor: SP4; motif: SCCCCGCCCCS","TF:M01273","1","0","3413","20","6","20044","HSPG2,PTP4A3,PTK2,ADM,PKP2,NFATC3"
"TF","Factor: Sp4; motif: SCCCCKCCCCCSN; match class: 1","TF:M07617_1","1","0","943","20","3","20044","HSPG2,PKP2,NFATC3"
"TF","Factor: Sp4; motif: SCCCCKCCCCCSN","TF:M07617","1","0","3723","20","6","20044","HSPG2,PTP4A3,PTK2,CRYAB,PKP2,NFATC3"
"TF","Factor: SP4; motif: GGCCCCGCCCCCN; match class: 1","TF:M13135_1","1","0","2293","20","3","20044","HSPG2,PKP2,NFATC3"
"TF","Factor: SP4; motif: GGCCCCGCCCCCN","TF:M13135","1","0","5758","20","7","20044","HSPG2,NOS1AP,PTP4A3,PTK2,ADM,PKP2,NFATC3"
"TF","Factor: sp4; motif: NNNGCYCCGCCCCCY; match class: 1","TF:M10530_1","1","0","3924","20","6","20044","HSPG2,PTP4A3,PTK2,CRYAB,PKP2,NFATC3"
"TF","Factor: SP8; motif: NCCACGCCCMCN","TF:M12148","1","0","2986","20","4","20044","HSPG2,KAT2B,PTP4A3,PTK2"
"TF","Factor: sp4; motif: NNNGCYCCGCCCCCY","TF:M10530","1","0","8450","20","12","20044","PRDM16,HSPG2,NOS1AP,KAT2B,CACNA2D2,MECOM,PTP4A3,PTK2,ADM,CRYAB,PKP2,NFATC3"
"TF","Factor: sp4; motif: NNGNARGRGGCGGRGCNNRR","TF:M10072","1","0","10844","20","15","20044","PRDM16,HSPG2,NOS1AP,SP3,KAT2B,CACNA2D2,SEC62,MECOM,PTP4A3,PTK2,TMEM245,ADM,CRYAB,PKP2,NFATC3"
"TF","Factor: SP4; motif: NWRGCCACGCCCMCTYN; match class: 1","TF:M03922_1","1","0","2221","20","4","20044","HSPG2,PTP4A3,PTK2,NFATC3"
"TF","Factor: SP4; motif: NWRGCCACGCCCMCTYN","TF:M03922","1","0","6219","20","9","20044","PRDM16,HSPG2,NOS1AP,KAT2B,PTP4A3,PTK2,ADM,PKP2,NFATC3"
"TF","Factor: Sp3; motif: GGGGCGGGGSNN; match class: 1","TF:M07615_1","1","0","3017","20","4","20044","HSPG2,PTP4A3,PKP2,NFATC3"
"TF","Factor: Sp3; motif: GGGGCGGGGSNN","TF:M07615","1","0","7031","20","9","20044","HSPG2,KAT2B,CACNA2D2,PTP4A3,PTK2,ADM,CRYAB,PKP2,NFATC3"
"TF","Factor: Sp3; motif: ASMCTTGGGSRGGG; match class: 1","TF:M00665_1","1","0","2377","20","6","20044","PRDM16,NOS1AP,KAT2B,SEC62,MECOM,PTK2"
"TF","Factor: Sp3; motif: ASMCTTGGGSRGGG","TF:M00665","1","0","7924","20","9","20044","PRDM16,NOS1AP,KAT2B,SEC62,MECOM,PTK2,ADM,NFATC3,MYO18B"
"TF","Factor: Sp3; motif: NGCCACGCCCMCN","TF:M12154","1","0","2240","20","3","20044","KAT2B,PTP4A3,PTK2"
"TF","Factor: Sp3; motif: NGCCACGCCCMCN; match class: 1","TF:M12153_1","1","0","1990","20","4","20044","HSPG2,PTP4A3,PTK2,NFATC3"
"TF","Factor: Sp3; motif: NGCCACGCCCMCN","TF:M12153","1","0","6380","20","9","20044","HSPG2,NOS1AP,KAT2B,MECOM,UBA6,PTP4A3,PTK2,CRYAB,NFATC3"
"TF","Factor: SP3; motif: NCCACGCCCMC","TF:M03921","1","0","3955","20","6","20044","HSPG2,KAT2B,UBA6,PTP4A3,PTK2,PKP2"
"TF","Factor: SP2; motif: GNNGGGGGCGGGGSN; match class: 1","TF:M03807_1","1","0","4356","20","5","20044","HSPG2,KAT2B,PTP4A3,PKP2,NFATC3"
"TF","Factor: SP2; motif: GNNGGGGGCGGGGSN","TF:M03807","1","0","8689","20","14","20044","PRDM16,HSPG2,NOS1AP,SP3,KAT2B,CACNA2D2,SEC62,MECOM,PTP4A3,PTK2,ADM,CRYAB,PKP2,NFATC3"
"TF","Factor: sp4; motif: NNGNARGRGGCGGRGCNNRR; match class: 1","TF:M10072_1","1","0","6460","20","11","20044","PRDM16,HSPG2,NOS1AP,KAT2B,CACNA2D2,SEC62,MECOM,PTP4A3,ADM,PKP2,NFATC3"
"TF","Factor: SP9; motif: RCCACGCCCMCY","TF:M12149","1","0","2441","20","3","20044","KAT2B,PTP4A3,PTK2"
"TF","Factor: SP9; motif: NCCACGCCCMCN","TF:M12150","1","0","2415","20","3","20044","KAT2B,PTP4A3,PTK2"
"TF","Factor: SPDEF; motif: NASATCCKGNW","TF:M12650","1","0","1834","20","1","20044","PTK2"
"TF","Factor: SREBP-2; motif: RTGGGGTGAY","TF:M07406","1","0","6069","20","5","20044","HSPG2,CACNA2D2,SEC62,UBA6,LDB3"
"TF","Factor: SREBP-1; motif: RNCACGCSAY","TF:M11082","1","0","4390","20","2","20044","HSPG2,UBA6"
"TF","Factor: SREBP-1; motif: RTCRCGTGAY; match class: 1","TF:M11081_1","1","0","8057","20","6","20044","PRDM16,HSPG2,PTP4A3,LDB3,ADM,NFATC3"
"TF","Factor: SREBP-1; motif: RTCRCGTGAY","TF:M11081","1","0","11275","20","13","20044","PRDM16,HSPG2,NOS1AP,KAT2B,CACNA2D2,UBA6,PTP4A3,PTK2,LDB3,ADM,CRYAB,PKP2,NFATC3"
"TF","Factor: SREBP-1; motif: ATCACMCCAY","TF:M11080","1","0","1681","20","1","20044","HSPG2"
"TF","Factor: SREBP-1; motif: RTCAGGTGAT","TF:M11079","1","0","3905","20","3","20044","SEC62,UBA6,ADM"
"TF","Factor: SREBP-1; motif: RTCACCCCAY; match class: 1","TF:M07405_1","1","0","1526","20","1","20044","HSPG2"
"TF","Factor: SREBP-1; motif: RTCACCCCAY","TF:M07405","1","0","7064","20","5","20044","HSPG2,SP3,CACNA2D2,SEC62,UBA6"
"TF","Factor: Spz1; motif: DNNGGRGGGWWNNNN; match class: 1","TF:M00446_1","1","0","2977","20","2","20044","SP3,KAT2B"
"TF","Factor: Spz1; motif: DNNGGRGGGWWNNNN","TF:M00446","1","0","8866","20","5","20044","NOS1AP,SP3,KAT2B,PTP4A3,MYO18B"
"TF","Factor: Spic; motif: NGNGGAASTN; match class: 1","TF:M02077_1","1","0","2301","20","2","20044","HSPG2,KAT2B"
"TF","Factor: Spic; motif: NGNGGAASTN","TF:M02077","1","0","8484","20","10","20044","PRDM16,HSPG2,SP3,KAT2B,CACNA2D2,SEC62,PTP4A3,PTK2,MYPN,NFATC3"
"TF","Factor: Spi-B; motif: TTCYBC; match class: 1","TF:M03851_1","1","0","20023","20","20","20044","PRDM16,HSPG2,NOS1AP,SP3,KAT2B,CACNA2D2,SEC62,MECOM,GNRHR,UBA6,PTP4A3,PTK2,TMEM245,MYPN,LDB3,ADM,CRYAB,PKP2,NFATC3,MYO18B"
"TF","Factor: Spi-B; motif: TTCYBC","TF:M03851","1","0","20040","20","20","20044","PRDM16,HSPG2,NOS1AP,SP3,KAT2B,CACNA2D2,SEC62,MECOM,GNRHR,UBA6,PTP4A3,PTK2,TMEM245,MYPN,LDB3,ADM,CRYAB,PKP2,NFATC3,MYO18B"
"TF","Factor: SPIB; motif: NNTCACTTCCTCTTTN","TF:M12498","1","0","2202","20","2","20044","PTK2,MYPN"
"TF","Factor: Spi-B; motif: NAWGRGGAAGTR","TF:M11374","1","0","2532","20","2","20044","PTP4A3,NFATC3"
"TF","Factor: Spi-B; motif: NRAAAGAGGAAGTGARA","TF:M10074","1","0","1624","20","2","20044","PTK2,MYPN"
"TF","Factor: Spi-B; motif: AAAAWGMGGAAGTWNSN","TF:M01204","1","0","788","20","1","20044","MYPN"
"TF","Factor: PU.1; motif: AGGAAG; match class: 1","TF:M02031_1","1","0","13997","20","16","20044","PRDM16,NOS1AP,SP3,KAT2B,SEC62,GNRHR,UBA6,PTK2,TMEM245,MYPN,LDB3,ADM,CRYAB,PKP2,NFATC3,MYO18B"
"TF","Factor: PU.1; motif: AGGAAG","TF:M02031","1","0","18138","20","17","20044","PRDM16,NOS1AP,SP3,KAT2B,CACNA2D2,SEC62,GNRHR,UBA6,PTK2,TMEM245,MYPN,LDB3,ADM,CRYAB,PKP2,NFATC3,MYO18B"
"TF","Factor: SPI1; motif: NNNAAAGAGGAAGTGANNNN","TF:M12497","1","0","2334","20","2","20044","PTK2,MYPN"
"TF","Factor: PU.1; motif: NRAAAGAGGAAGTGRNN","TF:M10073","1","0","2423","20","3","20044","SP3,PTK2,MYPN"
"TF","Factor: PU.1; motif: NRAAAGAGGAAGTGARA","TF:M09659","1","0","2547","20","5","20044","SP3,PTK2,MYPN,LDB3,ADM"
"TF","Factor: PU.1; motif: ACTTCCTCT","TF:M04711","1","0","1746","20","1","20044","MYPN"
"TF","Factor: SPI1; motif: AAAAAGCGGAAGTW","TF:M03994","1","0","2201","20","3","20044","PRDM16,MECOM,MYPN"
"TF","Factor: SPI1; motif: AGGAAGT; match class: 1","TF:M02278_1","1","0","1476","20","1","20044","MYPN"
"TF","Factor: SPI1; motif: AGGAAGT","TF:M02278","1","0","6914","20","6","20044","PRDM16,KAT2B,GNRHR,PTK2,MYPN,NFATC3"
"TF","Factor: SPI1; motif: NGRGGAAGTN","TF:M02078","1","0","3551","20","3","20044","KAT2B,CACNA2D2,MYPN"
"TF","Factor: SPI1; motif: NNAAWGNGGAASTNNNN","TF:M01203","1","0","2663","20","4","20044","UBA6,PTP4A3,MYPN,LDB3"
"TF","Factor: Sp2; motif: NYSGCCCCGCCCCCY; match class: 1","TF:M03567_1","1","0","3756","20","5","20044","HSPG2,KAT2B,PTP4A3,PKP2,NFATC3"
"TF","Factor: SREBP-2; motif: RTGGGGTGAY; match class: 1","TF:M07406_1","1","0","1101","20","2","20044","HSPG2,LDB3"
"TF","Factor: Sp2; motif: NYSGCCCCGCCCCCY","TF:M03567","1","0","7951","20","12","20044","HSPG2,NOS1AP,SP3,KAT2B,CACNA2D2,MECOM,PTP4A3,PTK2,ADM,CRYAB,PKP2,NFATC3"
"TF","Factor: SP2; motif: NNRRCCAATSRGNRNSNGSN","TF:M12668","1","0","12496","20","8","20044","SP3,KAT2B,MECOM,GNRHR,TMEM245,CRYAB,NFATC3,MYO18B"
"TF","Factor: Sp1; motif: NWRGCCACGCCCMCN","TF:M12152","1","0","7548","20","10","20044","PRDM16,HSPG2,NOS1AP,KAT2B,PTP4A3,PTK2,ADM,CRYAB,PKP2,NFATC3"
"TF","Factor: Sp1; motif: NWRGCCMCGCCCMCN; match class: 1","TF:M12151_1","1","0","2627","20","5","20044","HSPG2,PTP4A3,PTK2,PKP2,NFATC3"
"TF","Factor: Sp1; motif: NWRGCCMCGCCCMCN","TF:M12151","1","0","7031","20","9","20044","HSPG2,NOS1AP,KAT2B,UBA6,PTP4A3,PTK2,ADM,PKP2,NFATC3"
"TF","Factor: Sp1; motif: RGGGMGGRGSNGGGG","TF:M10529","1","0","7107","20","10","20044","PRDM16,HSPG2,SP3,KAT2B,MECOM,PTP4A3,TMEM245,ADM,PKP2,NFATC3"
"TF","Factor: Sp1; motif: NGGGGGCGGGGCCNGGGGGGGG; match class: 1","TF:M10071_1","1","0","4787","20","8","20044","HSPG2,KAT2B,UBA6,PTP4A3,PTK2,ADM,PKP2,NFATC3"
"TF","Factor: Sp1; motif: NGGGGGCGGGGCCNGGGGGGGG","TF:M10071","1","0","8777","20","12","20044","HSPG2,NOS1AP,KAT2B,CACNA2D2,MECOM,UBA6,PTP4A3,PTK2,ADM,CRYAB,PKP2,NFATC3"
"TF","Factor: SP1; motif: NRGKGGGCGGGGCN; match class: 1","TF:M09765_1","1","0","3444","20","5","20044","HSPG2,NOS1AP,CRYAB,PKP2,NFATC3"
"TF","Factor: SP1; motif: NRGKGGGCGGGGCN","TF:M09765","1","0","7705","20","12","20044","HSPG2,NOS1AP,KAT2B,CACNA2D2,SEC62,MECOM,PTP4A3,PTK2,ADM,CRYAB,PKP2,NFATC3"
"TF","Factor: SP1; motif: NCCCCKCCCCC; match class: 1","TF:M07226_1","1","0","4055","20","7","20044","HSPG2,KAT2B,PTP4A3,ADM,CRYAB,PKP2,NFATC3"
"TF","Factor: SP1; motif: NCCCCKCCCCC","TF:M07226","1","0","8528","20","14","20044","PRDM16,HSPG2,NOS1AP,SP3,KAT2B,CACNA2D2,SEC62,MECOM,PTP4A3,PTK2,ADM,CRYAB,PKP2,NFATC3"
"TF","Factor: Sp1; motif: GGNDGGRGGCGGGG; match class: 1","TF:M04953_1","1","0","4215","20","11","20044","PRDM16,HSPG2,SP3,KAT2B,MECOM,PTP4A3,PTK2,TMEM245,CRYAB,PKP2,NFATC3"
"TF","Factor: Sp1; motif: GGNDGGRGGCGGGG","TF:M04953","1","0","8927","20","15","20044","PRDM16,HSPG2,NOS1AP,SP3,KAT2B,CACNA2D2,MECOM,PTP4A3,PTK2,TMEM245,LDB3,ADM,CRYAB,PKP2,NFATC3"
"TF","Factor: SP1; motif: RCCMCRCCCMC; match class: 1","TF:M03920_1","1","0","3125","20","5","20044","HSPG2,PTP4A3,CRYAB,PKP2,NFATC3"
"TF","Factor: Sp1; motif: NWRGCCACGCCCMCN; match class: 1","TF:M12152_1","1","0","2953","20","5","20044","HSPG2,PTP4A3,PTK2,PKP2,NFATC3"
"TF","Factor: SP1; motif: RCCMCRCCCMC","TF:M03920","1","0","7500","20","7","20044","HSPG2,PTP4A3,PTK2,ADM,CRYAB,PKP2,NFATC3"
"TF","Factor: SP1; motif: CCCCKCCCCC","TF:M02281","1","0","6671","20","14","20044","PRDM16,HSPG2,NOS1AP,SP3,KAT2B,CACNA2D2,MECOM,PTP4A3,PTK2,TMEM245,ADM,CRYAB,PKP2,NFATC3"
"TF","Factor: SP1; motif: GGGGYGGGGNS; match class: 1","TF:M01303_1","1","0","3666","20","10","20044","HSPG2,KAT2B,CACNA2D2,SEC62,MECOM,PTP4A3,ADM,CRYAB,PKP2,NFATC3"
"TF","Factor: SP1; motif: GGGGYGGGGNS","TF:M01303","1","0","8176","20","12","20044","HSPG2,SP3,KAT2B,CACNA2D2,SEC62,MECOM,PTP4A3,PTK2,ADM,CRYAB,PKP2,NFATC3"
"TF","Factor: Sp1; motif: GGGGCGGGGT; match class: 1","TF:M00008_1","1","0","5124","20","4","20044","PRDM16,HSPG2,PKP2,NFATC3"
"TF","Factor: Sp1; motif: GGGGCGGGGT","TF:M00008","1","0","10364","20","12","20044","PRDM16,HSPG2,KAT2B,CACNA2D2,SEC62,MECOM,PTP4A3,PTK2,ADM,CRYAB,PKP2,NFATC3"
"TF","Factor: SP1:SP3; motif: CCSCCCCCYCC","TF:M01219","1","0","7026","20","14","20044","PRDM16,HSPG2,NOS1AP,KAT2B,CACNA2D2,SEC62,MECOM,UBA6,PTP4A3,PTK2,TMEM245,CRYAB,PKP2,NFATC3"
"TF","Factor: SP192; motif: YNNNCNTCASYAMCANNSNCAGCNYMN","TF:M12667","1","0","980","20","2","20044","ADM,CRYAB"
"TF","Factor: SOX; motif: CTCTTTGTTANGA; match class: 1","TF:M01014_1","1","0","906","20","1","20044","MYPN"
"TF","Factor: SOX; motif: CTCTTTGTTANGA","TF:M01014","1","0","5213","20","5","20044","KAT2B,GNRHR,MYPN,CRYAB,PKP2"
"TF","Factor: SOX; motif: NNNNCWTTGTT","TF:M08899","1","0","2090","20","2","20044","GNRHR,UBA6"
"TF","Factor: Sox-9; motif: NNNNNACAAARGNNSMN; match class: 1","TF:M07269_1","1","0","3495","20","2","20044","CRYAB,NFATC3"
"TF","Factor: Sox-9; motif: NNNNNACAAARGNNSMN","TF:M07269","1","0","10205","20","11","20044","HSPG2,NOS1AP,SP3,GNRHR,UBA6,PTP4A3,PTK2,MYPN,LDB3,CRYAB,NFATC3"
"TF","Factor: Sox-9; motif: RNACAAAGGVN","TF:M01284","1","0","6076","20","6","20044","HSPG2,GNRHR,UBA6,LDB3,CRYAB,NFATC3"
"TF","Factor: SP1; motif: CCCCKCCCCC; match class: 1","TF:M02281_1","1","0","2653","20","8","20044","PRDM16,HSPG2,KAT2B,PTP4A3,TMEM245,CRYAB,PKP2,NFATC3"
"TF","Factor: SP1; motif: GGCCCCGCCCCCN","TF:M12666","1","0","8941","20","12","20044","HSPG2,NOS1AP,KAT2B,CACNA2D2,MECOM,UBA6,PTP4A3,PTK2,ADM,CRYAB,PKP2,NFATC3"
"TF","Factor: SP1; motif: GGCCCCGCCCCCN; match class: 1","TF:M12666_1","1","0","4530","20","10","20044","HSPG2,NOS1AP,KAT2B,CACNA2D2,UBA6,PTP4A3,PTK2,ADM,PKP2,NFATC3"
"TF","Factor: Sp1; motif: CCCCGCCCCN","TF:M00933","1","0","10005","20","15","20044","PRDM16,HSPG2,NOS1AP,SP3,KAT2B,CACNA2D2,SEC62,MECOM,PTP4A3,PTK2,TMEM245,ADM,CRYAB,PKP2,NFATC3"
"TF","Factor: Sp2; motif: NTAAGYCCCGCCCMCTN; match class: 1","TF:M12156_1","1","0","1029","20","2","20044","HSPG2,NFATC3"
"TF","Factor: Sp2; motif: NTAAGYCCCGCCCMCTN","TF:M12156","1","0","4460","20","7","20044","HSPG2,NOS1AP,UBA6,PTP4A3,TMEM245,CRYAB,NFATC3"
"TF","Factor: Sp2; motif: NTWAGTCCCGCCCMCTT; match class: 1","TF:M12155_1","1","0","1032","20","3","20044","PTP4A3,TMEM245,NFATC3"
"TF","Factor: Sp2; motif: NTWAGTCCCGCCCMCTT","TF:M12155","1","0","4721","20","8","20044","HSPG2,SP3,KAT2B,UBA6,PTP4A3,TMEM245,PKP2,NFATC3"
"TF","Factor: Sp2; motif: GGGGCGGGG; match class: 1","TF:M10435_1","1","0","3652","20","4","20044","HSPG2,PTP4A3,PKP2,NFATC3"
"TF","Factor: Sp2; motif: GGGGCGGGG","TF:M10435","1","0","7946","20","11","20044","HSPG2,KAT2B,CACNA2D2,SEC62,MECOM,PTP4A3,PTK2,ADM,CRYAB,PKP2,NFATC3"
"TF","Factor: Sp2; motif: GGSNNGGGGGCGGGGCCNGNGS; match class: 1","TF:M09658_1","1","0","2139","20","4","20044","HSPG2,PTP4A3,PKP2,NFATC3"
"TF","Factor: Sp2; motif: GGSNNGGGGGCGGGGCCNGNGS","TF:M09658","1","0","5456","20","10","20044","PRDM16,HSPG2,KAT2B,CACNA2D2,MECOM,PTP4A3,PTK2,ADM,PKP2,NFATC3"
"TF","Factor: Sp2; motif: GYCCCGCCYCYNNNN; match class: 1","TF:M07129_1","1","0","2518","20","7","20044","HSPG2,KAT2B,CACNA2D2,UBA6,PTP4A3,PKP2,NFATC3"
"TF","Factor: Sp2; motif: GYCCCGCCYCYNNNN","TF:M07129","1","0","6482","20","11","20044","HSPG2,KAT2B,CACNA2D2,MECOM,UBA6,PTP4A3,PTK2,ADM,CRYAB,PKP2,NFATC3"
"TF","Factor: Sp2; motif: TGGGCGCGCCCA; match class: 1","TF:M06948_1","1","0","6372","20","9","20044","PRDM16,HSPG2,NOS1AP,CACNA2D2,UBA6,PTP4A3,PTK2,PKP2,NFATC3"
"TF","Factor: Sp2; motif: TGGGCGCGCCCA","TF:M06948","1","0","9124","20","11","20044","PRDM16,HSPG2,NOS1AP,CACNA2D2,UBA6,PTP4A3,PTK2,TMEM245,LDB3,PKP2,NFATC3"
"TF","Factor: Sp2; motif: WGGGCGG; match class: 1","TF:M05332_1","1","0","3433","20","4","20044","PRDM16,PTP4A3,PTK2,TMEM245"
"TF","Factor: Sp2; motif: WGGGCGG","TF:M05332","1","0","8793","20","10","20044","PRDM16,NOS1AP,KAT2B,CACNA2D2,MECOM,PTP4A3,PTK2,TMEM245,ADM,PKP2"
"TF","Factor: Sp2; motif: AAGGGGCGG; match class: 1","TF:M04932_1","1","0","288","20","1","20044","UBA6"
"TF","Factor: Sp2; motif: AAGGGGCGG","TF:M04932","1","0","2698","20","4","20044","SEC62,UBA6,ADM,CRYAB"
"TF","Factor: SP2; motif: GGGCGGGAC; match class: 1","TF:M01783_1","1","0","4485","20","4","20044","HSPG2,ADM,PKP2,NFATC3"
"TF","Factor: SP2; motif: GGGCGGGAC","TF:M01783","1","0","9405","20","12","20044","PRDM16,HSPG2,NOS1AP,MECOM,UBA6,PTP4A3,PTK2,TMEM245,LDB3,ADM,PKP2,NFATC3"
"TF","Factor: Sp1; motif: GGGGCGGGGC; match class: 1","TF:M00931_1","1","0","6121","20","7","20044","HSPG2,KAT2B,PTP4A3,TMEM245,ADM,PKP2,NFATC3"
"TF","Factor: Sp1; motif: GGGGCGGGGC","TF:M00931","1","0","10605","20","15","20044","PRDM16,HSPG2,NOS1AP,SP3,KAT2B,CACNA2D2,SEC62,MECOM,PTP4A3,PTK2,TMEM245,ADM,CRYAB,PKP2,NFATC3"
"TF","Factor: Sp1; motif: NGGGGGCGGGGYN; match class: 1","TF:M00196_1","1","0","6137","20","8","20044","HSPG2,KAT2B,CACNA2D2,UBA6,PTP4A3,ADM,PKP2,NFATC3"
"TF","Factor: Sp1; motif: NGGGGGCGGGGYN","TF:M00196","1","0","10571","20","15","20044","HSPG2,NOS1AP,SP3,KAT2B,CACNA2D2,SEC62,MECOM,UBA6,PTP4A3,PTK2,TMEM245,ADM,CRYAB,PKP2,NFATC3"
"TF","Factor: Sp1; motif: NNGGGGCGGGGNN; match class: 1","TF:M00932_1","1","0","6271","20","8","20044","HSPG2,NOS1AP,KAT2B,PTP4A3,ADM,CRYAB,PKP2,NFATC3"
"TF","Factor: Sp1; motif: NNGGGGCGGGGNN","TF:M00932","1","0","10750","20","15","20044","PRDM16,HSPG2,NOS1AP,SP3,KAT2B,CACNA2D2,SEC62,MECOM,PTP4A3,PTK2,TMEM245,ADM,CRYAB,PKP2,NFATC3"
"TF","Factor: Sp1; motif: GGGGCGGGGC; match class: 1","TF:M07063_1","1","0","2644","20","4","20044","HSPG2,PTP4A3,PKP2,NFATC3"
"TF","Factor: Sp1; motif: GGGGCGGGGC","TF:M07063","1","0","6470","20","7","20044","HSPG2,CACNA2D2,PTP4A3,PTK2,ADM,PKP2,NFATC3"
"TF","Factor: Sp1; motif: NGGGGCGGGGN; match class: 1","TF:M07395_1","1","0","6581","20","11","20044","HSPG2,NOS1AP,SP3,KAT2B,CACNA2D2,UBA6,PTP4A3,TMEM245,ADM,PKP2,NFATC3"
"TF","Factor: Sp1; motif: NGGGGCGGGGN","TF:M07395","1","0","10981","20","15","20044","HSPG2,NOS1AP,SP3,KAT2B,CACNA2D2,SEC62,MECOM,UBA6,PTP4A3,PTK2,TMEM245,ADM,CRYAB,PKP2,NFATC3"
"TF","Factor: Sp1; motif: CCCCGCCCCN; match class: 1","TF:M00933_1","1","0","5359","20","7","20044","HSPG2,KAT2B,PTP4A3,ADM,CRYAB,PKP2,NFATC3"
"TF","Factor: SP2; motif: NNRRCCAATSRGNRNSNGSN; match class: 1","TF:M12668_1","1","0","5947","20","6","20044","SP3,KAT2B,MECOM,GNRHR,CRYAB,NFATC3"
"TF","Factor: TBX2; motif: NNNGTGTSNN; match class: 1","TF:M12026_1","1","0","1940","20","3","20044","CACNA2D2,PTP4A3,TMEM245"
"TF","Factor: SREBP-2; motif: ATCAGGTGAT","TF:M11083","1","0","4497","20","3","20044","SEC62,UBA6,ADM"
"TF","Factor: SREBP-2; motif: ATCACMCCAY","TF:M11084","1","0","3318","20","3","20044","HSPG2,CACNA2D2,SEC62"
"TF","Factor: Tal-1beta:E47; motif: NNNAACAGATGKTNNN","TF:M00065","1","0","1378","20","1","20044","GNRHR"
"TF","Factor: Tal-1alpha:E47; motif: NNNAACAGATGKTNNN","TF:M00066","1","0","1041","20","1","20044","GNRHR"
"TF","Factor: TAFII250; motif: RARRWGGCGGMGGNGR; match class: 1","TF:M10086_1","1","0","4076","20","9","20044","PRDM16,HSPG2,NOS1AP,SP3,CACNA2D2,SEC62,MECOM,TMEM245,CRYAB"
"TF","Factor: TAFII250; motif: RARRWGGCGGMGGNGR","TF:M10086","1","0","9269","20","14","20044","PRDM16,HSPG2,NOS1AP,SP3,KAT2B,CACNA2D2,SEC62,MECOM,PTP4A3,TMEM245,ADM,CRYAB,PKP2,NFATC3"
"TF","Factor: T3R-beta; motif: RRGNNANNNGAGGWCAN; match class: 1","TF:M02119_1","1","0","498","20","1","20044","CRYAB"
"TF","Factor: T3R-beta; motif: RRGNNANNNGAGGWCAN","TF:M02119","1","0","3667","20","5","20044","SEC62,GNRHR,PTP4A3,PTK2,CRYAB"
"TF","Factor: T3R-alpha; motif: NNTGTGTCCTCANNTGACCTYWNN","TF:M12891","1","0","1078","20","2","20044","SEC62,CRYAB"
"TF","Factor: T3RALPHA; motif: TGWCCTNRNNTGACCYN","TF:M12672","1","0","1645","20","3","20044","SEC62,PTK2,CRYAB"
"TF","Factor: SZF1-1; motif: CCAGGGTAWCAGCNG; match class: 1","TF:M01109_1","1","0","559","20","2","20044","CACNA2D2,PTP4A3"
"TF","Factor: SZF1-1; motif: CCAGGGTAWCAGCNG","TF:M01109","1","0","4337","20","7","20044","HSPG2,CACNA2D2,SEC62,PTP4A3,ADM,CRYAB,NFATC3"
"TF","Factor: TFII-I; motif: NAGGAAGTGN","TF:M04636","1","0","13028","20","14","20044","NOS1AP,KAT2B,CACNA2D2,SEC62,MECOM,UBA6,PTP4A3,PTK2,TMEM245,MYPN,LDB3,CRYAB,PKP2,NFATC3"
"TF","Factor: SUHW1; motif: TCTCTCCAGTRTGAATTCTCTGAT","TF:M10541","1","0","7585","20","6","20044","PRDM16,CACNA2D2,SEC62,GNRHR,PTP4A3,LDB3"
"TF","Factor: Stra13; motif: NYSTCACGTGABNN; match class: 1","TF:M00985_1","1","0","580","20","1","20044","NFATC3"
"TF","Factor: Tal-1beta:ITF-2; motif: NNNAACAGATGKTNNN","TF:M00070","1","0","1685","20","1","20044","GNRHR"
"TF","Factor: Stra13; motif: NYSTCACGTGABNN","TF:M00985","1","0","731","20","1","20044","NFATC3"
"TF","Factor: STAT; motif: NNNNNTTCTKGGA","TF:M00777","1","0","5222","20","7","20044","KAT2B,MECOM,PTK2,MYPN,ADM,PKP2,NFATC3"
"TF","Factor: STAT; motif: TTCCCGKAA","TF:M00223","1","0","3582","20","3","20044","PTP4A3,PTK2,MYPN"
"TF","Factor: STAT6; motif: NNYTTCCY","TF:M00500","1","0","4709","20","9","20044","PRDM16,NOS1AP,SP3,TMEM245,MYPN,ADM,CRYAB,NFATC3,MYO18B"
"TF","Factor: STAT5B; motif: NTTCTKRGAAN","TF:M09662","1","0","69","20","1","20044","UBA6"
"TF","Factor: STAT5B; motif: NAWTTCYNGGAAWTN; match class: 1","TF:M00459_1","1","0","1945","20","2","20044","PTP4A3,MYPN"
"TF","Factor: STAT5B; motif: NAWTTCYNGGAAWTN","TF:M00459","1","0","3134","20","4","20044","PTP4A3,MYPN,ADM,NFATC3"
"TF","Factor: STAT5A; motif: TTCYRRGAAN","TF:M10077","1","0","149","20","1","20044","NFATC3"
"TF","Factor: STAT5A; motif: NTTCYKRGAAN","TF:M09661","1","0","321","20","1","20044","NOS1AP"
"TF","Factor: STAT5A; motif: TTCCNRGAANNNNNNTTCCNNGRR; match class: 1","TF:M00460_1","1","0","2604","20","3","20044","NOS1AP,TMEM245,NFATC3"
"TF","Factor: STAT5A; motif: TTCCNRGAANNNNNNTTCCNNGRR","TF:M00460","1","0","7825","20","9","20044","PRDM16,NOS1AP,KAT2B,SEC62,GNRHR,PTP4A3,TMEM245,ADM,NFATC3"
"TF","Factor: STAT5A; motif: NAWTTCYNGGAANYN; match class: 1","TF:M00457_1","1","0","1640","20","2","20044","PTP4A3,ADM"
"TF","Factor: STAT5A; motif: NAWTTCYNGGAANYN","TF:M00457","1","0","4125","20","4","20044","PTP4A3,MYPN,ADM,NFATC3"
"TF","Factor: STAT4; motif: TTMNNRGAAA","TF:M02117","1","0","1367","20","2","20044","MYPN,NFATC3"
"TF","Factor: STAT; motif: NNNNNTTCTKGGA; match class: 1","TF:M00777_1","1","0","816","20","1","20044","PKP2"
"TF","Factor: TAL1::GATA1; motif: NTTATCWNNNNNNNNCAG","TF:M07230","1","0","3639","20","6","20044","SEC62,GNRHR,MYPN,CRYAB,PKP2,MYO18B"
"TF","Factor: TAL1::GATA1; motif: NTTATCWNNNNNNNNCAG; match class: 1","TF:M07230_1","1","0","458","20","2","20044","GNRHR,CRYAB"
"TF","Factor: Tal-1; motif: CTTCCTTMTCTSY","TF:M01591","1","0","2235","20","1","20044","MYPN"
"TF","Factor: TBX2; motif: NAGGTGTGAAN","TF:M04134","1","0","1166","20","1","20044","TMEM245"
"TF","Factor: T-bet; motif: NAGGTGTGAN","TF:M12020","1","0","1150","20","1","20044","TMEM245"
"TF","Factor: Tbx20; motif: SGAGGTGTGAGGSGR","TF:M07474","1","0","3737","20","5","20044","NOS1AP,SEC62,UBA6,PTP4A3,TMEM245"
"TF","Factor: Tbx1; motif: NNAGGTGTGAAN","TF:M12035","1","0","2911","20","4","20044","HSPG2,CACNA2D2,TMEM245,CRYAB"
"TF","Factor: TBX1; motif: AGGTGTGA","TF:M04126","1","0","2107","20","1","20044","TMEM245"
"TF","Factor: TBX18; motif: NRAGGTGTGAAN","TF:M12038","1","0","795","20","1","20044","TMEM245"
"TF","Factor: TBX18; motif: NNAGGTGTGAAN","TF:M12037","1","0","570","20","1","20044","TMEM245"
"TF","Factor: TBX15; motif: NAGGTGTGAN","TF:M12040","1","0","2685","20","1","20044","TMEM245"
"TF","Factor: TBX15; motif: NAGGTGTGAN; match class: 1","TF:M12039_1","1","0","225","20","1","20044","TMEM245"
"TF","Factor: TBX15; motif: NAGGTGTGAN","TF:M12039","1","0","2599","20","2","20044","TMEM245,PKP2"
"TF","Factor: TBX15; motif: AGGTGTGA","TF:M04122","1","0","2107","20","1","20044","TMEM245"
"TF","Factor: TBP; motif: NGNNTATAAAA; match class: 1","TF:M03581_1","1","0","1958","20","3","20044","NOS1AP,MYPN,MYO18B"
"TF","Factor: TBP; motif: NGNNTATAAAA","TF:M03581","1","0","7120","20","7","20044","NOS1AP,GNRHR,TMEM245,MYPN,CRYAB,PKP2,MYO18B"
"TF","Factor: TBP; motif: TTTATAN; match class: 1","TF:M00980_1","1","0","338","20","1","20044","MYPN"
"TF","Factor: TBP; motif: TTTATAN","TF:M00980","1","0","2778","20","1","20044","MYPN"
"TF","Factor: TBP; motif: MTATAAAARS; match class: 1","TF:M10088_1","1","0","1113","20","2","20044","GNRHR,MYPN"
"TF","Factor: TBP; motif: MTATAAAARS","TF:M10088","1","0","4976","20","5","20044","NOS1AP,GNRHR,MYPN,PKP2,MYO18B"
"TF","Factor: T-bet; motif: NNGNRGGTGTGRN; match class: 1","TF:M10089_1","1","0","1354","20","1","20044","PTP4A3"
"TF","Factor: T-bet; motif: NNGNRGGTGTGRN","TF:M10089","1","0","6373","20","8","20044","HSPG2,NOS1AP,CACNA2D2,SEC62,PTP4A3,TMEM245,ADM,CRYAB"
"TF","Factor: Tax/CREB; motif: RTGACGCATAYCCCC; match class: 1","TF:M00115_1","1","0","2986","20","3","20044","UBA6,TMEM245,LDB3"
"TF","Factor: Tax/CREB; motif: RTGACGCATAYCCCC","TF:M00115","1","0","9514","20","9","20044","NOS1AP,SP3,UBA6,PTP4A3,TMEM245,LDB3,ADM,CRYAB,PKP2"
"TF","Factor: Tax/CREB; motif: GGGGGTTGACGYANA; match class: 1","TF:M00114_1","1","0","1620","20","1","20044","UBA6"
"TF","Factor: Tax/CREB; motif: GGGGGTTGACGYANA","TF:M00114","1","0","6705","20","3","20044","UBA6,ADM,MYO18B"
"TF","Factor: TATA; motif: STATAAAWRNNNNNN; match class: 1","TF:M00252_1","1","0","1041","20","2","20044","GNRHR,MYPN"
"TF","Factor: TATA; motif: STATAAAWRNNNNNN","TF:M00252","1","0","4691","20","4","20044","NOS1AP,GNRHR,MYPN,MYO18B"
"TF","Factor: Tal; motif: GWSNNCABCTGC","TF:M07469","1","0","4724","20","2","20044","KAT2B,PKP2"
"TF","Factor: Tal-1; motif: CAGATGG","TF:M03804","1","0","5438","20","3","20044","MECOM,GNRHR,CRYAB"
"TF","Factor: Tal-1; motif: TCCAKCTGNY","TF:M00993","1","0","2049","20","3","20044","SEC62,GNRHR,LDB3"
"TF","Factor: Tal-1; motif: CTGSNNNNNNSAGATAAGN","TF:M10087","1","0","420","20","1","20044","SEC62"
"TF","Factor: STAT4; motif: TTCMNAGAADHNMA","TF:M01666","1","0","1215","20","1","20044","MYPN"
"TF","Factor: SREBP-2; motif: ATCAGGTGAT; match class: 1","TF:M11083_1","1","0","899","20","1","20044","SEC62"
"TF","Factor: STAT4; motif: YTTCYYNGMAN","TF:M10082","1","0","894","20","1","20044","NFATC3"
"TF","Factor: STAT3; motif: NNYTTCCMRGAA","TF:M10081","1","0","3685","20","4","20044","PTP4A3,PTK2,MYPN,ADM"
"TF","Factor: SRF; motif: CCTTWTATGGNN","TF:M07618","1","0","175","20","1","20044","PTP4A3"
"TF","Factor: SRF; motif: DCCWTATATGGNCWN","TF:M00215","1","0","145","20","1","20044","ADM"
"TF","Factor: SRF; motif: CCWTATAWG; match class: 1","TF:M04680_1","1","0","36","20","1","20044","ADM"
"TF","Factor: SRF; motif: CCWTATAWG","TF:M04680","1","0","154","20","1","20044","ADM"
"TF","Factor: SRF; motif: NNCCAWAWAAGGV","TF:M01304","1","0","224","20","1","20044","PTP4A3"
"TF","Factor: SRF; motif: ATGCCCATATATGGWNNT","TF:M00152","1","0","225","20","1","20044","ADM"
"TF","Factor: SREBP; motif: NNNNYCACNCCANNN; match class: 1","TF:M01168_1","1","0","1370","20","2","20044","HSPG2,CACNA2D2"
"TF","Factor: SREBP; motif: NNNNYCACNCCANNN","TF:M01168","1","0","6765","20","4","20044","HSPG2,CACNA2D2,SEC62,UBA6"
"TF","Factor: SREBP; motif: VNNVTCACCCYA; match class: 1","TF:M00776_1","1","0","1248","20","1","20044","HSPG2"
"TF","Factor: SREBP; motif: VNNVTCACCCYA","TF:M00776","1","0","6495","20","4","20044","HSPG2,CACNA2D2,SEC62,UBA6"
"TF","Factor: SREBP-2; motif: NTCACCYNNNN","TF:M03852","1","0","8349","20","6","20044","KAT2B,CACNA2D2,SEC62,TMEM245,ADM,PKP2"
"TF","Factor: SREBP-2; motif: NNGYCACNNSMN; match class: 1","TF:M01177_1","1","0","2889","20","3","20044","NOS1AP,SP3,PTK2"
"TF","Factor: SREBP-2; motif: NNGYCACNNSMN","TF:M01177","1","0","9025","20","10","20044","PRDM16,HSPG2,NOS1AP,SP3,KAT2B,UBA6,PTK2,CRYAB,NFATC3,MYO18B"
"TF","Factor: SRY; motif: AAACWAM","TF:M00148","1","0","9558","20","7","20044","NOS1AP,KAT2B,MECOM,GNRHR,PTK2,MYPN,MYO18B"
"TF","Factor: SREBP-1; motif: NNNGTGGGGTGAN; match class: 1","TF:M04632_1","1","0","687","20","1","20044","HSPG2"
"TF","Factor: SREBP-1; motif: CACSCCA; match class: 1","TF:M00749_1","1","0","2838","20","3","20044","SEC62,PTP4A3,ADM"
"TF","Factor: SREBP-1; motif: CACSCCA","TF:M00749","1","0","8749","20","11","20044","HSPG2,NOS1AP,KAT2B,CACNA2D2,SEC62,MECOM,PTP4A3,PTK2,TMEM245,ADM,NFATC3"
"TF","Factor: SREBP-1; motif: NSNNTCACNCCANNN; match class: 1","TF:M01173_1","1","0","727","20","1","20044","HSPG2"
"TF","Factor: SREBP-1; motif: NSNNTCACNCCANNN","TF:M01173","1","0","4883","20","3","20044","HSPG2,CACNA2D2,SEC62"
"TF","Factor: SREBP-1; motif: NGTSRGGTGAN","TF:M10075","1","0","4559","20","5","20044","SP3,SEC62,UBA6,MYPN,NFATC3"
"TF","Factor: SREBP-1; motif: KATCACCCCAC; match class: 1","TF:M00221_1","1","0","1877","20","2","20044","CACNA2D2,PTP4A3"
"TF","Factor: SREBP-1; motif: KATCACCCCAC","TF:M00221","1","0","7636","20","6","20044","PRDM16,SP3,CACNA2D2,PTP4A3,CRYAB,NFATC3"
"TF","Factor: SREBP-1; motif: NATCACGTGAY; match class: 1","TF:M00220_1","1","0","1409","20","1","20044","NFATC3"
"TF","Factor: SREBP-1; motif: NATCACGTGAY","TF:M00220","1","0","4606","20","3","20044","SEC62,LDB3,NFATC3"
"TF","Factor: SREBP-2; motif: ATCACGCCAC","TF:M11086","1","0","3492","20","3","20044","HSPG2,CACNA2D2,UBA6"
"TF","Factor: SREBP-2; motif: ATCACGTGAY; match class: 1","TF:M11085_1","1","0","1172","20","1","20044","NFATC3"
"TF","Factor: SREBP-2; motif: ATCACGTGAY","TF:M11085","1","0","3901","20","3","20044","SEC62,UBA6,NFATC3"
"TF","Factor: SREBP-2; motif: ATCACMCCAY; match class: 1","TF:M11084_1","1","0","321","20","1","20044","HSPG2"
"TF","Factor: SREBP-1; motif: NNNGTGGGGTGAN","TF:M04632","1","0","4951","20","4","20044","HSPG2,CACNA2D2,SEC62,UBA6"
"TF","Factor: SRY; motif: AAACWAM; match class: 1","TF:M00148_1","1","0","4431","20","3","20044","NOS1AP,GNRHR,MYPN"
"TF","Factor: SRY; motif: NWWAACAAWANN","TF:M00160","1","0","2176","20","5","20044","NOS1AP,SEC62,MECOM,MYPN,CRYAB"
"TF","Factor: SRY; motif: NWWAACAAWANN; match class: 1","TF:M00160_1","1","0","244","20","1","20044","MECOM"
"TF","Factor: STAT3; motif: NTTCCYGGAAN; match class: 1","TF:M09664_1","1","0","1943","20","1","20044","PTP4A3"
"TF","Factor: STAT3; motif: NTTCCYGGAAN","TF:M09664","1","0","5701","20","5","20044","KAT2B,PTP4A3,PTK2,LDB3,NFATC3"
"TF","Factor: STAT3; motif: NTTCYKGGAAN","TF:M07229","1","0","3783","20","4","20044","PTP4A3,MYPN,ADM,NFATC3"
"TF","Factor: STAT3; motif: NNTTCCRGGAANNNNN; match class: 1","TF:M01595_1","1","0","2783","20","1","20044","PTP4A3"
"TF","Factor: STAT3; motif: NNTTCCRGGAANNNNN","TF:M01595","1","0","7877","20","8","20044","NOS1AP,KAT2B,PTP4A3,PTK2,MYPN,ADM,NFATC3,MYO18B"
"TF","Factor: STAT3; motif: NGNNATTTCCSGGAARTGNNN; match class: 1","TF:M00225_1","1","0","1963","20","1","20044","PTP4A3"
"TF","Factor: STAT3; motif: NGNNATTTCCSGGAARTGNNN","TF:M00225","1","0","3262","20","3","20044","KAT2B,CACNA2D2,PTP4A3"
"TF","Factor: STAT3:STAT3; motif: TTKMCGGGAAMTSC","TF:M01220","1","0","1050","20","1","20044","PTP4A3"
"TF","Factor: STAT2; motif: NRGAAANNGAAACTNA","TF:M09733","1","0","2797","20","4","20044","GNRHR,TMEM245,NFATC3,MYO18B"
"TF","Factor: STAT1; motif: TTMNRGGAAN","TF:M01823","1","0","2252","20","2","20044","PTK2,NFATC3"
"TF","Factor: STAT1; motif: TTCNRGGAAN","TF:M07064","1","0","2657","20","1","20044","NFATC3"
"TF","Factor: STAT1; motif: NCCNTTTCCNGGAAANCNC","TF:M10079","1","0","2323","20","2","20044","PTP4A3,NFATC3"
"TF","Factor: STAT1; motif: YCMTTTCCNGGAAAWCNCATNN","TF:M09663","1","0","2795","20","2","20044","PTP4A3,NFATC3"
"TF","Factor: STAT1; motif: NTTCYRGGAAA","TF:M07228","1","0","1954","20","2","20044","PTP4A3,NFATC3"
"TF","Factor: STAT1; motif: NTTCCNGGA; match class: 1","TF:M04721_1","1","0","2666","20","2","20044","CACNA2D2,PTP4A3"
"TF","Factor: STAT1; motif: NTTCCNGGA","TF:M04721","1","0","7950","20","8","20044","NOS1AP,CACNA2D2,UBA6,PTP4A3,PTK2,TMEM245,CRYAB,PKP2"
"TF","Factor: STAT1; motif: NNTTTCYNGGAARNNNNNNNNN","TF:M01260","1","0","2171","20","2","20044","MYPN,NFATC3"
"TF","Factor: STAT1; motif: NNNSANTTCCGGGAANTGNSN; match class: 1","TF:M00224_1","1","0","2775","20","2","20044","PTP4A3,MYO18B"
"TF","Factor: STAT1; motif: NNNSANTTCCGGGAANTGNSN","TF:M00224","1","0","5739","20","6","20044","NOS1AP,KAT2B,CACNA2D2,SEC62,PTP4A3,MYO18B"
"TF","Factor: SRY; motif: TTGTTT; match class: 1","TF:M03854_1","1","0","9184","20","8","20044","NOS1AP,KAT2B,SEC62,MECOM,GNRHR,MYPN,CRYAB,MYO18B"
"TF","Factor: SRY; motif: TTGTTT","TF:M03854","1","0","14328","20","14","20044","PRDM16,HSPG2,NOS1AP,SP3,KAT2B,SEC62,MECOM,GNRHR,PTP4A3,PTK2,TMEM245,MYPN,CRYAB,MYO18B"
"TF","Factor: SRY; motif: AACAATNR; match class: 1","TF:M08976_1","1","0","8168","20","5","20044","SEC62,MECOM,GNRHR,MYPN,NFATC3"
"TF","Factor: SRY; motif: AACAATNR","TF:M08976","1","0","14024","20","13","20044","HSPG2,NOS1AP,SP3,KAT2B,CACNA2D2,SEC62,MECOM,GNRHR,UBA6,TMEM245,MYPN,CRYAB,NFATC3"
"TF","Factor: SRY; motif: TCAATAMCATTGA; match class: 1","TF:M04557_1","1","0","5072","20","7","20044","SEC62,MECOM,GNRHR,UBA6,MYPN,PKP2,MYO18B"
"TF","Factor: SRY; motif: TCAATAMCATTGA","TF:M04557","1","0","10186","20","8","20044","KAT2B,SEC62,MECOM,GNRHR,UBA6,MYPN,PKP2,MYO18B"
"TF","Factor: SRY; motif: AACAATNNNCATTGTT; match class: 1","TF:M04556_1","1","0","6187","20","5","20044","NOS1AP,MECOM,GNRHR,UBA6,MYPN"
"TF","Factor: SRY; motif: AACAATNNNCATTGTT","TF:M04556","1","0","7929","20","9","20044","NOS1AP,MECOM,GNRHR,UBA6,TMEM245,MYPN,CRYAB,PKP2,NFATC3"
"TF","Factor: SRY; motif: AACAATANCATTGTT; match class: 1","TF:M04555_1","1","0","3464","20","3","20044","MECOM,GNRHR,MYPN"
"TF","Factor: SRY; motif: AACAATANCATTGTT","TF:M04555","1","0","7155","20","4","20044","MECOM,GNRHR,UBA6,MYPN"
"TF","Factor: STAT3; motif: TTCYGGGAAN","TF:M07065","1","0","5043","20","3","20044","PTP4A3,PTK2,MYPN"
"TF","Factor: SUHW1; motif: TCTCTCCAGTRTGAATTCTCTGAT; match class: 1","TF:M10541_1","1","0","1951","20","1","20044","GNRHR"
"TF","Factor: TR2; motif: NRGGTCRYGACCYN; match class: 1","TF:M11765_1","1","0","1452","20","2","20044","NOS1AP,ADM"
"TF","Factor: TFP95; motif: NYCTCACCTCCNNN","TF:M12679","1","0","386","20","1","20044","HSPG2"
"TF","Factor: ZNF462; motif: YYYYCTSCWG","TF:M12707","1","0","9933","20","14","20044","PRDM16,HSPG2,NOS1AP,SP3,SEC62,MECOM,GNRHR,PTP4A3,PTK2,TMEM245,MYPN,CRYAB,NFATC3,MYO18B"
"TF","Factor: ZNF460; motif: NNACNCCCCCCNN; match class: 1","TF:M12313_1","1","0","2292","20","4","20044","PRDM16,CACNA2D2,TMEM245,NFATC3"
"TF","Factor: ZNF460; motif: NNACNCCCCCCNN","TF:M12313","1","0","6026","20","11","20044","PRDM16,HSPG2,SP3,CACNA2D2,SEC62,MECOM,PTK2,TMEM245,CRYAB,PKP2,NFATC3"
"TF","Factor: ZNF454; motif: NGGCTCNNGGCCCYGNNG","TF:M12736","1","0","1221","20","3","20044","PRDM16,KAT2B,PTP4A3"
"TF","Factor: ZNF450; motif: NNNAGGTCCTGGMAGNK","TF:M12706","1","0","2217","20","2","20044","HSPG2,CRYAB"
"TF","Factor: ZNF44; motif: KGATSGRGCCSC","TF:M05629","1","0","288","20","1","20044","HSPG2"
"TF","Factor: ZNF449; motif: RCGCCCAACC","TF:M12123","1","0","356","20","2","20044","MECOM,PTK2"
"TF","Factor: ZNF449; motif: MMGCCCAACC","TF:M12121","1","0","867","20","2","20044","MECOM,PTK2"
"TF","Factor: ZNF449; motif: NNNAGCCCARCC; match class: 1","TF:M09837_1","1","0","1164","20","2","20044","PTK2,LDB3"
"TF","Factor: ZNF449; motif: NNNAGCCCARCC","TF:M09837","1","0","5354","20","2","20044","PTK2,LDB3"
"TF","Factor: ZNF445; motif: NTGGGGGGAM","TF:M06180","1","0","204","20","1","20044","MECOM"
"TF","Factor: ZNF43; motif: NCTKGTTGGTGM","TF:M06108","1","0","50","20","1","20044","LDB3"
"TF","Factor: ZNF436; motif: TCCTCCAGGAAGCCY; match class: 1","TF:M10477_1","1","0","8872","20","7","20044","NOS1AP,SP3,SEC62,UBA6,PTP4A3,PTK2,TMEM245"
"TF","Factor: ZNF436; motif: TCCTCCAGGAAGCCY","TF:M10477","1","0","14858","20","12","20044","PRDM16,HSPG2,NOS1AP,SP3,KAT2B,SEC62,UBA6,PTP4A3,PTK2,TMEM245,LDB3,PKP2"
"TF","Factor: ZNF462; motif: YYYYCTSCWG; match class: 1","TF:M12707_1","1","0","3650","20","5","20044","PRDM16,SP3,SEC62,MECOM,MYO18B"
"TF","Factor: ZNF432; motif: NCAGNRCCNSRGRCAGC; match class: 1","TF:M12704_1","1","0","4858","20","9","20044","PRDM16,HSPG2,NOS1AP,SP3,KAT2B,MECOM,PTP4A3,PKP2,NFATC3"
"TF","Factor: ZNF419; motif: GGGTGGCCGC","TF:M06576","1","0","282","20","1","20044","MYO18B"
"TF","Factor: ZNF417; motif: NNNNNTNGGCGCCAM","TF:M12747","1","0","146","20","1","20044","NFATC3"
"TF","Factor: ZNF416; motif: GGGRNGCCSAGRN","TF:M12724","1","0","3648","20","4","20044","SP3,MECOM,ADM,MYO18B"
"TF","Factor: ZNF396; motif: CTGTCCRAAAA","TF:M12127","1","0","139","20","1","20044","MYO18B"
"TF","Factor: ZNF394; motif: NRARWRGAANNNAMWGNAAK; match class: 1","TF:M10147_1","1","0","1902","20","1","20044","ADM"
"TF","Factor: ZNF394; motif: NRARWRGAANNNAMWGNAAK","TF:M10147","1","0","5655","20","5","20044","MECOM,GNRHR,MYPN,ADM,PKP2"
"TF","Factor: ZNF385D; motif: NYGTCGCGACRK; match class: 1","TF:M12266_1","1","0","141","20","1","20044","NFATC3"
"TF","Factor: ZNF385D; motif: NYGTCGCGACRK","TF:M12266","1","0","149","20","1","20044","NFATC3"
"TF","Factor: CIZ; motif: TTTTNNNNNNNNNNNNNAAAAA; match class: 1","TF:M12070_1","1","0","2570","20","1","20044","MYPN"
"TF","Factor: CIZ; motif: TTTTNNNNNNNNNNNNNAAAAA","TF:M12070","1","0","2593","20","1","20044","MYPN"
"TF","Factor: ZNF383; motif: SSNGGGMGGNGSNGGS","TF:M12703","1","0","9355","20","16","20044","PRDM16,HSPG2,NOS1AP,SP3,KAT2B,CACNA2D2,MECOM,UBA6,PTP4A3,PTK2,TMEM245,LDB3,ADM,CRYAB,PKP2,NFATC3"
"TF","Factor: ZNF37A; motif: CCYYGGCTCCNTSCCMN; match class: 1","TF:M12354_1","1","0","5790","20","9","20044","HSPG2,SP3,KAT2B,MECOM,PTP4A3,PTK2,LDB3,PKP2,NFATC3"
"TF","Factor: ZNF37A; motif: CCYYGGCTCCNTSCCMN","TF:M12354","1","0","11203","20","13","20044","PRDM16,HSPG2,NOS1AP,SP3,KAT2B,CACNA2D2,MECOM,PTP4A3,PTK2,LDB3,CRYAB,PKP2,NFATC3"
"TF","Factor: ZNF35; motif: ANAWRNAAARAGNNNNNNNAAANAAANAAN","TF:M10470","1","0","1109","20","1","20044","GNRHR"
"TF","Factor: ZNF432; motif: NCAGNRCCNSRGRCAGC","TF:M12704","1","0","10288","20","13","20044","PRDM16,HSPG2,NOS1AP,SP3,KAT2B,SEC62,MECOM,PTP4A3,PTK2,TMEM245,ADM,PKP2,NFATC3"
"TF","Factor: ZNF35; motif: SSAAKA; match class: 1","TF:M07479_1","1","0","15655","20","16","20044","NOS1AP,KAT2B,CACNA2D2,SEC62,MECOM,GNRHR,UBA6,PTP4A3,PTK2,TMEM245,LDB3,ADM,CRYAB,PKP2,NFATC3,MYO18B"
"TF","Factor: ZNF479; motif: NSKACAAAMAGC","TF:M06621","1","0","188","20","1","20044","CRYAB"
"TF","Factor: ZNF498; motif: NCCCNNCCCNCCYCACCCCTGCNN","TF:M13122","1","0","776","20","1","20044","MECOM"
"TF","Factor: ZNF592; motif: NSARNATGGAGKN","TF:M09766","1","0","7605","20","9","20044","PRDM16,NOS1AP,KAT2B,MECOM,UBA6,PTK2,LDB3,CRYAB,NFATC3"
"TF","Factor: ZNF586; motif: CAGGCCYRGAGG; match class: 1","TF:M10491_1","1","0","7841","20","7","20044","SP3,CACNA2D2,SEC62,PTP4A3,TMEM245,LDB3,NFATC3"
"TF","Factor: ZNF586; motif: CAGGCCYRGAGG","TF:M10491","1","0","14107","20","17","20044","PRDM16,HSPG2,SP3,KAT2B,CACNA2D2,SEC62,MECOM,GNRHR,PTP4A3,PTK2,TMEM245,MYPN,LDB3,ADM,CRYAB,NFATC3,MYO18B"
"TF","Factor: znf580; motif: CCTACCCTYNCCTACCCY","TF:M12046","1","0","357","20","2","20044","MECOM,PTP4A3"
"TF","Factor: ZNF569; motif: KGKGGGTGRATM","TF:M06272","1","0","19","20","1","20044","MYPN"
"TF","Factor: ZNF563; motif: NGNNTCMTNNCNGGCAGCTGY; match class: 1","TF:M10158_1","1","0","1336","20","2","20044","SP3,KAT2B"
"TF","Factor: ZNF563; motif: NGNNTCMTNNCNGGCAGCTGY","TF:M10158","1","0","6216","20","9","20044","HSPG2,NOS1AP,SP3,KAT2B,CACNA2D2,PTP4A3,PTK2,ADM,MYO18B"
"TF","Factor: ZNF557; motif: NCCGCKTCCTGC","TF:M06444","1","0","1366","20","3","20044","SP3,KAT2B,SEC62"
"TF","Factor: ZNF555; motif: GAGCHGGCCC","TF:M06526","1","0","333","20","1","20044","UBA6"
"TF","Factor: ZNF554; motif: GCNGAGYCANNTRGNNNRCT","TF:M10157","1","0","1451","20","1","20044","PTP4A3"
"TF","Factor: ZNF549; motif: NNTGCTGCCCNN","TF:M12748","1","0","580","20","2","20044","LDB3,NFATC3"
"TF","Factor: ZNF549; motif: NNGNNCAAAGTNCAG","TF:M12710","1","0","2321","20","4","20044","HSPG2,KAT2B,PKP2,NFATC3"
"TF","Factor: ZNF549; motif: NTGCTKYCMW; match class: 1","TF:M12355_1","1","0","1420","20","1","20044","NFATC3"
"TF","Factor: ZNF549; motif: NTGCTKYCMW","TF:M12355","1","0","6776","20","4","20044","MECOM,PKP2,NFATC3,MYO18B"
"TF","Factor: ZNF486; motif: NGRGGCTTGGGA","TF:M06608","1","0","116","20","1","20044","CACNA2D2"
"TF","Factor: ZNF544; motif: GTWAAAACGM","TF:M05768","1","0","21","20","1","20044","KAT2B"
"TF","Factor: ZNF532; motif: NGGRGCTGGG","TF:M12732","1","0","9424","20","11","20044","HSPG2,NOS1AP,SP3,CACNA2D2,PTP4A3,PTK2,MYPN,LDB3,CRYAB,PKP2,MYO18B"
"TF","Factor: ZNF524; motif: NCTCGNACCCNN","TF:M12100","1","0","995","20","1","20044","PRDM16"
"TF","Factor: ZNF515; motif: WNSCCCCCWGCNG; match class: 1","TF:M08835_1","1","0","541","20","2","20044","KAT2B,CRYAB"
"TF","Factor: ZNF515; motif: WNSCCCCCWGCNG","TF:M08835","1","0","3613","20","8","20044","KAT2B,SEC62,MECOM,PTP4A3,LDB3,ADM,CRYAB,MYO18B"
"TF","Factor: ZNF515; motif: SCTGCTGK","TF:M07345","1","0","2561","20","2","20044","CACNA2D2,SEC62"
"TF","Factor: ZNF515; motif: GTGGGGGGTM","TF:M01231","1","0","1517","20","1","20044","KAT2B"
"TF","Factor: ZNF511; motif: GGRRGRGGCWGNG; match class: 1","TF:M09738_1","1","0","4877","20","8","20044","PRDM16,SP3,KAT2B,PTP4A3,PTK2,TMEM245,LDB3,NFATC3"
"TF","Factor: ZNF511; motif: GGRRGRGGCWGNG","TF:M09738","1","0","11110","20","13","20044","PRDM16,HSPG2,NOS1AP,SP3,KAT2B,CACNA2D2,PTP4A3,PTK2,TMEM245,LDB3,ADM,CRYAB,NFATC3"
"TF","Factor: ZNF502; motif: NGGGWAAGACT","TF:M06561","1","0","41","20","1","20044","PTP4A3"
"TF","Factor: ZNF501; motif: NNGCGACGCGAACAN","TF:M12086","1","0","1860","20","3","20044","PRDM16,NOS1AP,CACNA2D2"
"TF","Factor: ZNF501; motif: NNNCSACGCGAACAC; match class: 1","TF:M12085_1","1","0","3082","20","2","20044","CACNA2D2,PTK2"
"TF","Factor: ZNF501; motif: NNNCSACGCGAACAC","TF:M12085","1","0","8712","20","10","20044","PRDM16,HSPG2,NOS1AP,CACNA2D2,SEC62,MECOM,GNRHR,PTK2,TMEM245,CRYAB"
"TF","Factor: ZNF499; motif: NCNCCTATAKN","TF:M12330","1","0","526","20","1","20044","UBA6"
"TF","Factor: ZNF499; motif: NCMCCTATAKN","TF:M12329","1","0","590","20","1","20044","UBA6"
"TF","Factor: ZNF532; motif: NGGRGCTGGG; match class: 1","TF:M12732_1","1","0","3591","20","5","20044","HSPG2,CACNA2D2,PTP4A3,PTK2,LDB3"
"TF","Factor: ZNF35; motif: SSAAKA","TF:M07479","1","0","18842","20","18","20044","HSPG2,NOS1AP,SP3,KAT2B,CACNA2D2,SEC62,MECOM,GNRHR,UBA6,PTP4A3,PTK2,TMEM245,LDB3,ADM,CRYAB,PKP2,NFATC3,MYO18B"
"TF","Factor: ZNF355P; motif: GWTAAAAMGC","TF:M06709","1","0","42","20","1","20044","KAT2B"
"TF","Factor: ZNF355P; motif: NSGTGGAACCGM","TF:M06708","1","0","34","20","1","20044","NFATC3"
"TF","Factor: ZNF230; motif: NSNTAAAAACRA","TF:M05994","1","0","68","20","1","20044","LDB3"
"TF","Factor: ZNF219; motif: SNNCAGCACCNNGGNCAGCGSC; match class: 1","TF:M13149_1","1","0","6813","20","11","20044","PRDM16,HSPG2,NOS1AP,SP3,KAT2B,CACNA2D2,PTP4A3,ADM,CRYAB,PKP2,NFATC3"
"TF","Factor: ZNF219; motif: SNNCAGCACCNNGGNCAGCGSC","TF:M13149","1","0","11695","20","14","20044","PRDM16,HSPG2,NOS1AP,SP3,KAT2B,CACNA2D2,PTP4A3,PTK2,TMEM245,LDB3,ADM,CRYAB,PKP2,NFATC3"
"TF","Factor: ZNF219; motif: CRCCCCCCNCCC","TF:M01122","1","0","575","20","2","20044","PRDM16,NFATC3"
"TF","Factor: ZABC1; motif: CAGAAYNSTGGNNTW","TF:M07598","1","0","624","20","1","20044","SP3"
"TF","Factor: ZNF214; motif: NCMTTYYTRWGSMNNTTGATGA","TF:M10130","1","0","763","20","1","20044","PRDM16"
"TF","Factor: ZNF208; motif: NGNGGGAGTTCM","TF:M06049","1","0","313","20","1","20044","SP3"
"TF","Factor: ZNF195; motif: NGGAGAAGCCGW","TF:M06046","1","0","352","20","1","20044","NOS1AP"
"TF","Factor: ZNF18; motif: NNGYTCACACC","TF:M13145","1","0","608","20","1","20044","PTP4A3"
"TF","Factor: ZNF189; motif: RSNNGGAACAGMR","TF:M09835","1","0","3387","20","3","20044","MECOM,TMEM245,CRYAB"
"TF","Factor: ZNF148; motif: NNCCCCTCCCCC; match class: 1","TF:M12464_1","1","0","2630","20","7","20044","PRDM16,NOS1AP,SP3,KAT2B,MECOM,PTP4A3,CRYAB"
"TF","Factor: ZNF148; motif: NNCCCCTCCCCC","TF:M12464","1","0","7076","20","13","20044","PRDM16,HSPG2,NOS1AP,SP3,KAT2B,CACNA2D2,MECOM,PTP4A3,PTK2,LDB3,ADM,CRYAB,MYO18B"
"TF","Factor: ZNF148; motif: NNNNNNCCNNCCCCTCCCCCACCCN; match class: 1","TF:M09834_1","1","0","2983","20","9","20044","HSPG2,SP3,KAT2B,MECOM,PTP4A3,TMEM245,CRYAB,PKP2,NFATC3"
"TF","Factor: ZNF148; motif: NNNNNNCCNNCCCCTCCCCCACCCN","TF:M09834","1","0","7162","20","14","20044","PRDM16,HSPG2,NOS1AP,SP3,KAT2B,CACNA2D2,MECOM,PTP4A3,PTK2,TMEM245,ADM,CRYAB,PKP2,NFATC3"
"TF","Factor: ZNF232; motif: NCAGCASCNNGGNCAGCGCC","TF:M13146","1","0","6549","20","10","20044","PRDM16,HSPG2,NOS1AP,KAT2B,CACNA2D2,PTP4A3,TMEM245,LDB3,ADM,NFATC3"
"TF","Factor: ZNF142; motif: SNSCGCCCGCCCGCSCSS; match class: 1","TF:M12697_1","1","0","1020","20","1","20044","SP3"
"TF","Factor: ZNF138; motif: GCAGCRSCNSGSNCMGSGCS; match class: 1","TF:M13144_1","1","0","5699","20","8","20044","PRDM16,HSPG2,NOS1AP,KAT2B,CACNA2D2,PTP4A3,PTK2,NFATC3"
"TF","Factor: ZNF138; motif: GCAGCRSCNSGSNCMGSGCS","TF:M13144","1","0","9856","20","11","20044","PRDM16,HSPG2,NOS1AP,SP3,KAT2B,CACNA2D2,PTP4A3,PTK2,TMEM245,ADM,NFATC3"
"TF","Factor: znf136; motif: CAAGAATWCTATAYCCAG; match class: 1","TF:M10535_1","1","0","2615","20","3","20044","UBA6,TMEM245,CRYAB"
"TF","Factor: znf136; motif: CAAGAATWCTATAYCCAG","TF:M10535","1","0","8361","20","7","20044","NOS1AP,MECOM,UBA6,TMEM245,MYPN,CRYAB,NFATC3"
"TF","Factor: znf136; motif: NGRWYGWAGAGA","TF:M05709","1","0","300","20","1","20044","KAT2B"
"TF","Factor: ZNF134; motif: GCCTNNNCTMATCAGKTGAAGG","TF:M10126","1","0","229","20","1","20044","SEC62"
"TF","Factor: ZNF114; motif: NNCCMRGNWGSWG","TF:M12696","1","0","1655","20","2","20044","SEC62,NFATC3"
"TF","Factor: ZSCAN21; motif: NSNGNSCNNGGTGCTG; match class: 1","TF:M13148_1","1","0","2353","20","5","20044","PRDM16,PTP4A3,TMEM245,PKP2,NFATC3"
"TF","Factor: ZSCAN21; motif: NSNGNSCNNGGTGCTG","TF:M13148","1","0","7520","20","10","20044","PRDM16,KAT2B,CACNA2D2,PTP4A3,PTK2,TMEM245,ADM,PKP2,NFATC3,MYO18B"
"TF","Factor: ZID; motif: GGNGMTGGAGCCN","TF:M10116","1","0","1640","20","2","20044","KAT2B,CACNA2D2"
"TF","Factor: ZIC4; motif: NNCCNCCCRYNGYGN; match class: 1","TF:M12227_1","1","0","6100","20","12","20044","PRDM16,HSPG2,NOS1AP,KAT2B,CACNA2D2,MECOM,PTP4A3,PTK2,ADM,PKP2,NFATC3,MYO18B"
"TF","Factor: ZIC4; motif: NNCCNCCCRYNGYGN","TF:M12227","1","0","11376","20","15","20044","PRDM16,HSPG2,NOS1AP,SP3,KAT2B,CACNA2D2,SEC62,MECOM,UBA6,PTP4A3,PTK2,ADM,PKP2,NFATC3,MYO18B"
"TF","Factor: ZIC4; motif: NRCCMCCYRCTGTGN","TF:M12226","1","0","1187","20","2","20044","KAT2B,ADM"
"TF","Factor: ZIC4; motif: GRCCCCCCGCNGNGN","TF:M03932","1","0","2790","20","4","20044","SP3,ADM,NFATC3,MYO18B"
"TF","Factor: ZNF142; motif: SNSCGCCCGCCCGCSCSS","TF:M12697","1","0","3218","20","5","20044","HSPG2,SP3,KAT2B,MECOM,TMEM245"
"TF","Factor: ZNF232; motif: NCAGCASCNNGGNCAGCGCC; match class: 1","TF:M13146_1","1","0","2297","20","5","20044","NOS1AP,KAT2B,PTP4A3,ADM,NFATC3"
"TF","Factor: ZNF23; motif: KGGKTGRGGAGG","TF:M06117","1","0","884","20","2","20044","SP3,CACNA2D2"
"TF","Factor: ZNF253; motif: KKGCARMMGM","TF:M06069","1","0","1605","20","4","20044","KAT2B,CACNA2D2,TMEM245,ADM"
"TF","Factor: ZNF343; motif: NCGCTTCACCRCGGYAN","TF:M12301","1","0","99","20","1","20044","PTK2"
"TF","Factor: ZNF342; motif: NRGTGGWCANT","TF:M12076","1","0","1518","20","1","20044","GNRHR"
"TF","Factor: ZNF342; motif: TRSTGGACRNT; match class: 1","TF:M12075_1","1","0","1326","20","4","20044","GNRHR,LDB3,PKP2,MYO18B"
"TF","Factor: ZNF342; motif: TRSTGGACRNT","TF:M12075","1","0","6605","20","5","20044","GNRHR,LDB3,ADM,PKP2,MYO18B"
"TF","Factor: ZNF341; motif: GRGGRRNRGNRGNRGGAASAGC; match class: 1","TF:M10144_1","1","0","824","20","2","20044","SEC62,MECOM"
"TF","Factor: ZNF341; motif: GRGGRRNRGNRGNRGGAASAGC","TF:M10144","1","0","4412","20","6","20044","CACNA2D2,SEC62,MECOM,PTP4A3,PTK2,TMEM245"
"TF","Factor: ZNF339; motif: NNACCGTTANNNN","TF:M12271","1","0","844","20","2","20044","NOS1AP,UBA6"
"TF","Factor: ZNF335; motif: GGCTGYCYNNNSCNNTGCCTGW","TF:M10143","1","0","482","20","1","20044","LDB3"
"TF","Factor: ZNF333; motif: ATAAT; match class: 1","TF:M01230_1","1","0","11733","20","11","20044","NOS1AP,KAT2B,SEC62,MECOM,GNRHR,UBA6,PTK2,TMEM245,MYPN,ADM,PKP2"
"TF","Factor: ZNF333; motif: ATAAT","TF:M01230","1","0","15696","20","16","20044","NOS1AP,SP3,KAT2B,SEC62,MECOM,GNRHR,UBA6,PTK2,TMEM245,MYPN,LDB3,ADM,CRYAB,PKP2,NFATC3,MYO18B"
"TF","Factor: ZNF324; motif: KNTCAAACCATCCTTNNCTKSCN; match class: 1","TF:M10109_1","1","0","313","20","1","20044","MECOM"
"TF","Factor: ZNF324; motif: KNTCAAACCATCCTTNNCTKSCN","TF:M10109","1","0","2253","20","2","20044","MECOM,ADM"
"TF","Factor: ZNF322A; motif: GNGCCTGSTACWSWGCCTGN","TF:M10140","1","0","372","20","1","20044","ADM"
"TF","Factor: ZNF320; motif: GKGGGNCCMGGGGGCCWRTG","TF:M10139","1","0","714","20","2","20044","UBA6,PTP4A3"
"TF","Factor: ZNF304; motif: GGGGCTTTGCTG","TF:M06732","1","0","22","20","1","20044","LDB3"
"TF","Factor: ZNF300; motif: SWGGGGGSN; match class: 1","TF:M07486_1","1","0","7597","20","14","20044","PRDM16,HSPG2,KAT2B,CACNA2D2,SEC62,MECOM,UBA6,PTP4A3,PTK2,LDB3,ADM,CRYAB,PKP2,NFATC3"
"TF","Factor: ZNF300; motif: SWGGGGGSN","TF:M07486","1","0","13022","20","16","20044","PRDM16,HSPG2,KAT2B,CACNA2D2,SEC62,MECOM,UBA6,PTP4A3,PTK2,TMEM245,LDB3,ADM,CRYAB,PKP2,NFATC3,MYO18B"
"TF","Factor: ZNF253; motif: SNGNSCGNGGNGCKGNN","TF:M13147","1","0","11358","20","13","20044","PRDM16,HSPG2,NOS1AP,SP3,KAT2B,CACNA2D2,UBA6,PTP4A3,PTK2,TMEM245,CRYAB,PKP2,NFATC3"
"TF","Factor: ZNF253; motif: SNGNSCGNGGNGCKGNN; match class: 1","TF:M13147_1","1","0","6820","20","11","20044","PRDM16,HSPG2,NOS1AP,SP3,KAT2B,CACNA2D2,PTP4A3,PTK2,TMEM245,PKP2,NFATC3"
"TF","Factor: FPM315; motif: GGAGGAGGRRGRGGRGGRRGR","TF:M07141","1","0","2227","20","4","20044","NOS1AP,SP3,MECOM,ADM"
"TF","Factor: FPM315; motif: GGAGGAGGRRGRGGRGGRRGR; match class: 1","TF:M07141_1","1","0","909","20","1","20044","SP3"
"TF","Factor: ZNF263; motif: NNGGGGAGGANN","TF:M12535","1","0","2855","20","7","20044","PRDM16,NOS1AP,SP3,CACNA2D2,SEC62,PTK2,MYO18B"
"TF","Factor: ZNF263; motif: NNGGGGAGGANN; match class: 1","TF:M12535_1","1","0","356","20","1","20044","SP3"
"TF","Factor: ZNF594; motif: CAGGGCCACGGA","TF:M06616","1","0","30","20","1","20044","ADM"
"TF","Factor: ZNF264; motif: NMYGGGRTTAGTGCCCTN","TF:M12699","1","0","2653","20","4","20044","KAT2B,PTP4A3,TMEM245,MYO18B"
"TF","Factor: ZNF273; motif: GAGAGGAGCTAC; match class: 1","TF:M10460_1","1","0","5897","20","8","20044","NOS1AP,SP3,SEC62,GNRHR,UBA6,TMEM245,ADM,NFATC3"
"TF","Factor: ZNF282; motif: NTTCCCAYAACMCN","TF:M12295","1","0","681","20","2","20044","ADM,MYO18B"
"TF","Factor: ZNF282; motif: NTTCCCAYNACMCK","TF:M12296","1","0","355","20","1","20044","MYO18B"
"TF","Factor: ZNF285; motif: NGTTCMKAAAGM","TF:M06677","1","0","125","20","1","20044","NFATC3"
"TF","Factor: ZNF295; motif: NYCYCWGCYYCCCN","TF:M09755","1","0","3297","20","1","20044","PTK2"
"TF","Factor: ZNF295; motif: RTGACGTCAN","TF:M12700","1","0","1350","20","1","20044","CRYAB"
"TF","Factor: ZNF273; motif: GAGAGGAGCTAC","TF:M10460","1","0","13061","20","13","20044","PRDM16,NOS1AP,SP3,KAT2B,CACNA2D2,SEC62,GNRHR,UBA6,PTK2,TMEM245,LDB3,ADM,NFATC3"
"TF","Factor: Zic3; motif: NGGGKGGTC; match class: 1","TF:M00450_1","1","0","8092","20","10","20044","PRDM16,HSPG2,KAT2B,CACNA2D2,UBA6,PTP4A3,PTK2,MYPN,CRYAB,MYO18B"
"TF","Factor: ZNF595; motif: NGTGGAGGAWGC","TF:M06483","1","0","86","20","1","20044","SEC62"
"TF","Factor: ZNF609; motif: GNSNGGGNGCTGN; match class: 1","TF:M13132_1","1","0","5487","20","8","20044","PRDM16,HSPG2,SP3,PTP4A3,PTK2,TMEM245,CRYAB,PKP2"
"TF","Factor: ZXDL; motif: GSGSCNNGGGMRGCNCCGGGS","TF:M12722","1","0","10881","20","13","20044","PRDM16,HSPG2,NOS1AP,SP3,KAT2B,CACNA2D2,MECOM,PTP4A3,PTK2,TMEM245,ADM,PKP2,NFATC3"
"TF","Factor: ZXDL; motif: NGGGGWS; match class: 1","TF:M05775_1","1","0","1770","20","1","20044","CRYAB"
"TF","Factor: ZXDL; motif: NGGGGWS","TF:M05775","1","0","7141","20","11","20044","HSPG2,NOS1AP,KAT2B,CACNA2D2,UBA6,PTK2,ADM,CRYAB,PKP2,NFATC3,MYO18B"
"TF","Factor: ZXDB; motif: NAGGGTG; match class: 1","TF:M06202_1","1","0","2073","20","4","20044","HSPG2,PTP4A3,LDB3,NFATC3"
"TF","Factor: ZXDB; motif: NAGGGTG","TF:M06202","1","0","7611","20","11","20044","PRDM16,HSPG2,NOS1AP,KAT2B,CACNA2D2,UBA6,PTP4A3,LDB3,CRYAB,PKP2,NFATC3"
"TF","Factor: ZXDB; motif: NGGGGTC; match class: 1","TF:M06191_1","1","0","1306","20","1","20044","CRYAB"
"TF","Factor: ZXDB; motif: NGGGGTC","TF:M06191","1","0","6039","20","7","20044","PRDM16,CACNA2D2,UBA6,PTP4A3,PTK2,CRYAB,NFATC3"
"TF","Factor: ZXDA; motif: NAGGGTG; match class: 1","TF:M06203_1","1","0","2073","20","4","20044","HSPG2,PTP4A3,LDB3,NFATC3"
"TF","Factor: ZXDA; motif: NAGGGTG","TF:M06203","1","0","7611","20","11","20044","PRDM16,HSPG2,NOS1AP,KAT2B,CACNA2D2,UBA6,PTP4A3,LDB3,CRYAB,PKP2,NFATC3"
"TF","Factor: ZXDA; motif: NGGGGTC; match class: 1","TF:M06190_1","1","0","1306","20","1","20044","CRYAB"
"TF","Factor: ZXDA; motif: NGGGGTC","TF:M06190","1","0","6039","20","7","20044","PRDM16,CACNA2D2,UBA6,PTP4A3,PTK2,CRYAB,NFATC3"
"TF","Factor: ZSCAN5; motif: NNGTCCCYCCCCAAANCN","TF:M12108","1","0","292","20","1","20044","LDB3"
"TF","Factor: ZSCAN2; motif: NGGGWAAAACGC","TF:M06387","1","0","98","20","1","20044","TMEM245"
"TF","Factor: ZSCAN18; motif: TRRCGRCGNMCC; match class: 1","TF:M05432_1","1","0","860","20","4","20044","PRDM16,HSPG2,SP3,PTK2"
"TF","Factor: ZXDL; motif: GSGSCNNGGGMRGCNCCGGGS; match class: 1","TF:M12722_1","1","0","6868","20","10","20044","PRDM16,HSPG2,NOS1AP,SP3,KAT2B,CACNA2D2,PTK2,TMEM245,PKP2,NFATC3"
"TF","Factor: ZSCAN18; motif: TRRCGRCGNMCC","TF:M05432","1","0","4238","20","6","20044","PRDM16,HSPG2,SP3,CACNA2D2,PTK2,TMEM245"
"TF","Factor: ZSCAN11; motif: NYMKAGGAAASA","TF:M06005","1","0","309","20","1","20044","MYO18B"
"TF","Factor: ZNFPT1; motif: YCNNCNCWGCCNY; match class: 1","TF:M12721_1","1","0","3295","20","6","20044","PRDM16,HSPG2,CACNA2D2,PTP4A3,PTK2,LDB3"
"TF","Factor: ZNFPT1; motif: YCNNCNCWGCCNY","TF:M12721","1","0","9362","20","14","20044","PRDM16,HSPG2,NOS1AP,SP3,KAT2B,CACNA2D2,PTP4A3,PTK2,TMEM245,LDB3,ADM,CRYAB,PKP2,MYO18B"
"TF","Factor: ZNF692; motif: SYNGGSCCCASCCNC","TF:M09734","1","0","12027","20","16","20044","PRDM16,HSPG2,NOS1AP,SP3,KAT2B,CACNA2D2,SEC62,MECOM,UBA6,PTP4A3,PTK2,LDB3,CRYAB,PKP2,NFATC3,MYO18B"
"TF","Factor: ZNF691; motif: GAGCACTGNNN","TF:M12714","1","0","2584","20","1","20044","PTP4A3"
"TF","Factor: ZNF690; motif: GTCTACRCNG","TF:M12713","1","0","2294","20","2","20044","PRDM16,CACNA2D2"
"TF","Factor: ZNF690; motif: GGGGGACGGN","TF:M05845","1","0","153","20","1","20044","PTK2"
"TF","Factor: ZNF688; motif: MTCAKAAGACC","TF:M05310","1","0","770","20","2","20044","LDB3,NFATC3"
"TF","Factor: ZNF684; motif: MAAGGGGTGGACTGT; match class: 1","TF:M10550_1","1","0","9548","20","8","20044","PRDM16,SP3,SEC62,MECOM,UBA6,PTP4A3,PTK2,LDB3"
"TF","Factor: ZNF684; motif: MAAGGGGTGGACTGT","TF:M10550","1","0","15565","20","17","20044","PRDM16,HSPG2,NOS1AP,SP3,KAT2B,SEC62,MECOM,UBA6,PTP4A3,PTK2,TMEM245,MYPN,LDB3,ADM,CRYAB,PKP2,MYO18B"
"TF","Factor: ZNF682; motif: KGRGGCGGCTGW","TF:M06096","1","0","147","20","1","20044","TMEM245"
"TF","Factor: znf679; motif: CTTSAADAKC","TF:M06475","1","0","421","20","1","20044","CACNA2D2"
"TF","Factor: ZNF678; motif: NKGGAMGGCAGC","TF:M06283","1","0","133","20","1","20044","LDB3"
"TF","Factor: ZNF676; motif: NSAGGGGGCGGT","TF:M05893","1","0","174","20","1","20044","SEC62"
"TF","Factor: ZNF676; motif: KGKGCAGGCTKH","TF:M05889","1","0","300","20","1","20044","PTP4A3"
"TF","Factor: ZNF670; motif: SNGGGCRGRG; match class: 1","TF:M13124_1","1","0","8436","20","12","20044","PRDM16,HSPG2,NOS1AP,SP3,KAT2B,CACNA2D2,PTP4A3,PTK2,ADM,PKP2,NFATC3,MYO18B"
"TF","Factor: ZNF670; motif: SNGGGCRGRG","TF:M13124","1","0","13091","20","17","20044","PRDM16,HSPG2,NOS1AP,SP3,KAT2B,CACNA2D2,MECOM,UBA6,PTP4A3,PTK2,TMEM245,LDB3,ADM,CRYAB,PKP2,NFATC3,MYO18B"
"TF","Factor: ZNF692; motif: SYNGGSCCCASCCNC; match class: 1","TF:M09734_1","1","0","6498","20","13","20044","PRDM16,HSPG2,SP3,KAT2B,CACNA2D2,SEC62,MECOM,PTP4A3,PTK2,CRYAB,PKP2,NFATC3,MYO18B"
"TF","Factor: ZNF667; motif: TTAAGAGCTCAN","TF:M12901","1","0","472","20","1","20044","MYPN"
"TF","Factor: ZNF667; motif: GNGSCYTNMARAGCTCMNC","TF:M10161","1","0","3630","20","3","20044","HSPG2,SP3,TMEM245"
"TF","Factor: ZNF652; motif: NNAAGRGTTAAN","TF:M12468","1","0","172","20","1","20044","CRYAB"
"TF","Factor: ZNF647; motif: NYAGGCCYAC; match class: 1","TF:M12286_1","1","0","1639","20","1","20044","NFATC3"
"TF","Factor: ZNF647; motif: NYAGGCCYAC","TF:M12286","1","0","6346","20","7","20044","HSPG2,SP3,SEC62,LDB3,CRYAB,NFATC3,MYO18B"
"TF","Factor: ZNF647; motif: NTAGGCCTAN; match class: 1","TF:M12285_1","1","0","428","20","1","20044","NFATC3"
"TF","Factor: ZNF647; motif: NTAGGCCTAN","TF:M12285","1","0","1302","20","2","20044","SP3,NFATC3"
"TF","Factor: ZNF644; motif: TCCWGCCTCTSN; match class: 1","TF:M09737_1","1","0","1861","20","6","20044","PRDM16,KAT2B,CACNA2D2,MECOM,LDB3,CRYAB"
"TF","Factor: ZNF644; motif: TCCWGCCTCTSN","TF:M09737","1","0","7378","20","11","20044","PRDM16,HSPG2,KAT2B,CACNA2D2,MECOM,PTK2,TMEM245,LDB3,CRYAB,PKP2,MYO18B"
"TF","Factor: ZNF641; motif: NAGGGGKGGGGN","TF:M05417","1","0","133","20","2","20044","PRDM16,TMEM245"
"TF","Factor: ZNF625; motif: GTTSGAGTGN","TF:M05858","1","0","308","20","1","20044","GNRHR"
"TF","Factor: ZNF614; motif: NCYCWGCCYYNNN; match class: 1","TF:M09862_1","1","0","4302","20","9","20044","PRDM16,HSPG2,SP3,CACNA2D2,PTP4A3,PTK2,LDB3,PKP2,NFATC3"
"TF","Factor: ZNF614; motif: NCYCWGCCYYNNN","TF:M09862","1","0","9615","20","14","20044","PRDM16,HSPG2,SP3,KAT2B,CACNA2D2,SEC62,MECOM,PTP4A3,PTK2,LDB3,CRYAB,PKP2,NFATC3,MYO18B"
"TF","Factor: ZNF611; motif: NTTAKAAAAANC","TF:M06902","1","0","119","20","1","20044","GNRHR"
"TF","Factor: ZNF610; motif: NSCGCCGCTCCSNN","TF:M12737","1","0","1566","20","4","20044","HSPG2,CACNA2D2,ADM,PKP2"
"TF","Factor: ZNF667; motif: GNGSCYTNMARAGCTCMNC; match class: 1","TF:M10161_1","1","0","399","20","1","20044","TMEM245"
"TF","Factor: ZNF697; motif: NGGRACCCAGGMNNCC","TF:M12715","1","0","285","20","1","20044","PRDM16"
"TF","Factor: ZNF705D; motif: NCCAAAAAAAYY","TF:M06105","1","0","120","20","1","20044","PRDM16"
"TF","Factor: ZNF705F; motif: NCCAAAAAAAYY","TF:M06040","1","0","159","20","1","20044","PRDM16"
"TF","Factor: ZNF99; motif: TAGCTGRACA","TF:M06081","1","0","134","20","1","20044","LDB3"
"TF","Factor: ZNF93; motif: GGYAGCRGCAGCGGYG; match class: 1","TF:M12742_1","1","0","1335","20","6","20044","PRDM16,SP3,KAT2B,CACNA2D2,PTK2,NFATC3"
"TF","Factor: ZNF93; motif: GGYAGCRGCAGCGGYG","TF:M12742","1","0","2618","20","7","20044","PRDM16,SP3,KAT2B,CACNA2D2,PTK2,PKP2,NFATC3"
"TF","Factor: ZNF92; motif: NGWTGMGGWWGM","TF:M06160","1","0","129","20","2","20044","UBA6,PTP4A3"
"TF","Factor: ZNF879; motif: NGGTCGKTTAGA","TF:M05643","1","0","6","20","1","20044","NOS1AP"
"TF","Factor: ZNF85; motif: ANAGAARWCTGMWGKAATCT","TF:M10170","1","0","174","20","1","20044","MYPN"
"TF","Factor: ZNF850; motif: CNSYGGGAGCCCCTCTCNGGGCTGNCC","TF:M12729","1","0","1896","20","2","20044","PTK2,PKP2"
"TF","Factor: ZNF84; motif: NCCTMCGGMAGA","TF:M06151","1","0","162","20","1","20044","KAT2B"
"TF","Factor: ZNF836; motif: NTGGGCAAACKT","TF:M06436","1","0","24","20","1","20044","GNRHR"
"TF","Factor: ZNF835; motif: NCGRGKGAAMCC","TF:M06789","1","0","251","20","1","20044","HSPG2"
"TF","Factor: znf821; motif: NGGACAGACRGACAN; match class: 1","TF:M12098_1","1","0","2","20","1","20044","LDB3"
"TF","Factor: znf821; motif: NGGACAGACRGACAN","TF:M12098","1","0","49","20","1","20044","LDB3"
"TF","Factor: znf821; motif: NGGACAGACGGACRN; match class: 1","TF:M12097_1","1","0","14","20","1","20044","LDB3"
"TF","Factor: znf821; motif: NGGACAGACGGACRN","TF:M12097","1","0","101","20","1","20044","LDB3"
"TF","Factor: ZNF80; motif: KGGGGCGACYGA","TF:M05694","1","0","67","20","1","20044","PKP2"
"TF","Factor: ZNF7; motif: NCYYTGYCWNCWCTTR","TF:M12716","1","0","2442","20","1","20044","PTP4A3"
"TF","Factor: ZNF784; motif: NTACYTACCGN","TF:M12088","1","0","434","20","1","20044","KAT2B"
"TF","Factor: ZNF709; motif: NGRWCCAAACCC","TF:M05883","1","0","1656","20","2","20044","MYPN,NFATC3"
"TF","Factor: ZNF714; motif: NSGKTGGGCCGM","TF:M05938","1","0","725","20","1","20044","TMEM245"
"TF","Factor: ZNF740; motif: CCCCCCCCAC","TF:M03939","1","0","486","20","1","20044","PRDM16"
"TF","Factor: ZNF740; motif: CYGCCCCCCCCAC","TF:M12234","1","0","383","20","1","20044","PRDM16"
"TF","Factor: ZNF740; motif: NYGCCCCCCCCAC","TF:M12235","1","0","270","20","1","20044","PRDM16"
"TF","Factor: ZNF740; motif: NYNCCCCCCCCAC","TF:M12237","1","0","503","20","1","20044","PRDM16"
"TF","Factor: ZNF609; motif: GNSNGGGNGCTGN","TF:M13132","1","0","11356","20","12","20044","PRDM16,HSPG2,SP3,KAT2B,PTP4A3,PTK2,TMEM245,LDB3,CRYAB,PKP2,NFATC3,MYO18B"
"TF","Factor: ZNF740; motif: CNGCCCCCCCMCCCCC","TF:M12717","1","0","1571","20","7","20044","NOS1AP,CACNA2D2,MECOM,PTP4A3,PTK2,TMEM245,NFATC3"
"TF","Factor: ZNF773; motif: GGGTGGCCGC","TF:M06377","1","0","282","20","1","20044","MYO18B"
"TF","Factor: ZNF775; motif: KGTTTAAGSG","TF:M06597","1","0","423","20","1","20044","MECOM"
"TF","Factor: ZNF775; motif: RGRGAGAAGN","TF:M12720","1","0","3607","20","3","20044","CACNA2D2,SEC62,LDB3"
"TF","Factor: ZNF777; motif: GTCCGYCCCGTCSAACAAT","TF:M08993","1","0","10853","20","13","20044","PRDM16,HSPG2,NOS1AP,SP3,KAT2B,SEC62,UBA6,PTK2,TMEM245,LDB3,PKP2,NFATC3,MYO18B"
"TF","Factor: ZNF777; motif: GTCCGYCCCGTCSAACAAT; match class: 1","TF:M08993_1","1","0","4211","20","6","20044","HSPG2,SP3,UBA6,PTK2,NFATC3,MYO18B"
"TF","Factor: ZNF778; motif: NTMAGWTTGCGC","TF:M06623","1","0","119","20","1","20044","NFATC3"
"TF","Factor: ZNF740; motif: CNGCCCCCCCMCCCCC; match class: 1","TF:M12717_1","1","0","289","20","2","20044","CACNA2D2,NFATC3"
"TF","Factor: Zic3; motif: NGGGKGGTC","TF:M00450","1","0","14278","20","15","20044","PRDM16,HSPG2,NOS1AP,KAT2B,CACNA2D2,SEC62,MECOM,UBA6,PTP4A3,PTK2,TMEM245,MYPN,ADM,CRYAB,MYO18B"
"TF","Factor: ZIC1; motif: NACCCCCCGCTGYGC","TF:M12219","1","0","864","20","1","20044","NFATC3"
"TF","Factor: Zic1; motif: KGGGTGGTC; match class: 1","TF:M00448_1","1","0","4444","20","4","20044","PTP4A3,PTK2,LDB3,CRYAB"
"TF","Factor: USF; motif: NCACGTGN; match class: 1","TF:M00217_1","1","0","1275","20","2","20044","HSPG2,PTP4A3"
"TF","Factor: USF; motif: NCACGTGN","TF:M00217","1","0","4175","20","2","20044","HSPG2,PTP4A3"
"TF","Factor: USF; motif: NNRNCACGTGNYNN; match class: 1","TF:M00122_1","1","0","2444","20","1","20044","NFATC3"
"TF","Factor: USF; motif: NNRNCACGTGNYNN","TF:M00122","1","0","2444","20","1","20044","NFATC3"
"TF","Factor: USF; motif: NNRYCACGTGRYNN; match class: 1","TF:M00121_1","1","0","2517","20","1","20044","NFATC3"
"TF","Factor: USF; motif: NNRYCACGTGRYNN","TF:M00121","1","0","2517","20","1","20044","NFATC3"
"TF","Factor: USF2; motif: NNNCCACGTGACN; match class: 1","TF:M03860_1","1","0","1122","20","1","20044","PTP4A3"
"TF","Factor: USF2; motif: NNNCCACGTGACN","TF:M03860","1","0","3805","20","3","20044","HSPG2,PTP4A3,NFATC3"
"TF","Factor: USF2; motif: CASGYG; match class: 1","TF:M00726_1","1","0","6029","20","4","20044","HSPG2,PTP4A3,LDB3,NFATC3"
"TF","Factor: USF2; motif: CASGYG","TF:M00726","1","0","6029","20","4","20044","HSPG2,PTP4A3,LDB3,NFATC3"
"TF","Factor: USF2; motif: NRTCACGTGAYN; match class: 1","TF:M13004_1","1","0","2777","20","1","20044","NFATC3"
"TF","Factor: USF2; motif: NRTCACGTGAYN","TF:M13004","1","0","2818","20","1","20044","NFATC3"
"TF","Factor: USF2; motif: NNNSSYCACGTGACNNNNNNNNNSCN; match class: 1","TF:M12682_1","1","0","645","20","1","20044","NFATC3"
"TF","Factor: USF2; motif: NNNSSYCACGTGACNNNNNNNNNSCN","TF:M12682","1","0","2392","20","1","20044","NFATC3"
"TF","Factor: USF; motif: GYCACGTGNC","TF:M00187","1","0","3803","20","1","20044","NFATC3"
"TF","Factor: USF2; motif: NNGTCATGTGACNN","TF:M12534","1","0","1734","20","3","20044","UBA6,TMEM245,NFATC3"
"TF","Factor: USF2; motif: RNCAYGTGACN","TF:M11095","1","0","2550","20","3","20044","UBA6,TMEM245,NFATC3"
"TF","Factor: USF2; motif: NNNGGTCACGTGRYNN; match class: 1","TF:M09820_1","1","0","793","20","1","20044","NFATC3"
"TF","Factor: USF2; motif: NNNGGTCACGTGRYNN","TF:M09820","1","0","2119","20","1","20044","NFATC3"
"TF","Factor: USF2; motif: NGGTCACGTGNNSNNNNNN; match class: 1","TF:M09670_1","1","0","863","20","1","20044","NFATC3"
"TF","Factor: USF2; motif: NGGTCACGTGNNSNNNNNN","TF:M09670","1","0","2394","20","1","20044","NFATC3"
"TF","Factor: USF2; motif: RYCAYGTGACY","TF:M07139","1","0","1449","20","2","20044","UBA6,TMEM245"
"TF","Factor: USF2; motif: AAGTCACG; match class: 1","TF:M04810_1","1","0","1355","20","1","20044","NFATC3"
"TF","Factor: USF2; motif: AAGTCACG","TF:M04810","1","0","6417","20","5","20044","HSPG2,NOS1AP,UBA6,TMEM245,NFATC3"
"TF","Factor: USF2; motif: GTCACGTGA; match class: 1","TF:M04679_1","1","0","690","20","1","20044","NFATC3"
"TF","Factor: USF2; motif: GTCACGTGA","TF:M04679","1","0","1623","20","3","20044","UBA6,ADM,NFATC3"
"TF","Factor: USF1; motif: NNNNGTCACGTGGN","TF:M07067","1","0","3167","20","2","20044","PTP4A3,NFATC3"
"TF","Factor: USF1; motif: NNGTCATGTGACNN; match class: 1","TF:M12501_1","1","0","278","20","1","20044","UBA6"
"TF","Factor: USF1; motif: NNGTCATGTGACNN","TF:M12501","1","0","1881","20","2","20044","UBA6,TMEM245"
"TF","Factor: USF1; motif: NNCACGTGACN","TF:M11094","1","0","1991","20","1","20044","NFATC3"
"TF","Factor: USF2; motif: NNCACGTGACN","TF:M11096","1","0","1578","20","1","20044","NFATC3"
"TF","Factor: USF1; motif: ANCATGTGACN","TF:M11093","1","0","2831","20","3","20044","UBA6,TMEM245,NFATC3"
"TF","Factor: USF; motif: NRCCACGTGASN","TF:M00796","1","0","2409","20","1","20044","NFATC3"
"TF","Factor: VAX2; motif: YTAATTAN","TF:M04447","1","0","2491","20","2","20044","NOS1AP,UBA6"
"TF","Factor: CHX10; motif: NTCRTTAN; match class: 1","TF:M10936_1","1","0","339","20","1","20044","TMEM245"
"TF","Factor: CHX10; motif: NTCRTTAN","TF:M10936","1","0","3070","20","4","20044","SEC62,UBA6,PTK2,TMEM245"
"TF","Factor: VSX1; motif: NTCRTTAN; match class: 1","TF:M10945_1","1","0","339","20","1","20044","TMEM245"
"TF","Factor: VSX1; motif: NTCRTTAN","TF:M10945","1","0","3070","20","4","20044","SEC62,UBA6,PTK2,TMEM245"
"TF","Factor: VSX1; motif: NTCRTTAN; match class: 1","TF:M10942_1","1","0","339","20","1","20044","TMEM245"
"TF","Factor: VSX1; motif: NTCRTTAN","TF:M10942","1","0","3070","20","4","20044","SEC62,UBA6,PTK2,TMEM245"
"TF","Factor: VSX1; motif: CYAATTRN","TF:M10941","1","0","3979","20","5","20044","NOS1AP,KAT2B,SEC62,UBA6,NFATC3"
"TF","Factor: VSX1; motif: YTAATTAN","TF:M08015","1","0","434","20","1","20044","NOS1AP"
"TF","Factor: VSX1; motif: NGCYAATTRNN; match class: 1","TF:M04450_1","1","0","3251","20","3","20044","NOS1AP,KAT2B,GNRHR"
"TF","Factor: VSX1; motif: NGCYAATTRNN","TF:M04450","1","0","7125","20","6","20044","NOS1AP,KAT2B,SEC62,GNRHR,UBA6,NFATC3"
"TF","Factor: HPX42B; motif: NNYNATTANN","TF:M10681","1","0","2445","20","1","20044","KAT2B"
"TF","Factor: HPX42B; motif: CGATTANCG","TF:M10680","1","0","1326","20","2","20044","SEC62,TMEM245"
"TF","Factor: HPX42B; motif: NNYAATTANN","TF:M10679","1","0","2146","20","1","20044","NOS1AP"
"TF","Factor: VDR; motif: GGGKNARNRRGGWSA; match class: 1","TF:M00444_1","1","0","4711","20","9","20044","PRDM16,HSPG2,SP3,KAT2B,CACNA2D2,TMEM245,ADM,PKP2,MYO18B"
"TF","Factor: VAX1; motif: YTAATTAN","TF:M04446","1","0","3225","20","3","20044","NOS1AP,MECOM,UBA6"
"TF","Factor: VDR; motif: GGGKNARNRRGGWSA","TF:M00444","1","0","10554","20","11","20044","PRDM16,HSPG2,SP3,KAT2B,CACNA2D2,PTP4A3,TMEM245,LDB3,ADM,PKP2,MYO18B"
"TF","Factor: VDR; motif: NRGGTCANNGRGKTCA","TF:M10106","1","0","7097","20","7","20044","PRDM16,NOS1AP,KAT2B,PTK2,LDB3,ADM,NFATC3"
"TF","Factor: VDR; motif: RRGGTCANNGRGKTCA; match class: 1","TF:M09671_1","1","0","2485","20","3","20044","PTK2,LDB3,ADM"
"TF","Factor: VDR; motif: RRGGTCANNGRGKTCA","TF:M09671","1","0","8275","20","9","20044","PRDM16,SP3,CACNA2D2,GNRHR,UBA6,PTK2,LDB3,ADM,MYO18B"
"TF","Factor: VDR; motif: NRRGTTCA","TF:M08979","1","0","4817","20","1","20044","MYO18B"
"TF","Factor: VDR; motif: GRGTTCATYGRGTTCA; match class: 1","TF:M04498_1","1","0","892","20","1","20044","ADM"
"TF","Factor: VDR; motif: GRGTTCATYGRGTTCA","TF:M04498","1","0","5362","20","4","20044","NOS1AP,ADM,CRYAB,NFATC3"
"TF","Factor: VDR:RXR; motif: GGGTCAWNGRGTTCA","TF:M01202","1","0","4013","20","4","20044","HSPG2,PTK2,ADM,NFATC3"
"TF","Factor: VDR:RXR-ALPHA; motif: NRGGTCANNNGGTTCNN; match class: 1","TF:M08980_1","1","0","4021","20","2","20044","PRDM16,PTK2"
"TF","Factor: VDR:RXR-ALPHA; motif: NRGGTCANNNGGTTCNN","TF:M08980","1","0","10619","20","9","20044","PRDM16,HSPG2,KAT2B,CACNA2D2,PTP4A3,PTK2,TMEM245,LDB3,ADM"
"TF","Factor: VDR:RXR-alpha; motif: RRGGTCAN","TF:M03892","1","0","982","20","1","20044","PTP4A3"
"TF","Factor: VBP; motif: GTTACRTMAT; match class: 1","TF:M00228_1","1","0","443","20","2","20044","SEC62,UBA6"
"TF","Factor: VBP; motif: GTTACRTMAT","TF:M00228","1","0","2563","20","3","20044","SEC62,UBA6,TMEM245"
"TF","Factor: VAX2; motif: NYAATTAN; match class: 1","TF:M13026_1","1","0","2872","20","1","20044","UBA6"
"TF","Factor: VAX2; motif: NYAATTAN","TF:M13026","1","0","4090","20","3","20044","NOS1AP,MECOM,UBA6"
"TF","Factor: VDR; motif: NRGGTCANNGRGKTCA; match class: 1","TF:M10106_1","1","0","1647","20","3","20044","PRDM16,PTK2,ADM"
"TF","Factor: USF1; motif: NGTCACGTGRNS; match class: 1","TF:M10105_1","1","0","340","20","1","20044","UBA6"
"TF","Factor: USF1; motif: NGTCACGTGRNS","TF:M10105","1","0","2220","20","3","20044","UBA6,TMEM245,NFATC3"
"TF","Factor: USF1; motif: NNCAYGTGACC; match class: 1","TF:M07233_1","1","0","325","20","1","20044","UBA6"
"TF","Factor: TIEG1; motif: GGSGGKGNNN; match class: 1","TF:M08905_1","1","0","1045","20","2","20044","SP3,KAT2B"
"TF","Factor: TIEG1; motif: GGSGGKGNNN","TF:M08905","1","0","5257","20","6","20044","PRDM16,SP3,KAT2B,PTP4A3,PTK2,MYPN"
"TF","Factor: TIEG1; motif: NCCCNSNCCCCGCCCCC; match class: 1","TF:M12351_1","1","0","8478","20","15","20044","PRDM16,HSPG2,NOS1AP,SP3,KAT2B,CACNA2D2,SEC62,MECOM,PTP4A3,PTK2,TMEM245,ADM,CRYAB,PKP2,NFATC3"
"TF","Factor: TIEG1; motif: NCCCNSNCCCCGCCCCC","TF:M12351","1","0","12696","20","17","20044","PRDM16,HSPG2,NOS1AP,SP3,KAT2B,CACNA2D2,SEC62,MECOM,UBA6,PTP4A3,PTK2,TMEM245,LDB3,ADM,CRYAB,PKP2,NFATC3"
"TF","Factor: T3R-beta; motif: NTGACCTNACGTGACCTYA; match class: 1","TF:M11821_1","1","0","214","20","1","20044","SEC62"
"TF","Factor: T3R-beta; motif: NTGACCTNACGTGACCTYA","TF:M11821","1","0","2542","20","2","20044","SEC62,CRYAB"
"TF","Factor: T3R-beta; motif: NTGACCTNRNYNAGGTCAN; match class: 1","TF:M11820_1","1","0","4892","20","5","20044","HSPG2,UBA6,MYPN,LDB3,PKP2"
"TF","Factor: T3R-beta; motif: NTGACCTNRNYNAGGTCAN","TF:M11820","1","0","5341","20","6","20044","HSPG2,KAT2B,UBA6,MYPN,LDB3,PKP2"
"TF","Factor: T3R-beta; motif: RTGACCTYACRTGACCTYA","TF:M11819","1","0","7001","20","9","20044","SEC62,MECOM,GNRHR,PTP4A3,PTK2,LDB3,ADM,CRYAB,MYO18B"
"TF","Factor: T3R-beta; motif: NTGACCTYRNYRAGGTCAN; match class: 1","TF:M11818_1","1","0","11441","20","14","20044","PRDM16,HSPG2,NOS1AP,KAT2B,CACNA2D2,SEC62,GNRHR,UBA6,PTK2,MYPN,LDB3,ADM,PKP2,MYO18B"
"TF","Factor: T3R-beta; motif: NTGACCTYRNYRAGGTCAN","TF:M11818","1","0","12009","20","15","20044","PRDM16,HSPG2,NOS1AP,KAT2B,CACNA2D2,SEC62,GNRHR,UBA6,PTK2,MYPN,LDB3,ADM,CRYAB,PKP2,MYO18B"
"TF","Factor: T3R-beta; motif: NRRGGTCRTGACCYYN; match class: 1","TF:M11817_1","1","0","1574","20","3","20044","NOS1AP,PTK2,ADM"
"TF","Factor: T3R-beta; motif: NRRGGTCRTGACCYYN","TF:M11817","1","0","5488","20","4","20044","NOS1AP,PTK2,ADM,NFATC3"
"TF","Factor: T3R-beta; motif: NRGGTCAAAGGTCAN; match class: 1","TF:M11816_1","1","0","4886","20","2","20044","UBA6,MYO18B"
"TF","Factor: TIF1ALPHA; motif: NTKRTGCAAY","TF:M13118","1","0","1467","20","1","20044","NOS1AP"
"TF","Factor: T3R-beta; motif: NRGGTCAAAGGTCAN","TF:M11816","1","0","11933","20","4","20044","UBA6,PTP4A3,PTK2,MYO18B"
"TF","Factor: T3R-beta; motif: NNRGGTCRTGACCYNN","TF:M11815","1","0","5412","20","3","20044","NOS1AP,ADM,NFATC3"
"TF","Factor: T3R-beta; motif: NRGGTCAAAGGTCRN; match class: 1","TF:M11814_1","1","0","7406","20","6","20044","SP3,SEC62,UBA6,PTP4A3,PTK2,LDB3"
"TF","Factor: T3R-beta; motif: NRGGTCAAAGGTCRN","TF:M11814","1","0","14228","20","12","20044","PRDM16,HSPG2,SP3,CACNA2D2,SEC62,GNRHR,UBA6,PTP4A3,PTK2,LDB3,ADM,MYO18B"
"TF","Factor: THAP7; motif: GNCGCCATSTTGRGNGKGGC; match class: 1","TF:M12728_1","1","0","1278","20","1","20044","PKP2"
"TF","Factor: THAP7; motif: GNCGCCATSTTGRGNGKGGC","TF:M12728","1","0","5725","20","5","20044","HSPG2,UBA6,LDB3,ADM,PKP2"
"TF","Factor: THAP1; motif: NNGCAGGGCANN","TF:M13006","1","0","1814","20","1","20044","PKP2"
"TF","Factor: THAP1; motif: YTGCCCNNA; match class: 1","TF:M07407_1","1","0","4250","20","3","20044","ADM,CRYAB,MYO18B"
"TF","Factor: THAP1; motif: YTGCCCNNA","TF:M07407","1","0","11158","20","10","20044","NOS1AP,CACNA2D2,SEC62,MECOM,PTP4A3,PTK2,LDB3,ADM,CRYAB,MYO18B"
"TF","Factor: Thap1; motif: SCGCCATSTTKGNTNMGGGCARNN; match class: 1","TF:M04723_1","1","0","5314","20","2","20044","LDB3,CRYAB"
"TF","Factor: Thap1; motif: SCGCCATSTTKGNTNMGGGCARNN","TF:M04723","1","0","12306","20","16","20044","PRDM16,HSPG2,NOS1AP,KAT2B,CACNA2D2,SEC62,MECOM,GNRHR,PTP4A3,PTK2,TMEM245,LDB3,ADM,CRYAB,PKP2,NFATC3"
"TF","Factor: TGIF; motif: TGACAGS; match class: 1","TF:M10101_1","1","0","818","20","1","20044","LDB3"
"TF","Factor: TGIF; motif: TGACAGS","TF:M10101","1","0","5205","20","7","20044","SP3,KAT2B,CACNA2D2,MECOM,LDB3,CRYAB,NFATC3"
"TF","Factor: TGIF; motif: NANWWTGACAGCTNNNN","TF:M01346","1","0","630","20","2","20044","CACNA2D2,LDB3"
"TF","Factor: TGIF2; motif: NTGACANN","TF:M11716","1","0","1779","20","5","20044","SP3,KAT2B,CACNA2D2,MECOM,CRYAB"
"TF","Factor: T3R-beta; motif: NNRGGTCRTGACCYNN; match class: 1","TF:M11815_1","1","0","1679","20","2","20044","NOS1AP,ADM"
"TF","Factor: TIF2; motif: ANANAGAWAAGN","TF:M09849","1","0","3677","20","2","20044","SEC62,GNRHR"
"TF","Factor: TTF1; motif: ASTCAAGTRK","TF:M00432","1","0","5434","20","9","20044","NOS1AP,CACNA2D2,MECOM,PTK2,TMEM245,MYPN,LDB3,ADM,CRYAB"
"TF","Factor: TTF1; motif: ASTCAAGTRK; match class: 1","TF:M00432_1","1","0","984","20","1","20044","CRYAB"
"TF","Factor: USF1; motif: NNCAYGTGACC","TF:M07233","1","0","2014","20","3","20044","UBA6,TMEM245,NFATC3"
"TF","Factor: USF1; motif: RNCACGTGAY; match class: 1","TF:M04196_1","1","0","870","20","1","20044","NFATC3"
"TF","Factor: USF1; motif: RNCACGTGAY","TF:M04196","1","0","1826","20","1","20044","NFATC3"
"TF","Factor: UNCX; motif: NYAATTAN; match class: 1","TF:M04443_1","1","0","2146","20","1","20044","UBA6"
"TF","Factor: UNCX; motif: NYAATTAN","TF:M04443","1","0","3244","20","2","20044","MECOM,UBA6"
"TF","Factor: UNCX; motif: NTAATNNAATTAN; match class: 1","TF:M04442_1","1","0","551","20","1","20044","MYPN"
"TF","Factor: UNCX; motif: NTAATNNAATTAN","TF:M04442","1","0","2317","20","2","20044","KAT2B,MYPN"
"TF","Factor: TWIST; motif: CACCTGG; match class: 1","TF:M03582_1","1","0","2601","20","1","20044","PTP4A3"
"TF","Factor: TWIST; motif: CACCTGG","TF:M03582","1","0","8542","20","7","20044","PRDM16,NOS1AP,SP3,PTP4A3,LDB3,ADM,PKP2"
"TF","Factor: TWIST; motif: MCATCTGKWWYYNATTA","TF:M10103","1","0","2506","20","1","20044","MYPN"
"TF","Factor: TWIST1; motif: NNNCCAGATGTNN","TF:M12577","1","0","2843","20","2","20044","SEC62,CRYAB"
"TF","Factor: TWIST1; motif: NNNCCAGATGTNN","TF:M09790","1","0","2932","20","2","20044","SEC62,CRYAB"
"TF","Factor: TTF-1; motif: NNNNCAAGNRNN; match class: 1","TF:M00794_1","1","0","647","20","1","20044","LDB3"
"TF","Factor: TTF-1; motif: NNNNCAAGNRNN","TF:M00794","1","0","4768","20","8","20044","HSPG2,PTP4A3,TMEM245,LDB3,ADM,CRYAB,PKP2,MYO18B"
"TF","Factor: TTF-1; motif: CTTGASN","TF:M03891","1","0","3672","20","2","20044","PRDM16,ADM"
"TF","Factor: TTF-1; motif: NNNCNCTTGASNNN","TF:M02034","1","0","3851","20","3","20044","LDB3,ADM,PKP2"
"TF","Factor: TTF-1; motif: NTKGAGTGSN","TF:M10007","1","0","4707","20","3","20044","PRDM16,SEC62,MYPN"
"TF","Factor: NCX; motif: NYAATTAN","TF:M10653","1","0","484","20","1","20044","NOS1AP"
"TF","Factor: HOX11L2; motif: YAATTGNNNNNNNNNCAATTN","TF:M10651","1","0","1732","20","1","20044","UBA6"
"TF","Factor: TLX; motif: AAAAATCARK","TF:M05480","1","0","164","20","1","20044","NFATC3"
"TF","Factor: TORC2; motif: TGGGCTKKD","TF:M07341","1","0","4975","20","4","20044","SP3,PTK2,LDB3,MYO18B"
"TF","Factor: TORC2; motif: TGGGCTKKD; match class: 1","TF:M07341_1","1","0","918","20","1","20044","PTK2"
"TF","Factor: TP53; motif: RCATGYCCAGACATG","TF:M07232","1","0","2631","20","2","20044","SEC62,CRYAB"
"TF","Factor: CHX10; motif: NTCRTTAN","TF:M10939","1","0","3070","20","4","20044","SEC62,UBA6,PTK2,TMEM245"
"TF","Factor: TR2; motif: NAGGTCAA","TF:M05347","1","0","1127","20","2","20044","GNRHR,LDB3"
"TF","Factor: Sox-9; motif: NNNNAACAATRGNN; match class: 1","TF:M00410_1","1","0","749","20","1","20044","MYPN"
"TF","Factor: TR4; motif: GSTYMSRGGTCA","TF:M10015","1","0","2709","20","1","20044","KAT2B"
"TF","Factor: TR4; motif: NCCCTGACCYB","TF:M08906","1","0","4632","20","4","20044","GNRHR,UBA6,PTK2,LDB3"
"TF","Factor: TRPS1; motif: NNTCTTATCTNN","TF:M12892","1","0","748","20","1","20044","SEC62"
"TF","Factor: TRPS1; motif: DGHHWCTATYTCCTD","TF:M07434","1","0","609","20","1","20044","NFATC3"
"TF","Factor: Tst-1; motif: NNKGAATTAVAVTDN","TF:M00133","1","0","5719","20","2","20044","SEC62,GNRHR"
"TF","Factor: TR2; motif: NRGGTCRYGACCYN","TF:M11765","1","0","3103","20","4","20044","NOS1AP,PTK2,ADM,NFATC3"
"TF","Factor: CHX10; motif: NTCRTTAN; match class: 1","TF:M10939_1","1","0","339","20","1","20044","TMEM245"
"TF","Factor: WT1; motif: NGCGGGGGGGTSMMCYN","TF:M05327","1","0","5721","20","8","20044","PRDM16,NOS1AP,SP3,CACNA2D2,TMEM245,CRYAB,PKP2,NFATC3"
"TF","Factor: WT1; motif: NGCGGGGGGGTSMMCYN; match class: 1","TF:M05327_1","1","0","1845","20","5","20044","PRDM16,NOS1AP,SP3,PKP2,NFATC3"
"TF","Factor: LRF; motif: NRGGGKCKY; match class: 1","TF:M10115_1","1","0","2378","20","2","20044","CACNA2D2,ADM"
"TF","Factor: LRF; motif: NRGGGKCKY","TF:M10115","1","0","7765","20","11","20044","PRDM16,NOS1AP,KAT2B,CACNA2D2,UBA6,PTP4A3,PTK2,TMEM245,ADM,PKP2,NFATC3"
"TF","Factor: ZBTB7A; motif: NGCGACCACCNN","TF:M03927","1","0","1054","20","3","20044","NOS1AP,SEC62,PTK2"
"TF","Factor: ZBTB5; motif: NNNGNNNYCNCYNNGGTCCGN","TF:M12693","1","0","2045","20","2","20044","PRDM16,PTK2"
"TF","Factor: ZBTB4; motif: NNGTSACKYSAYCTNN","TF:M12730","1","0","3613","20","3","20044","CACNA2D2,UBA6,NFATC3"
"TF","Factor: ZBTB49; motif: NGSCGCTGTCCNNGGTGCTGAN","TF:M12692","1","0","2186","20","6","20044","PRDM16,PTP4A3,PTK2,TMEM245,ADM,NFATC3"
"TF","Factor: ZBTB44; motif: NTCAGCACCNNGGACAGCGSCN","TF:M12691","1","0","1458","20","4","20044","PRDM16,TMEM245,ADM,NFATC3"
"TF","Factor: ZBTB44; motif: MACWGCAGS","TF:M12352","1","0","6698","20","6","20044","CACNA2D2,SEC62,UBA6,TMEM245,LDB3,ADM"
"TF","Factor: Zbtb44; motif: CKGTGA; match class: 1","TF:M05405_1","1","0","7233","20","6","20044","SP3,GNRHR,LDB3,CRYAB,NFATC3,MYO18B"
"TF","Factor: Zbtb44; motif: CKGTGA","TF:M05405","1","0","14072","20","13","20044","NOS1AP,SP3,CACNA2D2,GNRHR,UBA6,PTP4A3,PTK2,MYPN,LDB3,ADM,CRYAB,NFATC3,MYO18B"
"TF","Factor: ZBTB42; motif: NCCAGMTGTKS","TF:M12690","1","0","1586","20","5","20044","SEC62,MECOM,PTP4A3,ADM,CRYAB"
"TF","Factor: ZBTB40; motif: KTCSTATTY","TF:M06008","1","0","256","20","1","20044","MYPN"
"TF","Factor: ZBTB3; motif: KGGTKYCAAC","TF:M05454","1","0","116","20","1","20044","CACNA2D2"
"TF","Factor: ZBTB39; motif: CNCTGY; match class: 1","TF:M12689_1","1","0","10068","20","9","20044","PRDM16,KAT2B,CACNA2D2,SEC62,GNRHR,PTP4A3,TMEM245,CRYAB,MYO18B"
"TF","Factor: LRF; motif: RCGACCACCNN","TF:M12230","1","0","8756","20","7","20044","PRDM16,NOS1AP,KAT2B,SEC62,PTP4A3,PTK2,NFATC3"
"TF","Factor: ZBTB39; motif: CNCTGY","TF:M12689","1","0","16002","20","15","20044","PRDM16,HSPG2,KAT2B,CACNA2D2,SEC62,MECOM,GNRHR,PTP4A3,PTK2,TMEM245,MYPN,LDB3,CRYAB,PKP2,MYO18B"
"TF","Factor: Zbtb37; motif: NYACCGCRNTCACCGCR; match class: 1","TF:M12345_1","1","0","1844","20","1","20044","SP3"
"TF","Factor: Zbtb37; motif: NYACCGCRNTCACCGCR","TF:M12345","1","0","5862","20","7","20044","PRDM16,HSPG2,NOS1AP,SP3,CACNA2D2,MECOM,NFATC3"
"TF","Factor: ZBTB34; motif: NCWNAGYMAACAG; match class: 1","TF:M13120_1","1","0","636","20","2","20044","MYPN,CRYAB"
"TF","Factor: ZBTB34; motif: NCWNAGYMAACAG","TF:M13120","1","0","4694","20","7","20044","GNRHR,UBA6,TMEM245,MYPN,LDB3,CRYAB,PKP2"
"TF","Factor: ZBTB33; motif: GGYGCTG; match class: 1","TF:M13142_1","1","0","3443","20","9","20044","HSPG2,CACNA2D2,MECOM,UBA6,PTK2,TMEM245,ADM,CRYAB,PKP2"
"TF","Factor: ZBTB33; motif: GGYGCTG","TF:M13142","1","0","8790","20","11","20044","HSPG2,NOS1AP,KAT2B,CACNA2D2,MECOM,UBA6,PTK2,TMEM245,ADM,CRYAB,PKP2"
"TF","Factor: Kaiso; motif: SARNYCTCGCGAGAN; match class: 1","TF:M09966_1","1","0","470","20","3","20044","SEC62,TMEM245,NFATC3"
"TF","Factor: Kaiso; motif: SARNYCTCGCGAGAN","TF:M09966","1","0","2452","20","5","20044","PRDM16,SEC62,MECOM,TMEM245,NFATC3"
"TF","Factor: Kaiso; motif: GNTCTCGCGAGRNNNNGGN; match class: 1","TF:M09632_1","1","0","702","20","3","20044","PRDM16,SEC62,TMEM245"
"TF","Factor: Kaiso; motif: GNTCTCGCGAGRNNNNGGN","TF:M09632","1","0","3056","20","4","20044","PRDM16,SEC62,MECOM,TMEM245"
"TF","Factor: Kaiso; motif: NTCTCGCGAGANYTN","TF:M07140","1","0","558","20","2","20044","SEC62,TMEM245"
"TF","Factor: Kaiso; motif: TCTCGCGAG; match class: 1","TF:M04691_1","1","0","10747","20","13","20044","PRDM16,NOS1AP,SP3,CACNA2D2,SEC62,UBA6,PTK2,TMEM245,MYPN,LDB3,PKP2,NFATC3,MYO18B"
"TF","Factor: Kaiso; motif: TCTCGCGAG","TF:M04691","1","0","15459","20","19","20044","PRDM16,HSPG2,NOS1AP,SP3,KAT2B,CACNA2D2,SEC62,MECOM,GNRHR,UBA6,PTK2,TMEM245,MYPN,LDB3,ADM,CRYAB,PKP2,NFATC3,MYO18B"
"TF","Factor: ZBTB2; motif: TCCKCCTSR","TF:M07437","1","0","3813","20","4","20044","PTK2,PKP2,NFATC3,MYO18B"
"TF","Factor: ZBTB37; motif: TGGCTTTGGY","TF:M12688","1","0","4068","20","1","20044","PKP2"
"TF","Factor: LRF; motif: RCGACCACCNN; match class: 1","TF:M12230_1","1","0","2717","20","2","20044","SEC62,PTK2"
"TF","Factor: LRF; motif: NCGACCACCGN","TF:M12231","1","0","11707","20","11","20044","PRDM16,HSPG2,NOS1AP,SP3,KAT2B,SEC62,PTP4A3,PTK2,MYPN,CRYAB,NFATC3"
"TF","Factor: LRF; motif: NCGACCACCGN; match class: 1","TF:M12231_1","1","0","5271","20","4","20044","KAT2B,SEC62,PTK2,NFATC3"
"TF","Factor: Zic1; motif: KGGGTGGTC","TF:M00448","1","0","11165","20","10","20044","PRDM16,KAT2B,CACNA2D2,UBA6,PTP4A3,PTK2,MYPN,LDB3,CRYAB,MYO18B"
"TF","Factor: ZGPAT; motif: GRGGCWGNGGNG; match class: 1","TF:M09739_1","1","0","2827","20","5","20044","HSPG2,CACNA2D2,PTP4A3,LDB3,MYO18B"
"TF","Factor: ZGPAT; motif: GRGGCWGNGGNG","TF:M09739","1","0","8427","20","11","20044","PRDM16,HSPG2,NOS1AP,SP3,KAT2B,CACNA2D2,PTP4A3,PTK2,LDB3,PKP2,MYO18B"
"TF","Factor: ZFX; motif: SNAGGCCNCR","TF:M10121","1","0","4082","20","8","20044","HSPG2,NOS1AP,SP3,SEC62,PTK2,LDB3,ADM,NFATC3"
"TF","Factor: Zfx; motif: SNSCAGGCCKCGSCSS","TF:M01593","1","0","4285","20","5","20044","PRDM16,HSPG2,SP3,PTK2,ADM"
"TF","Factor: ZFP91; motif: NNNNCTTAAAGGGNCMGNNNCN","TF:M12731","1","0","141","20","1","20044","PRDM16"
"TF","Factor: ZFP90; motif: SAGGMNCANKSAYAGC; match class: 1","TF:M13121_1","1","0","1452","20","3","20044","MECOM,TMEM245,PKP2"
"TF","Factor: ZFP90; motif: SAGGMNCANKSAYAGC","TF:M13121","1","0","6482","20","7","20044","SP3,MECOM,TMEM245,LDB3,ADM,PKP2,MYO18B"
"TF","Factor: ZFP62; motif: TNGAAWACCKC","TF:M06504","1","0","197","20","1","20044","PRDM16"
"TF","Factor: ZFP281; motif: GGNTGGGGGAGGGG","TF:M12685","1","0","131","20","1","20044","SP3"
"TF","Factor: ZBP99; motif: GCCCMTCCCCCR; match class: 1","TF:M12057_1","1","0","1399","20","4","20044","PRDM16,KAT2B,PTK2,CRYAB"
"TF","Factor: ZBP99; motif: GCCCMTCCCCCR","TF:M12057","1","0","5368","20","12","20044","PRDM16,HSPG2,NOS1AP,SP3,KAT2B,MECOM,PTP4A3,PTK2,TMEM245,ADM,CRYAB,MYO18B"
"TF","Factor: ZBP99; motif: NGGNGGGGGAGGGGN","TF:M10137","1","0","624","20","2","20044","SP3,KAT2B"
"TF","Factor: Zfp281; motif: TGGGGGAGGGG","TF:M01597","1","0","1027","20","1","20044","SP3"
"TF","Factor: ZFP14; motif: SCNNYCCNGNNSCTSCNC; match class: 1","TF:M12694_1","1","0","5252","20","10","20044","PRDM16,SP3,KAT2B,CACNA2D2,SEC62,TMEM245,ADM,CRYAB,PKP2,NFATC3"
"TF","Factor: ZFP14; motif: SCNNYCCNGNNSCTSCNC","TF:M12694","1","0","10944","20","15","20044","PRDM16,HSPG2,NOS1AP,SP3,KAT2B,CACNA2D2,SEC62,MECOM,PTP4A3,TMEM245,LDB3,ADM,CRYAB,PKP2,NFATC3"
"TF","Factor: ZFAT; motif: CNGCASNTTCGNCAS","TF:M13130","1","0","2827","20","2","20044","NOS1AP,LDB3"
"TF","Factor: ZBTB7B; motif: NCGACCACCGAA","TF:M03928","1","0","673","20","1","20044","PTK2"
"TF","Factor: c-Krox; motif: NCGACCACCN","TF:M12232","1","0","3098","20","6","20044","PRDM16,KAT2B,CACNA2D2,PTK2,NFATC3,MYO18B"
"TF","Factor: ZBTB7C; motif: NCGACCACCGNN","TF:M03929","1","0","3024","20","1","20044","PTK2"
"TF","Factor: ZBTB7C; motif: GKCCCGGGCKG","TF:M03806","1","0","2630","20","7","20044","PRDM16,HSPG2,NOS1AP,SP3,KAT2B,CRYAB,NFATC3"
"TF","Factor: ZEB1; motif: CAGGTGN","TF:M04831","1","0","8288","20","8","20044","NOS1AP,SP3,SEC62,UBA6,LDB3,ADM,CRYAB,PKP2"
"TF","Factor: ZEB1; motif: NCWCACCTG","TF:M07235","1","0","1441","20","1","20044","SP3"
"TF","Factor: ZBTB20; motif: NNAAYGTATRKN; match class: 1","TF:M12333_1","1","0","344","20","1","20044","UBA6"
"TF","Factor: ZEB; motif: NNNCAGGTGNSN","TF:M07371","1","0","666","20","2","20044","SP3,TMEM245"
"TF","Factor: ZF5; motif: GSGCGCGR; match class: 1","TF:M00716_1","1","0","14519","20","17","20044","PRDM16,HSPG2,NOS1AP,SP3,KAT2B,CACNA2D2,SEC62,MECOM,UBA6,PTP4A3,PTK2,TMEM245,LDB3,ADM,CRYAB,PKP2,NFATC3"
"TF","Factor: ZF5; motif: NGAGCGCGC","TF:M10111","1","0","2734","20","3","20044","PRDM16,LDB3,ADM"
"TF","Factor: ZF5; motif: GGSGCGCGS","TF:M10438","1","0","16621","20","18","20044","PRDM16,HSPG2,NOS1AP,SP3,KAT2B,CACNA2D2,SEC62,MECOM,UBA6,PTP4A3,PTK2,TMEM245,LDB3,ADM,CRYAB,PKP2,NFATC3,MYO18B"
"TF","Factor: ZF5; motif: GGSGCGCGS; match class: 1","TF:M10438_1","1","0","15279","20","17","20044","PRDM16,HSPG2,NOS1AP,SP3,KAT2B,CACNA2D2,SEC62,MECOM,UBA6,PTP4A3,PTK2,TMEM245,LDB3,ADM,CRYAB,PKP2,NFATC3"
"TF","Factor: ZF5; motif: NRNGNGCGCGCWN","TF:M00333","1","0","15464","20","17","20044","PRDM16,HSPG2,NOS1AP,SP3,KAT2B,CACNA2D2,SEC62,MECOM,UBA6,PTP4A3,PTK2,TMEM245,LDB3,ADM,CRYAB,PKP2,NFATC3"
"TF","Factor: ZF5; motif: NRNGNGCGCGCWN; match class: 1","TF:M00333_1","1","0","12784","20","16","20044","PRDM16,HSPG2,NOS1AP,SP3,KAT2B,CACNA2D2,SEC62,MECOM,UBA6,PTP4A3,PTK2,TMEM245,ADM,CRYAB,PKP2,NFATC3"
"TF","Factor: ZF5; motif: GSGCGCGR","TF:M00716","1","0","16490","20","19","20044","PRDM16,HSPG2,NOS1AP,SP3,KAT2B,CACNA2D2,SEC62,MECOM,GNRHR,UBA6,PTP4A3,PTK2,TMEM245,LDB3,ADM,CRYAB,PKP2,NFATC3,MYO18B"
"TF","Factor: TFII-I; motif: NAGGAAGTGN; match class: 1","TF:M04636_1","1","0","5789","20","6","20044","NOS1AP,KAT2B,PTP4A3,MYPN,PKP2,NFATC3"
"TF","Factor: ZBTB20; motif: NNAAYGTATRKN","TF:M12333","1","0","2673","20","4","20044","SP3,UBA6,TMEM245,MYPN"
"TF","Factor: ZBTB14; motif: SSCCGCGCACNS","TF:M12461","1","0","2963","20","5","20044","MECOM,PTP4A3,PTK2,TMEM245,NFATC3"
"TF","Factor: YY1; motif: CAARATGGCNGC; match class: 1","TF:M07234_1","1","0","1171","20","1","20044","MECOM"
"TF","Factor: YY1; motif: CAARATGGCNGC","TF:M07234","1","0","6084","20","5","20044","CACNA2D2,SEC62,MECOM,GNRHR,MYPN"
"TF","Factor: YY1; motif: AAACATGGC","TF:M04908","1","0","1336","20","1","20044","CACNA2D2"
"TF","Factor: YY1; motif: GCCGCCATNTTGNNNNNGGNCN; match class: 1","TF:M04696_1","1","0","1972","20","1","20044","MECOM"
"TF","Factor: YY1; motif: GCCGCCATNTTGNNNNNGGNCN","TF:M04696","1","0","7891","20","7","20044","PRDM16,CACNA2D2,SEC62,MECOM,GNRHR,MYPN,LDB3"
"TF","Factor: YY1; motif: NNCGCCATTNN; match class: 1","TF:M03924_1","1","0","3778","20","1","20044","CACNA2D2"
"TF","Factor: YY1; motif: NNCGCCATTNN","TF:M03924","1","0","10298","20","10","20044","SP3,CACNA2D2,SEC62,UBA6,PTP4A3,PTK2,TMEM245,LDB3,CRYAB,NFATC3"
"TF","Factor: YY1; motif: GCCGCCATTTTG","TF:M02044","1","0","6281","20","6","20044","PRDM16,CACNA2D2,SEC62,MECOM,MYPN,LDB3"
"TF","Factor: YY1; motif: NNNCGGCCATCTTGNCTSNW; match class: 1","TF:M00069_1","1","0","2228","20","4","20044","SP3,SEC62,MECOM,LDB3"
"TF","Factor: YY1; motif: NNNCGGCCATCTTGNCTSNW","TF:M00069","1","0","8450","20","8","20044","SP3,SEC62,MECOM,TMEM245,LDB3,ADM,CRYAB,NFATC3"
"TF","Factor: YY1; motif: NNNNNCCATNTWNNNWN","TF:M00059","1","0","4922","20","3","20044","NOS1AP,CACNA2D2,MECOM"
"TF","Factor: YB-1; motif: NNNNCCAATNN; match class: 1","TF:M03862_1","1","0","3157","20","1","20044","NFATC3"
"TF","Factor: YB-1; motif: NNNNCCAATNN","TF:M03862","1","0","9310","20","4","20044","KAT2B,SEC62,PTP4A3,NFATC3"
"TF","Factor: YB-1; motif: CCAMTCNGMR; match class: 1","TF:M03805_1","1","0","3766","20","6","20044","SP3,GNRHR,UBA6,TMEM245,NFATC3,MYO18B"
"TF","Factor: YY1; motif: NAANATGGCGNNN","TF:M08982","1","0","7208","20","5","20044","CACNA2D2,SEC62,MECOM,GNRHR,MYPN"
"TF","Factor: YB-1; motif: CCAMTCNGMR","TF:M03805","1","0","10320","20","14","20044","PRDM16,SP3,KAT2B,MECOM,GNRHR,UBA6,PTP4A3,PTK2,TMEM245,MYPN,LDB3,CRYAB,NFATC3,MYO18B"
"TF","Factor: XPA; motif: SCACCTCACAN","TF:M12247","1","0","1431","20","5","20044","SP3,SEC62,UBA6,CRYAB,NFATC3"
"TF","Factor: XBP-1; motif: SRTGAYGTCAYS","TF:M11275","1","0","2746","20","1","20044","CRYAB"
"TF","Factor: XBP-1; motif: NGMCACRTCAYC","TF:M11274","1","0","1771","20","1","20044","NFATC3"
"TF","Factor: XBP-1; motif: WNNGMCACGTC; match class: 1","TF:M01770_1","1","0","4683","20","4","20044","SEC62,UBA6,PTK2,MYO18B"
"TF","Factor: XBP-1; motif: WNNGMCACGTC","TF:M01770","1","0","11247","20","12","20044","HSPG2,SP3,KAT2B,SEC62,GNRHR,UBA6,PTP4A3,PTK2,CRYAB,PKP2,NFATC3,MYO18B"
"TF","Factor: WT1; motif: GNGGGGGCGGGG; match class: 1","TF:M03893_1","1","0","4120","20","10","20044","PRDM16,HSPG2,KAT2B,CACNA2D2,SEC62,PTP4A3,PTK2,CRYAB,PKP2,NFATC3"
"TF","Factor: WT1; motif: GNGGGGGCGGGG","TF:M03893","1","0","8544","20","15","20044","PRDM16,HSPG2,NOS1AP,SP3,KAT2B,CACNA2D2,SEC62,MECOM,UBA6,PTP4A3,PTK2,TMEM245,CRYAB,PKP2,NFATC3"
"TF","Factor: WT1; motif: CGCCCCCNCN; match class: 1","TF:M02036_1","1","0","5489","20","12","20044","PRDM16,HSPG2,NOS1AP,KAT2B,CACNA2D2,SEC62,UBA6,PTP4A3,PTK2,TMEM245,PKP2,NFATC3"
"TF","Factor: WT1; motif: CGCCCCCNCN","TF:M02036","1","0","10058","20","15","20044","PRDM16,HSPG2,NOS1AP,SP3,KAT2B,CACNA2D2,SEC62,MECOM,UBA6,PTP4A3,PTK2,TMEM245,CRYAB,PKP2,NFATC3"
"TF","Factor: WT1; motif: SMCNCCNSC; match class: 1","TF:M01118_1","1","0","2886","20","7","20044","PRDM16,SP3,KAT2B,PTP4A3,TMEM245,CRYAB,NFATC3"
"TF","Factor: WT1; motif: SMCNCCNSC","TF:M01118","1","0","7030","20","11","20044","PRDM16,NOS1AP,SP3,KAT2B,CACNA2D2,PTP4A3,PTK2,TMEM245,ADM,CRYAB,NFATC3"
"TF","Factor: WT1; motif: NNGGGNGGGSGN","TF:M07436","1","0","6709","20","13","20044","PRDM16,HSPG2,SP3,KAT2B,CACNA2D2,MECOM,PTP4A3,TMEM245,ADM,CRYAB,PKP2,NFATC3,MYO18B"
"TF","Factor: WT1; motif: RGGNGGGGGAGGRGGNGGRG; match class: 1","TF:M10108_1","1","0","2954","20","8","20044","PRDM16,NOS1AP,SP3,KAT2B,MECOM,PTP4A3,PTK2,CRYAB"
"TF","Factor: WT1; motif: RGGNGGGGGAGGRGGNGGRG","TF:M10108","1","0","6724","20","10","20044","PRDM16,NOS1AP,SP3,KAT2B,CACNA2D2,MECOM,PTP4A3,PTK2,ADM,CRYAB"
"TF","Factor: XPA; motif: NCACCTCACAC","TF:M12248","1","0","1627","20","1","20044","SP3"
"TF","Factor: YY1; motif: NAANATGGCGNNN; match class: 1","TF:M08982_1","1","0","1670","20","1","20044","MECOM"
"TF","Factor: YY1; motif: CAARATGGCGGC","TF:M10104","1","0","6114","20","5","20044","CACNA2D2,SEC62,MECOM,GNRHR,MYPN"
"TF","Factor: YY1; motif: CAARATGGCGGC; match class: 1","TF:M10104_1","1","0","1137","20","1","20044","MECOM"
"TF","Factor: ZBTB12; motif: NNCTRGAACNN","TF:M12460","1","0","1719","20","2","20044","CACNA2D2,MYPN"
"TF","Factor: ZBTB11; motif: RCTTCCGGNNSNNNN","TF:M13119","1","0","5858","20","3","20044","MECOM,UBA6,PKP2"
"TF","Factor: ZBTB10; motif: TGGGGTGCNS","TF:M12686","1","0","3498","20","3","20044","PRDM16,LDB3,ADM"
"TF","Factor: ZBRK1; motif: NGNNNGGTNAWAAAARRGCNG; match class: 1","TF:M10468_1","1","0","4743","20","7","20044","NOS1AP,UBA6,PTK2,TMEM245,MYPN,CRYAB,MYO18B"
"TF","Factor: ZBRK1; motif: NGNNNGGTNAWAAAARRGCNG","TF:M10468","1","0","11137","20","11","20044","NOS1AP,SEC62,MECOM,GNRHR,UBA6,PTK2,TMEM245,MYPN,CRYAB,NFATC3,MYO18B"
"TF","Factor: ZBP89; motif: CCCCKCCCCCNN; match class: 1","TF:M07397_1","1","0","3068","20","9","20044","HSPG2,SP3,KAT2B,MECOM,PTP4A3,TMEM245,CRYAB,PKP2,NFATC3"
"TF","Factor: ZBP89; motif: CCCCKCCCCCNN","TF:M07397","1","0","7364","20","14","20044","PRDM16,HSPG2,NOS1AP,SP3,KAT2B,CACNA2D2,MECOM,PTP4A3,PTK2,TMEM245,ADM,CRYAB,PKP2,NFATC3"
"TF","Factor: ZBP89; motif: YCCYCCCCCM","TF:M01816","1","0","2223","20","2","20044","SP3,CRYAB"
"TF","Factor: ZBED2; motif: NNNNCGAAACCNNN","TF:M12893","1","0","832","20","1","20044","PTK2"
"TF","Factor: ZASC1; motif: NYCAGCACCNNGGRMRGC","TF:M12684","1","0","2582","20","4","20044","PRDM16,TMEM245,ADM,CRYAB"
"TF","Factor: ZABC1; motif: NNTGNMCTTTGNNCYNNN","TF:M12683","1","0","4358","20","3","20044","PTP4A3,LDB3,PKP2"
"TF","Factor: ZABC1; motif: ATTCCNAC; match class: 1","TF:M01306_1","1","0","2713","20","2","20044","LDB3,ADM"
"TF","Factor: ZABC1; motif: ATTCCNAC","TF:M01306","1","0","9354","20","7","20044","NOS1AP,CACNA2D2,SEC62,MECOM,LDB3,ADM,NFATC3"
"TF","Factor: YY2; motif: NNATGGCGGCN","TF:M12554","1","0","2712","20","1","20044","CACNA2D2"
"TF","Factor: YY2; motif: NCCGCCATNTY","TF:M03925","1","0","4746","20","2","20044","CACNA2D2,SEC62"
"TF","Factor: YY2; motif: CCATTWN","TF:M01694","1","0","2587","20","3","20044","GNRHR,PTK2,LDB3"
"TF","Factor: YY1; motif: CCATNTT; match class: 1","TF:M01894_1","1","0","1691","20","1","20044","CRYAB"
"TF","Factor: YY1; motif: CAANATGGCGGC","TF:M10436","1","0","8348","20","7","20044","NOS1AP,SP3,CACNA2D2,SEC62,MECOM,LDB3,PKP2"
"TF","Factor: YY1; motif: CAANATGGCGGC; match class: 1","TF:M10436_1","1","0","2338","20","2","20044","MECOM,LDB3"
"TF","Factor: YY1; motif: GGCSGCCATTTTGN","TF:M12273","1","0","6264","20","6","20044","PRDM16,CACNA2D2,SEC62,MECOM,GNRHR,MYPN"
"TF","Factor: YY1; motif: GGCSGCCATTTTGN; match class: 1","TF:M12273_1","1","0","1261","20","1","20044","MECOM"
"TF","Factor: YY1; motif: NGCCGCCATYTTGN","TF:M12275","1","0","7079","20","7","20044","PRDM16,NOS1AP,CACNA2D2,SEC62,MECOM,GNRHR,MYPN"
"TF","Factor: YY1; motif: NGCCGCCATYTTGN; match class: 1","TF:M12275_1","1","0","1595","20","1","20044","MECOM"
"TF","Factor: ZBTB18; motif: NATCCAGATGTKN","TF:M03934","1","0","63","20","1","20044","SEC62"
"TF","Factor: YY1; motif: NGCCATYTTKGRCNWWNNGTGCK","TF:M12276","1","0","10632","20","10","20044","PRDM16,NOS1AP,KAT2B,SEC62,MECOM,GNRHR,TMEM245,CRYAB,PKP2,MYO18B"
"TF","Factor: YY1; motif: NNNNAARATGGNNNN","TF:M07370","1","0","5863","20","6","20044","PRDM16,CACNA2D2,SEC62,MECOM,MYPN,CRYAB"
"TF","Factor: YY1; motif: NNNNAARATGGNNNN; match class: 1","TF:M07370_1","1","0","1088","20","1","20044","MECOM"
"TF","Factor: YY1; motif: GCCATNTTN","TF:M00793","1","0","4586","20","5","20044","CACNA2D2,SEC62,MECOM,GNRHR,MYPN"
"TF","Factor: YY1; motif: NYNKCCATNTT","TF:M01035","1","0","5957","20","5","20044","CACNA2D2,SEC62,MECOM,GNRHR,MYPN"
"TF","Factor: YY1; motif: NYNKCCATNTT; match class: 1","TF:M01035_1","1","0","1105","20","1","20044","MECOM"
"TF","Factor: YY1; motif: CCATNTT","TF:M01894","1","0","6852","20","5","20044","PRDM16,SP3,MECOM,MYPN,CRYAB"
"TF","Factor: YY1; motif: NGCCATYTTKGRCNWWNNGTGCK; match class: 1","TF:M12276_1","1","0","3608","20","3","20044","PRDM16,NOS1AP,SEC62"
"TF","Factor: Sox-9; motif: NNNNAACAATRGNN","TF:M00410","1","0","4122","20","1","20044","MYPN"
"TF","Factor: Sox-10; motif: CWTTGT","TF:M03138","1","0","13420","20","13","20044","HSPG2,SP3,KAT2B,SEC62,GNRHR,UBA6,TMEM245,MYPN,LDB3,CRYAB,PKP2,NFATC3,MYO18B"
"TF","Factor: Sox-9; motif: AANGGNNNCWTTGTTY; match class: 1","TF:M10070_1","1","0","310","20","1","20044","MYPN"
"TF","Factor: OTX2; motif: NNRGGATTANNN","TF:M12550","1","0","1222","20","1","20044","PTK2"
"TF","Factor: Otx2; motif: NTAATCCN","TF:M10898","1","0","930","20","1","20044","PTK2"
"TF","Factor: Otx2; motif: NTAATCCN","TF:M10897","1","0","930","20","1","20044","PTK2"
"TF","Factor: OTX2; motif: NNTAATCCGATTANN","TF:M04420","1","0","24","20","1","20044","ADM"
"TF","Factor: Otx2; motif: NNNRGGGATTAATNNNN","TF:M01387","1","0","1103","20","1","20044","SEC62"
"TF","Factor: Otx1; motif: NTAATCCNNN","TF:M10901","1","0","902","20","1","20044","SEC62"
"TF","Factor: Otx1; motif: NTAATCCN","TF:M10899","1","0","930","20","1","20044","PTK2"
"TF","Factor: OTX1; motif: NTAATCCN","TF:M04419","1","0","1730","20","1","20044","SEC62"
"TF","Factor: Osx; motif: CCNCCCCCNNN; match class: 1","TF:M07329_1","1","0","2614","20","6","20044","HSPG2,SP3,KAT2B,PTK2,PKP2,NFATC3"
"TF","Factor: Osx; motif: CCNCCCCCNNN","TF:M07329","1","0","7044","20","12","20044","HSPG2,NOS1AP,SP3,KAT2B,CACNA2D2,SEC62,PTP4A3,PTK2,TMEM245,CRYAB,PKP2,NFATC3"
"TF","Factor: OSR2; motif: NGCTACYGNN","TF:M12052","1","0","1666","20","2","20044","MECOM,LDB3"
"TF","Factor: OSR2; motif: NGCTACTGNN; match class: 1","TF:M12051_1","1","0","180","20","2","20044","MECOM,UBA6"
"TF","Factor: OSR2; motif: NGCTACTGNN","TF:M12051","1","0","2555","20","5","20044","NOS1AP,SP3,MECOM,UBA6,LDB3"
"TF","Factor: OSR2; motif: NNNNCWGCTNCTGNNG; match class: 1","TF:M10020_1","1","0","682","20","2","20044","SP3,TMEM245"
"TF","Factor: OTX; motif: GATTANNT","TF:M01117","1","0","800","20","1","20044","SEC62"
"TF","Factor: OSR2; motif: NNNNCWGCTNCTGNNG","TF:M10020","1","0","2632","20","4","20044","SP3,CACNA2D2,MECOM,TMEM245"
"TF","Factor: OC-2; motif: NNATCGATYN; match class: 1","TF:M11498_1","1","0","415","20","1","20044","KAT2B"
"TF","Factor: OC-2; motif: NNATCGATYN","TF:M11498","1","0","1138","20","1","20044","KAT2B"
"TF","Factor: Olig3; motif: ANCAKMTGTT","TF:M11124","1","0","1085","20","1","20044","LDB3"
"TF","Factor: Olig3; motif: AMCAKMTGTT; match class: 1","TF:M11122_1","1","0","47","20","1","20044","PKP2"
"TF","Factor: Olig3; motif: AMCAKMTGTT","TF:M11122","1","0","684","20","1","20044","PKP2"
"TF","Factor: OLIG3; motif: AMCATATGNY; match class: 1","TF:M04187_1","1","0","73","20","1","20044","PKP2"
"TF","Factor: OLIG3; motif: AMCATATGNY","TF:M04187","1","0","226","20","1","20044","PKP2"
"TF","Factor: OLIG2; motif: AACAGMTGTK","TF:M11120","1","0","277","20","1","20044","LDB3"
"TF","Factor: OLIG2; motif: AACAKMTGKT; match class: 1","TF:M11118_1","1","0","197","20","1","20044","PKP2"
"TF","Factor: OLIG2; motif: AACAKMTGKT","TF:M11118","1","0","197","20","1","20044","PKP2"
"TF","Factor: OLIG2; motif: CCAKCTGYTYNYNNNNNN; match class: 1","TF:M10019_1","1","0","585","20","1","20044","LDB3"
"TF","Factor: OLIG2; motif: CCAKCTGYTYNYNNNNNN","TF:M10019","1","0","4045","20","7","20044","CACNA2D2,SEC62,GNRHR,MYPN,LDB3,CRYAB,MYO18B"
"TF","Factor: OLIG2; motif: AMCATATGKT; match class: 1","TF:M04186_1","1","0","72","20","1","20044","PKP2"
"TF","Factor: OLIG2; motif: AMCATATGKT","TF:M04186","1","0","72","20","1","20044","PKP2"
"TF","Factor: Osf2; motif: ACCACANM","TF:M00731","1","0","1292","20","1","20044","MYPN"
"TF","Factor: OLIG1; motif: AMCATATGKT; match class: 1","TF:M04185_1","1","0","32","20","1","20044","PKP2"
"TF","Factor: OVOL; motif: ANRTAACGG","TF:M08894","1","0","8239","20","8","20044","NOS1AP,SEC62,MECOM,GNRHR,UBA6,TMEM245,NFATC3,MYO18B"
"TF","Factor: p300; motif: NNNGGGAGTNNNNS","TF:M00033","1","0","8784","20","7","20044","SP3,KAT2B,PTP4A3,LDB3,CRYAB,PKP2,MYO18B"
"TF","Factor: p73; motif: NNRCAWGYCCARRCWTGYC","TF:M10025","1","0","6380","20","4","20044","NOS1AP,PTP4A3,CRYAB,MYO18B"
"TF","Factor: p63; motif: NRCAWGYCCAGRCWTGYNN","TF:M10024","1","0","2787","20","1","20044","ADM"
"TF","Factor: p63; motif: NNRCAWGYCTGGRCWTGYN","TF:M09643","1","0","4006","20","3","20044","HSPG2,NOS1AP,PTP4A3"
"TF","Factor: p63; motif: RRACATGTCNRGACATGTYY; match class: 1","TF:M01656_1","1","0","2638","20","2","20044","CACNA2D2,CRYAB"
"TF","Factor: p63; motif: RRACATGTCNRGACATGTYY","TF:M01656","1","0","3814","20","2","20044","CACNA2D2,CRYAB"
"TF","Factor: p54NRB; motif: GRNNNMGGATGRMNNCGGA; match class: 1","TF:M07611_1","1","0","1674","20","2","20044","SP3,PTP4A3"
"TF","Factor: p54NRB; motif: GRNNNMGGATGRMNNCGGA","TF:M07611","1","0","7099","20","5","20044","SP3,PTP4A3,LDB3,NFATC3,MYO18B"
"TF","Factor: P53; motif: NNNNNACAWGCCYNNN; match class: 1","TF:M07054_1","1","0","334","20","3","20044","HSPG2,PTK2,LDB3"
"TF","Factor: P53; motif: NNNNNACAWGCCYNNN","TF:M07054","1","0","3105","20","4","20044","HSPG2,NOS1AP,PTK2,LDB3"
"TF","Factor: P53; motif: NNACAWGCCYN; match class: 1","TF:M07053_1","1","0","592","20","2","20044","PTK2,LDB3"
"TF","Factor: P53; motif: NNACAWGCCYN","TF:M07053","1","0","4136","20","6","20044","HSPG2,NOS1AP,PTP4A3,PTK2,TMEM245,LDB3"
"TF","Factor: P53; motif: NNNGRCATGCCCAGRCATGYCY; match class: 1","TF:M12647_1","1","0","1556","20","2","20044","NOS1AP,CRYAB"
"TF","Factor: P53; motif: NNNGRCATGCCCAGRCATGYCY","TF:M12647","1","0","5708","20","5","20044","NOS1AP,LDB3,ADM,CRYAB,PKP2"
"TF","Factor: p53; motif: NGRCATGYCCAGRCATGYCY","TF:M10023","1","0","2741","20","1","20044","CRYAB"
"TF","Factor: OVOL; motif: ANRTAACGG; match class: 1","TF:M08894_1","1","0","2344","20","4","20044","GNRHR,UBA6,TMEM245,NFATC3"
"TF","Factor: p53; motif: GGACATGYYCGGACATGYYC; match class: 1","TF:M01655_1","1","0","946","20","1","20044","CRYAB"
"TF","Factor: p53; motif: RGRCWWGYCYNGRCWWGYYY; match class: 1","TF:M01652_1","1","0","5349","20","4","20044","PRDM16,HSPG2,NOS1AP,SP3"
"TF","Factor: p53; motif: RGRCWWGYCYNGRCWWGYYY","TF:M01652","1","0","8209","20","5","20044","PRDM16,HSPG2,NOS1AP,SP3,PTP4A3"
"TF","Factor: P53; motif: RGRCATGYCYRGRCATGYYY; match class: 1","TF:M01651_1","1","0","1790","20","1","20044","CRYAB"
"TF","Factor: P53; motif: RGRCATGYCYRGRCATGYYY","TF:M01651","1","0","2181","20","1","20044","CRYAB"
"TF","Factor: p53; motif: NGRCWTGYCY; match class: 1","TF:M00272_1","1","0","1181","20","1","20044","KAT2B"
"TF","Factor: p53; motif: NGRCWTGYCY","TF:M00272","1","0","4159","20","2","20044","KAT2B,PKP2"
"TF","Factor: p53; motif: GGACATGCCCGGGCATGTCY; match class: 1","TF:M00034_1","1","0","2714","20","1","20044","ADM"
"TF","Factor: p53; motif: GGACATGCCCGGGCATGTCY","TF:M00034","1","0","4615","20","4","20044","HSPG2,NOS1AP,SP3,ADM"
"TF","Factor: p53; motif: RGRCAWGNCY","TF:M00761","1","0","3027","20","1","20044","PKP2"
"TF","Factor: P50; motif: GGRRANTCCCNN","TF:M03557","1","0","5036","20","4","20044","NOS1AP,SEC62,MECOM,PTP4A3"
"TF","Factor: P50:RELA-P65; motif: GGANTTYCCCWN","TF:M01224","1","0","2358","20","1","20044","PTK2"
"TF","Factor: p300; motif: CTGNCTYMAN; match class: 1","TF:M07266_1","1","0","2254","20","2","20044","CACNA2D2,ADM"
"TF","Factor: p300; motif: CTGNCTYMAN","TF:M07266","1","0","8278","20","5","20044","SP3,CACNA2D2,TMEM245,ADM,CRYAB"
"TF","Factor: p300; motif: NNNGGGAGTNNNNS; match class: 1","TF:M00033_1","1","0","2679","20","1","20044","KAT2B"
"TF","Factor: p53; motif: GGACATGYYCGGACATGYYC","TF:M01655","1","0","3452","20","3","20044","SEC62,CRYAB,MYO18B"
"TF","Factor: P73; motif: GNNNRRRCNTGCMNNTSASN","TF:M03558","1","0","4822","20","7","20044","HSPG2,NOS1AP,SP3,KAT2B,PTP4A3,LDB3,ADM"
"TF","Factor: OLIG1; motif: AMCATATGKT","TF:M04185","1","0","32","20","1","20044","PKP2"
"TF","Factor: Octamer; motif: TNATTTGCATN","TF:M00795","1","0","4617","20","3","20044","NOS1AP,MYPN,ADM"
"TF","Factor: Nrf2; motif: NNTGACTCAGCAN; match class: 1","TF:M07265_1","1","0","806","20","1","20044","MYPN"
"TF","Factor: Nrf2; motif: NNTGACTCAGCAN","TF:M07265","1","0","4895","20","5","20044","KAT2B,SEC62,PTP4A3,MYPN,ADM"
"TF","Factor: Nrf-2; motif: NTGCTGAGTCAKN; match class: 1","TF:M00821_1","1","0","715","20","1","20044","MYPN"
"TF","Factor: Nrf-2; motif: NTGCTGAGTCAKN","TF:M00821","1","0","4785","20","5","20044","CACNA2D2,SEC62,PTP4A3,MYPN,PKP2"
"TF","Factor: Nrf2; motif: NTGCTGAGTCANN","TF:M07610","1","0","1039","20","1","20044","SEC62"
"TF","Factor: Nrf2; motif: WWNTGCTGAGTCAT","TF:M09999","1","0","2679","20","2","20044","SEC62,PTP4A3"
"TF","Factor: NRF-1; motif: YGCGCMTGCGC","TF:M02102","1","0","2083","20","1","20044","PTK2"
"TF","Factor: NRF-1; motif: CGCATGCGCR","TF:M00652","1","0","1396","20","1","20044","PTK2"
"TF","Factor: NRF-1; motif: GCGCMTGCGCN","TF:M07052","1","0","2172","20","1","20044","PTK2"
"TF","Factor: NRF-1; motif: SYGCGCMTGCGCRNNGSN; match class: 1","TF:M09641_1","1","0","1015","20","1","20044","PTK2"
"TF","Factor: NRF-1; motif: SYGCGCMTGCGCRNNGSN","TF:M09641","1","0","3323","20","1","20044","PTK2"
"TF","Factor: NURR1; motif: NAAAGGTCAN","TF:M11772","1","0","3010","20","2","20044","SEC62,GNRHR"
"TF","Factor: NURR1; motif: AAGGTCAC; match class: 1","TF:M02273_1","1","0","620","20","1","20044","LDB3"
"TF","Factor: NURR1; motif: AAGGTCAC","TF:M02273","1","0","4202","20","3","20044","GNRHR,MYPN,LDB3"
"TF","Factor: Nrf2; motif: ACNRTGACTCAGCANWA","TF:M03835","1","0","1567","20","1","20044","SEC62"
"TF","Factor: NURR1:RXR-ALPHA; motif: NRGGTCRTTGACCYN; match class: 1","TF:M08957_1","1","0","5239","20","4","20044","NOS1AP,KAT2B,TMEM245,ADM"
"TF","Factor: MR; motif: NGNACRNNNYGTNCN; match class: 1","TF:M11849_1","1","0","4194","20","3","20044","KAT2B,LDB3,PKP2"
"TF","Factor: MR; motif: NGNACRNNNYGTNCN","TF:M11849","1","0","4258","20","3","20044","KAT2B,LDB3,PKP2"
"TF","Factor: GR; motif: RGWACATWATGTWCY; match class: 1","TF:M11847_1","1","0","4116","20","5","20044","NOS1AP,SEC62,MYPN,PKP2,NFATC3"
"TF","Factor: GR; motif: RGWACATWATGTWCY","TF:M11847","1","0","5546","20","7","20044","NOS1AP,SEC62,MYPN,LDB3,CRYAB,PKP2,NFATC3"
"TF","Factor: GR; motif: RGWACATWAYGTWCY; match class: 1","TF:M11846_1","1","0","4017","20","3","20044","KAT2B,LDB3,PKP2"
"TF","Factor: GR; motif: RGWACATWAYGTWCY","TF:M11846","1","0","6120","20","5","20044","KAT2B,SEC62,LDB3,PKP2,NFATC3"
"TF","Factor: GR; motif: RGNACANKNTGTNCY; match class: 1","TF:M09625_1","1","0","4251","20","3","20044","LDB3,PKP2,NFATC3"
"TF","Factor: GR; motif: RGNACANKNTGTNCY","TF:M09625","1","0","9363","20","8","20044","NOS1AP,KAT2B,SEC62,MYPN,LDB3,CRYAB,PKP2,NFATC3"
"TF","Factor: GR; motif: RGRACATTNTGTYC; match class: 1","TF:M04750_1","1","0","1722","20","1","20044","PKP2"
"TF","Factor: GR; motif: RGRACATTNTGTYC","TF:M04750","1","0","5342","20","6","20044","NOS1AP,KAT2B,SEC62,MYPN,LDB3,PKP2"
"TF","Factor: NR3C1; motif: NRGWACAYNRTGTWCYN; match class: 1","TF:M04476_1","1","0","5420","20","6","20044","SEC62,MYPN,LDB3,CRYAB,PKP2,NFATC3"
"TF","Factor: NR3C1; motif: NRGWACAYNRTGTWCYN","TF:M04476","1","0","7431","20","8","20044","NOS1AP,KAT2B,SEC62,MYPN,LDB3,CRYAB,PKP2,NFATC3"
"TF","Factor: NR3C1; motif: RRGAACATWMYGTYCTRN; match class: 1","TF:M02219_1","1","0","1480","20","1","20044","NFATC3"
"TF","Factor: NR3C1; motif: RRGAACATWMYGTYCTRN","TF:M02219","1","0","6777","20","8","20044","KAT2B,CACNA2D2,SEC62,TMEM245,MYPN,ADM,PKP2,NFATC3"
"TF","Factor: NURR1:RXR-ALPHA; motif: NRGGTCRTTGACCYN","TF:M08957","1","0","11311","20","12","20044","NOS1AP,SP3,KAT2B,CACNA2D2,SEC62,UBA6,PTP4A3,PTK2,TMEM245,LDB3,ADM,MYO18B"
"TF","Factor: Olf-1; motif: NNCDABTCCCYAGRGARBNKGN","TF:M00261","1","0","3663","20","1","20044","LDB3"
"TF","Factor: NRL; motif: NNNNTGCTGAC","TF:M04224","1","0","4687","20","1","20044","CRYAB"
"TF","Factor: Nur77; motif: NAAAGGTCAN","TF:M11770","1","0","1499","20","1","20044","GNRHR"
"TF","Factor: OCT-x; motif: CTNATTTGCATAY","TF:M00210","1","0","4166","20","3","20044","NOS1AP,MYPN,ADM"
"TF","Factor: BRN1; motif: NANNTATGCATAATNNA; match class: 1","TF:M01324_1","1","0","1662","20","3","20044","GNRHR,PKP2,NFATC3"
"TF","Factor: BRN1; motif: NANNTATGCATAATNNA","TF:M01324","1","0","4999","20","8","20044","NOS1AP,GNRHR,PTP4A3,MYPN,LDB3,PKP2,NFATC3,MYO18B"
"TF","Factor: Oct-4; motif: ATTGWSWTGCWAAWN","TF:M01124","1","0","6091","20","2","20044","GNRHR,TMEM245"
"TF","Factor: Oct-4; motif: YWTTSTNATGCAAAT","TF:M01125","1","0","2053","20","1","20044","MYPN"
"TF","Factor: Oct3; motif: TKWNATGCAWATN","TF:M03837","1","0","1088","20","1","20044","NOS1AP"
"TF","Factor: oct-2; motif: NNWNATGCAAATNN","TF:M03836","1","0","3778","20","2","20044","NOS1AP,MYPN"
"TF","Factor: Oct-2; motif: NYATGCAAATN; match class: 1","TF:M10034_1","1","0","1434","20","1","20044","MYPN"
"TF","Factor: Oct-2; motif: NYATGCAAATN","TF:M10034","1","0","6114","20","5","20044","NOS1AP,SEC62,MYPN,LDB3,NFATC3"
"TF","Factor: Oct-2; motif: NNNTATGCAAATNNNN","TF:M01368","1","0","2382","20","3","20044","NOS1AP,UBA6,ADM"
"TF","Factor: Oct-1; motif: NNNNATGCAAATNAN; match class: 1","TF:M00195_1","1","0","549","20","1","20044","MYPN"
"TF","Factor: Oct-1; motif: NNNNATGCAAATNAN","TF:M00195","1","0","3668","20","3","20044","NOS1AP,MYPN,ADM"
"TF","Factor: Oct-1; motif: TNATTTGCATW","TF:M00930","1","0","1979","20","2","20044","NOS1AP,MYPN"
"TF","Factor: Oct-1; motif: TATGCAAATN","TF:M00342","1","0","2981","20","1","20044","NOS1AP"
"TF","Factor: NRSE; motif: TTYAGCWCCDCGGASAGYRCC","TF:M00325","1","0","1628","20","2","20044","CRYAB,PKP2"
"TF","Factor: Oct-1; motif: TNTATGBTAATT","TF:M00248","1","0","1786","20","2","20044","UBA6,MYO18B"
"TF","Factor: Oct-1; motif: CWNAWTKWSATRYN","TF:M00162","1","0","3647","20","3","20044","SEC62,GNRHR,MYPN"
"TF","Factor: Oct-1; motif: MKVATTTGCATATT; match class: 1","TF:M00161_1","1","0","396","20","1","20044","ADM"
"TF","Factor: Oct-1; motif: MKVATTTGCATATT","TF:M00161","1","0","3001","20","4","20044","NOS1AP,UBA6,MYPN,ADM"
"TF","Factor: Oct-1; motif: NNNNNNNWATGCAAATNNNWNNA","TF:M00138","1","0","2521","20","2","20044","NOS1AP,ADM"
"TF","Factor: Oct-1; motif: NNNRTAATNANNN; match class: 1","TF:M00137_1","1","0","2137","20","2","20044","GNRHR,MYPN"
"TF","Factor: Oct-1; motif: NNNRTAATNANNN","TF:M00137","1","0","6847","20","5","20044","PRDM16,MECOM,GNRHR,MYPN,PKP2"
"TF","Factor: Oct-1; motif: NNGAATATKCANNNN; match class: 1","TF:M00136_1","1","0","1353","20","1","20044","MYPN"
"TF","Factor: Oct-1; motif: NNGAATATKCANNNN","TF:M00136","1","0","4300","20","3","20044","MYPN,CRYAB,PKP2"
"TF","Factor: Oct-1; motif: NNNNWTATGCAAATNTNNN","TF:M00135","1","0","2135","20","3","20044","NOS1AP,UBA6,ADM"
"TF","Factor: OC-2; motif: TCAATA; match class: 1","TF:M02112_1","1","0","2453","20","2","20044","GNRHR,MYPN"
"TF","Factor: OC-2; motif: TCAATA","TF:M02112","1","0","7648","20","4","20044","SEC62,MECOM,GNRHR,MYPN"
"TF","Factor: NURR1; motif: YRRCCTT; match class: 1","TF:M01269_1","1","0","1154","20","1","20044","SEC62"
"TF","Factor: NURR1; motif: YRRCCTT","TF:M01269","1","0","5993","20","3","20044","NOS1AP,SEC62,MYO18B"
"TF","Factor: NUR77; motif: NTGACCTTBN","TF:M01217","1","0","1350","20","2","20044","SEC62,LDB3"
"TF","Factor: Oct-1; motif: CWNAWTKWSATRYN; match class: 1","TF:M00162_1","1","0","543","20","1","20044","GNRHR"
"TF","Factor: COUP-TF1; motif: RAGGTCANTGACCTY","TF:M11745","1","0","6560","20","4","20044","CACNA2D2,PTP4A3,NFATC3,MYO18B"
"TF","Factor: P73; motif: GNNNRRRCNTGCMNNTSASN; match class: 1","TF:M03558_1","1","0","845","20","1","20044","PTP4A3"
"TF","Factor: PARP; motif: TTTCYN","TF:M02027","1","0","16608","20","17","20044","PRDM16,NOS1AP,SP3,KAT2B,SEC62,MECOM,GNRHR,UBA6,PTP4A3,TMEM245,MYPN,LDB3,ADM,CRYAB,PKP2,NFATC3,MYO18B"
"TF","Factor: PEA3; motif: ACAGGAAGGAAGTN; match class: 1","TF:M11429_1","1","0","1111","20","1","20044","SEC62"
"TF","Factor: PEA3; motif: ACAGGAAGGAAGTN","TF:M11429","1","0","5561","20","5","20044","SEC62,GNRHR,UBA6,CRYAB,NFATC3"
"TF","Factor: PEA3; motif: NACCGGAAGTN; match class: 1","TF:M11428_1","1","0","2196","20","1","20044","PKP2"
"TF","Factor: PEA3; motif: NACCGGAAGTN","TF:M11428","1","0","7327","20","6","20044","NOS1AP,MECOM,UBA6,MYPN,PKP2,NFATC3"
"TF","Factor: PEA3; motif: NACCGGAAGTN; match class: 1","TF:M11427_1","1","0","4710","20","4","20044","KAT2B,MECOM,UBA6,PKP2"
"TF","Factor: PEA3; motif: NACCGGAAGTN","TF:M11427","1","0","10834","20","10","20044","NOS1AP,SP3,KAT2B,CACNA2D2,MECOM,UBA6,MYPN,PKP2,NFATC3,MYO18B"
"TF","Factor: PEA3; motif: NACCGGAAGTN; match class: 1","TF:M11425_1","1","0","2383","20","1","20044","PKP2"
"TF","Factor: PEA3; motif: NACCGGAAGTN","TF:M11425","1","0","7570","20","6","20044","MECOM,UBA6,PTK2,MYPN,PKP2,NFATC3"
"TF","Factor: PEA3; motif: NNCAGGAARNN; match class: 1","TF:M09915_1","1","0","5781","20","5","20044","NOS1AP,SP3,PTK2,TMEM245,LDB3"
"TF","Factor: PEA3; motif: NNCAGGAARNN","TF:M09915","1","0","12747","20","13","20044","NOS1AP,SP3,KAT2B,CACNA2D2,UBA6,PTK2,TMEM245,MYPN,LDB3,CRYAB,PKP2,NFATC3,MYO18B"
"TF","Factor: PEA3; motif: RCCGGAAGYN; match class: 1","TF:M02066_1","1","0","2326","20","2","20044","MECOM,UBA6"
"TF","Factor: PEA3; motif: RCCGGAAGYN","TF:M02066","1","0","7214","20","4","20044","NOS1AP,MECOM,UBA6,PKP2"
"TF","Factor: ipf1; motif: RTCATTAN","TF:M10745","1","0","3194","20","3","20044","KAT2B,MYPN,PKP2"
"TF","Factor: ipf1; motif: YTAATKRC","TF:M10744","1","0","1621","20","1","20044","NOS1AP"
"TF","Factor: PEA3; motif: NACCGGAAGTN","TF:M11430","1","0","11108","20","9","20044","NOS1AP,SP3,KAT2B,CACNA2D2,MECOM,UBA6,PKP2,NFATC3,MYO18B"
"TF","Factor: PDEF; motif: MCCGGATNTN","TF:M02075","1","0","2732","20","2","20044","SP3,PKP2"
"TF","Factor: Pbx; motif: GATTGATKGNNS; match class: 1","TF:M00998_1","1","0","979","20","3","20044","MECOM,GNRHR,UBA6"
"TF","Factor: Pbx; motif: GATTGATKGNNS","TF:M00998","1","0","5191","20","10","20044","PRDM16,HSPG2,SP3,KAT2B,MECOM,GNRHR,UBA6,MYPN,LDB3,PKP2"
"TF","Factor: PBX4:HOXA1; motif: NYNATMAATCA","TF:M08394","1","0","1480","20","1","20044","MYPN"
"TF","Factor: PBX4:HOXA10; motif: NCATAAATCA","TF:M08395","1","0","884","20","1","20044","TMEM245"
"TF","Factor: PBX3; motif: TGANTGRCRGS","TF:M10030","1","0","2243","20","3","20044","SP3,CACNA2D2,SEC62"
"TF","Factor: PBX3; motif: NNNTGAGTGACAGGNNN","TF:M09781","1","0","292","20","1","20044","SEC62"
"TF","Factor: PBX2; motif: NTGATTGACAGN","TF:M09780","1","0","511","20","1","20044","SEC62"
"TF","Factor: PBX2; motif: TGANTGACAGN","TF:M09736","1","0","5036","20","5","20044","CACNA2D2,SEC62,MECOM,UBA6,ADM"
"TF","Factor: Pbx1; motif: ATCAATCAN","TF:M02028","1","0","2137","20","4","20044","SP3,SEC62,UBA6,MYPN"
"TF","Factor: Pbx1; motif: KTGATKGAYN","TF:M11041","1","0","2087","20","3","20044","SP3,UBA6,MYPN"
"TF","Factor: Pbx1; motif: KTGATTGAYG","TF:M11040","1","0","739","20","1","20044","SP3"
"TF","Factor: Pbx1; motif: NTGATTGAYR; match class: 1","TF:M11039_1","1","0","316","20","1","20044","SEC62"
"TF","Factor: Pbx1; motif: NTGATTGAYR","TF:M11039","1","0","2812","20","5","20044","SP3,KAT2B,SEC62,UBA6,MYPN"
"TF","Factor: Pbx1; motif: NTGATKGACG; match class: 1","TF:M11038_1","1","0","644","20","1","20044","SP3"
"TF","Factor: Pbx; motif: NTGATTGANN","TF:M07304","1","0","1551","20","2","20044","SP3,MYPN"
"TF","Factor: Pbx1; motif: NTGATKGACG","TF:M11038","1","0","4591","20","6","20044","HSPG2,SP3,GNRHR,UBA6,PTK2,MYPN"
"TF","Factor: PEA3; motif: NACCGGAAGTN; match class: 1","TF:M11430_1","1","0","5014","20","4","20044","KAT2B,MECOM,UBA6,PKP2"
"TF","Factor: PEA3; motif: NTCGTAAATGCA; match class: 1","TF:M11431_1","1","0","4344","20","4","20044","SEC62,MECOM,UBA6,MYPN"
"TF","Factor: PITX1; motif: GMMACTAATCY","TF:M01826","1","0","1480","20","1","20044","MECOM"
"TF","Factor: Pitx1; motif: CACTAATCCYYN","TF:M07055","1","0","1136","20","2","20044","SEC62,ADM"
"TF","Factor: PITX1; motif: NRGGATTAR","TF:M12652","1","0","2086","20","2","20044","PTK2,TMEM245"
"TF","Factor: pitx1; motif: NTAATCCN","TF:M10917","1","0","930","20","1","20044","PTK2"
"TF","Factor: pitx1; motif: CTAATCCC","TF:M10916","1","0","930","20","1","20044","PTK2"
"TF","Factor: Pitx1; motif: NNNNRGGGATTAAMNNN","TF:M01484","1","0","3455","20","4","20044","SEC62,PTK2,TMEM245,ADM"
"TF","Factor: pitx1:HOXA3; motif: TAATNNNNNNGGATTA","TF:M08733","1","0","929","20","1","20044","GNRHR"
"TF","Factor: Pit-1; motif: NNWWATTCAT; match class: 1","TF:M03559_1","1","0","1404","20","2","20044","GNRHR,MYPN"
"TF","Factor: Pit-1; motif: NNWWATTCAT","TF:M03559","1","0","5387","20","4","20044","PRDM16,GNRHR,MYPN,PKP2"
"TF","Factor: Pit-1; motif: NMTTCATAAWTATWNMNA; match class: 1","TF:M00802_1","1","0","1125","20","1","20044","GNRHR"
"TF","Factor: Pit-1; motif: NMTTCATAAWTATWNMNA","TF:M00802","1","0","4773","20","2","20044","GNRHR,PTK2"
"TF","Factor: PMX2B; motif: NYAATTAS","TF:M10894","1","0","2073","20","2","20044","KAT2B,NFATC3"
"TF","Factor: PMX2B; motif: NCAATTAN","TF:M10893","1","0","2073","20","2","20044","KAT2B,NFATC3"
"TF","Factor: PHOX2B; motif: TAATYYAATTA","TF:M04427","1","0","235","20","1","20044","KAT2B"
"TF","Factor: PEA3; motif: NTCGTAAATGCA","TF:M11431","1","0","10703","20","11","20044","NOS1AP,SP3,CACNA2D2,SEC62,MECOM,UBA6,TMEM245,MYPN,LDB3,ADM,PKP2"
"TF","Factor: PMX2A; motif: SYAATTAN","TF:M10892","1","0","1743","20","1","20044","UBA6"
"TF","Factor: PHOX2A; motif: TAATYYAATTA","TF:M04426","1","0","360","20","1","20044","KAT2B"
"TF","Factor: PHB; motif: NCCCAGCCCCY; match class: 1","TF:M12725_1","1","0","4515","20","9","20044","HSPG2,SP3,CACNA2D2,PTP4A3,PTK2,LDB3,CRYAB,PKP2,NFATC3"
"TF","Factor: PHB; motif: NCCCAGCCCCY","TF:M12725","1","0","10004","20","12","20044","PRDM16,HSPG2,SP3,CACNA2D2,PTP4A3,PTK2,MYPN,LDB3,CRYAB,PKP2,NFATC3,MYO18B"
"TF","Factor: Pet-1; motif: GCNGGAAGYG; match class: 1","TF:M09918_1","1","0","7364","20","8","20044","SP3,KAT2B,CACNA2D2,SEC62,MECOM,PTP4A3,PTK2,PKP2"
"TF","Factor: Pet-1; motif: GCNGGAAGYG","TF:M09918","1","0","13904","20","15","20044","NOS1AP,SP3,KAT2B,CACNA2D2,SEC62,MECOM,UBA6,PTP4A3,PTK2,TMEM245,MYPN,LDB3,ADM,PKP2,MYO18B"
"TF","Factor: Pet-1; motif: ACCGGAWRTN","TF:M02072","1","0","2443","20","2","20044","NOS1AP,UBA6"
"TF","Factor: PEG3; motif: NSWTGATTTKGM","TF:M06806","1","0","154","20","1","20044","MECOM"
"TF","Factor: PEBP; motif: GNTNACCACARANNK","TF:M00984","1","0","1365","20","1","20044","MYPN"
"TF","Factor: PEBP2beta; motif: TGTGGTY; match class: 1","TF:M03841_1","1","0","1965","20","2","20044","SEC62,MYPN"
"TF","Factor: PEBP2beta; motif: TGTGGTY","TF:M03841","1","0","7812","20","10","20044","PRDM16,NOS1AP,SP3,SEC62,MECOM,GNRHR,PTP4A3,MYPN,LDB3,NFATC3"
"TF","Factor: PEA3; motif: AGGAAGT; match class: 1","TF:M03579_1","1","0","1476","20","1","20044","MYPN"
"TF","Factor: PEA3; motif: AGGAAGT","TF:M03579","1","0","6914","20","6","20044","PRDM16,KAT2B,GNRHR,PTK2,MYPN,NFATC3"
"TF","Factor: PEA3; motif: ACWTCCK; match class: 1","TF:M00655_1","1","0","2910","20","3","20044","PTK2,MYPN,NFATC3"
"TF","Factor: PEA3; motif: ACWTCCK","TF:M00655","1","0","9600","20","6","20044","PRDM16,KAT2B,GNRHR,PTK2,MYPN,NFATC3"
"TF","Factor: PMX2A; motif: NYAATTAN","TF:M10891","1","0","1498","20","1","20044","UBA6"
"TF","Factor: PARP; motif: YDRGAAAWAS","TF:M01211","1","0","2668","20","1","20044","NFATC3"
"TF","Factor: Pbx; motif: NKTGATTGACRKSN; match class: 1","TF:M01967_1","1","0","908","20","3","20044","SP3,SEC62,GNRHR"
"TF","Factor: Pbx1; motif: NYAYMCATCAAWNWNNN; match class: 1","TF:M01357_1","1","0","361","20","1","20044","GNRHR"
"TF","Factor: Pax-5; motif: NGTCACGCWTSANTGMNY","TF:M04064","1","0","10339","20","8","20044","NOS1AP,CACNA2D2,SEC62,UBA6,TMEM245,LDB3,ADM,PKP2"
"TF","Factor: Pax-5; motif: RRMSWGANWYCTNRAGCGKRACSRYNSM; match class: 1","TF:M00144_1","1","0","7321","20","10","20044","PRDM16,NOS1AP,SP3,KAT2B,SEC62,UBA6,PTK2,TMEM245,PKP2,NFATC3"
"TF","Factor: Pax-5; motif: RRMSWGANWYCTNRAGCGKRACSRYNSM","TF:M00144","1","0","13516","20","15","20044","PRDM16,HSPG2,NOS1AP,SP3,KAT2B,SEC62,GNRHR,UBA6,PTP4A3,PTK2,TMEM245,LDB3,ADM,PKP2,NFATC3"
"TF","Factor: Pax-5; motif: BCNNNRNGCANBGNTGNRTAGCSGCHNB; match class: 1","TF:M00143_1","1","0","5165","20","8","20044","PRDM16,HSPG2,SP3,CACNA2D2,PTP4A3,TMEM245,LDB3,NFATC3"
"TF","Factor: Pax-5; motif: BCNNNRNGCANBGNTGNRTAGCSGCHNB","TF:M00143","1","0","11601","20","14","20044","PRDM16,HSPG2,NOS1AP,SP3,KAT2B,CACNA2D2,SEC62,GNRHR,PTP4A3,TMEM245,LDB3,PKP2,NFATC3,MYO18B"
"TF","Factor: Pax-4; motif: DTTTTCCACCN; match class: 1","TF:M04624_1","1","0","9630","20","8","20044","KAT2B,SEC62,MECOM,UBA6,PTP4A3,MYPN,CRYAB,PKP2"
"TF","Factor: Pax-4; motif: DTTTTCCACCN","TF:M04624","1","0","15991","20","14","20044","PRDM16,HSPG2,NOS1AP,KAT2B,CACNA2D2,SEC62,MECOM,UBA6,PTP4A3,TMEM245,MYPN,ADM,CRYAB,PKP2"
"TF","Factor: Pax-4a; motif: TYACGCTAATTAN","TF:M11886","1","0","1287","20","1","20044","UBA6"
"TF","Factor: Pax-4a; motif: NAATTANNTAATTN; match class: 1","TF:M11885_1","1","0","800","20","1","20044","UBA6"
"TF","Factor: Pax-4a; motif: NAATTANNTAATTN","TF:M11885","1","0","937","20","1","20044","UBA6"
"TF","Factor: Pax-4; motif: SWAATWAN","TF:M04063","1","0","4874","20","6","20044","SP3,SEC62,PTK2,TMEM245,MYPN,MYO18B"
"TF","Factor: Pax-4; motif: WNNNYTAATTARYNSNN; match class: 1","TF:M01385_1","1","0","2528","20","1","20044","UBA6"
"TF","Factor: Pax-4; motif: WNNNYTAATTARYNSNN","TF:M01385","1","0","3317","20","3","20044","NOS1AP,KAT2B,UBA6"
"TF","Factor: Pax-4; motif: NNNNNYCACCCB; match class: 1","TF:M00378_1","1","0","15050","20","15","20044","PRDM16,HSPG2,SP3,KAT2B,CACNA2D2,SEC62,MECOM,PTP4A3,PTK2,MYPN,ADM,CRYAB,PKP2,NFATC3,MYO18B"
"TF","Factor: Pax-5; motif: NGTCACGCWTSANTGMNY; match class: 1","TF:M04064_1","1","0","3600","20","2","20044","UBA6,LDB3"
"TF","Factor: Pax-4; motif: NNNNNYCACCCB","TF:M00378","1","0","18213","20","18","20044","PRDM16,HSPG2,SP3,KAT2B,CACNA2D2,SEC62,MECOM,UBA6,PTP4A3,PTK2,TMEM245,MYPN,LDB3,ADM,CRYAB,PKP2,NFATC3,MYO18B"
"TF","Factor: Pax-3; motif: NNNNNNCGTCACGSTYNNNNN","TF:M00327","1","0","13598","20","12","20044","PRDM16,HSPG2,NOS1AP,KAT2B,SEC62,GNRHR,UBA6,TMEM245,LDB3,ADM,NFATC3,MYO18B"
"TF","Factor: Pax-3; motif: TCGTCACRCTTHM; match class: 1","TF:M00360_1","1","0","5571","20","4","20044","PRDM16,UBA6,TMEM245,CRYAB"
"TF","Factor: Pax-3; motif: TCGTCACRCTTHM","TF:M00360","1","0","12461","20","13","20044","PRDM16,NOS1AP,KAT2B,UBA6,PTP4A3,PTK2,TMEM245,MYPN,LDB3,ADM,CRYAB,PKP2,MYO18B"
"TF","Factor: Pax-2; motif: CAYSCCTSAGT","TF:M03839","1","0","5094","20","3","20044","MECOM,TMEM245,PKP2"
"TF","Factor: PAX2; motif: NCANTSRAGCGTGACGR","TF:M12969","1","0","6306","20","4","20044","NOS1AP,UBA6,PTK2,LDB3"
"TF","Factor: pax-2; motif: NCGTCACGCNYSRNYGCNYN; match class: 1","TF:M11877_1","1","0","5401","20","6","20044","NOS1AP,KAT2B,CACNA2D2,UBA6,LDB3,PKP2"
"TF","Factor: pax-2; motif: NCGTCACGCNYSRNYGCNYN","TF:M11877","1","0","11775","20","11","20044","NOS1AP,KAT2B,CACNA2D2,SEC62,UBA6,PTP4A3,PTK2,TMEM245,LDB3,ADM,PKP2"
"TF","Factor: pax-2; motif: NSGTCACGCWTSANYGMNYN","TF:M11876","1","0","6323","20","5","20044","NOS1AP,UBA6,LDB3,ADM,PKP2"
"TF","Factor: Pax-2; motif: NNNNGTCANGNRTKANNNN; match class: 1","TF:M00098_1","1","0","2116","20","3","20044","SEC62,GNRHR,CRYAB"
"TF","Factor: Pax-2; motif: NNNNGTCANGNRTKANNNN","TF:M00098","1","0","7849","20","9","20044","CACNA2D2,SEC62,MECOM,GNRHR,PTP4A3,ADM,CRYAB,PKP2,MYO18B"
"TF","Factor: PATZ1; motif: SCNCCNCNSCCCCCASCCN; match class: 1","TF:M12648_1","1","0","1423","20","6","20044","PRDM16,HSPG2,MECOM,PTP4A3,TMEM245,NFATC3"
"TF","Factor: PATZ; motif: GGGGNGGGGGMKGGRRNGGNRN; match class: 1","TF:M10026_1","1","0","5109","20","12","20044","PRDM16,HSPG2,NOS1AP,SP3,KAT2B,CACNA2D2,MECOM,PTP4A3,ADM,CRYAB,PKP2,NFATC3"
"TF","Factor: PATZ; motif: GGGGNGGGGGMKGGRRNGGNRN","TF:M10026","1","0","8669","20","15","20044","PRDM16,HSPG2,NOS1AP,SP3,KAT2B,CACNA2D2,SEC62,MECOM,PTP4A3,PTK2,TMEM245,ADM,CRYAB,PKP2,NFATC3"
"TF","Factor: PARP; motif: TTTCYN; match class: 1","TF:M02027_1","1","0","12296","20","11","20044","NOS1AP,KAT2B,MECOM,GNRHR,UBA6,TMEM245,MYPN,ADM,CRYAB,PKP2,NFATC3"
"TF","Factor: Pax-3; motif: NNNNNNCGTCACGSTYNNNNN; match class: 1","TF:M00327_1","1","0","7016","20","6","20044","HSPG2,NOS1AP,SEC62,GNRHR,UBA6,ADM"
"TF","Factor: Pbx; motif: NKTGATTGACRKSN","TF:M01967","1","0","5145","20","4","20044","SP3,SEC62,GNRHR,MYPN"
"TF","Factor: Pax-5; motif: GTYAYGCTTSRCTGVNYN","TF:M04754","1","0","5304","20","4","20044","NOS1AP,CACNA2D2,UBA6,PKP2"
"TF","Factor: Pasx-5; motif: GTCACGSTT; match class: 1","TF:M04765_1","1","0","4223","20","4","20044","HSPG2,NOS1AP,CACNA2D2,PKP2"
"TF","Factor: Pbx1; motif: NYAYMCATCAAWNWNNN","TF:M01357","1","0","3126","20","2","20044","GNRHR,UBA6"
"TF","Factor: Pbx-1; motif: NNATCAATCANN; match class: 1","TF:M01017_1","1","0","663","20","3","20044","MECOM,GNRHR,MYPN"
"TF","Factor: Pbx-1; motif: NNATCAATCANN","TF:M01017","1","0","4145","20","5","20044","HSPG2,SP3,MECOM,GNRHR,MYPN"
"TF","Factor: Pbx-1b; motif: NNCATCAATCAANNW; match class: 1","TF:M00124_1","1","0","251","20","1","20044","MYPN"
"TF","Factor: Pbx-1b; motif: NNCATCAATCAANNW","TF:M00124","1","0","2125","20","5","20044","SP3,GNRHR,UBA6,MYPN,PKP2"
"TF","Factor: Pbx-1; motif: ATCAATCAW; match class: 1","TF:M00096_1","1","0","407","20","1","20044","MYPN"
"TF","Factor: Pbx-1; motif: ATCAATCAW","TF:M00096","1","0","2672","20","4","20044","PRDM16,MECOM,GNRHR,MYPN"
"TF","Factor: Pax-9; motif: NCGTCACGCWTSRNYGN","TF:M11875","1","0","767","20","1","20044","NOS1AP"
"TF","Factor: Pax-8; motif: NCNNTNNTGCRTGANNNN","TF:M00328","1","0","9480","20","6","20044","HSPG2,UBA6,PTP4A3,TMEM245,MYPN,ADM"
"TF","Factor: Pax-7; motif: NTAATTGATTNN","TF:M11854","1","0","216","20","1","20044","MYPN"
"TF","Factor: Pax-6; motif: CTGACCTGGAACTM; match class: 1","TF:M00979_1","1","0","3085","20","3","20044","SEC62,GNRHR,MYO18B"
"TF","Factor: Pax-6; motif: CTGACCTGGAACTM","TF:M00979","1","0","9802","20","9","20044","SP3,SEC62,GNRHR,MYPN,LDB3,ADM,PKP2,NFATC3,MYO18B"
"TF","Factor: pax-6; motif: NYACGCNTSRNYGCNYN; match class: 1","TF:M11883_1","1","0","7951","20","9","20044","HSPG2,NOS1AP,CACNA2D2,SEC62,UBA6,PTK2,LDB3,ADM,PKP2"
"TF","Factor: pax-6; motif: NYACGCNTSRNYGCNYN","TF:M11883","1","0","13758","20","15","20044","PRDM16,HSPG2,NOS1AP,KAT2B,CACNA2D2,SEC62,UBA6,PTP4A3,PTK2,TMEM245,LDB3,ADM,CRYAB,PKP2,MYO18B"
"TF","Factor: Pasx-5; motif: GTCACGSTT","TF:M04765","1","0","11157","20","11","20044","HSPG2,NOS1AP,CACNA2D2,SEC62,UBA6,TMEM245,MYPN,LDB3,CRYAB,PKP2,MYO18B"
"TF","Factor: pax-6; motif: NYACGCNYSANYGMNCN; match class: 1","TF:M11882_1","1","0","11746","20","13","20044","PRDM16,HSPG2,NOS1AP,KAT2B,CACNA2D2,SEC62,PTK2,TMEM245,LDB3,ADM,PKP2,NFATC3,MYO18B"
"TF","Factor: pax-6; motif: NYACGCNTSANYGCNYN; match class: 1","TF:M11881_1","1","0","7333","20","7","20044","HSPG2,NOS1AP,SEC62,PTK2,LDB3,ADM,PKP2"
"TF","Factor: pax-6; motif: NYACGCNTSANYGCNYN","TF:M11881","1","0","13468","20","16","20044","PRDM16,HSPG2,NOS1AP,SP3,KAT2B,CACNA2D2,SEC62,UBA6,PTP4A3,PTK2,TMEM245,LDB3,ADM,CRYAB,PKP2,MYO18B"
"TF","Factor: pax-6; motif: NYACGCWTSANYGMNCN; match class: 1","TF:M11880_1","1","0","7204","20","7","20044","HSPG2,NOS1AP,SEC62,PTK2,LDB3,ADM,PKP2"
"TF","Factor: pax-6; motif: NYACGCWTSANYGMNCN","TF:M11880","1","0","13348","20","13","20044","HSPG2,NOS1AP,SP3,KAT2B,SEC62,UBA6,PTP4A3,PTK2,TMEM245,LDB3,ADM,PKP2,NFATC3"
"TF","Factor: Pax-6; motif: TTTCACGCWTGANTGMNYN; match class: 1","TF:M04065_1","1","0","3652","20","4","20044","HSPG2,LDB3,ADM,PKP2"
"TF","Factor: Pax-6; motif: TTTCACGCWTGANTGMNYN","TF:M04065","1","0","10373","20","11","20044","PRDM16,HSPG2,KAT2B,CACNA2D2,PTP4A3,TMEM245,LDB3,ADM,CRYAB,PKP2,NFATC3"
"TF","Factor: Pax-6; motif: NNNNTTCACGCWTGANTKNNN; match class: 1","TF:M00097_1","1","0","4931","20","5","20044","GNRHR,MYPN,ADM,NFATC3,MYO18B"
"TF","Factor: Pax-6; motif: NNNNTTCACGCWTGANTKNNN","TF:M00097","1","0","11305","20","10","20044","NOS1AP,GNRHR,UBA6,TMEM245,MYPN,ADM,CRYAB,PKP2,NFATC3,MYO18B"
"TF","Factor: Pax-5; motif: RRNGRNGCAN; match class: 1","TF:M03577_1","1","0","2632","20","2","20044","GNRHR,PTP4A3"
"TF","Factor: Pax-5; motif: RRNGRNGCAN","TF:M03577","1","0","9028","20","10","20044","HSPG2,NOS1AP,CACNA2D2,MECOM,GNRHR,PTP4A3,PTK2,MYPN,LDB3,MYO18B"
"TF","Factor: PAX5; motif: RNGCGTGACCNN; match class: 1","TF:M09817_1","1","0","6310","20","8","20044","HSPG2,NOS1AP,KAT2B,CACNA2D2,LDB3,ADM,PKP2,NFATC3"
"TF","Factor: PAX5; motif: RNGCGTGACCNN","TF:M09817","1","0","12766","20","13","20044","HSPG2,NOS1AP,KAT2B,CACNA2D2,SEC62,UBA6,TMEM245,MYPN,LDB3,ADM,CRYAB,PKP2,NFATC3"
"TF","Factor: Pax-5; motif: NNNNRNKCAGCNRAGCGTGAC","TF:M09645","1","0","2647","20","1","20044","NOS1AP"
"TF","Factor: Pax-5; motif: NNRNKCAGYSRAGCRTGAC","TF:M07223","1","0","5691","20","5","20044","NOS1AP,PTK2,TMEM245,LDB3,PKP2"
"TF","Factor: pax-6; motif: NYACGCNYSANYGMNCN","TF:M11882","1","0","15852","20","16","20044","PRDM16,HSPG2,NOS1AP,SP3,KAT2B,CACNA2D2,SEC62,MECOM,PTP4A3,PTK2,TMEM245,LDB3,ADM,PKP2,NFATC3,MYO18B"
"TF","Factor: PITX2; motif: NNNNRGGATTAATNNNN","TF:M01447","1","0","2345","20","3","20044","SEC62,TMEM245,ADM"
"TF","Factor: COUP-TF1; motif: RAGGTCANYGACCTY; match class: 1","TF:M11743_1","1","0","5006","20","4","20044","CACNA2D2,PTP4A3,PTK2,NFATC3"
"TF","Factor: COUP-TF1; motif: RRGGTCRNTGACCYY","TF:M11741","1","0","3941","20","4","20044","CACNA2D2,PTP4A3,NFATC3,MYO18B"
"TF","Factor: NFATc1; motif: NWGGAAARWNWGANN","TF:M10000","1","0","1518","20","2","20044","UBA6,ADM"
"TF","Factor: NFATc1; motif: TTTTCCATGGAAAN; match class: 1","TF:M04053_1","1","0","6003","20","7","20044","KAT2B,CACNA2D2,SEC62,GNRHR,MYPN,NFATC3,MYO18B"
"TF","Factor: NFATc1; motif: TTTTCCATGGAAAN","TF:M04053","1","0","8664","20","9","20044","KAT2B,CACNA2D2,SEC62,GNRHR,PTK2,MYPN,PKP2,NFATC3,MYO18B"
"TF","Factor: NFATc1; motif: TTTCCAYWRTGGAAA; match class: 1","TF:M04052_1","1","0","3921","20","5","20044","SP3,CACNA2D2,TMEM245,MYPN,LDB3"
"TF","Factor: NFATc1; motif: TTTCCAYWRTGGAAA","TF:M04052","1","0","6685","20","8","20044","SP3,CACNA2D2,TMEM245,MYPN,LDB3,CRYAB,NFATC3,MYO18B"
"TF","Factor: NFATc1; motif: NATGGAAANWNANTTTYCMN; match class: 1","TF:M04051_1","1","0","1892","20","2","20044","ADM,NFATC3"
"TF","Factor: NFATc1; motif: NATGGAAANWNANTTTYCMN","TF:M04051","1","0","5686","20","3","20044","MYPN,ADM,NFATC3"
"TF","Factor: NFATc3; motif: GGAAAA; match class: 1","TF:M01886_1","1","0","11226","20","13","20044","PRDM16,SP3,KAT2B,SEC62,MECOM,GNRHR,UBA6,TMEM245,ADM,CRYAB,PKP2,NFATC3,MYO18B"
"TF","Factor: NFATc3; motif: GGAAAA","TF:M01886","1","0","16450","20","17","20044","PRDM16,SP3,KAT2B,CACNA2D2,SEC62,MECOM,GNRHR,UBA6,PTK2,TMEM245,MYPN,LDB3,ADM,CRYAB,PKP2,NFATC3,MYO18B"
"TF","Factor: NFATc4; motif: NGGAAAAN; match class: 1","TF:M07301_1","1","0","565","20","1","20044","SEC62"
"TF","Factor: NFATc4; motif: NGGAAAAN","TF:M07301","1","0","4091","20","3","20044","SEC62,GNRHR,UBA6"
"TF","Factor: NFATc4; motif: WNNTTTTCCT; match class: 1","TF:M01734_1","1","0","51","20","1","20044","NFATC3"
"TF","Factor: NFATc4; motif: WNNTTTTCCT","TF:M01734","1","0","1116","20","2","20044","MECOM,NFATC3"
"TF","Factor: NFATc1; motif: TTTCCWN; match class: 1","TF:M01718_1","1","0","1063","20","1","20044","CRYAB"
"TF","Factor: NFATc1; motif: NTTTCCRTNNAYGGAAAN","TF:M11979","1","0","8932","20","8","20044","SP3,CACNA2D2,GNRHR,UBA6,PTK2,TMEM245,LDB3,MYO18B"
"TF","Factor: NFATc1; motif: TTTCCWN","TF:M01718","1","0","6026","20","6","20044","PRDM16,KAT2B,SEC62,UBA6,CRYAB,PKP2"
"TF","Factor: NFATc2; motif: GGAAAA","TF:M01281","1","0","16450","20","17","20044","PRDM16,SP3,KAT2B,CACNA2D2,SEC62,MECOM,GNRHR,UBA6,PTK2,TMEM245,MYPN,LDB3,ADM,CRYAB,PKP2,NFATC3,MYO18B"
"TF","Factor: NFATc2; motif: GGAAAA; match class: 1","TF:M03555_1","1","0","11226","20","13","20044","PRDM16,SP3,KAT2B,SEC62,MECOM,GNRHR,UBA6,TMEM245,ADM,CRYAB,PKP2,NFATC3,MYO18B"
"TF","Factor: NFATc2; motif: GGAAAA","TF:M03555","1","0","16450","20","17","20044","PRDM16,SP3,KAT2B,CACNA2D2,SEC62,MECOM,GNRHR,UBA6,PTK2,TMEM245,MYPN,LDB3,ADM,CRYAB,PKP2,NFATC3,MYO18B"
"TF","Factor: NF90; motif: NCCNCWGCCYCCNC","TF:M09859","1","0","4838","20","9","20044","PRDM16,HSPG2,SP3,CACNA2D2,PTP4A3,PTK2,TMEM245,CRYAB,PKP2"
"TF","Factor: NF-1; motif: TTGGCNN; match class: 1","TF:M07364_1","1","0","791","20","1","20044","HSPG2"
"TF","Factor: NF-1; motif: TTGGCNN","TF:M07364","1","0","5035","20","4","20044","HSPG2,NOS1AP,SP3,ADM"
"TF","Factor: NF-1; motif: NTGGNNNNNNGCCAANN","TF:M00806","1","0","4342","20","9","20044","PRDM16,CACNA2D2,SEC62,MECOM,GNRHR,PTK2,TMEM245,PKP2,NFATC3"
"TF","Factor: NF-1; motif: NNTTGGCNNNNNNCCNNN","TF:M00193","1","0","5115","20","8","20044","PRDM16,HSPG2,NOS1AP,CACNA2D2,SEC62,PTK2,PKP2,NFATC3"
"TF","Factor: NF-1C; motif: TTGGCNN","TF:M07300","1","0","6316","20","7","20044","HSPG2,GNRHR,UBA6,PTK2,LDB3,ADM,NFATC3"
"TF","Factor: NF-1C; motif: NTTGGCNNNNTGCCARN","TF:M11728","1","0","2633","20","2","20044","PTP4A3,CRYAB"
"TF","Factor: NF-1C; motif: NYTGGCNNYNNGCCARN; match class: 1","TF:M10002_1","1","0","1715","20","2","20044","PTP4A3,LDB3"
"TF","Factor: NF-1C; motif: NYTGGCNNYNNGCCARN","TF:M10002","1","0","6834","20","6","20044","HSPG2,CACNA2D2,PTP4A3,LDB3,CRYAB,NFATC3"
"TF","Factor: NF1C; motif: WGCCARR; match class: 1","TF:M09763_1","1","0","4325","20","5","20044","CACNA2D2,LDB3,ADM,CRYAB,MYO18B"
"TF","Factor: NF1C; motif: WGCCARR","TF:M09763","1","0","11040","20","12","20044","HSPG2,KAT2B,CACNA2D2,MECOM,GNRHR,UBA6,PTP4A3,LDB3,ADM,CRYAB,NFATC3,MYO18B"
"TF","Factor: NFATc2; motif: GGAAAA; match class: 1","TF:M01281_1","1","0","11226","20","13","20044","PRDM16,SP3,KAT2B,SEC62,MECOM,GNRHR,UBA6,TMEM245,ADM,CRYAB,PKP2,NFATC3,MYO18B"
"TF","Factor: NF-1C; motif: NYYTGGCWNNNNKCCMN","TF:M09640","1","0","2828","20","2","20044","CACNA2D2,PKP2"
"TF","Factor: NFATc1; motif: NTTTCCRTNNAYGGAAAN; match class: 1","TF:M11979_1","1","0","8766","20","8","20044","SP3,CACNA2D2,GNRHR,UBA6,PTK2,TMEM245,LDB3,MYO18B"
"TF","Factor: NFATc1; motif: NTTTCCRTNNAYGGAAAN; match class: 1","TF:M11981_1","1","0","5743","20","7","20044","SP3,CACNA2D2,UBA6,PTK2,TMEM245,LDB3,MYO18B"
"TF","Factor: NFIL3; motif: NNTTATGYAATNN","TF:M12487","1","0","670","20","2","20044","SEC62,UBA6"
"TF","Factor: NFIL3; motif: NRTTACRTAAYN; match class: 1","TF:M04223_1","1","0","23","20","1","20044","UBA6"
"TF","Factor: NFIL3; motif: NRTTACRTAAYN","TF:M04223","1","0","330","20","2","20044","SEC62,UBA6"
"TF","Factor: NFIC; motif: NNCTTGGCANN","TF:M09815","1","0","26","20","1","20044","ADM"
"TF","Factor: NF-E4; motif: GTGAGGS; match class: 1","TF:M08826_1","1","0","4785","20","7","20044","HSPG2,NOS1AP,KAT2B,UBA6,PTP4A3,CRYAB,PKP2"
"TF","Factor: NF-E4; motif: GTGAGGS","TF:M08826","1","0","11545","20","13","20044","HSPG2,NOS1AP,KAT2B,CACNA2D2,SEC62,UBA6,PTP4A3,PTK2,LDB3,ADM,CRYAB,PKP2,NFATC3"
"TF","Factor: NF-E4; motif: CHCCCTCKCCWG","TF:M02105","1","0","2724","20","4","20044","PRDM16,NOS1AP,SP3,CRYAB"
"TF","Factor: NF-E2; motif: TGCTGAGTCAY","TF:M00037","1","0","6690","20","5","20044","UBA6,PTP4A3,PKP2,NFATC3,MYO18B"
"TF","Factor: NFE2L2; motif: RTGACWCAGCA","TF:M02263","1","0","3080","20","4","20044","SEC62,MYPN,ADM,PKP2"
"TF","Factor: Nfe2l1; motif: TGYNNAGTCATT; match class: 1","TF:M07390_1","1","0","1589","20","1","20044","MYPN"
"TF","Factor: Nfe2l1; motif: TGYNNAGTCATT","TF:M07390","1","0","6816","20","6","20044","NOS1AP,KAT2B,UBA6,MYPN,LDB3,MYO18B"
"TF","Factor: NFE2L1; motif: NNNATGACTCAGCANW; match class: 1","TF:M12499_1","1","0","3540","20","2","20044","MYPN,PKP2"
"TF","Factor: NFE2L1; motif: NNNATGACTCAGCANW","TF:M12499","1","0","10045","20","7","20044","KAT2B,SEC62,UBA6,PTP4A3,MYPN,LDB3,PKP2"
"TF","Factor: NFAT; motif: NANWGGAAAANN; match class: 1","TF:M00302_1","1","0","23","20","1","20044","KAT2B"
"TF","Factor: NFATc1; motif: NTTTCCRTNNAYGGAAAN","TF:M11981","1","0","6366","20","8","20044","SP3,CACNA2D2,GNRHR,UBA6,PTK2,TMEM245,LDB3,MYO18B"
"TF","Factor: NFAT; motif: NANWGGAAAANN","TF:M00302","1","0","790","20","2","20044","KAT2B,TMEM245"
"TF","Factor: NFATc3; motif: RYGGAAANNNNNNNTTTCCRY","TF:M11989","1","0","1271","20","2","20044","UBA6,PKP2"
"TF","Factor: NFATc3; motif: NTTTCCRYGGAAAN; match class: 1","TF:M11988_1","1","0","6790","20","6","20044","CACNA2D2,SEC62,GNRHR,MYPN,NFATC3,MYO18B"
"TF","Factor: NFATc3; motif: NTTTCCRYGGAAAN","TF:M11988","1","0","7319","20","6","20044","CACNA2D2,SEC62,GNRHR,MYPN,NFATC3,MYO18B"
"TF","Factor: NFATc3; motif: NAYGGAAANW","TF:M11987","1","0","2466","20","3","20044","SP3,UBA6,ADM"
"TF","Factor: NFATc2; motif: NTTTCCATNNATGGAAAN; match class: 1","TF:M11986_1","1","0","5800","20","7","20044","SP3,CACNA2D2,UBA6,PTK2,TMEM245,LDB3,MYO18B"
"TF","Factor: NFATc2; motif: NTTTCCATNNATGGAAAN","TF:M11986","1","0","6067","20","8","20044","SP3,CACNA2D2,GNRHR,UBA6,PTK2,TMEM245,LDB3,MYO18B"
"TF","Factor: NFATc2; motif: TTTTCCATGGAAAA; match class: 1","TF:M11985_1","1","0","4550","20","4","20044","CACNA2D2,SEC62,NFATC3,MYO18B"
"TF","Factor: NFATc2; motif: TTTTCCATGGAAAA","TF:M11985","1","0","5904","20","6","20044","CACNA2D2,SEC62,GNRHR,PKP2,NFATC3,MYO18B"
"TF","Factor: NFATc2; motif: NTTTCCRTNNAYGGAAAN; match class: 1","TF:M11984_1","1","0","11016","20","9","20044","SP3,CACNA2D2,GNRHR,UBA6,PTK2,TMEM245,LDB3,ADM,MYO18B"
"TF","Factor: NFATc2; motif: NTTTCCRTNNAYGGAAAN","TF:M11984","1","0","11083","20","9","20044","SP3,CACNA2D2,GNRHR,UBA6,PTK2,TMEM245,LDB3,ADM,MYO18B"
"TF","Factor: NFATc2; motif: NTTTCCGCGGAAAN; match class: 1","TF:M11983_1","1","0","7460","20","8","20044","PRDM16,KAT2B,CACNA2D2,SEC62,GNRHR,MYPN,NFATC3,MYO18B"
"TF","Factor: NFATc2; motif: NTTTCCGCGGAAAN","TF:M11983","1","0","8225","20","9","20044","PRDM16,KAT2B,CACNA2D2,SEC62,GNRHR,UBA6,MYPN,NFATC3,MYO18B"
"TF","Factor: NFATc2; motif: TTTTCCA; match class: 1","TF:M02265_1","1","0","2026","20","1","20044","ADM"
"TF","Factor: NFATc2; motif: TTTTCCA","TF:M02265","1","0","7843","20","10","20044","PRDM16,SP3,KAT2B,UBA6,TMEM245,LDB3,ADM,CRYAB,PKP2,MYO18B"
"TF","Factor: NFATc3; motif: RYGGAAANNNNNNNTTTCCRY; match class: 1","TF:M11989_1","1","0","156","20","2","20044","UBA6,PKP2"
"TF","Factor: NFIL3; motif: NNTTATGYAATNN; match class: 1","TF:M12487_1","1","0","25","20","1","20044","UBA6"
"TF","Factor: NF-1B; motif: KCCAGANWN","TF:M08825","1","0","5902","20","3","20044","LDB3,PKP2,MYO18B"
"TF","Factor: NF-1B; motif: CTGGCASGV","TF:M07051","1","0","3506","20","4","20044","PTP4A3,LDB3,ADM,MYO18B"
"TF","Factor: nanog; motif: NYYWTTGWNATGCAAAT","TF:M09996","1","0","1443","20","1","20044","MYPN"
"TF","Factor: nanog; motif: NYWTTGWNATGCAAATN","TF:M09639","1","0","1837","20","1","20044","MYPN"
"TF","Factor: MZF-1; motif: TGGGGAR; match class: 1","TF:M01733_1","1","0","5046","20","9","20044","PRDM16,HSPG2,SP3,CACNA2D2,PTP4A3,PTK2,LDB3,CRYAB,MYO18B"
"TF","Factor: MZF-1; motif: TGGGGAR","TF:M01733","1","0","11593","20","13","20044","PRDM16,HSPG2,SP3,CACNA2D2,SEC62,GNRHR,PTP4A3,PTK2,LDB3,ADM,CRYAB,PKP2,MYO18B"
"TF","Factor: MZF-1; motif: NRNRGGGAWTNRN; match class: 1","TF:M09995_1","1","0","105","20","1","20044","PTP4A3"
"TF","Factor: MZF-1; motif: NRNRGGGAWTNRN","TF:M09995","1","0","1703","20","3","20044","MECOM,PTP4A3,LDB3"
"TF","Factor: MZF-1; motif: KNGNKAGGGGNAA; match class: 1","TF:M00084_1","1","0","1758","20","4","20044","KAT2B,MECOM,LDB3,CRYAB"
"TF","Factor: MZF-1; motif: KNGNKAGGGGNAA","TF:M00084","1","0","6695","20","9","20044","PRDM16,HSPG2,SP3,KAT2B,MECOM,PTP4A3,LDB3,ADM,CRYAB"
"TF","Factor: MZF-1; motif: NGNGGGGA; match class: 1","TF:M00083_1","1","0","302","20","2","20044","NFATC3,MYO18B"
"TF","Factor: MZF-1; motif: NGNGGGGA","TF:M00083","1","0","2938","20","5","20044","CACNA2D2,GNRHR,PTP4A3,NFATC3,MYO18B"
"TF","Factor: myogenin; motif: CRSCTGTTBNNTTTGGCACGSNGCCARCH; match class: 1","TF:M00056_1","1","0","4461","20","7","20044","PRDM16,HSPG2,PTK2,LDB3,CRYAB,NFATC3,MYO18B"
"TF","Factor: myogenin; motif: CRSCTGTTBNNTTTGGCACGSNGCCARCH","TF:M00056","1","0","11111","20","11","20044","PRDM16,HSPG2,CACNA2D2,MECOM,PTP4A3,PTK2,LDB3,CRYAB,PKP2,NFATC3,MYO18B"
"TF","Factor: myogenin; motif: CAGCTG; match class: 1","TF:M02101_1","1","0","13154","20","15","20044","HSPG2,KAT2B,CACNA2D2,SEC62,MECOM,UBA6,PTP4A3,TMEM245,MYPN,LDB3,ADM,CRYAB,PKP2,NFATC3,MYO18B"
"TF","Factor: myogenin; motif: CAGCTG","TF:M02101","1","0","13154","20","15","20044","HSPG2,KAT2B,CACNA2D2,SEC62,MECOM,UBA6,PTP4A3,TMEM245,MYPN,LDB3,ADM,CRYAB,PKP2,NFATC3,MYO18B"
"TF","Factor: Nanog; motif: NTNTAATGSN","TF:M07327","1","0","1925","20","3","20044","CACNA2D2,GNRHR,NFATC3"
"TF","Factor: myogenin; motif: RGCAGSTG; match class: 1","TF:M00712_1","1","0","1921","20","3","20044","SEC62,PTP4A3,LDB3"
"TF","Factor: Myogenin; motif: NNNCAGCTGYYNN","TF:M09994","1","0","633","20","1","20044","CRYAB"
"TF","Factor: MyoD; motif: CASCTGNCN","TF:M02100","1","0","621","20","1","20044","LDB3"
"TF","Factor: MyoD; motif: CNGNRNCAGGTGNNGNAN","TF:M00929","1","0","2130","20","2","20044","CRYAB,PKP2"
"TF","Factor: MyoD; motif: SRACAGGTGKYG","TF:M00001","1","0","1385","20","2","20044","SEC62,CRYAB"
"TF","Factor: MYOD1; motif: NNGCACCTGTCNN","TF:M12527","1","0","1296","20","1","20044","CRYAB"
"TF","Factor: MyoD; motif: NAACAGCTGTYN","TF:M11186","1","0","692","20","1","20044","TMEM245"
"TF","Factor: MyoD; motif: CGNCAGSTGTTN","TF:M11183","1","0","3389","20","3","20044","NOS1AP,KAT2B,CRYAB"
"TF","Factor: MyoD; motif: CGNCAGSTGTYN","TF:M11181","1","0","3538","20","3","20044","KAT2B,UBA6,CRYAB"
"TF","Factor: MyoD; motif: NCAGCTGYYNCNNNC","TF:M09993","1","0","1169","20","1","20044","TMEM245"
"TF","Factor: Myf-6; motif: YGTCAGSTGTYN","TF:M11199","1","0","303","20","1","20044","CACNA2D2"
"TF","Factor: Myf-5; motif: WGRCAGCTGSWGB","TF:M03880","1","0","205","20","1","20044","LDB3"
"TF","Factor: Myc; motif: CACGTGS; match class: 1","TF:M00799_1","1","0","2773","20","2","20044","HSPG2,PTP4A3"
"TF","Factor: Myc; motif: CACGTGS","TF:M00799","1","0","5080","20","4","20044","HSPG2,PTP4A3,LDB3,NFATC3"
"TF","Factor: c-Myc; motif: NCCACGTGCNN; match class: 1","TF:M09992_1","1","0","1665","20","2","20044","HSPG2,PTP4A3"
"TF","Factor: myogenin; motif: RGCAGSTG","TF:M00712","1","0","7084","20","10","20044","HSPG2,KAT2B,CACNA2D2,SEC62,UBA6,PTP4A3,PTK2,LDB3,CRYAB,PKP2"
"TF","Factor: NF-1B; motif: CTGGCASGV; match class: 1","TF:M07051_1","1","0","448","20","1","20044","PTP4A3"
"TF","Factor: nanog; motif: CCATTAAAWNGTK","TF:M07362","1","0","1708","20","1","20044","MECOM"
"TF","Factor: Ncx; motif: NAATNAATTAATAANWW; match class: 1","TF:M01420_1","1","0","2157","20","3","20044","GNRHR,UBA6,PKP2"
"TF","Factor: NF1B; motif: CYTGGCNYNCWGCCAN; match class: 1","TF:M09762_1","1","0","1504","20","1","20044","LDB3"
"TF","Factor: NF1B; motif: CYTGGCNYNCWGCCAN","TF:M09762","1","0","5751","20","6","20044","HSPG2,CACNA2D2,PTP4A3,PTK2,LDB3,NFATC3"
"TF","Factor: NF-1A; motif: NGCCARN; match class: 1","TF:M03554_1","1","0","786","20","2","20044","HSPG2,ADM"
"TF","Factor: NF-1A; motif: NGCCARN","TF:M03554","1","0","5015","20","9","20044","HSPG2,NOS1AP,SEC62,UBA6,TMEM245,MYPN,LDB3,ADM,PKP2"
"TF","Factor: Ngn-2; motif: RACATATGTY; match class: 1","TF:M11134_1","1","0","1204","20","1","20044","PKP2"
"TF","Factor: Ngn-2; motif: RACATATGTY","TF:M11134","1","0","1533","20","2","20044","CACNA2D2,PKP2"
"TF","Factor: Ngn-2; motif: RMCATATGYY; match class: 1","TF:M11133_1","1","0","631","20","1","20044","PKP2"
"TF","Factor: Ngn-2; motif: RMCATATGYY","TF:M11133","1","0","1465","20","3","20044","CACNA2D2,GNRHR,PKP2"
"TF","Factor: Ngn-2; motif: RACATATGTY; match class: 1","TF:M11132_1","1","0","825","20","1","20044","PKP2"
"TF","Factor: Ngn-2; motif: RACATATGTY","TF:M11132","1","0","834","20","1","20044","PKP2"
"TF","Factor: Ngn-2; motif: RACATATGTY; match class: 1","TF:M11131_1","1","0","780","20","1","20044","PKP2"
"TF","Factor: Ngn-2; motif: RACATATGTY","TF:M11131","1","0","881","20","1","20044","PKP2"
"TF","Factor: Ngn-2; motif: RACATATGTC; match class: 1","TF:M04183_1","1","0","420","20","1","20044","PKP2"
"TF","Factor: Ngn-2; motif: RACATATGTC","TF:M04183","1","0","1037","20","1","20044","PKP2"
"TF","Factor: Ncx; motif: NAATNAATTAATAANWW","TF:M01420","1","0","5719","20","4","20044","SEC62,GNRHR,UBA6,PKP2"
"TF","Factor: Ngn-1; motif: RACATATGTY; match class: 1","TF:M11129_1","1","0","32","20","1","20044","PKP2"
"TF","Factor: NeuroD; motif: AAWTANNNYRMCATATGKY","TF:M11136","1","0","1324","20","1","20044","NFATC3"
"TF","Factor: NeuroD; motif: NNSCWGCTGNSY","TF:M01288","1","0","4967","20","6","20044","NOS1AP,SP3,KAT2B,SEC62,ADM,NFATC3"
"TF","Factor: NeuroD-2; motif: RMCATATGKY; match class: 1","TF:M01287_1","1","0","2096","20","3","20044","CACNA2D2,MYPN,PKP2"
"TF","Factor: NeuroD-2; motif: RMCATATGKY","TF:M01287","1","0","2563","20","3","20044","CACNA2D2,MYPN,PKP2"
"TF","Factor: NeuroD-2; motif: RMCATATGYY; match class: 1","TF:M11137_1","1","0","40","20","1","20044","PKP2"
"TF","Factor: NeuroD-2; motif: RMCATATGYY","TF:M11137","1","0","319","20","1","20044","PKP2"
"TF","Factor: NEUD4; motif: KCTATAGGTGN","TF:M12241","1","0","149","20","1","20044","UBA6"
"TF","Factor: NEUD4; motif: KMTATAGGKGN","TF:M12240","1","0","117","20","1","20044","UBA6"
"TF","Factor: NET; motif: CMGGAARTR","TF:M08824","1","0","1045","20","2","20044","PTK2,MYPN"
"TF","Factor: Net; motif: CACTTCCKGK","TF:M03832","1","0","942","20","1","20044","MYPN"
"TF","Factor: Net; motif: ACCGGAARTN","TF:M02060","1","0","580","20","1","20044","UBA6"
"TF","Factor: nerf; motif: YRNCAGGAAGYRGSTBDS; match class: 1","TF:M00531_1","1","0","1922","20","2","20044","NOS1AP,LDB3"
"TF","Factor: nerf; motif: YRNCAGGAAGYRGSTBDS","TF:M00531","1","0","7773","20","7","20044","NOS1AP,SP3,CACNA2D2,UBA6,MYPN,LDB3,CRYAB"
"TF","Factor: nerf; motif: NNNCCGGAAGTGN","TF:M09901","1","0","5490","20","4","20044","KAT2B,MECOM,UBA6,PKP2"
"TF","Factor: Ngn-1; motif: RACATATGTY","TF:M11129","1","0","32","20","1","20044","PKP2"
"TF","Factor: COUP-TF1; motif: RAGGTCANYGACCTY","TF:M11743","1","0","5397","20","4","20044","CACNA2D2,PTP4A3,PTK2,NFATC3"
"TF","Factor: NF-kappaB; motif: GGGGATYCCC","TF:M00051","1","0","6564","20","5","20044","SP3,PTP4A3,TMEM245,PKP2,MYO18B"
"TF","Factor: NF-kappaB; motif: GGGRATTTCC","TF:M00052","1","0","1904","20","1","20044","SEC62"
"TF","Factor: NKX6B; motif: NTMATTAW","TF:M10657","1","0","2635","20","3","20044","NOS1AP,MYPN,PKP2"
"TF","Factor: NKX6B; motif: NYAATTAN","TF:M10656","1","0","920","20","1","20044","MECOM"
"TF","Factor: NKX6B; motif: NYAATTAN","TF:M10655","1","0","920","20","1","20044","MECOM"
"TF","Factor: NKX6-2; motif: NYMATTAA","TF:M04416","1","0","993","20","1","20044","UBA6"
"TF","Factor: Nkx6A; motif: TTAATTAC","TF:M07399","1","0","920","20","1","20044","MECOM"
"TF","Factor: NKX6-1; motif: NTMATTAA","TF:M04415","1","0","1836","20","2","20044","MECOM,UBA6"
"TF","Factor: NKX6A; motif: NNNAATTAATTAMYNNG","TF:M01489","1","0","972","20","2","20044","SEC62,PKP2"
"TF","Factor: NKX6A; motif: NNTWATTAATTANNYC; match class: 1","TF:M01469_1","1","0","149","20","1","20044","PKP2"
"TF","Factor: NKX6A; motif: NNTWATTAATTANNYC","TF:M01469","1","0","672","20","2","20044","UBA6,PKP2"
"TF","Factor: Nkx6-1; motif: TWTTTAATTGGTT","TF:M00424","1","0","554","20","1","20044","GNRHR"
"TF","Factor: NKX3A; motif: NCACTTANTYN","TF:M03833","1","0","916","20","2","20044","MYPN,ADM"
"TF","Factor: NKX3A; motif: NTNAAGTGNTTN","TF:M10009","1","0","3654","20","3","20044","SEC62,TMEM245,MYO18B"
"TF","Factor: Nkx3A; motif: NNNNAAGTACTTAAANN; match class: 1","TF:M01383_1","1","0","1235","20","2","20044","ADM,PKP2"
"TF","Factor: Nkx3A; motif: NNNNAAGTACTTAAANN","TF:M01383","1","0","2758","20","5","20044","SEC62,GNRHR,TMEM245,ADM,PKP2"
"TF","Factor: NKX6B; motif: NTMATTAA","TF:M10658","1","0","1839","20","3","20044","NOS1AP,MYPN,PKP2"
"TF","Factor: Nkx3-2; motif: NCCACTTANN","TF:M10626","1","0","712","20","2","20044","UBA6,MYPN"
"TF","Factor: Nkx3-2; motif: NTCGTTAN","TF:M10625","1","0","6168","20","7","20044","SEC62,UBA6,PTK2,TMEM245,MYPN,PKP2,NFATC3"
"TF","Factor: Nkx3-2; motif: NNCACTTANN; match class: 1","TF:M10624_1","1","0","95","20","1","20044","MYPN"
"TF","Factor: Nkx3-2; motif: NNCACTTANN","TF:M10624","1","0","1729","20","3","20044","GNRHR,UBA6,MYPN"
"TF","Factor: NKX3-2; motif: NCCACTTAA","TF:M04414","1","0","1113","20","3","20044","GNRHR,UBA6,MYPN"
"TF","Factor: Nkx3-2; motif: NNNAACCACTTAANNAN; match class: 1","TF:M01482_1","1","0","471","20","1","20044","MYPN"
"TF","Factor: Nkx3-2; motif: NNNAACCACTTAANNAN","TF:M01482","1","0","3726","20","5","20044","GNRHR,UBA6,TMEM245,MYPN,ADM"
"TF","Factor: Nkx3-2; motif: TRAGTG; match class: 1","TF:M01181_1","1","0","3293","20","2","20044","GNRHR,MYPN"
"TF","Factor: Nkx3-2; motif: TRAGTG","TF:M01181","1","0","9561","20","11","20044","PRDM16,HSPG2,SP3,CACNA2D2,SEC62,GNRHR,UBA6,TMEM245,MYPN,ADM,MYO18B"
"TF","Factor: NKX3A; motif: NCCACTTANN","TF:M10629","1","0","2053","20","4","20044","CACNA2D2,GNRHR,UBA6,MYPN"
"TF","Factor: NKX3A; motif: NTCGTTAN; match class: 1","TF:M10628_1","1","0","737","20","1","20044","TMEM245"
"TF","Factor: NKX3A; motif: NTCGTTAN","TF:M10628","1","0","4603","20","6","20044","SEC62,UBA6,PTP4A3,PTK2,TMEM245,MYO18B"
"TF","Factor: NKX3A; motif: NCCACTTANN; match class: 1","TF:M10627_1","1","0","208","20","1","20044","MYPN"
"TF","Factor: NKX3A; motif: NCCACTTANN","TF:M10627","1","0","2585","20","5","20044","CACNA2D2,GNRHR,UBA6,TMEM245,MYPN"
"TF","Factor: NKX3-1; motif: NCCACTTAA; match class: 1","TF:M04413_1","1","0","61","20","1","20044","MYPN"
"TF","Factor: Nkx3-2; motif: NTCGTTAN; match class: 1","TF:M10625_1","1","0","1338","20","2","20044","UBA6,TMEM245"
"TF","Factor: NKX3-1; motif: NCCACTTAA","TF:M04413","1","0","1335","20","3","20044","GNRHR,UBA6,MYPN"
"TF","Factor: Nkx6-2; motif: NWADTAAWTANN","TF:M00489","1","0","1591","20","1","20044","PKP2"
"TF","Factor: NKX6-3; motif: SYCATTAWN","TF:M10660","1","0","691","20","1","20044","MYPN"
"TF","Factor: COUP-TF1; motif: RRGGTCRNTGACCTN","TF:M11739","1","0","3082","20","2","20044","CACNA2D2,PTP4A3"
"TF","Factor: COUP-TF1; motif: GRGGKSARAGGTCAGNG; match class: 1","TF:M09886_1","1","0","1091","20","1","20044","PTP4A3"
"TF","Factor: COUP-TF1; motif: GRGGKSARAGGTCAGNG","TF:M09886","1","0","5705","20","2","20044","SEC62,PTP4A3"
"TF","Factor: COUP-TF1; motif: NARAGGTCANNNG","TF:M08016","1","0","1373","20","2","20044","GNRHR,LDB3"
"TF","Factor: COUP-TF1; motif: GRGGTCAN","TF:M04474","1","0","964","20","2","20044","MECOM,UBA6"
"TF","Factor: TLX; motif: NNAAGTCAN","TF:M11736","1","0","1820","20","2","20044","GNRHR,UBA6"
"TF","Factor: TR4; motif: ACCCCGS; match class: 1","TF:M04934_1","1","0","15788","20","14","20044","PRDM16,SP3,KAT2B,CACNA2D2,MECOM,PTP4A3,PTK2,TMEM245,LDB3,ADM,CRYAB,PKP2,NFATC3,MYO18B"
"TF","Factor: TR4; motif: ACCCCGS","TF:M04934","1","0","18430","20","20","20044","PRDM16,HSPG2,NOS1AP,SP3,KAT2B,CACNA2D2,SEC62,MECOM,GNRHR,UBA6,PTP4A3,PTK2,TMEM245,MYPN,LDB3,ADM,CRYAB,PKP2,NFATC3,MYO18B"
"TF","Factor: PXR; motif: NYGAACTSNNTGAACTC","TF:M11733","1","0","3021","20","4","20044","SEC62,ADM,CRYAB,NFATC3"
"TF","Factor: PXR; motif: NYGAACYNNNYGMMCTN","TF:M11732","1","0","2849","20","3","20044","PTK2,ADM,NFATC3"
"TF","Factor: PXR; motif: AGTTCANNSAGTTC; match class: 1","TF:M08779_1","1","0","465","20","1","20044","CRYAB"
"TF","Factor: PXR; motif: AGTTCANNSAGTTC","TF:M08779","1","0","3987","20","6","20044","SEC62,PTK2,LDB3,ADM,CRYAB,NFATC3"
"TF","Factor: NR1H4; motif: NNAATGACCNN","TF:M09777","1","0","3998","20","1","20044","PKP2"
"TF","Factor: NR1B2; motif: NTGACCY; match class: 1","TF:M02111_1","1","0","3394","20","2","20044","CACNA2D2,LDB3"
"TF","Factor: NKX6-3; motif: SYCATTAWN","TF:M10659","1","0","1643","20","3","20044","NOS1AP,MYPN,PKP2"
"TF","Factor: NR1B2; motif: NTGACCY","TF:M02111","1","0","9824","20","6","20044","KAT2B,CACNA2D2,SEC62,PTP4A3,LDB3,CRYAB"
"TF","Factor: NR1B1; motif: RAGGTCA","TF:M08963","1","0","5276","20","5","20044","SEC62,GNRHR,MYPN,LDB3,ADM"
"TF","Factor: NR1B1:RXR-GAMMA; motif: RRGGTCANNNNNRGGTCA; match class: 1","TF:M08965_1","1","0","611","20","1","20044","PTP4A3"
"TF","Factor: NR1B1:RXR-GAMMA; motif: RRGGTCANNNNNRGGTCA","TF:M08965","1","0","4053","20","5","20044","CACNA2D2,GNRHR,UBA6,PTP4A3,LDB3"
"TF","Factor: NR1B1:RXR-ALPHA; motif: RRGGTCANNNNNRGGTCA; match class: 1","TF:M08964_1","1","0","1847","20","1","20044","PTP4A3"
"TF","Factor: NR1B1:RXR-ALPHA; motif: RRGGTCANNNNNRGGTCA","TF:M08964","1","0","7122","20","8","20044","CACNA2D2,SEC62,GNRHR,UBA6,PTP4A3,LDB3,ADM,CRYAB"
"TF","Factor: MOP4; motif: RMCAYGYGYN; match class: 1","TF:M11044_1","1","0","61","20","1","20044","MYPN"
"TF","Factor: MOP4; motif: RMCAYGYGYN","TF:M11044","1","0","849","20","1","20044","MYPN"
"TF","Factor: NOTO; motif: NYMATTAN; match class: 1","TF:M10667_1","1","0","2238","20","2","20044","NOS1AP,UBA6"
"TF","Factor: NOTO; motif: NYMATTAN","TF:M10667","1","0","5118","20","5","20044","NOS1AP,KAT2B,GNRHR,UBA6,NFATC3"
"TF","Factor: N-Myc; motif: GSSCACGYGS","TF:M03834","1","0","1436","20","3","20044","CACNA2D2,PTK2,PKP2"
"TF","Factor: NMYC; motif: CAYCTG; match class: 1","TF:M01808_1","1","0","6216","20","6","20044","SEC62,GNRHR,UBA6,TMEM245,MYPN,CRYAB"
"TF","Factor: NMYC; motif: CAYCTG","TF:M01808","1","0","13094","20","11","20044","NOS1AP,CACNA2D2,SEC62,MECOM,GNRHR,UBA6,TMEM245,MYPN,LDB3,CRYAB,PKP2"
"TF","Factor: N-Myc; motif: NNCCACGTGNNN; match class: 1","TF:M00055_1","1","0","1499","20","2","20044","HSPG2,PTP4A3"
"TF","Factor: N-Myc; motif: NNCCACGTGNNN","TF:M00055","1","0","4240","20","2","20044","HSPG2,PTP4A3"
"TF","Factor: NR1B1; motif: RAGGTCA; match class: 1","TF:M08963_1","1","0","871","20","2","20044","GNRHR,LDB3"
"TF","Factor: NF-kappaB; motif: GGGGATYCCC; match class: 1","TF:M00051_1","1","0","2857","20","2","20044","SP3,PKP2"
"TF","Factor: NKX2B; motif: CACTTNA","TF:M02109","1","0","10294","20","13","20044","HSPG2,SP3,CACNA2D2,SEC62,MECOM,GNRHR,UBA6,PTP4A3,MYPN,ADM,CRYAB,PKP2,MYO18B"
"TF","Factor: Nkx2-8; motif: STCGTTGAN","TF:M10632","1","0","4982","20","4","20044","NOS1AP,SEC62,TMEM245,NFATC3"
"TF","Factor: NGFI-C; motif: WTGCGTGGGYGG; match class: 1","TF:M00244_1","1","0","1838","20","6","20044","HSPG2,KAT2B,PTK2,CRYAB,PKP2,NFATC3"
"TF","Factor: NGFI-C; motif: WTGCGTGGGYGG","TF:M00244","1","0","6354","20","9","20044","HSPG2,NOS1AP,KAT2B,CACNA2D2,MECOM,PTK2,CRYAB,PKP2,NFATC3"
"TF","Factor: NF-Y; motif: RGCCAATCRGN; match class: 1","TF:M07302_1","1","0","196","20","1","20044","NFATC3"
"TF","Factor: NF-Y; motif: RGCCAATCRGN","TF:M07302","1","0","1623","20","1","20044","NFATC3"
"TF","Factor: NF-Y; motif: NCTGATTGGYTASY","TF:M00209","1","0","3851","20","1","20044","NFATC3"
"TF","Factor: NF-Y; motif: NNNRRCCAATSRGNNN","TF:M00287","1","0","1677","20","1","20044","NFATC3"
"TF","Factor: NF-YC; motif: NRGCCAATYAGMGC","TF:M02107","1","0","1037","20","1","20044","NFATC3"
"TF","Factor: NFYC; motif: NNCCAATCANN","TF:M12455","1","0","1335","20","1","20044","NFATC3"
"TF","Factor: NF-YC; motif: NNRRCCAATCAGNR; match class: 1","TF:M10006_1","1","0","413","20","1","20044","NFATC3"
"TF","Factor: NF-YC; motif: NNRRCCAATCAGNR","TF:M10006","1","0","2578","20","1","20044","NFATC3"
"TF","Factor: NFYB; motif: RGCCAATSRGNRNNNNSNG","TF:M12643","1","0","2035","20","1","20044","NFATC3"
"TF","Factor: NFYB; motif: CYCATTGGCCNN; match class: 1","TF:M12529_1","1","0","110","20","1","20044","NFATC3"
"TF","Factor: NFYB; motif: CYCATTGGCCNN","TF:M12529","1","0","1580","20","2","20044","NFATC3,MYO18B"
"TF","Factor: NF-YB; motif: NNNYNRRCCAATCAG","TF:M07115","1","0","547","20","1","20044","NFATC3"
"TF","Factor: Ngn-2; motif: GNNNNNCAGMTGGNNN","TF:M07609","1","0","1576","20","1","20044","SEC62"
"TF","Factor: NFYA; motif: NNRGCCAATSRGMRSSNNSN","TF:M12642","1","0","2845","20","1","20044","NFATC3"
"TF","Factor: NFYA; motif: RRCCAATCAGN","TF:M09816","1","0","2013","20","1","20044","NFATC3"
"TF","Factor: NFYA; motif: AGNSYKCTGATTGGTNNR","TF:M07222","1","0","645","20","1","20044","NFATC3"
"TF","Factor: NF-kappaB; motif: NGGGANTTYCCMNNNN","TF:M00774","1","0","1852","20","2","20044","SEC62,MYO18B"
"TF","Factor: NF-kappaB; motif: NGGGACTTTCCA","TF:M00208","1","0","3828","20","1","20044","PTP4A3"
"TF","Factor: NF-kappaB2; motif: NGGGGAANYACCN","TF:M11997","1","0","364","20","2","20044","ADM,MYO18B"
"TF","Factor: NF-kappaB2; motif: GGGRAANYCCC","TF:M10004","1","0","1091","20","2","20044","SEC62,MYO18B"
"TF","Factor: NFKAPPAB; motif: NNGGGANTTCCCN","TF:M08891","1","0","2148","20","1","20044","SEC62"
"TF","Factor: NF-kappaB1; motif: AGGGAAAK","TF:M10003","1","0","1993","20","3","20044","PTK2,LDB3,PKP2"
"TF","Factor: NF-KAPPAB1; motif: NGGKRNTTYCCCN; match class: 1","TF:M08952_1","1","0","3532","20","2","20044","SEC62,MYO18B"
"TF","Factor: NF-KAPPAB1; motif: NGGKRNTTYCCCN","TF:M08952","1","0","7937","20","7","20044","HSPG2,SP3,SEC62,PTP4A3,TMEM245,ADM,MYO18B"
"TF","Factor: NF-kappaB1; motif: KGGRNTTTCCM","TF:M07221","1","0","2464","20","2","20044","SEC62,PTK2"
"TF","Factor: NF-kappaB; motif: AGGGGAWTCCCCT; match class: 1","TF:M04054_1","1","0","1339","20","1","20044","TMEM245"
"TF","Factor: NF-kappaB; motif: AGGGGAWTCCCCT","TF:M04054","1","0","2995","20","3","20044","CACNA2D2,PTP4A3,TMEM245"
"TF","Factor: NF-kappaB; motif: GGGAMTTYCC","TF:M00054","1","0","2489","20","1","20044","SEC62"
"TF","Factor: NF-YA; motif: NYRRCCAATCAGAR","TF:M10005","1","0","2285","20","1","20044","NFATC3"
"TF","Factor: Nkx2-8; motif: NSCACTTGAN","TF:M10633","1","0","1690","20","2","20044","SEC62,ADM"
"TF","Factor: NHLH1; motif: CGCAGCTGCK","TF:M04184","1","0","949","20","2","20044","HSPG2,NFATC3"
"TF","Factor: TFF-1; motif: NNANCCACTTGAMNTT","TF:M01312","1","0","5549","20","6","20044","SEC62,GNRHR,UBA6,MYPN,ADM,MYO18B"
"TF","Factor: NKX2-8; motif: NCACTTSAN","TF:M04412","1","0","3137","20","3","20044","SEC62,ADM,CRYAB"
"TF","Factor: CSX; motif: NNCACTTGNRN; match class: 1","TF:M02108_1","1","0","1540","20","2","20044","UBA6,MYO18B"
"TF","Factor: CSX; motif: NNCACTTGNRN","TF:M02108","1","0","7107","20","8","20044","PRDM16,NOS1AP,SEC62,UBA6,ADM,CRYAB,PKP2,MYO18B"
"TF","Factor: CSX; motif: TSYCACTTSM","TF:M01043","1","0","6343","20","9","20044","SP3,CACNA2D2,MECOM,UBA6,PTK2,TMEM245,MYPN,ADM,CRYAB"
"TF","Factor: NKX2-5; motif: NNCACTCAANN","TF:M12495","1","0","2359","20","3","20044","PRDM16,SEC62,MYPN"
"TF","Factor: CSX; motif: NCCACTTRAN; match class: 1","TF:M10642_1","1","0","706","20","1","20044","MYPN"
"TF","Factor: CSX; motif: NCCACTTRAN","TF:M10642","1","0","4903","20","5","20044","SEC62,UBA6,MYPN,ADM,MYO18B"
"TF","Factor: CSX; motif: NCCACTTRAN; match class: 1","TF:M10640_1","1","0","1227","20","2","20044","MYPN,MYO18B"
"TF","Factor: CSX; motif: NCCACTTRAN","TF:M10640","1","0","6489","20","6","20044","SEC62,UBA6,MYPN,ADM,CRYAB,MYO18B"
"TF","Factor: CSX; motif: NKRAGWGS; match class: 1","TF:M10008_1","1","0","4060","20","7","20044","PRDM16,HSPG2,NOS1AP,SP3,PTP4A3,PTK2,PKP2"
"TF","Factor: CSX; motif: NKRAGWGS","TF:M10008","1","0","10388","20","11","20044","PRDM16,HSPG2,NOS1AP,SP3,PTP4A3,PTK2,TMEM245,LDB3,ADM,PKP2,MYO18B"
"TF","Factor: NKX25; motif: NNANCCACTTRAAWTT; match class: 1","TF:M01414_1","1","0","3256","20","4","20044","UBA6,TMEM245,MYPN,MYO18B"
"TF","Factor: NKX25; motif: NNANCCACTTRAAWTT","TF:M01414","1","0","9913","20","10","20044","SP3,SEC62,GNRHR,UBA6,TMEM245,MYPN,ADM,CRYAB,PKP2,MYO18B"
"TF","Factor: Nkx2-5; motif: TYAAGTG","TF:M00240","1","0","4919","20","3","20044","SEC62,ADM,CRYAB"
"TF","Factor: NHLH1; motif: CGCAGCTGCK; match class: 1","TF:M04184_1","1","0","397","20","1","20044","NFATC3"
"TF","Factor: NKX2-4; motif: CCACTTSANN","TF:M12919","1","0","2324","20","3","20044","SEC62,UBA6,ADM"
"TF","Factor: Nkx2-3; motif: NNCGTTRWS; match class: 1","TF:M10638_1","1","0","4345","20","5","20044","SEC62,MYPN,PKP2,NFATC3,MYO18B"
"TF","Factor: Nkx2-3; motif: NNCGTTRWS","TF:M10638","1","0","11188","20","12","20044","NOS1AP,SP3,SEC62,GNRHR,UBA6,TMEM245,MYPN,LDB3,CRYAB,PKP2,NFATC3,MYO18B"
"TF","Factor: Nkx2-3; motif: NSCACTTNNC","TF:M10637","1","0","1899","20","1","20044","MYPN"
"TF","Factor: Nkx2-3; motif: NSCACTTNNN","TF:M10636","1","0","3131","20","4","20044","SEC62,UBA6,MYPN,ADM"
"TF","Factor: Nkx2-3; motif: GNCGTTRAG; match class: 1","TF:M10635_1","1","0","744","20","1","20044","NFATC3"
"TF","Factor: Nkx2-3; motif: GNCGTTRAG","TF:M10635","1","0","4683","20","5","20044","SEC62,TMEM245,PKP2,NFATC3,MYO18B"
"TF","Factor: Nkx2-3; motif: NSCACTTNNC","TF:M10634","1","0","2674","20","1","20044","MYPN"
"TF","Factor: NKX2-3; motif: NCCACTTRAN","TF:M04411","1","0","788","20","3","20044","SEC62,UBA6,ADM"
"TF","Factor: NKX2-2; motif: NNNCCACTCAANNN; match class: 1","TF:M12456_1","1","0","3069","20","1","20044","LDB3"
"TF","Factor: NKX2-2; motif: NNNCCACTCAANNN","TF:M12456","1","0","9770","20","10","20044","PRDM16,HSPG2,KAT2B,SEC62,MECOM,MYPN,LDB3,ADM,CRYAB,PKP2"
"TF","Factor: NKX2B; motif: NNNRCCACTTGARANNN; match class: 1","TF:M01372_1","1","0","325","20","1","20044","MYPN"
"TF","Factor: NKX2B; motif: NNNRCCACTTGARANNN","TF:M01372","1","0","3382","20","5","20044","SEC62,UBA6,MYPN,ADM,CRYAB"
"TF","Factor: Nkx2-2; motif: TTAAGTRSTT","TF:M00485","1","0","2623","20","2","20044","SEC62,ADM"
"TF","Factor: TFF-1; motif: NNANCCACTTGAMNTT; match class: 1","TF:M01312_1","1","0","913","20","2","20044","MYPN,MYO18B"
"TF","Factor: Nkx2-3; motif: NSCACTTRNC","TF:M10639","1","0","875","20","2","20044","MYPN,ADM"
"TF","Factor: Sox-9; motif: NNNACAATRG","TF:M11626","1","0","6636","20","2","20044","GNRHR,MYPN"
"TF","Factor: pitx2; motif: NTAATCCN","TF:M10910","1","0","2760","20","1","20044","PTK2"
"TF","Factor: PITX2; motif: YTAATCCY","TF:M13095","1","0","4184","20","4","20044","SEC62,PTK2,TMEM245,ADM"
"TF","Factor: SATB2; motif: GSCGCTGTCCNNGGTGCTGN","TF:M12660","1","0","5547","20","8","20044","PRDM16,KAT2B,PTP4A3,PTK2,TMEM245,ADM,PKP2,NFATC3"
"TF","Factor: SATB1; motif: NTTTAT; match class: 1","TF:M03564_1","1","0","12150","20","10","20044","SEC62,MECOM,GNRHR,UBA6,PTP4A3,TMEM245,MYPN,LDB3,CRYAB,PKP2"
"TF","Factor: SATB1; motif: NTTTAT","TF:M03564","1","0","16117","20","13","20044","NOS1AP,SEC62,MECOM,GNRHR,UBA6,PTP4A3,TMEM245,MYPN,LDB3,CRYAB,PKP2,NFATC3,MYO18B"
"TF","Factor: SATB1; motif: AKWAWTAAHGRYMNWW","TF:M01723","1","0","3241","20","2","20044","MYPN,NFATC3"
"TF","Factor: (SATB1)2; motif: TATTAGTAATAA","TF:M01232","1","0","3173","20","3","20044","PRDM16,GNRHR,MYO18B"
"TF","Factor: SAP-1a; motif: CWTCCKGT","TF:M03844","1","0","2764","20","3","20044","SP3,KAT2B,MYPN"
"TF","Factor: SAP1A; motif: NCCGGAARYN","TF:M02058","1","0","859","20","1","20044","UBA6"
"TF","Factor: SAP-1a; motif: NACCGGAAGTV","TF:M01167","1","0","2014","20","1","20044","UBA6"
"TF","Factor: SALL2; motif: GGGTGGG; match class: 1","TF:M04595_1","1","0","7613","20","11","20044","PRDM16,SP3,KAT2B,CACNA2D2,SEC62,MECOM,PTP4A3,PTK2,ADM,CRYAB,NFATC3"
"TF","Factor: SALL2; motif: GGGTGGG","TF:M04595","1","0","13344","20","14","20044","PRDM16,HSPG2,SP3,KAT2B,CACNA2D2,SEC62,MECOM,UBA6,PTP4A3,PTK2,ADM,CRYAB,NFATC3,MYO18B"
"TF","Factor: SALL1; motif: CTGCMCYNTGSNCNN; match class: 1","TF:M13116_1","1","0","639","20","1","20044","PTP4A3"
"TF","Factor: SALL1; motif: CTGCMCYNTGSNCNN","TF:M13116","1","0","4144","20","2","20044","PTP4A3,ADM"
"TF","Factor: Sall1; motif: NGGTCCKRGKRA; match class: 1","TF:M05467_1","1","0","597","20","2","20044","ADM,PKP2"
"TF","Factor: Sall1; motif: NGGTCCKRGKRA","TF:M05467","1","0","4276","20","6","20044","UBA6,PTP4A3,PTK2,LDB3,ADM,PKP2"
"TF","Factor: SATB2; motif: GSCGCTGTCCNNGGTGCTGN; match class: 1","TF:M12660_1","1","0","1378","20","3","20044","PTP4A3,ADM,NFATC3"
"TF","Factor: Sall1; motif: NAKKCGKAAAKG","TF:M05464","1","0","945","20","2","20044","TMEM245,PKP2"
"TF","Factor: RXR:RAR; motif: RGKTCANNNRGAGGTCA","TF:M02272","1","0","6553","20","6","20044","CACNA2D2,SEC62,MYPN,LDB3,CRYAB,PKP2"
"TF","Factor: RXR-alpha; motif: GRGGTCAAAGGTCAN","TF:M11775","1","0","5163","20","3","20044","SEC62,UBA6,MYO18B"
"TF","Factor: RXR-alpha; motif: RRGGTCAAAGGTCAN","TF:M11774","1","0","5618","20","2","20044","SEC62,UBA6"
"TF","Factor: RXR-alpha; motif: NNGNNRNNNARAGGTCANNG","TF:M10055","1","0","5907","20","1","20044","PTK2"
"TF","Factor: RXRALPHA; motif: CNNTGRCCTYTNN; match class: 1","TF:M09833_1","1","0","1024","20","1","20044","LDB3"
"TF","Factor: RXRALPHA; motif: CNNTGRCCTYTNN","TF:M09833","1","0","5464","20","3","20044","LDB3,NFATC3,MYO18B"
"TF","Factor: RXR-ALPHA; motif: RAGGTCA; match class: 1","TF:M08968_1","1","0","871","20","2","20044","GNRHR,LDB3"
"TF","Factor: RXR-ALPHA; motif: RAGGTCA","TF:M08968","1","0","5276","20","5","20044","SEC62,GNRHR,MYPN,LDB3,ADM"
"TF","Factor: RXRA; motif: RRGGTCATGACCYY; match class: 1","TF:M04490_1","1","0","3555","20","3","20044","NOS1AP,ADM,NFATC3"
"TF","Factor: RXRA; motif: RRGGTCATGACCYY","TF:M04490","1","0","7731","20","7","20044","HSPG2,NOS1AP,PTP4A3,PTK2,MYPN,ADM,NFATC3"
"TF","Factor: RXRA; motif: GRGGTCAAAGGTCA","TF:M04489","1","0","3916","20","1","20044","MYO18B"
"TF","Factor: RUSH-1alpha; motif: NNMCWTNKNN; match class: 1","TF:M01107_1","1","0","384","20","1","20044","GNRHR"
"TF","Factor: RUSH-1alpha; motif: NNMCWTNKNN","TF:M01107","1","0","3134","20","4","20044","GNRHR,ADM,CRYAB,MYO18B"
"TF","Factor: AML2; motif: CWAACCGCAAAAACCGCARN; match class: 1","TF:M12002_1","1","0","2435","20","1","20044","ADM"
"TF","Factor: RXR:RAR; motif: RGKTCANNNRGAGGTCA; match class: 1","TF:M02272_1","1","0","1373","20","1","20044","MYPN"
"TF","Factor: AML2; motif: CWAACCGCAAAAACCGCARN","TF:M12002","1","0","8367","20","5","20044","PRDM16,SP3,MYPN,ADM,MYO18B"
"TF","Factor: SCMH1; motif: NGCTGTCCNYGGTGCTGN","TF:M12727","1","0","3028","20","5","20044","PRDM16,PTP4A3,MYPN,PKP2,NFATC3"
"TF","Factor: SCRT1; motif: NGCRACAGGTG","TF:M12251","1","0","118","20","1","20044","PKP2"
"TF","Factor: SIX1; motif: GWAACCTGANM","TF:M09785","1","0","315","20","1","20044","CRYAB"
"TF","Factor: SIRT6; motif: AGATAARN","TF:M01797","1","0","1207","20","1","20044","GNRHR"
"TF","Factor: SIP1; motif: MRDSCAGGTGKCMCM","TF:M08896","1","0","678","20","2","20044","PRDM16,PKP2"
"TF","Factor: sin3A; motif: TGTCCNNGGTGCTG; match class: 1","TF:M04756_1","1","0","7825","20","11","20044","PRDM16,HSPG2,NOS1AP,KAT2B,SEC62,TMEM245,LDB3,ADM,CRYAB,PKP2,NFATC3"
"TF","Factor: sin3A; motif: TGTCCNNGGTGCTG","TF:M04756","1","0","14486","20","19","20044","PRDM16,HSPG2,NOS1AP,SP3,KAT2B,CACNA2D2,SEC62,MECOM,GNRHR,UBA6,PTP4A3,PTK2,TMEM245,MYPN,LDB3,ADM,CRYAB,PKP2,NFATC3"
"TF","Factor: SHOX; motif: NYAATTAN","TF:M10907","1","0","1743","20","1","20044","UBA6"
"TF","Factor: SHOX; motif: NTCRTTAN","TF:M10906","1","0","4170","20","3","20044","NOS1AP,PTK2,MYPN"
"TF","Factor: SHOX; motif: YYAATTAN","TF:M10905","1","0","993","20","1","20044","UBA6"
"TF","Factor: SHOX; motif: NTAATTRN","TF:M08004","1","0","2215","20","4","20044","KAT2B,GNRHR,UBA6,NFATC3"
"TF","Factor: SHOX; motif: NYAATTAN","TF:M04440","1","0","1258","20","1","20044","UBA6"
"TF","Factor: SHOX2; motif: NYAATTAN","TF:M04439","1","0","1310","20","3","20044","KAT2B,GNRHR,NFATC3"
"TF","Factor: SF-1; motif: TGACCTTGN; match class: 1","TF:M01132_1","1","0","103","20","1","20044","LDB3"
"TF","Factor: SF-1; motif: TGACCTTGN","TF:M01132","1","0","1554","20","2","20044","MYPN,LDB3"
"TF","Factor: SF-1; motif: TGACCTTG; match class: 1","TF:M00727_1","1","0","183","20","1","20044","LDB3"
"TF","Factor: SCRT1; motif: RNGCAACAGGTGGNN","TF:M03917","1","0","42","20","1","20044","PKP2"
"TF","Factor: SF-1; motif: TGACCTTG","TF:M00727","1","0","2341","20","3","20044","GNRHR,MYPN,LDB3"
"TF","Factor: SF-1; motif: NYCAAGGYCANNNN; match class: 1","TF:M03802_1","1","0","187","20","1","20044","LDB3"
"TF","Factor: SF-1; motif: NYCAAGGYCANNNN","TF:M03802","1","0","2133","20","4","20044","NOS1AP,MYPN,LDB3,MYO18B"
"TF","Factor: SF1; motif: NTGRCCTTGAMCT","TF:M12661","1","0","2334","20","3","20044","NOS1AP,MYPN,MYO18B"
"TF","Factor: SF-1; motif: NNCAAGGTCAN; match class: 1","TF:M11825_1","1","0","131","20","1","20044","LDB3"
"TF","Factor: SF-1; motif: NNCAAGGTCAN","TF:M11825","1","0","1774","20","2","20044","MYPN,LDB3"
"TF","Factor: SF-1; motif: NNCAAGGNCRN; match class: 1","TF:M11824_1","1","0","103","20","1","20044","LDB3"
"TF","Factor: SF-1; motif: NNCAAGGNCRN","TF:M11824","1","0","1549","20","2","20044","MYPN,LDB3"
"TF","Factor: SF-1; motif: NYYCAAGGYCA; match class: 1","TF:M10084_1","1","0","565","20","1","20044","LDB3"
"TF","Factor: SF-1; motif: NYYCAAGGYCA","TF:M10084","1","0","4058","20","5","20044","NOS1AP,PTP4A3,MYPN,LDB3,MYO18B"
"TF","Factor: SCRT2; motif: NNNGCAACAGGTGNNN","TF:M12552","1","0","200","20","1","20044","PKP2"
"TF","Factor: SCRT2; motif: NGCAACAGGTG","TF:M12254","1","0","36","20","1","20044","PKP2"
"TF","Factor: SCRT2; motif: NGCRACAGGTG","TF:M12253","1","0","36","20","1","20044","PKP2"
"TF","Factor: SCRT1; motif: NNNKCAACAGGTGNNN","TF:M12551","1","0","265","20","2","20044","CRYAB,PKP2"
"TF","Factor: SCRT1; motif: NGCAACAGGTN","TF:M12252","1","0","36","20","1","20044","PKP2"
"TF","Factor: SF-1; motif: TGRCCTTGR","TF:M07267","1","0","974","20","1","20044","NOS1AP"
"TF","Factor: Six-1; motif: TGWAAYNTGAKMCN","TF:M10057","1","0","596","20","2","20044","MYPN,CRYAB"
"TF","Factor: RUNX3; motif: NRACCGCANWAACCRCAN; match class: 1","TF:M04110_1","1","0","3859","20","4","20044","NOS1AP,SP3,KAT2B,TMEM245"
"TF","Factor: RUNX3; motif: NRACCGCAAACCGCAN; match class: 1","TF:M04109_1","1","0","4006","20","4","20044","SP3,CACNA2D2,PTP4A3,MYO18B"
"TF","Factor: PEPP-2; motif: NTAATCCN","TF:M10961","1","0","930","20","1","20044","PTK2"
"TF","Factor: PEPP-2; motif: NTAATCCN","TF:M10960","1","0","930","20","1","20044","PTK2"
"TF","Factor: RHOXF1; motif: NGGATCAN","TF:M10963","1","0","2666","20","2","20044","LDB3,PKP2"
"TF","Factor: RHOXF1; motif: NTRATCCN","TF:M04437","1","0","2760","20","1","20044","PTK2"
"TF","Factor: RHOXF1; motif: GGMTNATCC; match class: 1","TF:M04436_1","1","0","386","20","1","20044","MYPN"
"TF","Factor: RHOXF1; motif: GGMTNATCC","TF:M04436","1","0","2162","20","4","20044","HSPG2,NOS1AP,UBA6,MYPN"
"TF","Factor: RFX; motif: SHGTTGCSN; match class: 1","TF:M00975_1","1","0","1014","20","2","20044","UBA6,PKP2"
"TF","Factor: RFX; motif: SHGTTGCSN","TF:M00975","1","0","6003","20","5","20044","SEC62,UBA6,PTK2,PKP2,MYO18B"
"TF","Factor: RFX7; motif: CGTTGCYAY; match class: 1","TF:M11976_1","1","0","316","20","1","20044","KAT2B"
"TF","Factor: RFX7; motif: CGTTGCYAY","TF:M11976","1","0","3054","20","3","20044","KAT2B,MECOM,CRYAB"
"TF","Factor: RFX7; motif: SGTTGCTRN; match class: 1","TF:M11975_1","1","0","186","20","1","20044","KAT2B"
"TF","Factor: RFX7; motif: SGTTGCTRN","TF:M11975","1","0","2193","20","2","20044","KAT2B,CRYAB"
"TF","Factor: rfx5; motif: NYRGCAACSGTTRCYAN","TF:M11972","1","0","1472","20","2","20044","PRDM16,SP3"
"TF","Factor: RFX3; motif: NYNCCMTGGCAACM","TF:M09732","1","0","5287","20","5","20044","CACNA2D2,PTP4A3,PTK2,CRYAB,PKP2"
"TF","Factor: RNF96; motif: BCCCGCRGCC","TF:M01199","1","0","8748","20","10","20044","HSPG2,NOS1AP,SP3,KAT2B,CACNA2D2,MECOM,UBA6,PTK2,PKP2,NFATC3"
"TF","Factor: rfx3:SRF; motif: TRGCAACNNNNNCCNWATANGGN; match class: 1","TF:M08623_1","1","0","8302","20","8","20044","HSPG2,SP3,KAT2B,CACNA2D2,TMEM245,LDB3,ADM,MYO18B"
"TF","Factor: rfx3:SREBP-2; motif: ATGGYAACRTCACGTGAY; match class: 1","TF:M08412_1","1","0","4410","20","2","20044","NFATC3,MYO18B"
"TF","Factor: rfx3:SREBP-2; motif: ATGGYAACRTCACGTGAY","TF:M08412","1","0","10704","20","9","20044","KAT2B,CACNA2D2,SEC62,GNRHR,TMEM245,LDB3,CRYAB,NFATC3,MYO18B"
"TF","Factor: Rfx1; motif: GTTGCYNNGGARMS","TF:M04627","1","0","3944","20","1","20044","MECOM"
"TF","Factor: rfx1; motif: NGTTRCCATGGYAACN; match class: 1","TF:M11962_1","1","0","3215","20","1","20044","MYPN"
"TF","Factor: rfx1; motif: NGTTRCCATGGYAACN","TF:M11962","1","0","3269","20","1","20044","MYPN"
"TF","Factor: rfx1; motif: NGTTRCCATGGYAACN; match class: 1","TF:M11961_1","1","0","4237","20","2","20044","HSPG2,MYPN"
"TF","Factor: rfx1; motif: NGTTRCCATGGYAACN","TF:M11961","1","0","4308","20","2","20044","HSPG2,MYPN"
"TF","Factor: RFX1; motif: NNGTNRCNATRGYAACNN; match class: 1","TF:M00281_1","1","0","1023","20","1","20044","SP3"
"TF","Factor: RFX1; motif: NNGTNRCNATRGYAACNN","TF:M00281","1","0","5008","20","5","20044","SP3,SEC62,MECOM,UBA6,MYO18B"
"TF","Factor: RFX1; motif: NNGTNRCNWRGYAACNN; match class: 1","TF:M00280_1","1","0","1499","20","2","20044","CACNA2D2,NFATC3"
"TF","Factor: RFX1; motif: NNGTNRCNWRGYAACNN","TF:M00280","1","0","6558","20","9","20044","HSPG2,CACNA2D2,SEC62,MECOM,GNRHR,PTP4A3,TMEM245,ADM,NFATC3"
"TF","Factor: REX-1; motif: GGCMGCCATTTT","TF:M10119","1","0","1918","20","1","20044","SP3"
"TF","Factor: Rev-ErbAalpha; motif: NAWNTRGGTYAGTRGGTCRN","TF:M11788","1","0","1561","20","1","20044","PKP2"
"TF","Factor: REST; motif: CCNNGGTGCTGAA","TF:M03883","1","0","3551","20","3","20044","SEC62,TMEM245,NFATC3"
"TF","Factor: rfx3:SRF; motif: TRGCAACNNNNNCCNWATANGGN","TF:M08623","1","0","14895","20","15","20044","PRDM16,HSPG2,NOS1AP,SP3,KAT2B,CACNA2D2,SEC62,MECOM,GNRHR,UBA6,PTK2,TMEM245,LDB3,ADM,MYO18B"
"TF","Factor: RUNX3; motif: NRACCGCANWAACCRCAN","TF:M04110","1","0","9508","20","11","20044","PRDM16,HSPG2,NOS1AP,SP3,KAT2B,CACNA2D2,SEC62,UBA6,PTP4A3,TMEM245,ADM"
"TF","Factor: RNF96; motif: BCCCGCRGCC; match class: 1","TF:M01199_1","1","0","4481","20","7","20044","HSPG2,NOS1AP,SP3,KAT2B,CACNA2D2,MECOM,PTK2"
"TF","Factor: RORalpha; motif: AWNTRGGTCARNG","TF:M10050","1","0","1250","20","1","20044","PTK2"
"TF","Factor: RUNX3; motif: NRACCGCAAACCGCAN","TF:M04109","1","0","10005","20","8","20044","HSPG2,NOS1AP,SP3,CACNA2D2,PTP4A3,TMEM245,NFATC3,MYO18B"
"TF","Factor: AML3; motif: NNAACCGCAAWAACCGCAAN","TF:M12000","1","0","6961","20","9","20044","PRDM16,SP3,KAT2B,SEC62,PTP4A3,PTK2,MYPN,ADM,MYO18B"
"TF","Factor: AML3; motif: NWAACCACRAAAACCACRAN; match class: 1","TF:M11999_1","1","0","1762","20","1","20044","SEC62"
"TF","Factor: AML3; motif: NWAACCACRAAAACCACRAN","TF:M11999","1","0","6979","20","7","20044","SP3,KAT2B,SEC62,PTP4A3,MYPN,ADM,MYO18B"
"TF","Factor: AML3; motif: KGKNTGTGGTTTKK; match class: 1","TF:M10053_1","1","0","64","20","1","20044","MYPN"
"TF","Factor: AML3; motif: KGKNTGTGGTTTKK","TF:M10053","1","0","1329","20","2","20044","MECOM,MYPN"
"TF","Factor: AML3; motif: KNKNTYTGTGGTTTK; match class: 1","TF:M07124_1","1","0","60","20","1","20044","MYPN"
"TF","Factor: AML3; motif: KNKNTYTGTGGTTTK","TF:M07124","1","0","1430","20","1","20044","MYPN"
"TF","Factor: RUNX2; motif: WAACCGCAA","TF:M04108","1","0","1202","20","1","20044","PRDM16"
"TF","Factor: RUNX2; motif: WRACCGCANWAACCGCAN; match class: 1","TF:M04107_1","1","0","6625","20","7","20044","PRDM16,NOS1AP,SP3,KAT2B,SEC62,PTP4A3,PTK2"
"TF","Factor: RUNX2; motif: WRACCGCANWAACCGCAN","TF:M04107","1","0","12693","20","13","20044","PRDM16,HSPG2,NOS1AP,SP3,KAT2B,CACNA2D2,SEC62,UBA6,PTP4A3,PTK2,TMEM245,MYPN,ADM"
"TF","Factor: RUNX2; motif: NRACCGCAAACCGCAN; match class: 1","TF:M04106_1","1","0","8623","20","9","20044","PRDM16,HSPG2,SP3,KAT2B,CACNA2D2,UBA6,TMEM245,NFATC3,MYO18B"
"TF","Factor: RUNX2; motif: NRACCGCAAACCGCAN","TF:M04106","1","0","14132","20","15","20044","PRDM16,HSPG2,NOS1AP,SP3,KAT2B,CACNA2D2,SEC62,MECOM,UBA6,PTK2,TMEM245,LDB3,ADM,NFATC3,MYO18B"
"TF","Factor: RSRFC4; motif: ANKCTAWAAATAGMHYN","TF:M00407","1","0","1333","20","2","20044","PTP4A3,LDB3"
"TF","Factor: RORalpha2; motif: NWAWNTAGGTCAN","TF:M00157","1","0","1068","20","1","20044","SP3"
"TF","Factor: RSRFC4; motif: RNKCTATTTWTAGMWN","TF:M00026","1","0","1023","20","1","20044","PTP4A3"
"TF","Factor: RREB-1; motif: GRSDSGGGKTGGGKGG","TF:M07062","1","0","1524","20","4","20044","PRDM16,SP3,MECOM,CRYAB"
"TF","Factor: RREB-1; motif: GGGWCSA; match class: 1","TF:M05439_1","1","0","3317","20","6","20044","PRDM16,NOS1AP,KAT2B,CACNA2D2,PTK2,NFATC3"
"TF","Factor: RREB-1; motif: GGGWCSA","TF:M05439","1","0","8852","20","11","20044","PRDM16,HSPG2,NOS1AP,SP3,KAT2B,CACNA2D2,PTK2,TMEM245,CRYAB,PKP2,NFATC3"
"TF","Factor: RREB-1; motif: CCCCAAACMMCCCC; match class: 1","TF:M00257_1","1","0","4618","20","7","20044","NOS1AP,SP3,CACNA2D2,SEC62,MECOM,PTP4A3,PTK2"
"TF","Factor: RREB-1; motif: CCCCAAACMMCCCC","TF:M00257","1","0","10749","20","12","20044","PRDM16,HSPG2,NOS1AP,SP3,KAT2B,CACNA2D2,SEC62,MECOM,PTP4A3,PTK2,ADM,NFATC3"
"TF","Factor: RP58; motif: MACAKCTGG","TF:M10439","1","0","465","20","1","20044","CRYAB"
"TF","Factor: RP58; motif: KCCAGMTGTKN","TF:M10113","1","0","274","20","1","20044","SEC62"
"TF","Factor: RP58; motif: NNAACATCTGGA","TF:M00532","1","0","409","20","1","20044","SEC62"
"TF","Factor: ROX; motif: GNNNCASGTGGS; match class: 1","TF:M09764_1","1","0","1671","20","2","20044","HSPG2,PTP4A3"
"TF","Factor: ROX; motif: GNNNCASGTGGS","TF:M09764","1","0","5940","20","6","20044","PRDM16,HSPG2,UBA6,PTP4A3,PTK2,LDB3"
"TF","Factor: RORbeta; motif: TGACCYA; match class: 1","TF:M01722_1","1","0","1163","20","1","20044","KAT2B"
"TF","Factor: RORbeta; motif: TGACCYA","TF:M01722","1","0","6183","20","5","20044","HSPG2,KAT2B,SEC62,PTP4A3,NFATC3"
"TF","Factor: RORA; motif: CCYTGNCCTN; match class: 1","TF:M12659_1","1","0","2314","20","1","20044","PTK2"
"TF","Factor: RORA; motif: CCYTGNCCTN","TF:M12659","1","0","8130","20","7","20044","NOS1AP,SEC62,MECOM,GNRHR,PTK2,NFATC3,MYO18B"
"TF","Factor: RREB-1; motif: GRSDSGGGKTGGGKGG; match class: 1","TF:M07062_1","1","0","182","20","1","20044","MECOM"
"TF","Factor: REST; motif: NGGCGCTGTCCRTGGTGCTGAA","TF:M12658","1","0","1222","20","1","20044","ADM"
"TF","Factor: Six-1; motif: NNGTATCRNN","TF:M11026","1","0","6193","20","3","20044","MECOM,UBA6,MYPN"
"TF","Factor: Six-1; motif: NCGTATCRNN","TF:M11027","1","0","3233","20","1","20044","MYPN"
"TF","Factor: Sox-14; motif: NNNACAATGN","TF:M11619","1","0","2187","20","2","20044","PRDM16,MECOM"
"TF","Factor: Sox-11; motif: KNTCTTTGTTTK","TF:M07431","1","0","300","20","1","20044","GNRHR"
"TF","Factor: Sox-10; motif: NACAAWG; match class: 1","TF:M02116_1","1","0","8097","20","3","20044","GNRHR,UBA6,MYPN"
"TF","Factor: Sox-10; motif: NACAAWG","TF:M02116","1","0","14404","20","12","20044","KAT2B,CACNA2D2,SEC62,MECOM,GNRHR,UBA6,TMEM245,MYPN,LDB3,CRYAB,PKP2,MYO18B"
"TF","Factor: Sox-10; motif: CWTTGTN; match class: 1","TF:M01131_1","1","0","2698","20","4","20044","SEC62,LDB3,CRYAB,PKP2"
"TF","Factor: Sox-10; motif: CWTTGTN","TF:M01131","1","0","9121","20","9","20044","HSPG2,SP3,SEC62,MYPN,LDB3,CRYAB,PKP2,NFATC3,MYO18B"
"TF","Factor: Sox-10; motif: NACAATRNNNNYATTGTN; match class: 1","TF:M11635_1","1","0","5856","20","5","20044","SEC62,UBA6,MYPN,LDB3,PKP2"
"TF","Factor: Sox-10; motif: NACAATRNNNNYATTGTN","TF:M11635","1","0","6313","20","5","20044","SEC62,UBA6,MYPN,LDB3,PKP2"
"TF","Factor: Sox-10; motif: AACAATGGNCCATTGTT; match class: 1","TF:M11633_1","1","0","3280","20","4","20044","NOS1AP,SEC62,MECOM,MYPN"
"TF","Factor: Sox-10; motif: AACAATGGNCCATTGTT","TF:M11633","1","0","3831","20","4","20044","NOS1AP,SEC62,MECOM,MYPN"
"TF","Factor: Sox-10; motif: AACAATRGNCYATTGTT; match class: 1","TF:M11632_1","1","0","4683","20","5","20044","NOS1AP,SEC62,MECOM,MYPN,CRYAB"
"TF","Factor: Sox-10; motif: AACAATRGNCYATTGTT","TF:M11632","1","0","5192","20","5","20044","NOS1AP,SEC62,MECOM,MYPN,CRYAB"
"TF","Factor: Sox-10; motif: MAANRRNNNCWTTGTT; match class: 1","TF:M10065_1","1","0","1934","20","1","20044","MYPN"
"TF","Factor: Sox-10; motif: MAANRRNNNCWTTGTT","TF:M10065","1","0","7135","20","5","20044","NOS1AP,MECOM,GNRHR,TMEM245,MYPN"
"TF","Factor: Sox-15; motif: ACAAWGGG","TF:M03847","1","0","1629","20","1","20044","LDB3"
"TF","Factor: SOX10; motif: NNAACAAAGNN; match class: 1","TF:M09819_1","1","0","1129","20","1","20044","MYPN"
"TF","Factor: Sox-10; motif: CWTTGT; match class: 1","TF:M03138_1","1","0","6611","20","6","20044","SEC62,UBA6,MYPN,LDB3,CRYAB,PKP2"
"TF","Factor: Sohlh2; motif: NNCACGTGNN; match class: 1","TF:M11075_1","1","0","8139","20","7","20044","HSPG2,PTP4A3,PTK2,LDB3,CRYAB,PKP2,NFATC3"
"TF","Factor: Sohlh2; motif: NNCACGTGNN","TF:M11075","1","0","12104","20","10","20044","HSPG2,SP3,CACNA2D2,PTP4A3,PTK2,LDB3,ADM,CRYAB,PKP2,NFATC3"
"TF","Factor: SNF2L; motif: NMARGAAGMATN","TF:M10062","1","0","2456","20","4","20044","MECOM,GNRHR,MYPN,ADM"
"TF","Factor: SNF2H; motif: GAATNGAATGGAAWC","TF:M10063","1","0","687","20","1","20044","CRYAB"
"TF","Factor: SNA; motif: NCACCTGCNN","TF:M07430","1","0","1765","20","2","20044","PTP4A3,PTK2"
"TF","Factor: SNA; motif: GCCACCTGNCNGYN","TF:M03566","1","0","2291","20","2","20044","PTP4A3,PKP2"
"TF","Factor: SNA; motif: NRCAGGTGCA","TF:M12258","1","0","2638","20","1","20044","PKP2"
"TF","Factor: SNA; motif: NRCAGGTGCR","TF:M12257","1","0","2326","20","1","20044","PKP2"
"TF","Factor: SNA; motif: NRCAGGTGNN","TF:M12256","1","0","2527","20","2","20044","TMEM245,PKP2"
"TF","Factor: SNA; motif: NRCAGGTGCN","TF:M12255","1","0","3439","20","5","20044","KAT2B,PTP4A3,TMEM245,LDB3,PKP2"
"TF","Factor: SNA; motif: NNRGCAGGTGCNNNN; match class: 1","TF:M10528_1","1","0","782","20","1","20044","LDB3"
"TF","Factor: SNA; motif: NNRGCAGGTGCNNNN","TF:M10528","1","0","4652","20","5","20044","KAT2B,PTP4A3,TMEM245,LDB3,PKP2"
"TF","Factor: SOX10; motif: NNAACAAAGNN","TF:M09819","1","0","5732","20","4","20044","KAT2B,GNRHR,UBA6,MYPN"
"TF","Factor: slug; motif: NRCAGGTGN","TF:M03919","1","0","1451","20","1","20044","CRYAB"
"TF","Factor: Sox-17; motif: NCCATTGTNNN","TF:M10066","1","0","2757","20","1","20044","GNRHR"
"TF","Factor: Sox-17; motif: TTGTYY; match class: 1","TF:M03803_1","1","0","9620","20","9","20044","NOS1AP,SEC62,GNRHR,MYPN,LDB3,ADM,CRYAB,PKP2,NFATC3"
"TF","Factor: Sox-9; motif: AANGGNNNCWTTGTTY","TF:M10070","1","0","2699","20","3","20044","MECOM,GNRHR,MYPN"
"TF","Factor: Sox-9; motif: MACARWGNNNYCNTTNW; match class: 1","TF:M08838_1","1","0","673","20","1","20044","MYPN"
"TF","Factor: Sox-9; motif: MACARWGNNNYCNTTNW","TF:M08838","1","0","4263","20","5","20044","MECOM,GNRHR,MYPN,NFATC3,MYO18B"
"TF","Factor: Sox-7; motif: NACAATDGA","TF:M07309","1","0","1203","20","2","20044","GNRHR,MYPN"
"TF","Factor: Sox-6; motif: NARACAAAARN","TF:M03888","1","0","3527","20","1","20044","PTK2"
"TF","Factor: Sox-4; motif: NNNNNAATTGTTNNNNN; match class: 1","TF:M02909_1","1","0","957","20","1","20044","MYPN"
"TF","Factor: Sox-4; motif: NNNNNAATTGTTNNNNN","TF:M02909","1","0","4505","20","3","20044","SEC62,MYPN,NFATC3"
"TF","Factor: Sox-5; motif: NNAACAATNN; match class: 1","TF:M00042_1","1","0","551","20","1","20044","MECOM"
"TF","Factor: Sox-5; motif: NNAACAATNN","TF:M00042","1","0","3430","20","5","20044","NOS1AP,SEC62,MECOM,MYPN,CRYAB"
"TF","Factor: Sox-4; motif: BCWTTGT; match class: 1","TF:M07268_1","1","0","1108","20","1","20044","SEC62"
"TF","Factor: Sox-4; motif: BCWTTGT","TF:M07268","1","0","5633","20","9","20044","SP3,KAT2B,SEC62,GNRHR,TMEM245,MYPN,LDB3,CRYAB,PKP2"
"TF","Factor: Sox-4; motif: AACAAA; match class: 1","TF:M03849_1","1","0","9202","20","7","20044","NOS1AP,KAT2B,MECOM,GNRHR,MYPN,PKP2,MYO18B"
"TF","Factor: Sox-4; motif: AACAAA","TF:M03849","1","0","14512","20","10","20044","NOS1AP,KAT2B,MECOM,GNRHR,UBA6,PTK2,MYPN,CRYAB,PKP2,MYO18B"
"TF","Factor: Sox-4; motif: ACAAWGNRNYN","TF:M07614","1","0","1868","20","5","20044","SP3,GNRHR,MYPN,CRYAB,PKP2"
"TF","Factor: Sox-17; motif: TTGTYY","TF:M03803","1","0","15812","20","15","20044","NOS1AP,KAT2B,SEC62,MECOM,GNRHR,PTP4A3,PTK2,TMEM245,MYPN,LDB3,ADM,CRYAB,PKP2,NFATC3,MYO18B"
"TF","Factor: Sox-4; motif: NAACAAAGRN","TF:M11639","1","0","3174","20","2","20044","GNRHR,UBA6"
"TF","Factor: Sox-4; motif: NYCTTTGTYYYN; match class: 1","TF:M10069_1","1","0","1784","20","2","20044","SEC62,LDB3"
"TF","Factor: Sox-4; motif: NYCTTTGTYYYN","TF:M10069","1","0","7404","20","8","20044","HSPG2,KAT2B,SEC62,GNRHR,UBA6,LDB3,CRYAB,NFATC3"
"TF","Factor: Sox-4; motif: AACAAWGR","TF:M01308","1","0","1694","20","1","20044","UBA6"
"TF","Factor: Sox-3; motif: SNNACAATRK","TF:M11617","1","0","3947","20","3","20044","PRDM16,MECOM,GNRHR"
"TF","Factor: Sox-3; motif: NCCTTTGTNYN","TF:M10068","1","0","1680","20","3","20044","HSPG2,CRYAB,NFATC3"
"TF","Factor: Sox-30; motif: NAACAATN","TF:M11641","1","0","2418","20","1","20044","MECOM"
"TF","Factor: Sox-2; motif: NNNANAACAAWGRNN","TF:M07308","1","0","2067","20","1","20044","GNRHR"
"TF","Factor: SOX2; motif: NNACAATGGNN","TF:M12505","1","0","1742","20","1","20044","GNRHR"
"TF","Factor: Sox-2; motif: NNCCTTTGTNYYN; match class: 1","TF:M10067_1","1","0","1307","20","1","20044","LDB3"
"TF","Factor: Sox-2; motif: NNCCTTTGTNYYN","TF:M10067","1","0","6231","20","6","20044","HSPG2,GNRHR,UBA6,LDB3,CRYAB,NFATC3"
"TF","Factor: Sox-18; motif: CAAWGBB; match class: 1","TF:M03848_1","1","0","13033","20","8","20044","HSPG2,MECOM,UBA6,TMEM245,LDB3,ADM,CRYAB,MYO18B"
"TF","Factor: Sox-18; motif: CAAWGBB","TF:M03848","1","0","17733","20","15","20044","PRDM16,HSPG2,SP3,MECOM,GNRHR,UBA6,PTP4A3,TMEM245,MYPN,LDB3,ADM,CRYAB,PKP2,NFATC3,MYO18B"
"TF","Factor: SOX18; motif: AACAATDV","TF:M13096","1","0","942","20","1","20044","NFATC3"
"TF","Factor: Sox-18; motif: NACAAYGS","TF:M11623","1","0","5519","20","4","20044","PRDM16,KAT2B,MECOM,GNRHR"
"TF","Factor: Sox-4; motif: NAACAAAGRN","TF:M11638","1","0","2798","20","2","20044","KAT2B,GNRHR"
"TF","Factor: Six-1; motif: NNGTATCRNN; match class: 1","TF:M11026_1","1","0","1333","20","1","20044","MYPN"
"TF","Factor: BAF170; motif: NNCTTATCTNN; match class: 1","TF:M09825_1","1","0","269","20","1","20044","GNRHR"
"TF","Factor: SMAD; motif: TNGNCAGACWN; match class: 1","TF:M00974_1","1","0","730","20","2","20044","LDB3,PKP2"
"TF","Factor: slug; motif: RRCAGGTGCA","TF:M12260","1","0","827","20","1","20044","PKP2"
"TF","Factor: slug; motif: NRCAGGTGCR","TF:M12259","1","0","1837","20","2","20044","CRYAB,PKP2"
"TF","Factor: slug; motif: RRCAGGTGCN","TF:M10064","1","0","1416","20","1","20044","PKP2"
"TF","Factor: SKIL; motif: NNCTGNCCYTKNCCCNN; match class: 1","TF:M13117_1","1","0","1765","20","1","20044","LDB3"
"TF","Factor: SKIL; motif: NNCTGNCCYTKNCCCNN","TF:M13117","1","0","6828","20","6","20044","PRDM16,SP3,GNRHR,PTK2,LDB3,ADM"
"TF","Factor: Six-6; motif: NNSTATCRNN","TF:M11037","1","0","5271","20","2","20044","MECOM,UBA6"
"TF","Factor: Six-4; motif: GGCTCARRTTWCN","TF:M07467","1","0","572","20","1","20044","CRYAB"
"TF","Factor: SIX4; motif: TGWAAYNTGANMCN","TF:M12663","1","0","570","20","1","20044","CRYAB"
"TF","Factor: six4; motif: NCGTATCRNN; match class: 1","TF:M11025_1","1","0","1484","20","1","20044","MYPN"
"TF","Factor: six4; motif: NCGTATCRNN","TF:M11025","1","0","6631","20","3","20044","MECOM,UBA6,MYPN"
"TF","Factor: six4; motif: NCGTATCRTN; match class: 1","TF:M11024_1","1","0","1042","20","1","20044","MYPN"
"TF","Factor: six4; motif: NCGTATCRTN","TF:M11024","1","0","5423","20","3","20044","MECOM,UBA6,MYPN"
"TF","Factor: six-4; motif: ANNNATGACACCNNNNN","TF:M01374","1","0","6526","20","3","20044","PRDM16,CACNA2D2,ADM"
"TF","Factor: Six-3; motif: NWBTAATNYYWN","TF:M07428","1","0","3361","20","2","20044","ADM,NFATC3"
"TF","Factor: slug; motif: NRCAGGTGCR","TF:M12261","1","0","2326","20","1","20044","PKP2"
"TF","Factor: Six-3; motif: NNRTATCRNN","TF:M11035","1","0","2583","20","1","20044","MYPN"
"TF","Factor: Six-2; motif: NCGTATCRYN; match class: 1","TF:M11033_1","1","0","2411","20","1","20044","UBA6"
"TF","Factor: Six-2; motif: NCGTATCRYN","TF:M11033","1","0","8719","20","4","20044","SP3,SEC62,UBA6,MYPN"
"TF","Factor: Six-2; motif: NNGTAWCRNN; match class: 1","TF:M11032_1","1","0","4265","20","1","20044","MYPN"
"TF","Factor: Six-2; motif: NNGTAWCRNN","TF:M11032","1","0","10978","20","6","20044","MECOM,UBA6,MYPN,ADM,CRYAB,PKP2"
"TF","Factor: Six-2; motif: NCGTATCRNN; match class: 1","TF:M11031_1","1","0","2948","20","2","20044","UBA6,MYPN"
"TF","Factor: Six-2; motif: NCGTATCRNN","TF:M11031","1","0","9300","20","6","20044","MECOM,UBA6,PTP4A3,MYPN,CRYAB,PKP2"
"TF","Factor: Six-2; motif: NNGTATCRNN; match class: 1","TF:M11030_1","1","0","1803","20","1","20044","MYPN"
"TF","Factor: Six-2; motif: NNGTATCRNN","TF:M11030","1","0","7172","20","3","20044","MECOM,UBA6,MYPN"
"TF","Factor: Six-2; motif: KGAAAYNTGAKMC","TF:M10058","1","0","1516","20","3","20044","GNRHR,MYPN,CRYAB"
"TF","Factor: SIX2; motif: NNCTGAAACCTGATMN","TF:M09786","1","0","595","20","1","20044","CRYAB"
"TF","Factor: Six-1; motif: CTCARRTTWCN","TF:M07466","1","0","3426","20","2","20044","PTP4A3,CRYAB"
"TF","Factor: Six-1; motif: CTCAGVTTTCT","TF:M07335","1","0","1013","20","2","20044","PTP4A3,CRYAB"
"TF","Factor: SIX1; motif: TGWAAYNTGATMYN","TF:M12662","1","0","476","20","1","20044","CRYAB"
"TF","Factor: Six-1; motif: NCGTATCRNN","TF:M11029","1","0","2350","20","1","20044","UBA6"
"TF","Factor: Six-3; motif: NNGTATCRNN","TF:M11034","1","0","3731","20","1","20044","UBA6"
"TF","Factor: BAF170; motif: NNCTTATCTNN","TF:M09825","1","0","3042","20","7","20044","PRDM16,SEC62,GNRHR,MYPN,ADM,CRYAB,MYO18B"
"TF","Factor: slug; motif: RRCAGGTGCA","TF:M12262","1","0","2145","20","2","20044","CRYAB,PKP2"
"TF","Factor: Slug; motif: SSSNNNKCACCTGN","TF:M07367","1","0","1732","20","2","20044","SP3,CRYAB"
"TF","Factor: SMAD; motif: TNGNCAGACWN","TF:M00974","1","0","4580","20","4","20044","GNRHR,PTK2,LDB3,PKP2"
"TF","Factor: SMAD; motif: AGACNBCNN","TF:M00792","1","0","3889","20","6","20044","SP3,KAT2B,MECOM,UBA6,LDB3,MYO18B"
"TF","Factor: SMAD; motif: TGTCTGNNN; match class: 1","TF:M08897_1","1","0","685","20","1","20044","LDB3"
"TF","Factor: SMAD; motif: TGTCTGNNN","TF:M08897","1","0","4629","20","4","20044","HSPG2,LDB3,ADM,PKP2"
"TF","Factor: SMAD5; motif: CAGACWGN","TF:M08829","1","0","3376","20","4","20044","UBA6,PTP4A3,MYPN,MYO18B"
"TF","Factor: SMAD5; motif: GSGGCAGM; match class: 1","TF:M03846_1","1","0","2571","20","4","20044","HSPG2,CACNA2D2,MECOM,PTP4A3"
"TF","Factor: SMAD5; motif: GSGGCAGM","TF:M03846","1","0","8722","20","13","20044","PRDM16,HSPG2,SP3,KAT2B,CACNA2D2,SEC62,MECOM,PTP4A3,PTK2,TMEM245,LDB3,ADM,MYO18B"
"TF","Factor: Smad4; motif: TGTCTGN; match class: 1","TF:M01889_1","1","0","898","20","1","20044","MECOM"
"TF","Factor: Smad4; motif: TGTCTGN","TF:M01889","1","0","5359","20","5","20044","KAT2B,MECOM,UBA6,PTK2,LDB3"
"TF","Factor: SMAD4; motif: GKSRKKCAGMCANCY; match class: 1","TF:M00733_1","1","0","2859","20","1","20044","LDB3"
"TF","Factor: SMAD4; motif: GKSRKKCAGMCANCY","TF:M00733","1","0","8898","20","6","20044","PRDM16,KAT2B,MECOM,LDB3,CRYAB,PKP2"
"TF","Factor: Smad4; motif: NCAGACAN","TF:M07368","1","0","3931","20","2","20044","PTP4A3,PKP2"
"TF","Factor: Smad4; motif: NWGTCTGNCACCT","TF:M10061","1","0","3782","20","6","20044","HSPG2,SP3,KAT2B,UBA6,MYPN,LDB3"
"TF","Factor: Smad4; motif: NTGTCTNNCACCT","TF:M09657","1","0","2457","20","4","20044","HSPG2,SP3,UBA6,MYPN"
"TF","Factor: slug; motif: KCACCTGN","TF:M03565","1","0","3056","20","5","20044","KAT2B,PTP4A3,TMEM245,LDB3,PKP2"
"TF","Factor: SMAD3; motif: CAGACAS; match class: 1","TF:M07429_1","1","0","1379","20","1","20044","LDB3"
"TF","Factor: Smad3; motif: NGNCAGACASNNN; match class: 1","TF:M01888_1","1","0","693","20","1","20044","LDB3"
"TF","Factor: Smad3; motif: NGNCAGACASNNN","TF:M01888","1","0","4160","20","4","20044","KAT2B,MYPN,LDB3,PKP2"
"TF","Factor: SMAD3; motif: TGTCTGTCT; match class: 1","TF:M00701_1","1","0","673","20","1","20044","LDB3"
"TF","Factor: SMAD3; motif: TGTCTGTCT","TF:M00701","1","0","4211","20","3","20044","PTK2,LDB3,MYO18B"
"TF","Factor: SMAD3; motif: YGTCTAGACA; match class: 1","TF:M04026_1","1","0","6192","20","4","20044","HSPG2,GNRHR,PTP4A3,ADM"
"TF","Factor: SMAD3; motif: YGTCTAGACA","TF:M04026","1","0","6871","20","6","20044","HSPG2,SP3,GNRHR,PTP4A3,LDB3,ADM"
"TF","Factor: Smad2; motif: AGACAN; match class: 1","TF:M03580_1","1","0","9168","20","6","20044","MECOM,PTP4A3,PTK2,LDB3,PKP2,MYO18B"
"TF","Factor: Smad2; motif: AGACAN","TF:M03580","1","0","15432","20","14","20044","HSPG2,NOS1AP,KAT2B,SEC62,MECOM,PTP4A3,PTK2,TMEM245,MYPN,LDB3,ADM,PKP2,NFATC3,MYO18B"
"TF","Factor: SMAD2; motif: NNCCAGACNN","TF:M12889","1","0","3559","20","1","20044","PKP2"
"TF","Factor: Smad2; motif: TGTCTGNCWCCT","TF:M10059","1","0","6333","20","5","20044","SP3,PTK2,MYPN,LDB3,CRYAB"
"TF","Factor: Smad2; motif: TGTCTGNCACCT; match class: 1","TF:M09656_1","1","0","1274","20","1","20044","SP3"
"TF","Factor: Smad2; motif: TGTCTGNCACCT","TF:M09656","1","0","6473","20","9","20044","HSPG2,SP3,KAT2B,MECOM,UBA6,PTP4A3,MYPN,LDB3,CRYAB"
"TF","Factor: Smad1; motif: NGGCAGACN","TF:M03845","1","0","4630","20","5","20044","SP3,KAT2B,UBA6,PTK2,MYO18B"
"TF","Factor: slug; motif: CACCTGNNN","TF:M07394","1","0","1793","20","2","20044","NOS1AP,NFATC3"
"TF","Factor: SMAD3; motif: CAGACAS","TF:M07429","1","0","6351","20","5","20044","PTP4A3,LDB3,ADM,PKP2,MYO18B"
"TF","Factor: pitx2; motif: YTAATCCC","TF:M10912","1","0","1784","20","1","20044","PTK2"
"TF","Factor: REST; motif: TTCAGCACCAYGGACAGCKCCN","TF:M10047","1","0","1409","20","1","20044","ADM"
"TF","Factor: REST; motif: AAGGTGCT; match class: 1","TF:M04926_1","1","0","1238","20","4","20044","NOS1AP,UBA6,TMEM245,CRYAB"
"TF","Factor: POU4F3; motif: TNATGCATNA","TF:M11940","1","0","982","20","2","20044","GNRHR,LDB3"
"TF","Factor: POU4F3; motif: NTGMATWATTAATGNN","TF:M04087","1","0","364","20","2","20044","SEC62,PKP2"
"TF","Factor: POU4F1; motif: NTGMATAATTAATG","TF:M04085","1","0","526","20","2","20044","SEC62,PKP2"
"TF","Factor: Brn-4; motif: DNATGCRCATMW","TF:M11922","1","0","1900","20","3","20044","PRDM16,SEC62,TMEM245"
"TF","Factor: Brn-4; motif: NATTATGCAWGN","TF:M11921","1","0","1367","20","1","20044","PKP2"
"TF","Factor: POU3F4; motif: TGCATAAWTTA","TF:M04084","1","0","1168","20","1","20044","GNRHR"
"TF","Factor: POU3F4; motif: TATGCWAAT","TF:M04083","1","0","493","20","1","20044","NOS1AP"
"TF","Factor: POU3F3; motif: WTNAATAWKNAW; match class: 1","TF:M04082_1","1","0","1381","20","1","20044","GNRHR"
"TF","Factor: POU3F3; motif: WTNAATAWKNAW","TF:M04082","1","0","3649","20","3","20044","GNRHR,UBA6,PKP2"
"TF","Factor: POU3F3; motif: WTGMATAAWTWA","TF:M04081","1","0","1924","20","1","20044","GNRHR"
"TF","Factor: POU3F3; motif: WWTATGCWAATTW","TF:M04080","1","0","252","20","1","20044","UBA6"
"TF","Factor: POU3F2; motif: TAATTANNNNNNTAATTA; match class: 1","TF:M11913_1","1","0","2038","20","3","20044","KAT2B,GNRHR,PKP2"
"TF","Factor: POU3F2; motif: TAATTANNNNNNTAATTA","TF:M11913","1","0","4088","20","7","20044","KAT2B,SEC62,GNRHR,PTK2,MYPN,PKP2,MYO18B"
"TF","Factor: POU3F2; motif: NTAATGAKATGCAN","TF:M11911","1","0","3335","20","1","20044","PRDM16"
"TF","Factor: POU4F3; motif: TNATGCATNA; match class: 1","TF:M11940_1","1","0","650","20","2","20044","GNRHR,LDB3"
"TF","Factor: POU3F2; motif: NTAATTTATGCRN","TF:M11910","1","0","4142","20","4","20044","SEC62,MYPN,PKP2,MYO18B"
"TF","Factor: POU3F2; motif: TAATKAGNNNNTAATKA; match class: 1","TF:M11908_1","1","0","1297","20","2","20044","UBA6,MYPN"
"TF","Factor: POU3F2; motif: TAATKAGNNNNTAATKA","TF:M11908","1","0","3725","20","5","20044","KAT2B,GNRHR,UBA6,MYPN,PKP2"
"TF","Factor: POU3F2; motif: NTAATTTATGCGY","TF:M11905","1","0","4249","20","2","20044","PKP2,MYO18B"
"TF","Factor: POU3F2; motif: WTATGCWAATKAG","TF:M11904","1","0","3197","20","5","20044","NOS1AP,GNRHR,UBA6,ADM,PKP2"
"TF","Factor: POU3F2; motif: WTATGCWAATKA","TF:M04079","1","0","3303","20","4","20044","NOS1AP,UBA6,TMEM245,ADM"
"TF","Factor: POU3F2; motif: NWTGCATAAWTTA; match class: 1","TF:M04078_1","1","0","773","20","1","20044","GNRHR"
"TF","Factor: POU3F2; motif: NWTGCATAAWTTA","TF:M04078","1","0","3975","20","4","20044","GNRHR,MYPN,CRYAB,NFATC3"
"TF","Factor: POU3F2; motif: TTATGYTAAT","TF:M00464","1","0","3416","20","6","20044","SEC62,GNRHR,UBA6,TMEM245,MYPN,ADM"
"TF","Factor: POU3F2; motif: ATGMATWWATTCAT","TF:M00463","1","0","3168","20","2","20044","GNRHR,MYPN"
"TF","Factor: POU3F1; motif: RNYBCATTTGCATTWCAA","TF:M03842","1","0","5280","20","4","20044","NOS1AP,GNRHR,MYPN,NFATC3"
"TF","Factor: POU3F1; motif: NTAATKWATGCNN","TF:M11929","1","0","6674","20","6","20044","SEC62,MYPN,ADM,CRYAB,PKP2,MYO18B"
"TF","Factor: POU3F1; motif: NTATGCWAATNNN","TF:M11928","1","0","1676","20","4","20044","NOS1AP,KAT2B,UBA6,ADM"
"TF","Factor: POU3F1; motif: TAATKANNNNNTMATTA; match class: 1","TF:M11927_1","1","0","1095","20","1","20044","MYPN"
"TF","Factor: POU3F1; motif: TAATKANNNNNTMATTA","TF:M11927","1","0","1954","20","2","20044","UBA6,MYPN"
"TF","Factor: POU3F2; motif: NTATGCWAATKAG","TF:M11909","1","0","5154","20","7","20044","NOS1AP,KAT2B,GNRHR,UBA6,TMEM245,MYPN,ADM"
"TF","Factor: POU3F1; motif: WTGMATAAWTNA; match class: 1","TF:M04077_1","1","0","408","20","1","20044","GNRHR"
"TF","Factor: POU4F3; motif: CTAATYW","TF:M07061","1","0","7284","20","7","20044","PRDM16,HSPG2,GNRHR,UBA6,MYPN,ADM,MYO18B"
"TF","Factor: POU5F1B; motif: TATGCWAAT","TF:M04088","1","0","1089","20","3","20044","NOS1AP,UBA6,ADM"
"TF","Factor: PPARalpha; motif: NWSTRGGNSAAAGGTCA; match class: 1","TF:M10037_1","1","0","1189","20","1","20044","PTP4A3"
"TF","Factor: PPARalpha; motif: NWSTRGGNSAAAGGTCA","TF:M10037","1","0","6180","20","2","20044","PTP4A3,PTK2"
"TF","Factor: PPARalpha:RXRalpha; motif: NNRGGTCATWGGGGTSANG; match class: 1","TF:M00518_1","1","0","3077","20","2","20044","PTK2,LDB3"
"TF","Factor: PPARalpha:RXRalpha; motif: NNRGGTCATWGGGGTSANG","TF:M00518","1","0","9688","20","10","20044","PRDM16,KAT2B,SEC62,GNRHR,PTP4A3,PTK2,TMEM245,LDB3,ADM,CRYAB"
"TF","Factor: PPARalpha:RXRalpha; motif: CARAACTAGGNCAAAGGTCA","TF:M00242","1","0","1672","20","2","20044","CRYAB,MYO18B"
"TF","Factor: PPARALPHA:RXR-ALPHA; motif: AWNTRGGTNAAAGGTCAN","TF:M08960","1","0","11841","20","7","20044","UBA6,PTK2,LDB3,CRYAB,PKP2,NFATC3,MYO18B"
"TF","Factor: POU6F1; motif: NTAATGAKATGNNN","TF:M11958","1","0","2840","20","1","20044","PTK2"
"TF","Factor: POU6F1; motif: TMATTANNNCTCATTA","TF:M11956","1","0","281","20","1","20044","GNRHR"
"TF","Factor: POU6F1; motif: NTAATGAGNN","TF:M11955","1","0","297","20","1","20044","MYPN"
"TF","Factor: POU6F1; motif: ANTAATTANT; match class: 1","TF:M08003_1","1","0","531","20","1","20044","PKP2"
"TF","Factor: POU6F1; motif: ANTAATTANT","TF:M08003","1","0","531","20","1","20044","PKP2"
"TF","Factor: POU6F1; motif: NNNNWTAATGAGSTNNN; match class: 1","TF:M01479_1","1","0","711","20","1","20044","NOS1AP"
"TF","Factor: POU6F1; motif: NNNNWTAATGAGSTNNN","TF:M01479","1","0","4406","20","2","20044","NOS1AP,MYPN"
"TF","Factor: POU6F1; motif: NNNNATAATGAGSTNNN; match class: 1","TF:M01462_1","1","0","1434","20","1","20044","NOS1AP"
"TF","Factor: POU4F3; motif: CTAATYW; match class: 1","TF:M07061_1","1","0","1895","20","3","20044","GNRHR,UBA6,MYO18B"
"TF","Factor: POU6F1; motif: NNNNATAATGAGSTNNN","TF:M01462","1","0","6010","20","3","20044","NOS1AP,GNRHR,MYPN"
"TF","Factor: Oct3; motif: NNWTATGYWAATKANN","TF:M11935","1","0","4473","20","6","20044","NOS1AP,CACNA2D2,UBA6,TMEM245,MYPN,ADM"
"TF","Factor: Oct3; motif: WTATGCGCATAW; match class: 1","TF:M11934_1","1","0","8895","20","8","20044","PRDM16,NOS1AP,SEC62,UBA6,TMEM245,MYPN,LDB3,NFATC3"
"TF","Factor: Oct3; motif: WTATGCGCATAW","TF:M11934","1","0","9380","20","8","20044","PRDM16,NOS1AP,SEC62,UBA6,TMEM245,MYPN,LDB3,NFATC3"
"TF","Factor: Oct3; motif: NNTTATGYWAATKARN","TF:M11932","1","0","4802","20","7","20044","NOS1AP,CACNA2D2,GNRHR,UBA6,TMEM245,MYPN,ADM"
"TF","Factor: Oct3; motif: CYWTTSWNATGCAAAT; match class: 1","TF:M10036_1","1","0","902","20","1","20044","MYPN"
"TF","Factor: Oct3; motif: CYWTTSWNATGCAAAT","TF:M10036","1","0","4305","20","4","20044","SEC62,GNRHR,MYPN,NFATC3"
"TF","Factor: POU5F1; motif: NNATGCAAANN; match class: 1","TF:M09782_1","1","0","1175","20","1","20044","MYPN"
"TF","Factor: POU5F1; motif: NNATGCAAANN","TF:M09782","1","0","5598","20","2","20044","NOS1AP,MYPN"
"TF","Factor: Oct3; motif: NYWTTSWTATGCAAAT; match class: 1","TF:M09646_1","1","0","1474","20","3","20044","SEC62,MYPN,NFATC3"
"TF","Factor: Oct3; motif: NYWTTSWTATGCAAAT","TF:M09646","1","0","5758","20","6","20044","SEC62,GNRHR,TMEM245,MYPN,CRYAB,NFATC3"
"TF","Factor: Oct3; motif: MWTATGYWAATNN","TF:M08780","1","0","103","20","1","20044","UBA6"
"TF","Factor: Oct3; motif: NATGCAANNN; match class: 1","TF:M01307_1","1","0","580","20","1","20044","MYPN"
"TF","Factor: Oct3; motif: NATGCAANNN","TF:M01307","1","0","3993","20","2","20044","NOS1AP,MYPN"
"TF","Factor: POU5F1B; motif: ATGMATATKCAW","TF:M04089","1","0","487","20","1","20044","NFATC3"
"TF","Factor: POU6F1; motif: GCATAAWTTAT","TF:M00465","1","0","1514","20","2","20044","SEC62,PKP2"
"TF","Factor: PPAR; motif: TGACCTTTGNCCY","TF:M00763","1","0","5340","20","3","20044","PTP4A3,LDB3,MYO18B"
"TF","Factor: POU3F1; motif: WTGMATAAWTNA","TF:M04077","1","0","2863","20","3","20044","SEC62,GNRHR,PKP2"
"TF","Factor: POU2F3; motif: NNTATGCAAATNN","TF:M12543","1","0","203","20","1","20044","NOS1AP"
"TF","Factor: POU2F1:PEA3; motif: ACCGGATATGCAN","TF:M08402","1","0","8244","20","6","20044","NOS1AP,SEC62,MECOM,MYPN,LDB3,PKP2"
"TF","Factor: POU2F1:ER81; motif: ACCGGATATGCAN","TF:M08401","1","0","7587","20","6","20044","NOS1AP,KAT2B,MECOM,MYPN,ADM,PKP2"
"TF","Factor: POU2F1:Elk-1; motif: ACCGGAWATGCAW","TF:M08398","1","0","8199","20","5","20044","KAT2B,SEC62,MECOM,MYPN,PKP2"
"TF","Factor: POU1F1; motif: ATGAATAAWT; match class: 1","TF:M00744_1","1","0","356","20","1","20044","GNRHR"
"TF","Factor: POU1F1; motif: ATGAATAAWT","TF:M00744","1","0","2611","20","2","20044","GNRHR,MYPN"
"TF","Factor: Pit-1; motif: NTAATTTATGCRN","TF:M11952","1","0","3617","20","4","20044","SEC62,GNRHR,MYPN,CRYAB"
"TF","Factor: Pit-1; motif: NTAATGAKATGCRN","TF:M11950","1","0","6097","20","2","20044","PRDM16,SEC62"
"TF","Factor: Pit-1; motif: NTAATTTATKCGY","TF:M11949","1","0","5613","20","4","20044","MECOM,GNRHR,MYPN,MYO18B"
"TF","Factor: POU1F1; motif: AWTATGCWAATKAG","TF:M04069","1","0","3282","20","5","20044","NOS1AP,GNRHR,UBA6,MYPN,ADM"
"TF","Factor: POU1F1; motif: NNNATGMATAWTTAATN; match class: 1","TF:M04068_1","1","0","650","20","1","20044","GNRHR"
"TF","Factor: POU1F1; motif: NNNATGMATAWTTAATN","TF:M04068","1","0","3489","20","4","20044","GNRHR,MYPN,PKP2,NFATC3"
"TF","Factor: PMX2B; motif: NNNAATTAATTAANNNG; match class: 1","TF:M01356_1","1","0","2106","20","2","20044","SEC62,PKP2"
"TF","Factor: PMX2B; motif: NNNAATTAATTAANNNG","TF:M01356","1","0","3214","20","4","20044","KAT2B,SEC62,UBA6,PKP2"
"TF","Factor: PMX1; motif: TAATHA; match class: 1","TF:M03560_1","1","0","10362","20","10","20044","NOS1AP,KAT2B,SEC62,MECOM,GNRHR,UBA6,TMEM245,MYPN,CRYAB,PKP2"
"TF","Factor: POU2F1:PEA3; motif: ACCGGATATGCAN; match class: 1","TF:M08402_1","1","0","2141","20","1","20044","MYPN"
"TF","Factor: PMX1; motif: TAATHA","TF:M03560","1","0","14076","20","13","20044","PRDM16,NOS1AP,KAT2B,SEC62,MECOM,GNRHR,UBA6,TMEM245,MYPN,ADM,CRYAB,PKP2,MYO18B"
"TF","Factor: PLZF; motif: ACTKTANNTN","TF:M04625","1","0","6174","20","4","20044","SEC62,GNRHR,UBA6,MYPN"
"TF","Factor: PLAGL2; motif: AAGGACC","TF:M05548","1","0","4254","20","4","20044","PRDM16,KAT2B,SEC62,ADM"
"TF","Factor: PLAG1; motif: NTGGGGTGGGGG","TF:M06865","1","0","243","20","1","20044","KAT2B"
"TF","Factor: PLAG1; motif: CCCCCKWNNNGGSCCC; match class: 1","TF:M01973_1","1","0","2492","20","5","20044","PRDM16,KAT2B,PTP4A3,PKP2,NFATC3"
"TF","Factor: PLAG1; motif: CCCCCKWNNNGGSCCC","TF:M01973","1","0","6338","20","10","20044","PRDM16,KAT2B,CACNA2D2,SEC62,MECOM,PTP4A3,PTK2,TMEM245,PKP2,NFATC3"
"TF","Factor: PLAG1; motif: GRGGCNNHNNNRRGGG; match class: 1","TF:M01778_1","1","0","477","20","1","20044","PRDM16"
"TF","Factor: PLAG1; motif: GRGGCNNHNNNRRGGG","TF:M01778","1","0","2851","20","7","20044","PRDM16,NOS1AP,KAT2B,CACNA2D2,SEC62,MECOM,PKP2"
"TF","Factor: PKNOX1; motif: NNTGAGTGACAGNNN","TF:M12559","1","0","448","20","1","20044","SEC62"
"TF","Factor: Pitx3; motif: GATTANA","TF:M07057","1","0","2303","20","1","20044","PTK2"
"TF","Factor: PITX3; motif: NGGATTANM","TF:M01735","1","0","327","20","1","20044","HSPG2"
"TF","Factor: Pitx3; motif: NTAATCCN","TF:M10908","1","0","930","20","1","20044","PTK2"
"TF","Factor: PITX3; motif: NNTAATCCN","TF:M04429","1","0","1781","20","1","20044","PTK2"
"TF","Factor: pitx2; motif: NNTAAWCCCA","TF:M02114","1","0","4739","20","1","20044","HSPG2"
"TF","Factor: Pitx2; motif: WNTAAWCCCA","TF:M07056","1","0","4739","20","1","20044","HSPG2"
"TF","Factor: PLZF; motif: ACTKTANNTN; match class: 1","TF:M04625_1","1","0","1521","20","1","20044","GNRHR"
"TF","Factor: POU3F1; motif: WTATGCWAATNN","TF:M04076","1","0","574","20","2","20044","NOS1AP,UBA6"
"TF","Factor: POU2F1:Gscl; motif: NNGATTANNTATKCANNNN","TF:M08404","1","0","6506","20","9","20044","PRDM16,HSPG2,SEC62,GNRHR,UBA6,CRYAB,PKP2,NFATC3,MYO18B"
"TF","Factor: POU2F1:HOXB13; motif: NGMATATACCAATAAA","TF:M08405","1","0","3967","20","6","20044","NOS1AP,SP3,MECOM,GNRHR,UBA6,MYPN"
"TF","Factor: POU2F3; motif: NNAYGCTNATS","TF:M11903","1","0","1728","20","3","20044","KAT2B,CACNA2D2,ADM"
"TF","Factor: POU2F3; motif: NYATGCGCATNN","TF:M11902","1","0","2924","20","4","20044","PRDM16,SEC62,UBA6,TMEM245"
"TF","Factor: POU2F3; motif: NTATGCWAATN","TF:M11901","1","0","1125","20","3","20044","NOS1AP,UBA6,ADM"
"TF","Factor: POU2F3; motif: ATGMATATKCAW; match class: 1","TF:M04075_1","1","0","747","20","1","20044","NFATC3"
"TF","Factor: POU2F3; motif: ATGMATATKCAW","TF:M04075","1","0","1796","20","1","20044","NFATC3"
"TF","Factor: POU2F3; motif: TATGCWAAT","TF:M04074","1","0","679","20","3","20044","NOS1AP,UBA6,ADM"
"TF","Factor: POU2F2; motif: NWTATGCAAATKAG","TF:M13000","1","0","2735","20","5","20044","NOS1AP,GNRHR,UBA6,MYPN,ADM"
"TF","Factor: Oct-2; motif: NTGCATATGCAN; match class: 1","TF:M11899_1","1","0","4481","20","3","20044","MYPN,CRYAB,NFATC3"
"TF","Factor: Oct-2; motif: NTGCATATGCAN","TF:M11899","1","0","5610","20","3","20044","MYPN,CRYAB,NFATC3"
"TF","Factor: Oct-2; motif: NNNATTATGCAN","TF:M11897","1","0","4877","20","6","20044","NOS1AP,PTK2,TMEM245,MYPN,ADM,MYO18B"
"TF","Factor: Oct-2; motif: NTATGCWAATN","TF:M11896","1","0","5369","20","7","20044","NOS1AP,KAT2B,UBA6,TMEM245,MYPN,ADM,NFATC3"
"TF","Factor: Oct-2; motif: NTATGCGCATAN; match class: 1","TF:M11895_1","1","0","1388","20","1","20044","SEC62"
"TF","Factor: Oct-2; motif: NTATGCGCATAN","TF:M11895","1","0","4049","20","5","20044","PRDM16,NOS1AP,SP3,SEC62,TMEM245"
"TF","Factor: Oct-2; motif: NNNATTATGCAW","TF:M11894","1","0","3763","20","3","20044","SEC62,GNRHR,MYPN"
"TF","Factor: POU2F1:Gscl; motif: NNGATTANNTATKCANNNN; match class: 1","TF:M08404_1","1","0","1848","20","3","20044","GNRHR,UBA6,PKP2"
"TF","Factor: Oct-2; motif: WTATGCAAATK","TF:M11892","1","0","1502","20","3","20044","NOS1AP,UBA6,ADM"
"TF","Factor: OCT-2; motif: ATGMATATGCWAAT","TF:M08836","1","0","3718","20","2","20044","NOS1AP,UBA6"
"TF","Factor: Oct-2; motif: NNNATTTGCATRT","TF:M07120","1","0","4896","20","4","20044","NOS1AP,MYPN,ADM,NFATC3"
"TF","Factor: Oct-2; motif: ATTTGCA; match class: 1","TF:M04715_1","1","0","1757","20","2","20044","NOS1AP,MYPN"
"TF","Factor: Oct-2; motif: ATTTGCA","TF:M04715","1","0","6397","20","8","20044","NOS1AP,MECOM,UBA6,TMEM245,MYPN,CRYAB,NFATC3,MYO18B"
"TF","Factor: POU2F2; motif: NWTRMATATKCAWN; match class: 1","TF:M04073_1","1","0","2419","20","2","20044","CRYAB,NFATC3"
"TF","Factor: POU2F2; motif: NWTRMATATKCAWN","TF:M04073","1","0","4171","20","3","20044","CRYAB,PKP2,NFATC3"
"TF","Factor: POU2F2; motif: NTATGCWAATN","TF:M04072","1","0","2406","20","3","20044","NOS1AP,UBA6,ADM"
"TF","Factor: POU2F1; motif: NNATTTGCATNN","TF:M03561","1","0","2158","20","2","20044","NOS1AP,MYPN"
"TF","Factor: POU2F1; motif: ATGCAAATN","TF:M07059","1","0","1642","20","1","20044","NOS1AP"
"TF","Factor: POU2F1; motif: ATTTGCATN","TF:M07058","1","0","3372","20","3","20044","NOS1AP,MYPN,ADM"
"TF","Factor: POU2F1; motif: ANKNRWATGSAAWYAW; match class: 1","TF:M10033_1","1","0","1014","20","1","20044","MYPN"
"TF","Factor: POU2F1; motif: ANKNRWATGSAAWYAW","TF:M10033","1","0","4799","20","6","20044","NOS1AP,CACNA2D2,MECOM,GNRHR,PTK2,MYPN"
"TF","Factor: POU2F1; motif: NWTATGCWAATN","TF:M04070","1","0","2744","20","3","20044","NOS1AP,UBA6,ADM"
"TF","Factor: POU2F1:HOXB13; motif: NGMATATACCAATAAA; match class: 1","TF:M08405_1","1","0","939","20","1","20044","GNRHR"
"TF","Factor: OCT-2; motif: ATGMATATGCWAAT; match class: 1","TF:M08836_1","1","0","826","20","1","20044","NOS1AP"
"TF","Factor: REST; motif: TTCAGCACCAYGGACAGCKCCN","TF:M09650","1","0","1836","20","3","20044","PTP4A3,MYPN,ADM"
"TF","Factor: PPARGAMMA:RXR-ALPHA; motif: NNRGGTCAAWAGGTCAN","TF:M08962","1","0","4851","20","6","20044","SEC62,GNRHR,CRYAB,PKP2,NFATC3,MYO18B"
"TF","Factor: PPARgamma:RXRalpha,; motif: AAGTAGGTCACNGTGACCYACTT; match class: 1","TF:M00515_1","1","0","4692","20","1","20044","PKP2"
"TF","Factor: RAR-gamma; motif: NAGGTCANG","TF:M11808","1","0","2043","20","1","20044","GNRHR"
"TF","Factor: RAR-gamma; motif: RAGGTCATGACCTY; match class: 1","TF:M11807_1","1","0","644","20","1","20044","ADM"
"TF","Factor: RAR-gamma; motif: RAGGTCATGACCTY","TF:M11807","1","0","2061","20","2","20044","NOS1AP,ADM"
"TF","Factor: RAR-gamma; motif: RAGGTCRTGACCTY; match class: 1","TF:M11805_1","1","0","636","20","1","20044","NOS1AP"
"TF","Factor: RAR-gamma; motif: RAGGTCRTGACCTY","TF:M11805","1","0","2351","20","1","20044","NOS1AP"
"TF","Factor: RAR-gamma; motif: NRGGTCAAAAGGTCAN","TF:M11804","1","0","3144","20","1","20044","NFATC3"
"TF","Factor: RAR-gamma; motif: RGGTCANNNTGNCCNNNN; match class: 1","TF:M10045_1","1","0","1958","20","2","20044","SEC62,LDB3"
"TF","Factor: RAR-gamma; motif: RGGTCANNNTGNCCNNNN","TF:M10045","1","0","7472","20","5","20044","HSPG2,SEC62,GNRHR,PTK2,LDB3"
"TF","Factor: RARG; motif: RAGGTCANNNRAGGTCA","TF:M04486","1","0","1723","20","1","20044","CRYAB"
"TF","Factor: RARG; motif: RAGGTCAASYARAGGTCA; match class: 1","TF:M04485_1","1","0","843","20","1","20044","PTP4A3"
"TF","Factor: RARG; motif: RAGGTCAASYARAGGTCA","TF:M04485","1","0","5151","20","5","20044","PTP4A3,MYPN,LDB3,CRYAB,MYO18B"
"TF","Factor: RARG; motif: GAGGTCAAAAGGTCAC","TF:M04484","1","0","2592","20","1","20044","PTP4A3"
"TF","Factor: NR1B2; motif: RAGGTCATGACCTN; match class: 1","TF:M11803_1","1","0","920","20","2","20044","NOS1AP,ADM"
"TF","Factor: NR1B2; motif: RAGGTCATGACCTN","TF:M11803","1","0","3228","20","2","20044","NOS1AP,ADM"
"TF","Factor: RAR-gamma; motif: TGACCTBYNKN","TF:M03562","1","0","4451","20","2","20044","SEC62,MYPN"
"TF","Factor: NR1B2; motif: NAAAGGTCAN","TF:M11801","1","0","2320","20","2","20044","GNRHR,ADM"
"TF","Factor: NR1B2; motif: RAGGTCRTGACCTY","TF:M11800","1","0","3755","20","2","20044","NOS1AP,ADM"
"TF","Factor: NR1B2; motif: NAAAGGTCAN; match class: 1","TF:M11798_1","1","0","352","20","1","20044","GNRHR"
"TF","Factor: NR1B2; motif: NAAAGGTCAN","TF:M11798","1","0","3300","20","4","20044","GNRHR,MYPN,LDB3,ADM"
"TF","Factor: Rarb; motif: AGGTCANNYARAGGTCA","TF:M08035","1","0","6018","20","3","20044","PTP4A3,CRYAB,MYO18B"
"TF","Factor: RARB; motif: AAAGGTCAARAGGTCA","TF:M04573","1","0","1127","20","1","20044","CRYAB"
"TF","Factor: NR1B1; motif: NRAGGTCANG","TF:M11797","1","0","1964","20","1","20044","GNRHR"
"TF","Factor: NR1B1; motif: NRGGNCRTGACCTN; match class: 1","TF:M11796_1","1","0","4965","20","2","20044","NOS1AP,ADM"
"TF","Factor: NR1B1; motif: NRGGNCRTGACCTN","TF:M11796","1","0","10893","20","8","20044","NOS1AP,SP3,KAT2B,PTP4A3,PTK2,ADM,PKP2,MYO18B"
"TF","Factor: NR1B1; motif: NRGGTCANNRGGTCAN; match class: 1","TF:M11795_1","1","0","2292","20","1","20044","PKP2"
"TF","Factor: NR1B1; motif: NRGGTCANNRGGTCAN","TF:M11795","1","0","8049","20","7","20044","GNRHR,PTP4A3,PTK2,CRYAB,PKP2,NFATC3,MYO18B"
"TF","Factor: NR1B1; motif: NRAGGTCANG","TF:M11794","1","0","2987","20","1","20044","GNRHR"
"TF","Factor: NR1B1; motif: NRGGTCANRRGGTCAN","TF:M11792","1","0","4908","20","2","20044","NFATC3,MYO18B"
"TF","Factor: NR1B1; motif: GGRNGRNSNRRAGKTCAAGG","TF:M10044","1","0","3660","20","2","20044","PTK2,MYO18B"
"TF","Factor: RARA; motif: AGGTCANNYAAAGGTCA; match class: 1","TF:M08019_1","1","0","1061","20","3","20044","LDB3,ADM,CRYAB"
"TF","Factor: NR1B2; motif: RAGGTCRTGACCTY; match class: 1","TF:M11800_1","1","0","987","20","2","20044","NOS1AP,ADM"
"TF","Factor: RARA; motif: AGGTCANNYAAAGGTCA","TF:M08019","1","0","5627","20","5","20044","PTP4A3,LDB3,ADM,CRYAB,MYO18B"
"TF","Factor: RAX2; motif: NYAATTAN","TF:M04434","1","0","2933","20","4","20044","KAT2B,GNRHR,UBA6,NFATC3"
"TF","Factor: rax; motif: NNCRTTAN; match class: 1","TF:M10948_1","1","0","5325","20","7","20044","NOS1AP,SEC62,UBA6,TMEM245,MYPN,PKP2,NFATC3"
"TF","Factor: REST; motif: AAGGTGCT","TF:M04926","1","0","6448","20","9","20044","NOS1AP,CACNA2D2,SEC62,MECOM,UBA6,TMEM245,LDB3,ADM,CRYAB"
"TF","Factor: REST; motif: GGACAGCKC; match class: 1","TF:M04726_1","1","0","1253","20","3","20044","PRDM16,HSPG2,MYO18B"
"TF","Factor: REST; motif: GGACAGCKC","TF:M04726","1","0","5988","20","11","20044","PRDM16,HSPG2,KAT2B,SEC62,GNRHR,PTP4A3,TMEM245,ADM,CRYAB,PKP2,MYO18B"
"TF","Factor: REST; motif: TGTCCRTGG","TF:M04702","1","0","762","20","2","20044","CRYAB,MYO18B"
"TF","Factor: REST; motif: TTCAGCACCAYGGA","TF:M04695","1","0","1070","20","1","20044","NFATC3"
"TF","Factor: REST; motif: NNNNGGNGCTGTCCATGGTGCT","TF:M01256","1","0","2721","20","7","20044","SP3,KAT2B,PTP4A3,MYPN,ADM,CRYAB,PKP2"
"TF","Factor: RERE; motif: CNGCNSCNNGSRCRGSGSS; match class: 1","TF:M13129_1","1","0","6157","20","10","20044","PRDM16,HSPG2,NOS1AP,SP3,KAT2B,CACNA2D2,PTP4A3,PTK2,PKP2,NFATC3"
"TF","Factor: RERE; motif: CNGCNSCNNGSRCRGSGSS","TF:M13129","1","0","10538","20","15","20044","PRDM16,HSPG2,NOS1AP,SP3,KAT2B,CACNA2D2,PTP4A3,PTK2,TMEM245,LDB3,ADM,CRYAB,PKP2,NFATC3,MYO18B"
"TF","Factor: RELB; motif: NNATTCCCCNN; match class: 1","TF:M09784_1","1","0","935","20","1","20044","SEC62"
"TF","Factor: RELB; motif: NNATTCCCCNN","TF:M09784","1","0","5458","20","6","20044","CACNA2D2,SEC62,MECOM,ADM,CRYAB,NFATC3"
"TF","Factor: RelB:p52; motif: GGGGNTTTCC","TF:M01239","1","0","695","20","1","20044","SEC62"
"TF","Factor: RelB:p50; motif: RGAAANTCCCYNNHGC","TF:M03882","1","0","4558","20","3","20044","NOS1AP,SEC62,UBA6"
"TF","Factor: RelA-p65; motif: GGGANTTTCCNN; match class: 1","TF:M03563_1","1","0","898","20","1","20044","PTK2"
"TF","Factor: RelA-p65; motif: GGGANTTTCCNN","TF:M03563","1","0","4724","20","3","20044","NOS1AP,SEC62,PTK2"
"TF","Factor: rax; motif: NNCRTTAN","TF:M10948","1","0","12008","20","9","20044","NOS1AP,SEC62,UBA6,PTK2,TMEM245,MYPN,ADM,PKP2,NFATC3"
"TF","Factor: RELA; motif: GGGRMTKYCCC; match class: 1","TF:M12657_1","1","0","1530","20","2","20044","SEC62,TMEM245"
"TF","Factor: RelA-p65; motif: NWGGGRATTTCCMN","TF:M10094","1","0","2467","20","2","20044","SEC62,MYO18B"
"TF","Factor: RelA-p65; motif: GGGRNTTTCCM","TF:M09668","1","0","3631","20","2","20044","SEC62,MYO18B"
"TF","Factor: RelA-p65; motif: AAASTCCC","TF:M04849","1","0","6347","20","6","20044","NOS1AP,SP3,SEC62,UBA6,PKP2,NFATC3"
"TF","Factor: RelA-p65; motif: AAATCCCCT; match class: 1","TF:M04814_1","1","0","885","20","1","20044","PTK2"
"TF","Factor: RelA-p65; motif: AAATCCCCT","TF:M04814","1","0","4628","20","6","20044","SP3,CACNA2D2,SEC62,PTK2,LDB3,CRYAB"
"TF","Factor: RelA-p65; motif: BCWGGGRANNK; match class: 1","TF:M04811_1","1","0","1892","20","1","20044","HSPG2"
"TF","Factor: RelA-p65; motif: BCWGGGRANNK","TF:M04811","1","0","7459","20","7","20044","PRDM16,HSPG2,SP3,CACNA2D2,LDB3,ADM,CRYAB"
"TF","Factor: RelA; motif: GGGRAWTYC","TF:M04706","1","0","2295","20","2","20044","SEC62,MECOM"
"TF","Factor: RBP-Jkappa; motif: TTCCCACK","TF:M01111","1","0","1037","20","2","20044","HSPG2,ADM"
"TF","Factor: RBPJK; motif: NSNSTGGGAAN; match class: 1","TF:M10085_1","1","0","364","20","1","20044","HSPG2"
"TF","Factor: RBPJK; motif: NSNSTGGGAAN","TF:M10085","1","0","3508","20","4","20044","HSPG2,KAT2B,MECOM,ADM"
"TF","Factor: RBPJK; motif: SYGTGRGAANN","TF:M09665","1","0","4518","20","2","20044","HSPG2,TMEM245"
"TF","Factor: RBP-Jkappa; motif: ANCGTGGGAAM; match class: 1","TF:M01112_1","1","0","243","20","1","20044","HSPG2"
"TF","Factor: RBP-Jkappa; motif: ANCGTGGGAAM","TF:M01112","1","0","2883","20","4","20044","HSPG2,MECOM,ADM,PKP2"
"TF","Factor: RELA; motif: GGGRMTKYCCC","TF:M12657","1","0","6470","20","6","20044","HSPG2,SEC62,PTP4A3,TMEM245,PKP2,MYO18B"
"TF","Factor: PPARgamma:RXRalpha,; motif: AAGTAGGTCACNGTGACCYACTT","TF:M00515","1","0","8106","20","3","20044","UBA6,TMEM245,PKP2"
"TF","Factor: RARA; motif: GAGGTCAAAAGGTCAAKK","TF:M08018","1","0","4742","20","1","20044","GNRHR"
"TF","Factor: RARA; motif: ARRGGTCANSNGAGGTCA","TF:M04482","1","0","3868","20","4","20044","HSPG2,PTK2,LDB3,CRYAB"
"TF","Factor: Prox-1; motif: NAAGRCGTCTTN","TF:M10557","1","0","1402","20","4","20044","HSPG2,NOS1AP,PTP4A3,MYO18B"
"TF","Factor: Prop-1; motif: TAATTNNRTTA","TF:M10928","1","0","1821","20","1","20044","KAT2B"
"TF","Factor: Prop-1; motif: TAATTNNRTTA","TF:M10926","1","0","1063","20","1","20044","KAT2B"
"TF","Factor: Prop-1; motif: TAATYNAATTA","TF:M04430","1","0","1017","20","1","20044","KAT2B"
"TF","Factor: Prep-1; motif: GRBTGANAGATN; match class: 1","TF:M07464_1","1","0","615","20","1","20044","PKP2"
"TF","Factor: Prep-1; motif: GRBTGANAGATN","TF:M07464","1","0","4422","20","4","20044","CACNA2D2,PTP4A3,PTK2,PKP2"
"TF","Factor: PREP-1; motif: TGANTGRCAGS","TF:M10032","1","0","1611","20","3","20044","SP3,CACNA2D2,SEC62"
"TF","Factor: PRDM9; motif: RGNGGNNAGGGRGGNNRNARNARN","TF:M12743","1","0","1175","20","3","20044","PRDM16,PTP4A3,LDB3"
"TF","Factor: PRDM6; motif: NRRARGAAAAANA","TF:M10041","1","0","2860","20","3","20044","KAT2B,GNRHR,UBA6"
"TF","Factor: PRDM6; motif: GGTACCAM","TF:M06727","1","0","535","20","2","20044","PTP4A3,LDB3"
"TF","Factor: Blimp-1; motif: NAGKGAAAGTGN","TF:M12243","1","0","2014","20","4","20044","HSPG2,SP3,KAT2B,MECOM"
"TF","Factor: Blimp-1; motif: NAGKGAAAGTGN","TF:M12242","1","0","1380","20","3","20044","HSPG2,SP3,MECOM"
"TF","Factor: Blimp-1; motif: RAAAGTGAAAGTNN","TF:M09649","1","0","302","20","2","20044","PRDM16,MYO18B"
"TF","Factor: Blimp-1; motif: NRAAAGTGAAAGTNN","TF:M07121","1","0","396","20","2","20044","PRDM16,MYO18B"
"TF","Factor: Prox-1; motif: NAAGRCGTCTTN; match class: 1","TF:M10557_1","1","0","170","20","1","20044","MYO18B"
"TF","Factor: Blimp-1; motif: NACTTTCAC","TF:M04731","1","0","4024","20","9","20044","PRDM16,HSPG2,NOS1AP,SP3,KAT2B,MECOM,PTP4A3,PTK2,MYO18B"
"TF","Factor: MEL1; motif: GARGAT; match class: 1","TF:M08794_1","1","0","4414","20","3","20044","PRDM16,PKP2,NFATC3"
"TF","Factor: MEL1; motif: GARGAT","TF:M08794","1","0","11145","20","11","20044","PRDM16,HSPG2,CACNA2D2,SEC62,PTK2,TMEM245,MYPN,CRYAB,PKP2,NFATC3,MYO18B"
"TF","Factor: MEL1; motif: GATGAG; match class: 1","TF:M08793_1","1","0","5082","20","1","20044","SEC62"
"TF","Factor: MEL1; motif: GATGAG","TF:M08793","1","0","12073","20","9","20044","PRDM16,CACNA2D2,SEC62,UBA6,PTP4A3,TMEM245,MYPN,CRYAB,NFATC3"
"TF","Factor: MEL1; motif: GATAAGATAA","TF:M08792","1","0","2316","20","3","20044","SEC62,PTP4A3,MYO18B"
"TF","Factor: PRDM16; motif: KGGTCATRACCM; match class: 1","TF:M05946_1","1","0","2296","20","3","20044","PTK2,ADM,NFATC3"
"TF","Factor: PRDM16; motif: KGGTCATRACCM","TF:M05946","1","0","7274","20","6","20044","NOS1AP,PTK2,MYPN,ADM,CRYAB,NFATC3"
"TF","Factor: PRDM15; motif: NYCCRNTCCRGGTTTTSC","TF:M12654","1","0","1045","20","2","20044","PTK2,PKP2"
"TF","Factor: PRDM15; motif: NYGGGACTTT","TF:M06798","1","0","205","20","1","20044","NFATC3"
"TF","Factor: PRDM10; motif: NNTGGTNCNGYCCRN","TF:M12653","1","0","2009","20","1","20044","PTP4A3"
"TF","Factor: PPARgamma; motif: NWSTRGGKSARAGGKCA; match class: 1","TF:M10038_1","1","0","1457","20","1","20044","PTP4A3"
"TF","Factor: PPARgamma; motif: NWSTRGGKSARAGGKCA","TF:M10038","1","0","6806","20","2","20044","SEC62,PTP4A3"
"TF","Factor: PPARGAMMA; motif: NWNTRGGTYANN","TF:M08961","1","0","5432","20","5","20044","KAT2B,SEC62,PTP4A3,PKP2,NFATC3"
"TF","Factor: PPAR; motif: WASNRGGNCAAAGGTCA","TF:M00528","1","0","4103","20","3","20044","CRYAB,PKP2,MYO18B"
"TF","Factor: PRDM1; motif: NRAAAGTGAAAGTNN","TF:M03916","1","0","946","20","3","20044","PRDM16,GNRHR,MYO18B"
"TF","Factor: RARA; motif: AGGTCAANNARAGGTCA","TF:M04483","1","0","4372","20","3","20044","PTP4A3,CRYAB,MYO18B"
"TF","Factor: Prox-1; motif: NAAGGCGTCNTN","TF:M10558","1","0","970","20","3","20044","HSPG2,NOS1AP,PTP4A3"
"TF","Factor: PRRX1; motif: NYAATTAN","TF:M04431","1","0","3442","20","5","20044","KAT2B,SEC62,GNRHR,UBA6,NFATC3"
"TF","Factor: RARA; motif: ARGGTCAAAAGGTCA","TF:M04481","1","0","3236","20","1","20044","CRYAB"
"TF","Factor: RAD21; motif: NCCASYAGRKGGCRSNN","TF:M09748","1","0","2045","20","1","20044","KAT2B"
"TF","Factor: PURBETA; motif: NCWGRGGCTGGGG; match class: 1","TF:M12726_1","1","0","2535","20","3","20044","HSPG2,PTP4A3,LDB3"
"TF","Factor: PURBETA; motif: NCWGRGGCTGGGG","TF:M12726","1","0","7893","20","10","20044","PRDM16,HSPG2,CACNA2D2,MECOM,PTP4A3,PTK2,LDB3,ADM,CRYAB,MYO18B"
"TF","Factor: PUR1; motif: GGGNCAGNN; match class: 1","TF:M01721_1","1","0","3489","20","10","20044","PRDM16,HSPG2,SP3,KAT2B,CACNA2D2,PTP4A3,PTK2,LDB3,ADM,PKP2"
"TF","Factor: PUR1; motif: GGGNCAGNN","TF:M01721","1","0","9315","20","11","20044","PRDM16,HSPG2,SP3,KAT2B,CACNA2D2,SEC62,PTP4A3,PTK2,LDB3,ADM,PKP2"
"TF","Factor: PU.1; motif: WGAGGAAG","TF:M00658","1","0","4518","20","1","20044","MYPN"
"TF","Factor: PU.1; motif: NNNNYYYACTTCCTCTTTY","TF:M01172","1","0","4278","20","3","20044","SP3,UBA6,PKP2"
"TF","Factor: PTIP; motif: NTGRMCTTTG","TF:M12655","1","0","1421","20","1","20044","UBA6"
"TF","Factor: PTF1; motif: SCAGCTGNYNNNNYYCNN","TF:M10043","1","0","3433","20","5","20044","HSPG2,KAT2B,SEC62,PTP4A3,LDB3"
"TF","Factor: PSF; motif: KWATCCGN; match class: 1","TF:M07612_1","1","0","1147","20","3","20044","SEC62,UBA6,PKP2"
"TF","Factor: PSF; motif: KWATCCGN","TF:M07612","1","0","5733","20","7","20044","NOS1AP,CACNA2D2,SEC62,UBA6,PTK2,CRYAB,PKP2"
"TF","Factor: PR; motif: CNNNNTGTTCT","TF:M03799","1","0","1180","20","4","20044","MYPN,ADM,CRYAB,MYO18B"
"TF","Factor: PR; motif: RGNACATTYTGTNCTN","TF:M10042","1","0","3236","20","2","20044","LDB3,PKP2"
"TF","Factor: PROX1; motif: CYYTGNNCTY","TF:M13134","1","0","2779","20","2","20044","GNRHR,ADM"
"TF","Factor: PR; motif: NNNNNNRGNACNNKNTGTTCTNNNNNN; match class: 1","TF:M00957_1","1","0","572","20","2","20044","CRYAB,PKP2"
"TF","Factor: PR; motif: NNNNNNGGNACRNNNTGTTCTNNNNNN; match class: 1","TF:M00954_1","1","0","924","20","3","20044","ADM,CRYAB,PKP2"
"TF","Factor: PR; motif: NNNNNNGGNACRNNNTGTTCTNNNNNN","TF:M00954","1","0","5533","20","9","20044","HSPG2,KAT2B,CACNA2D2,SEC62,UBA6,MYPN,ADM,CRYAB,PKP2"
"TF","Factor: Prx2; motif: TYAWAKTAA; match class: 1","TF:M02115_1","1","0","686","20","2","20044","GNRHR,MYPN"
"TF","Factor: Prx2; motif: TYAWAKTAA","TF:M02115","1","0","3531","20","6","20044","KAT2B,GNRHR,MYPN,PKP2,NFATC3,MYO18B"
"TF","Factor: PRX-2; motif: CTAATTAN","TF:M10890","1","0","993","20","1","20044","UBA6"
"TF","Factor: PRX-2; motif: CTAATTAN","TF:M10888","1","0","491","20","1","20044","UBA6"
"TF","Factor: PRX-2; motif: NNCRTTAN; match class: 1","TF:M10887_1","1","0","1218","20","2","20044","UBA6,TMEM245"
"TF","Factor: PRX-2; motif: NNCRTTAN","TF:M10887","1","0","5824","20","5","20044","SEC62,UBA6,PTK2,TMEM245,ADM"
"TF","Factor: PRX-2; motif: NYAATTAN","TF:M10886","1","0","1149","20","2","20044","KAT2B,NFATC3"
"TF","Factor: PRX-2; motif: NKCGTTAN; match class: 1","TF:M10885_1","1","0","1218","20","2","20044","UBA6,TMEM245"
"TF","Factor: PRX-2; motif: NKCGTTAN","TF:M10885","1","0","5824","20","5","20044","SEC62,UBA6,PTK2,TMEM245,ADM"
"TF","Factor: PRX-2; motif: NCAATTAN","TF:M10884","1","0","2073","20","2","20044","KAT2B,NFATC3"
"TF","Factor: PRRX2; motif: NYAATTAN","TF:M04433","1","0","3146","20","4","20044","KAT2B,SEC62,GNRHR,NFATC3"
"TF","Factor: PRRX1; motif: TAATYTAATTA","TF:M04432","1","0","743","20","1","20044","KAT2B"
"TF","Factor: PR; motif: NNNNNNRGNACNNKNTGTTCTNNNNNN","TF:M00957","1","0","4144","20","7","20044","KAT2B,SEC62,UBA6,MYPN,ADM,CRYAB,PKP2"
"TF","Factor: c-Myc; motif: NCCACGTGCNN","TF:M09992","1","0","5706","20","5","20044","HSPG2,MECOM,PTP4A3,LDB3,NFATC3"
"TF","Factor: MYC; motif: NNCCACGTGCNN; match class: 1","TF:M09812_1","1","0","5330","20","4","20044","HSPG2,PTP4A3,LDB3,NFATC3"
"TF","Factor: Msx-2; motif: TWWTTGGDGABN","TF:M03797","1","0","4945","20","4","20044","NOS1AP,CACNA2D2,GNRHR,PKP2"
"TF","Factor: c-Myc; motif: NSCACGTGGN; match class: 1","TF:M04743_1","1","0","3138","20","2","20044","HSPG2,PTP4A3"
"TF","Factor: BSX; motif: NYNATTAN","TF:M04292","1","0","2368","20","4","20044","KAT2B,SEC62,GNRHR,NFATC3"
"TF","Factor: Brn-3c; motif: NNTTATTAATKANKNC; match class: 1","TF:M01408_1","1","0","1927","20","4","20044","GNRHR,UBA6,MYPN,PKP2"
"TF","Factor: Brn-3c; motif: NNTTATTAATKANKNC","TF:M01408","1","0","4874","20","7","20044","NOS1AP,SEC62,GNRHR,UBA6,MYPN,ADM,PKP2"
"TF","Factor: BRN1; motif: HAATGCN; match class: 1","TF:M03813_1","1","0","7072","20","7","20044","HSPG2,SEC62,MECOM,GNRHR,MYPN,LDB3,NFATC3"
"TF","Factor: BRN1; motif: HAATGCN","TF:M03813","1","0","13263","20","13","20044","PRDM16,HSPG2,NOS1AP,KAT2B,SEC62,MECOM,GNRHR,UBA6,PTK2,MYPN,LDB3,NFATC3,MYO18B"
"TF","Factor: BRCA1:USF2; motif: KTNNGTTG","TF:M01082","1","0","7267","20","6","20044","KAT2B,SEC62,GNRHR,UBA6,TMEM245,MYPN"
"TF","Factor: BRCA2; motif: TGMCYCWGN; match class: 1","TF:M12723_1","1","0","508","20","1","20044","CACNA2D2"
"TF","Factor: BRCA2; motif: TGMCYCWGN","TF:M12723","1","0","3940","20","5","20044","CACNA2D2,SEC62,MECOM,TMEM245,PKP2"
"TF","Factor: Brachyury; motif: NTNNCANNNNRGTGTGAANN","TF:M09878","1","0","3880","20","4","20044","HSPG2,KAT2B,GNRHR,CRYAB"
"TF","Factor: BNC2; motif: NNRTGAGTCANN","TF:M12885","1","0","681","20","1","20044","LDB3"
"TF","Factor: BMAL1; motif: AGCCAYKKGA","TF:M07350","1","0","1411","20","1","20044","NFATC3"
"TF","Factor: Blimp-1; motif: NRGRAAGKGAAAGK","TF:M03865","1","0","589","20","3","20044","KAT2B,MECOM,GNRHR"
"TF","Factor: Blimp-1; motif: RGRAAGNGAAAG","TF:M07314","1","0","1460","20","4","20044","PRDM16,GNRHR,UBA6,MYO18B"
"TF","Factor: BLIMP1; motif: RAAAGTGAAAGTGN","TF:M12584","1","0","958","20","3","20044","PRDM16,PTP4A3,MYO18B"
"TF","Factor: Blimp-1; motif: RRGNGAAAGNRANNN; match class: 1","TF:M10526_1","1","0","289","20","1","20044","MECOM"
"TF","Factor: Blimp-1; motif: RRGNGAAAGNRANNN","TF:M10526","1","0","2348","20","6","20044","PRDM16,SP3,KAT2B,MECOM,GNRHR,MYO18B"
"TF","Factor: Blimp-1; motif: RAAAGNGAAAGTNN","TF:M10040","1","0","368","20","3","20044","PRDM16,GNRHR,MYO18B"
"TF","Factor: DEC1; motif: GTCACGTGAC; match class: 1","TF:M11074_1","1","0","3943","20","1","20044","NFATC3"
"TF","Factor: DEC1; motif: GTCACGTGAC","TF:M11074","1","0","4185","20","2","20044","UBA6,NFATC3"
"TF","Factor: DEC1; motif: GTCACGTGAC; match class: 1","TF:M11073_1","1","0","5358","20","3","20044","UBA6,ADM,NFATC3"
"TF","Factor: DEC1; motif: GTCACGTGAC","TF:M11073","1","0","6647","20","4","20044","SEC62,UBA6,ADM,NFATC3"
"TF","Factor: BHLHE23; motif: AMCATATGKY; match class: 1","TF:M11114_1","1","0","73","20","1","20044","PKP2"
"TF","Factor: BHLHE23; motif: AMCATATGKY","TF:M11114","1","0","185","20","1","20044","PKP2"
"TF","Factor: BHLHA15; motif: NNCAGCTGNN; match class: 1","TF:M11110_1","1","0","717","20","1","20044","LDB3"
"TF","Factor: BHLHA15; motif: NNCAGCTGNN","TF:M11110","1","0","1637","20","2","20044","MECOM,LDB3"
"TF","Factor: BHLHA15; motif: NNCATATGNN","TF:M11109","1","0","821","20","1","20044","MYPN"
"TF","Factor: BHLHA15; motif: NACAGCTGTN","TF:M11108","1","0","277","20","1","20044","LDB3"
"TF","Factor: BHLHA15; motif: SNAGCAGCTGG","TF:M09875","1","0","1170","20","2","20044","KAT2B,CACNA2D2"
"TF","Factor: beta-catenin; motif: CTTTGATN; match class: 1","TF:M07599_1","1","0","2308","20","2","20044","GNRHR,MYPN"
"TF","Factor: BSX; motif: NTCRTTAN","TF:M10589","1","0","4621","20","6","20044","NOS1AP,SEC62,UBA6,PTK2,TMEM245,MYPN"
"TF","Factor: BSX; motif: NTCRTTAN; match class: 1","TF:M10589_1","1","0","703","20","1","20044","TMEM245"
"TF","Factor: BSX; motif: NYRATTAN","TF:M10590","1","0","2710","20","2","20044","KAT2B,NFATC3"
"TF","Factor: BSX; motif: NNCGTTAN","TF:M10591","1","0","7922","20","8","20044","SEC62,UBA6,PTK2,TMEM245,MYPN,ADM,PKP2,NFATC3"
"TF","Factor: CDP; motif: NATCGATCGS; match class: 1","TF:M00104_1","1","0","1367","20","1","20044","KAT2B"
"TF","Factor: CDP; motif: NATCGATCGS","TF:M00104","1","0","4428","20","5","20044","KAT2B,GNRHR,UBA6,MYPN,PKP2"
"TF","Factor: Cdc5; motif: GATTTAACATAA","TF:M00478","1","0","540","20","1","20044","MYPN"
"TF","Factor: CART1; motif: NGNNYTAATTARTNNNN; match class: 1","TF:M01362_1","1","0","3479","20","4","20044","KAT2B,SEC62,UBA6,PKP2"
"TF","Factor: CART1; motif: NGNNYTAATTARTNNNN","TF:M01362","1","0","4584","20","6","20044","NOS1AP,KAT2B,SEC62,MECOM,UBA6,PKP2"
"TF","Factor: Cart-1; motif: NNNTAATTNNCATTANCN; match class: 1","TF:M00416_1","1","0","918","20","1","20044","GNRHR"
"TF","Factor: Cart-1; motif: NNNTAATTNNCATTANCN","TF:M00416","1","0","2334","20","2","20044","GNRHR,MYPN"
"TF","Factor: CAR_RXR; motif: CYNNNNTGAMCTYW","TF:M03788","1","0","1118","20","1","20044","MYO18B"
"TF","Factor: CACCC-binding; motif: CANCCNNWGGGTGDGG; match class: 1","TF:M00721_1","1","0","333","20","2","20044","PRDM16,CACNA2D2"
"TF","Factor: CACCC-binding; motif: CANCCNNWGGGTGDGG","TF:M00721","1","0","3009","20","7","20044","PRDM16,KAT2B,CACNA2D2,MECOM,UBA6,TMEM245,MYO18B"
"TF","Factor: BTEB3; motif: BNRNGGGAGGNGT; match class: 1","TF:M01865_1","1","0","4340","20","7","20044","PRDM16,NOS1AP,SP3,KAT2B,MECOM,PTP4A3,CRYAB"
"TF","Factor: BTEB3; motif: BNRNGGGAGGNGT","TF:M01865","1","0","10138","20","12","20044","PRDM16,HSPG2,NOS1AP,SP3,KAT2B,SEC62,MECOM,PTP4A3,PTK2,TMEM245,CRYAB,PKP2"
"TF","Factor: BTEB3; motif: NRCCACGCCCMCN","TF:M12182","1","0","1789","20","2","20044","PTP4A3,PTK2"
"TF","Factor: BTEB3; motif: NRCCACGCCCMCN","TF:M12181","1","0","1636","20","2","20044","PTP4A3,PTK2"
"TF","Factor: beta-catenin; motif: CTTTGATN","TF:M07599","1","0","8140","20","6","20044","KAT2B,MECOM,GNRHR,UBA6,TMEM245,MYPN"
"TF","Factor: BTEB3; motif: NRCCACGCCCMCN","TF:M12180","1","0","2139","20","3","20044","KAT2B,PTP4A3,PTK2"
"TF","Factor: BTEB3; motif: CCNNSCCNSCCCCKCCCCC; match class: 1","TF:M09826_1","1","0","7769","20","15","20044","PRDM16,HSPG2,NOS1AP,SP3,KAT2B,SEC62,MECOM,PTP4A3,PTK2,TMEM245,ADM,CRYAB,PKP2,NFATC3,MYO18B"
"TF","Factor: BTEB3; motif: CCNNSCCNSCCCCKCCCCC","TF:M09826","1","0","11837","20","17","20044","PRDM16,HSPG2,NOS1AP,SP3,KAT2B,CACNA2D2,SEC62,MECOM,UBA6,PTP4A3,PTK2,TMEM245,ADM,CRYAB,PKP2,NFATC3,MYO18B"
"TF","Factor: BTEB2; motif: RGGGNGKGGN; match class: 1","TF:M07277_1","1","0","4324","20","5","20044","HSPG2,CACNA2D2,PTP4A3,PKP2,NFATC3"
"TF","Factor: BTEB2; motif: RGGGNGKGGN","TF:M07277","1","0","8762","20","14","20044","PRDM16,HSPG2,NOS1AP,KAT2B,CACNA2D2,SEC62,MECOM,PTP4A3,PTK2,ADM,CRYAB,PKP2,NFATC3,MYO18B"
"TF","Factor: BTEB2; motif: GNAGGGGGNGGGSSNN; match class: 1","TF:M03814_1","1","0","1342","20","5","20044","PRDM16,KAT2B,PTP4A3,TMEM245,NFATC3"
"TF","Factor: BTEB2; motif: GNAGGGGGNGGGSSNN","TF:M03814","1","0","5306","20","11","20044","PRDM16,SP3,KAT2B,UBA6,PTP4A3,PTK2,TMEM245,ADM,CRYAB,PKP2,NFATC3"
"TF","Factor: BTEB2; motif: NCCACRCCCN","TF:M12165","1","0","4999","20","6","20044","HSPG2,KAT2B,PTP4A3,PTK2,PKP2,MYO18B"
"TF","Factor: BTEB2; motif: NMCACGCCCN","TF:M12164","1","0","3026","20","3","20044","KAT2B,PTP4A3,PTK2"
"TF","Factor: BTEB2; motif: WGGGTGKGGCNGGN; match class: 1","TF:M09972_1","1","0","4069","20","11","20044","PRDM16,HSPG2,SP3,KAT2B,CACNA2D2,SEC62,MECOM,UBA6,PTP4A3,CRYAB,PKP2"
"TF","Factor: BTEB2; motif: WGGGTGKGGCNGGN","TF:M09972","1","0","9469","20","15","20044","PRDM16,HSPG2,NOS1AP,SP3,KAT2B,CACNA2D2,SEC62,MECOM,UBA6,PTP4A3,ADM,CRYAB,PKP2,NFATC3,MYO18B"
"TF","Factor: BTEB1; motif: GNRGKGGGCGTGGCC","TF:M09974","1","0","892","20","2","20044","PTP4A3,NFATC3"
"TF","Factor: BTEB1; motif: GGGGGCGGGGCNGSGGGNGS; match class: 1","TF:M09723_1","1","0","6193","20","12","20044","PRDM16,HSPG2,SP3,KAT2B,CACNA2D2,MECOM,PTP4A3,PTK2,ADM,CRYAB,PKP2,NFATC3"
"TF","Factor: BTEB1; motif: GGGGGCGGGGCNGSGGGNGS","TF:M09723","1","0","10316","20","14","20044","PRDM16,HSPG2,NOS1AP,SP3,KAT2B,CACNA2D2,SEC62,MECOM,PTP4A3,PTK2,ADM,CRYAB,PKP2,NFATC3"
"TF","Factor: BSX; motif: NNCGTTAN; match class: 1","TF:M10591_1","1","0","2303","20","5","20044","SEC62,UBA6,TMEM245,PKP2,NFATC3"
"TF","Factor: BTEB3; motif: NRCCACGCCCMCN","TF:M12179","1","0","1384","20","2","20044","PTP4A3,PTK2"
"TF","Factor: Beta-catenin; motif: GNNNNCTTTGWTGNY; match class: 1","TF:M07035_1","1","0","657","20","1","20044","MYPN"
"TF","Factor: Beta-catenin; motif: GNNNNCTTTGWTGNY","TF:M07035","1","0","4336","20","5","20044","KAT2B,MECOM,GNRHR,UBA6,MYPN"
"TF","Factor: beta-catenin; motif: CTTTGWTN; match class: 1","TF:M07376_1","1","0","767","20","1","20044","MYPN"
"TF","Factor: Barhl2; motif: NTAATTGN","TF:M10583","1","0","1093","20","2","20044","KAT2B,NFATC3"
"TF","Factor: BARHL2; motif: NNTAAAYGNN","TF:M04287","1","0","4525","20","3","20044","NOS1AP,SEC62,ADM"
"TF","Factor: Barhl-1; motif: NTAANNGN","TF:M10579","1","0","1571","20","2","20044","KAT2B,NFATC3"
"TF","Factor: Barhl-1; motif: NTAAACGN","TF:M10578","1","0","6254","20","3","20044","NOS1AP,SEC62,ADM"
"TF","Factor: Bach1; motif: NNSATGAGTCATGNT","TF:M00495","1","0","494","20","1","20044","LDB3"
"TF","Factor: atoh7; motif: ANCATATGKY; match class: 1","TF:M11106_1","1","0","76","20","1","20044","PKP2"
"TF","Factor: atoh7; motif: ANCATATGKY","TF:M11106","1","0","425","20","1","20044","PKP2"
"TF","Factor: atoh7; motif: ANCATATGKY; match class: 1","TF:M11105_1","1","0","80","20","1","20044","PKP2"
"TF","Factor: atoh7; motif: ANCATATGKY","TF:M11105","1","0","361","20","1","20044","PKP2"
"TF","Factor: ATF; motif: NTGACGTCANYS","TF:M00338","1","0","3892","20","5","20044","GNRHR,UBA6,PTP4A3,ADM,MYO18B"
"TF","Factor: ATF; motif: CNSTGACGTNNNYC","TF:M00017","1","0","7350","20","7","20044","SEC62,GNRHR,UBA6,PTP4A3,ADM,PKP2,MYO18B"
"TF","Factor: ATF-6; motif: GRTGACGTCAYC; match class: 1","TF:M11228_1","1","0","2138","20","1","20044","UBA6"
"TF","Factor: ATF-6; motif: GRTGACGTCAYC","TF:M11228","1","0","2157","20","1","20044","UBA6"
"TF","Factor: ATF6; motif: TGACGTGG","TF:M00483","1","0","2657","20","4","20044","SEC62,PTP4A3,ADM,PKP2"
"TF","Factor: Barhl2; motif: NTAAACGN","TF:M10584","1","0","1936","20","1","20044","NOS1AP"
"TF","Factor: CREBL1; motif: GRTGACGTCAYC","TF:M11231","1","0","1087","20","1","20044","UBA6"
"TF","Factor: ATF-4; motif: KACGTCAKS; match class: 1","TF:M01864_1","1","0","1269","20","1","20044","ADM"
"TF","Factor: ATF-4; motif: KACGTCAKS","TF:M01864","1","0","4540","20","4","20044","UBA6,LDB3,ADM,MYO18B"
"TF","Factor: ATF-4; motif: NNTKRCRTCANS","TF:M07246","1","0","2858","20","4","20044","NOS1AP,PTP4A3,TMEM245,CRYAB"
"TF","Factor: ATF4; motif: CVTGACGYMABG","TF:M00514","1","0","5469","20","4","20044","PRDM16,CACNA2D2,LDB3,ADM"
"TF","Factor: ATF4; motif: NATTGCATCAKCY","TF:M12583","1","0","2574","20","4","20044","NOS1AP,TMEM245,MYPN,PKP2"
"TF","Factor: ATF4; motif: NNATGATGCAATNN","TF:M12565","1","0","2244","20","3","20044","TMEM245,MYPN,PKP2"
"TF","Factor: ATF-4; motif: GGATGACGTCATCC; match class: 1","TF:M11337_1","1","0","3284","20","2","20044","UBA6,PTP4A3"
"TF","Factor: ATF-4; motif: GGATGACGTCATCC","TF:M11337","1","0","3424","20","2","20044","UBA6,PTP4A3"
"TF","Factor: ATF-4; motif: GGATGACGTCATCC; match class: 1","TF:M11335_1","1","0","2240","20","2","20044","UBA6,PTP4A3"
"TF","Factor: ATF-4; motif: GGATGACGTCATCC","TF:M11335","1","0","2322","20","2","20044","UBA6,PTP4A3"
"TF","Factor: ATF-4; motif: GGATGATGTCATCC","TF:M11334","1","0","6434","20","3","20044","CACNA2D2,PTP4A3,CRYAB"
"TF","Factor: ATF-4; motif: RNMTGATGCAAY","TF:M09869","1","0","2123","20","3","20044","TMEM245,MYPN,PKP2"
"TF","Factor: ATF4; motif: ATTGCATCAT","TF:M09839","1","0","2141","20","3","20044","TMEM245,MYPN,PKP2"
"TF","Factor: ATF4; motif: NNATGAYGCAATM","TF:M04197","1","0","2166","20","3","20044","NOS1AP,CACNA2D2,PKP2"
"TF","Factor: ATF5; motif: CYTCTYCCTTA","TF:M01295","1","0","1292","20","1","20044","SEC62"
"TF","Factor: CDP; motif: NATYGATSSS","TF:M00106","1","0","6494","20","5","20044","KAT2B,SEC62,MECOM,UBA6,MYPN"
"TF","Factor: Barx-2; motif: TAANTAATTANTKNTN","TF:M01431","1","0","2209","20","2","20044","SEC62,PKP2"
"TF","Factor: Barx-2; motif: NWWAAYMATTAN","TF:M10587","1","0","1778","20","1","20044","MYPN"
"TF","Factor: beta-catenin; motif: CTTTGWTN","TF:M07376","1","0","4658","20","6","20044","KAT2B,MECOM,GNRHR,UBA6,TMEM245,MYPN"
"TF","Factor: beta-catenin; motif: GDMATCAAAGM; match class: 1","TF:M03539_1","1","0","454","20","1","20044","UBA6"
"TF","Factor: beta-catenin; motif: GDMATCAAAGM","TF:M03539","1","0","3864","20","5","20044","SEC62,MECOM,GNRHR,UBA6,LDB3"
"TF","Factor: BEN; motif: CWGCGAYA; match class: 1","TF:M01241_1","1","0","2149","20","1","20044","HSPG2"
"TF","Factor: BEN; motif: CWGCGAYA","TF:M01241","1","0","7638","20","6","20044","HSPG2,CACNA2D2,UBA6,TMEM245,CRYAB,NFATC3"
"TF","Factor: BEN; motif: CAGCGRNV; match class: 1","TF:M01240_1","1","0","13586","20","14","20044","PRDM16,HSPG2,NOS1AP,SP3,KAT2B,CACNA2D2,SEC62,MECOM,PTK2,TMEM245,ADM,CRYAB,PKP2,NFATC3"
"TF","Factor: BEN; motif: CAGCGRNV","TF:M01240","1","0","16870","20","16","20044","PRDM16,HSPG2,NOS1AP,SP3,KAT2B,CACNA2D2,SEC62,MECOM,PTP4A3,PTK2,TMEM245,LDB3,ADM,CRYAB,PKP2,NFATC3"
"TF","Factor: BCL-6; motif: TTCCTAGAAA","TF:M07375","1","0","572","20","1","20044","NFATC3"
"TF","Factor: Bcl-6; motif: NTTYCTAGRA; match class: 1","TF:M02085_1","1","0","1078","20","1","20044","NFATC3"
"TF","Factor: Bcl-6; motif: NTTYCTAGRA","TF:M02085","1","0","5044","20","5","20044","GNRHR,UBA6,CRYAB,NFATC3,MYO18B"
"TF","Factor: BCL6; motif: NKTTCTAGGW","TF:M01171","1","0","1368","20","1","20044","NFATC3"
"TF","Factor: BCL-6; motif: NNGYAATCGAGGAATN; match class: 1","TF:M12342_1","1","0","575","20","1","20044","MYO18B"
"TF","Factor: BCL-6; motif: NNGYAATCGAGGAATN","TF:M12342","1","0","4642","20","5","20044","MECOM,PTP4A3,PTK2,TMEM245,MYO18B"
"TF","Factor: BCL-6; motif: NYGCTTTCKAGGAANN; match class: 1","TF:M12341_1","1","0","1159","20","1","20044","NFATC3"
"TF","Factor: Barx-2; motif: TAANTAATTANTKNTN; match class: 1","TF:M01431_1","1","0","1480","20","1","20044","PKP2"
"TF","Factor: BCL-6; motif: NYGCTTTCKAGGAANN","TF:M12341","1","0","6105","20","3","20044","UBA6,PTK2,NFATC3"
"TF","Factor: BCL-6; motif: NTGCTTTCTAGGAATN; match class: 1","TF:M12339_1","1","0","657","20","1","20044","NFATC3"
"TF","Factor: BCL-6; motif: NTGCTTTCTAGGAATN","TF:M12339","1","0","4595","20","2","20044","UBA6,NFATC3"
"TF","Factor: BCL-6; motif: NNCTTTCYAGGAA","TF:M09874","1","0","2846","20","4","20044","UBA6,PTP4A3,TMEM245,NFATC3"
"TF","Factor: BCL-6; motif: WRCTTTCKAGGRAT; match class: 1","TF:M01185_1","1","0","1199","20","1","20044","MYPN"
"TF","Factor: BCL-6; motif: WRCTTTCKAGGRAT","TF:M01185","1","0","6122","20","4","20044","UBA6,PTP4A3,MYPN,NFATC3"
"TF","Factor: BCL-11A; motif: NAAAGAGGAAGTGARAN","TF:M09595","1","0","3728","20","3","20044","MECOM,GNRHR,PTK2"
"TF","Factor: BCL-11A; motif: CSTAMGGA","TF:M05544","1","0","405","20","1","20044","SEC62"
"TF","Factor: B-ATF; motif: NNAYGACACN; match class: 1","TF:M11301_1","1","0","2020","20","1","20044","SEC62"
"TF","Factor: B-ATF; motif: NNAYGACACN","TF:M11301","1","0","7874","20","7","20044","PRDM16,KAT2B,SEC62,UBA6,LDB3,ADM,MYO18B"
"TF","Factor: B-ATF; motif: NNATGACACN; match class: 1","TF:M11300_1","1","0","2634","20","3","20044","PRDM16,SEC62,ADM"
"TF","Factor: B-ATF; motif: NNATGACACN","TF:M11300","1","0","8963","20","9","20044","PRDM16,KAT2B,SEC62,UBA6,MYPN,LDB3,ADM,CRYAB,MYO18B"
"TF","Factor: c-Jun:B-ATF; motif: RNWATGASTCA","TF:M07076","1","0","3222","20","3","20044","MECOM,UBA6,LDB3"
"TF","Factor: batf3; motif: NNSTTTCANTNTGASNN","TF:M09872","1","0","1205","20","3","20044","PTP4A3,TMEM245,CRYAB"
"TF","Factor: Barx-2; motif: NWWAAYMATTAN; match class: 1","TF:M10587_1","1","0","153","20","1","20044","MYPN"
"TF","Factor: BCL-6; motif: NCGYWATCTAGGAATN","TF:M12340","1","0","5052","20","6","20044","HSPG2,UBA6,PTP4A3,PTK2,TMEM245,NFATC3"
"TF","Factor: ATF-4:TEF; motif: GGMTGATGCAATM","TF:M08199","1","0","1684","20","2","20044","NOS1AP,PKP2"
"TF","Factor: CDP; motif: NATYGATSSS; match class: 1","TF:M00106_1","1","0","1686","20","1","20044","KAT2B"
"TF","Factor: CDP; motif: CCAATAATCGAT","TF:M00095","1","0","8620","20","6","20044","SEC62,MECOM,GNRHR,MYPN,ADM,MYO18B"
"TF","Factor: c-ets-2; motif: ACCGGAWRTN; match class: 1","TF:M02064_1","1","0","4674","20","3","20044","MECOM,UBA6,PKP2"
"TF","Factor: c-ets-2; motif: ACCGGAWRTN","TF:M02064","1","0","11163","20","9","20044","NOS1AP,SP3,MECOM,UBA6,PTK2,MYPN,PKP2,NFATC3,MYO18B"
"TF","Factor: C-ets-1; motif: AGGAAGN; match class: 1","TF:M01870_1","1","0","1476","20","1","20044","MYPN"
"TF","Factor: C-ets-1; motif: AGGAAGN","TF:M01870","1","0","6914","20","6","20044","PRDM16,KAT2B,GNRHR,PTK2,MYPN,NFATC3"
"TF","Factor: c-ets-1; motif: ACCGGAWGTN; match class: 1","TF:M02063_1","1","0","2442","20","2","20044","MECOM,UBA6"
"TF","Factor: c-ets-1; motif: ACCGGAWGTN","TF:M02063","1","0","7763","20","6","20044","NOS1AP,KAT2B,MECOM,UBA6,MYPN,PKP2"
"TF","Factor: c-Ets-1; motif: NNNRCCGGAWRYNNNN; match class: 1","TF:M01078_1","1","0","2497","20","2","20044","MECOM,UBA6"
"TF","Factor: c-Ets-1; motif: NNNRCCGGAWRYNNNN","TF:M01078","1","0","7725","20","6","20044","NOS1AP,KAT2B,MECOM,UBA6,PKP2,NFATC3"
"TF","Factor: c-Ets-1(p54); motif: NNACMGGAWRTNN","TF:M00074","1","0","3541","20","3","20044","SEC62,UBA6,MYPN"
"TF","Factor: c-Ets-1(p54); motif: NCMGGAWGYN; match class: 1","TF:M00032_1","1","0","2218","20","1","20044","UBA6"
"TF","Factor: c-Ets-1(p54); motif: NCMGGAWGYN","TF:M00032","1","0","7977","20","6","20044","SP3,CACNA2D2,UBA6,PTK2,MYPN,PKP2"
"TF","Factor: CENPB; motif: CCCGCNTNNNRCGAA","TF:M03945","1","0","304","20","1","20044","PRDM16"
"TF","Factor: C/EBP; motif: NNNTKNNGNAAN","TF:M00770","1","0","5610","20","5","20044","NOS1AP,SEC62,GNRHR,PTK2,CRYAB"
"TF","Factor: C/EBP; motif: NTTRCNNAANNN; match class: 1","TF:M00912_1","1","0","890","20","1","20044","NOS1AP"
"TF","Factor: C/EBP; motif: NTTRCNNAANNN","TF:M00912","1","0","5073","20","6","20044","NOS1AP,SEC62,GNRHR,MYPN,CRYAB,PKP2"
"TF","Factor: C/EBP; motif: NNATTGCNNAANNN","TF:M00190","1","0","5659","20","5","20044","NOS1AP,KAT2B,SEC62,CRYAB,PKP2"
"TF","Factor: C/EBPalpha; motif: NGWVTKNKGYAAKNSAYA","TF:M00201","1","0","3999","20","4","20044","CACNA2D2,GNRHR,UBA6,NFATC3"
"TF","Factor: C/EBPgamma; motif: NRTKRSRMAAKN","TF:M01869","1","0","3199","20","2","20044","PTK2,NFATC3"
"TF","Factor: C/EBPgamma; motif: YTBATTTCARAAW; match class: 1","TF:M00622_1","1","0","2123","20","1","20044","GNRHR"
"TF","Factor: C/EBPgamma; motif: YTBATTTCARAAW","TF:M00622","1","0","6940","20","5","20044","PRDM16,GNRHR,UBA6,PKP2,MYO18B"
"TF","Factor: C/EBPgamma; motif: NNTTGCGYAANN","TF:M11325","1","0","2696","20","2","20044","NOS1AP,NFATC3"
"TF","Factor: C/EBPgamma; motif: NNTTGCGYMANN","TF:M11324","1","0","3017","20","1","20044","PKP2"
"TF","Factor: C/EBPgamma:Elf-1; motif: TKRCGHAATWSCGGAAGT; match class: 1","TF:M08676_1","1","0","2390","20","3","20044","NOS1AP,SP3,UBA6"
"TF","Factor: C/EBPgamma:Elf-1; motif: TKRCGHAATWSCGGAAGT","TF:M08676","1","0","8725","20","11","20044","PRDM16,NOS1AP,SP3,KAT2B,MECOM,GNRHR,UBA6,PTK2,MYPN,ADM,CRYAB"
"TF","Factor: C/EBPepsilon; motif: HAANMTTKCNWMAC","TF:M01868","1","0","3099","20","4","20044","PRDM16,MYPN,ADM,CRYAB"
"TF","Factor: cebpe; motif: RTTRCGYAAY; match class: 1","TF:M01772_1","1","0","660","20","1","20044","UBA6"
"TF","Factor: cebpe; motif: RTTRCGYAAY","TF:M01772","1","0","1097","20","1","20044","UBA6"
"TF","Factor: C/EBPdelta; motif: TTGCNNMAN; match class: 1","TF:M03571_1","1","0","511","20","1","20044","NOS1AP"
"TF","Factor: C/EBPdelta; motif: TTGCNNMAN","TF:M03571","1","0","3802","20","6","20044","NOS1AP,SEC62,GNRHR,MYPN,PKP2,MYO18B"
"TF","Factor: c-Fos:c-Jun; motif: NTGACTCAN","TF:M03866","1","0","1627","20","1","20044","PTP4A3"
"TF","Factor: C-Fos; motif: NNTGACTCAN","TF:M07600","1","0","2869","20","2","20044","PTP4A3,ADM"
"TF","Factor: c-Fos; motif: TGACTCAN","TF:M03815","1","0","2479","20","1","20044","PTP4A3"
"TF","Factor: CXXC1; motif: KNRNAMCGMWAAMNN","TF:M07483","1","0","1343","20","2","20044","PRDM16,MYPN"
"TF","Factor: C-Myc; motif: NGCCACGTGNN; match class: 1","TF:M07601_1","1","0","4235","20","3","20044","HSPG2,PTP4A3,NFATC3"
"TF","Factor: C-Myc; motif: NGCCACGTGNN","TF:M07601","1","0","5965","20","4","20044","HSPG2,PTP4A3,LDB3,NFATC3"
"TF","Factor: c-Myc; motif: KACCACGTGSYY; match class: 1","TF:M01154_1","1","0","3805","20","3","20044","HSPG2,PTP4A3,NFATC3"
"TF","Factor: c-Myc; motif: KACCACGTGSYY","TF:M01154","1","0","5388","20","5","20044","HSPG2,NOS1AP,PTP4A3,LDB3,NFATC3"
"TF","Factor: c-Myc; motif: RACCACGTGCTC; match class: 1","TF:M01145_1","1","0","3498","20","4","20044","HSPG2,PTP4A3,LDB3,NFATC3"
"TF","Factor: c-Myc; motif: RACCACGTGCTC","TF:M01145","1","0","6343","20","6","20044","HSPG2,UBA6,PTP4A3,LDB3,PKP2,NFATC3"
"TF","Factor: c-Myb; motif: NNNAACKGNNN","TF:M01821","1","0","3841","20","2","20044","GNRHR,LDB3"
"TF","Factor: c-Myb; motif: NCNRNNGRCNGTTGGKGG; match class: 1","TF:M00004_1","1","0","1889","20","3","20044","LDB3,ADM,MYO18B"
"TF","Factor: c-Myb; motif: NCNRNNGRCNGTTGGKGG","TF:M00004","1","0","7675","20","8","20044","PRDM16,NOS1AP,CACNA2D2,SEC62,LDB3,ADM,PKP2,MYO18B"
"TF","Factor: c-MAF; motif: CNNNCTCAGCA","TF:M03816","1","0","5871","20","4","20044","CACNA2D2,PTP4A3,TMEM245,ADM"
"TF","Factor: c-MAF; motif: NTGCTGACN","TF:M11357","1","0","1875","20","1","20044","CRYAB"
"TF","Factor: c-MAF; motif: NNAWNTGCTGASNNNGCNN","TF:M09982","1","0","1965","20","1","20044","LDB3"
"TF","Factor: c-Maf; motif: NWNNNTGCTGACKNNNNNN","TF:M01070","1","0","6668","20","3","20044","CACNA2D2,LDB3,CRYAB"
"TF","Factor: CLOCK; motif: CCACSTGW","TF:M07247","1","0","1963","20","2","20044","SEC62,PKP2"
"TF","Factor: C/EBPdelta; motif: MATTKCNTMAYY","TF:M00621","1","0","3728","20","3","20044","NOS1AP,MYPN,MYO18B"
"TF","Factor: CLOCK; motif: NNACACGTGN","TF:M13038","1","0","917","20","1","20044","NFATC3"
"TF","Factor: CLOCK; motif: NNCAYGYGYN","TF:M11046","1","0","2704","20","4","20044","SP3,MYPN,LDB3,CRYAB"
"TF","Factor: CLOCK; motif: CNGNCACGTGNNNM; match class: 1","TF:M09884_1","1","0","2793","20","3","20044","NOS1AP,PTP4A3,NFATC3"
"TF","Factor: CLOCK; motif: CNGNCACGTGNNNM","TF:M09884","1","0","8512","20","9","20044","HSPG2,NOS1AP,KAT2B,PTP4A3,TMEM245,MYPN,CRYAB,PKP2,NFATC3"
"TF","Factor: CLOCK:EVX1; motif: ATNATYAYNNMCACGTG","TF:M08446","1","0","73","20","1","20044","TMEM245"
"TF","Factor: CKROX; motif: SCCCTCCCC; match class: 1","TF:M01175_1","1","0","2766","20","6","20044","PRDM16,NOS1AP,SP3,KAT2B,MECOM,CRYAB"
"TF","Factor: CKROX; motif: SCCCTCCCC","TF:M01175","1","0","7505","20","12","20044","PRDM16,HSPG2,NOS1AP,SP3,KAT2B,CACNA2D2,MECOM,PTP4A3,LDB3,ADM,CRYAB,MYO18B"
"TF","Factor: C-Jun; motif: TGACTC; match class: 1","TF:M03541_1","1","0","4282","20","2","20044","CACNA2D2,PTP4A3"
"TF","Factor: C-Jun; motif: TGACTC","TF:M03541","1","0","11390","20","11","20044","HSPG2,SP3,KAT2B,CACNA2D2,SEC62,PTP4A3,TMEM245,LDB3,ADM,CRYAB,PKP2"
"TF","Factor: ChREBP; motif: GWSCACGTGNSAH","TF:M08802","1","0","502","20","1","20044","HSPG2"
"TF","Factor: CHOP10; motif: NTTKCANCANN","TF:M12588","1","0","2812","20","3","20044","SEC62,PKP2,NFATC3"
"TF","Factor: CHD2; motif: TCTCGCGAG; match class: 1","TF:M04710_1","1","0","11753","20","12","20044","PRDM16,NOS1AP,SP3,CACNA2D2,SEC62,UBA6,PTK2,TMEM245,MYPN,PKP2,NFATC3,MYO18B"
"TF","Factor: CHD2; motif: TCTCGCGAG","TF:M04710","1","0","14401","20","17","20044","PRDM16,HSPG2,NOS1AP,SP3,KAT2B,CACNA2D2,SEC62,MECOM,GNRHR,UBA6,PTK2,TMEM245,MYPN,CRYAB,PKP2,NFATC3,MYO18B"
"TF","Factor: Churchill; motif: CGGGNN; match class: 1","TF:M00986_1","1","0","10709","20","12","20044","PRDM16,HSPG2,NOS1AP,SP3,KAT2B,CACNA2D2,MECOM,PTP4A3,PTK2,TMEM245,PKP2,NFATC3"
"TF","Factor: Churchill; motif: CGGGNN","TF:M00986","1","0","14579","20","14","20044","PRDM16,HSPG2,NOS1AP,SP3,KAT2B,CACNA2D2,MECOM,PTP4A3,PTK2,TMEM245,ADM,CRYAB,PKP2,NFATC3"
"TF","Factor: CLOCK; motif: NNCAYGYGYN; match class: 1","TF:M11046_1","1","0","345","20","1","20044","MYPN"
"TF","Factor: C/EBPdelta; motif: TKNNGCAATN","TF:M07316","1","0","3342","20","4","20044","NOS1AP,KAT2B,SEC62,CRYAB"
"TF","Factor: CEBPD; motif: NRTTGCNCAAYN","TF:M12587","1","0","3058","20","3","20044","NOS1AP,SEC62,CRYAB"
"TF","Factor: CEBPD; motif: NNTTGCACAAYNN","TF:M12567","1","0","2125","20","2","20044","NOS1AP,SEC62"
"TF","Factor: C/EBPalpha; motif: ATTGCGYAAY","TF:M07412","1","0","3481","20","4","20044","NOS1AP,KAT2B,SEC62,CRYAB"
"TF","Factor: CEBPA; motif: ATTGCAYAAYN","TF:M07205","1","0","2538","20","2","20044","NOS1AP,KAT2B"
"TF","Factor: C/EBPalpha; motif: NNATTRCNNAANNN","TF:M00116","1","0","3411","20","3","20044","KAT2B,SEC62,CRYAB"
"TF","Factor: Cdx; motif: NAYNRHNARAKTHATAAA","TF:M00991","1","0","3710","20","4","20044","NOS1AP,SEC62,GNRHR,UBA6"
"TF","Factor: cdx; motif: NNTTTATNN","TF:M07378","1","0","1297","20","2","20044","GNRHR,UBA6"
"TF","Factor: CDX-2; motif: TTTATN; match class: 1","TF:M02087_1","1","0","5090","20","5","20044","GNRHR,UBA6,MYPN,PKP2,MYO18B"
"TF","Factor: CDX-2; motif: TTTATN","TF:M02087","1","0","10136","20","9","20044","NOS1AP,SEC62,GNRHR,UBA6,PTP4A3,MYPN,ADM,PKP2,MYO18B"
"TF","Factor: Cdx-2; motif: BNNATAAANRN","TF:M01659","1","0","1487","20","1","20044","PKP2"
"TF","Factor: Cdx-2; motif: ANANTTTTATKRCC","TF:M00729","1","0","1796","20","1","20044","MYO18B"
"TF","Factor: CDX2; motif: NNGCAATAAANN","TF:M12513","1","0","3223","20","3","20044","NOS1AP,SEC62,GNRHR"
"TF","Factor: Cdx-2; motif: NRTYRTAAAN","TF:M10851","1","0","2374","20","2","20044","ADM,NFATC3"
"TF","Factor: Cdx-2; motif: NYMATAANN; match class: 1","TF:M10850_1","1","0","282","20","1","20044","LDB3"
"TF","Factor: Cdx-2; motif: NYMATAANN","TF:M10850","1","0","2675","20","4","20044","MECOM,MYPN,LDB3,PKP2"
"TF","Factor: Cdx-2; motif: NRTCGTAANNNN; match class: 1","TF:M10849_1","1","0","4594","20","4","20044","TMEM245,PKP2,NFATC3,MYO18B"
"TF","Factor: C/EBPalpha; motif: NRTTGTGCAAYNN","TF:M09596","1","0","5287","20","5","20044","NOS1AP,KAT2B,SEC62,CRYAB,PKP2"
"TF","Factor: Cdx-2; motif: NRTCGTAANNNN","TF:M10849","1","0","11312","20","13","20044","PRDM16,NOS1AP,SP3,SEC62,MECOM,UBA6,TMEM245,MYPN,ADM,CRYAB,PKP2,NFATC3,MYO18B"
"TF","Factor: Cdx-2; motif: NNGYMATAAAA","TF:M07079","1","0","1969","20","1","20044","LDB3"
"TF","Factor: Cdx-2; motif: GYMATAAAA","TF:M04298","1","0","1193","20","1","20044","LDB3"
"TF","Factor: Cdx-2; motif: NNNGGYMATAAAANNN","TF:M01449","1","0","2538","20","2","20044","CRYAB,NFATC3"
"TF","Factor: Cdx-1; motif: TTTATK; match class: 1","TF:M02086_1","1","0","9854","20","8","20044","NOS1AP,SEC62,GNRHR,UBA6,MYPN,CRYAB,PKP2,NFATC3"
"TF","Factor: Cdx-1; motif: TTTATK","TF:M02086","1","0","14630","20","12","20044","NOS1AP,KAT2B,SEC62,MECOM,GNRHR,UBA6,PTK2,TMEM245,MYPN,CRYAB,PKP2,NFATC3"
"TF","Factor: CDX1; motif: GGYMATAAAA","TF:M13047","1","0","1699","20","1","20044","MYO18B"
"TF","Factor: Cdx-1; motif: NGCMATAAAAC","TF:M10853","1","0","735","20","1","20044","LDB3"
"TF","Factor: Cdx-1; motif: NGTCGTAAAWN","TF:M10852","1","0","2180","20","1","20044","ADM"
"TF","Factor: Cdx-1; motif: NNNGGTMATAAAANNN","TF:M01373","1","0","942","20","1","20044","NFATC3"
"TF","Factor: CDP; motif: NNNNWGWYMAATR; match class: 1","TF:M04610_1","1","0","842","20","1","20044","GNRHR"
"TF","Factor: CDP; motif: NNNNWGWYMAATR","TF:M04610","1","0","4527","20","3","20044","PRDM16,SEC62,GNRHR"
"TF","Factor: CDP; motif: NWNATCGATTANYNN; match class: 1","TF:M00102_1","1","0","915","20","1","20044","GNRHR"
"TF","Factor: CDP; motif: NWNATCGATTANYNN","TF:M00102","1","0","4134","20","3","20044","SEC62,GNRHR,ADM"
"TF","Factor: CDP; motif: CCAATAATCGAT; match class: 1","TF:M00095_1","1","0","2982","20","1","20044","MECOM"
"TF","Factor: Cdx-2; motif: TTTNATTGCNNT","TF:M09879","1","0","3302","20","1","20044","PTK2"
"TF","Factor: CDP; motif: CACCRATANNTATBG","TF:M00105","1","0","3350","20","3","20044","KAT2B,MYPN,NFATC3"
"TF","Factor: C/EBPalpha; motif: NRTTGTGCAAYNN; match class: 1","TF:M09596_1","1","0","1065","20","1","20044","NOS1AP"
"TF","Factor: CEBPA; motif: NNATTGCACAATNN","TF:M12502","1","0","3125","20","2","20044","NOS1AP,PTP4A3"
"TF","Factor: C/EBPdelta; motif: NRTTGCGYAAYN; match class: 1","TF:M11321_1","1","0","1873","20","1","20044","NOS1AP"
"TF","Factor: C/EBPdelta; motif: NRTTGCGYAAYN","TF:M11321","1","0","5689","20","3","20044","NOS1AP,PKP2,NFATC3"
"TF","Factor: C/EBPdelta; motif: NRTTGCGYAAYN; match class: 1","TF:M11320_1","1","0","2642","20","3","20044","NOS1AP,ADM,NFATC3"
"TF","Factor: C/EBPdelta; motif: NRTTGCGYAAYN","TF:M11320","1","0","5564","20","5","20044","NOS1AP,UBA6,PTK2,ADM,NFATC3"
"TF","Factor: C/EBPdelta; motif: NTTGCNCMAYN","TF:M09882","1","0","2064","20","2","20044","NOS1AP,SEC62"
"TF","Factor: CEBPD; motif: RTTRCGCAAY; match class: 1","TF:M04202_1","1","0","2035","20","1","20044","NOS1AP"
"TF","Factor: CEBPD; motif: RTTRCGCAAY","TF:M04202","1","0","5096","20","3","20044","NOS1AP,SEC62,ADM"
"TF","Factor: C/EBPbeta; motif: TKNNGCAANN","TF:M01896","1","0","4604","20","6","20044","NOS1AP,SEC62,GNRHR,MYPN,PKP2,MYO18B"
"TF","Factor: C/EBPbeta; motif: NNTTKCNNMAN","TF:M07315","1","0","3036","20","5","20044","NOS1AP,KAT2B,SEC62,CRYAB,PKP2"
"TF","Factor: CEBPB; motif: NATTGCGCAATN; match class: 1","TF:M12993_1","1","0","4814","20","5","20044","NOS1AP,SEC62,CRYAB,NFATC3,MYO18B"
"TF","Factor: CEBPB; motif: NATTGCGCAATN","TF:M12993","1","0","4855","20","5","20044","NOS1AP,SEC62,CRYAB,NFATC3,MYO18B"
"TF","Factor: C/EBPbeta; motif: NRTTGCGYAAYN; match class: 1","TF:M11317_1","1","0","1334","20","1","20044","NOS1AP"
"TF","Factor: C/EBPbeta; motif: NRTTGCGYAAYN","TF:M11317","1","0","4397","20","2","20044","NOS1AP,PKP2"
"TF","Factor: C/EBPbeta; motif: NRTTGCGYAAYN; match class: 1","TF:M11316_1","1","0","2808","20","4","20044","NOS1AP,PTK2,ADM,NFATC3"
"TF","Factor: C/EBPalpha; motif: NRTTGTGCAAYN","TF:M09880","1","0","3486","20","2","20044","NOS1AP,SEC62"
"TF","Factor: C/EBPbeta; motif: NRTTGCGYAAYN","TF:M11316","1","0","5320","20","6","20044","NOS1AP,UBA6,PTK2,ADM,NFATC3,MYO18B"
"TF","Factor: C/EBPbeta; motif: NATTGCRYAAYN","TF:M09597","1","0","3102","20","4","20044","NOS1AP,KAT2B,SEC62,CRYAB"
"TF","Factor: C/EBPBETA; motif: KRTTGCGYAAY; match class: 1","TF:M08910_1","1","0","3255","20","5","20044","UBA6,PTK2,ADM,NFATC3,MYO18B"
"TF","Factor: C/EBPBETA; motif: KRTTGCGYAAY","TF:M08910","1","0","4763","20","8","20044","NOS1AP,SEC62,UBA6,PTK2,ADM,CRYAB,NFATC3,MYO18B"
"TF","Factor: C/EBPbeta; motif: ATTGCGYAAT","TF:M07413","1","0","3399","20","2","20044","KAT2B,CRYAB"
"TF","Factor: C/EBPbeta; motif: RTTGCGCAA; match class: 1","TF:M04690_1","1","0","3843","20","5","20044","NOS1AP,SEC62,GNRHR,MYPN,MYO18B"
"TF","Factor: C/EBPbeta; motif: RTTGCGCAA","TF:M04690","1","0","4504","20","5","20044","NOS1AP,SEC62,GNRHR,MYPN,MYO18B"
"TF","Factor: CEBPB; motif: ATTRCGCAAY","TF:M04201","1","0","4104","20","1","20044","SEC62"
"TF","Factor: C/EBPbeta; motif: NKNTTGCNYAAYNN; match class: 1","TF:M00117_1","1","0","634","20","1","20044","NOS1AP"
"TF","Factor: C/EBPbeta; motif: NKNTTGCNYAAYNN","TF:M00117","1","0","4227","20","3","20044","NOS1AP,SEC62,GNRHR"
"TF","Factor: C/EBPbeta; motif: RNRTKDNGMAAKNN; match class: 1","TF:M00109_1","1","0","432","20","1","20044","UBA6"
"TF","Factor: C/EBPbeta; motif: RNRTKDNGMAAKNN","TF:M00109","1","0","3273","20","5","20044","SEC62,MECOM,UBA6,CRYAB,NFATC3"
"TF","Factor: C/EBPalpha; motif: NNNTTNNGCAANN","TF:M01866","1","0","5193","20","6","20044","NOS1AP,SEC62,GNRHR,MYPN,CRYAB,MYO18B"
"TF","Factor: C/EBPalpha; motif: NNNNNTTKCNNAAN","TF:M07037","1","0","3440","20","6","20044","NOS1AP,KAT2B,SEC62,MYPN,CRYAB,MYO18B"
"TF","Factor: CEBPA; motif: NNATTGCACAATNN; match class: 1","TF:M12502_1","1","0","337","20","1","20044","NOS1AP"
"TF","Factor: C/EBPbeta; motif: NRTTRYGCAATN","TF:M09881","1","0","2756","20","3","20044","NOS1AP,SEC62,CRYAB"
"TF","Factor: ATF-3; motif: SNTGACGYNATN","TF:M07313","1","0","2959","20","2","20044","UBA6,ADM"
"TF","Factor: ATF-3; motif: RTKRCGTCANN","TF:M01863","1","0","1909","20","1","20044","PKP2"
"TF","Factor: ATF3; motif: CBCTGACGTCANCS; match class: 1","TF:M00513_1","1","0","3517","20","1","20044","CRYAB"
"TF","Factor: alx3; motif: NYAATTAN","TF:M10873","1","0","3536","20","3","20044","NOS1AP,GNRHR,UBA6"
"TF","Factor: ALX3; motif: NTAATYNAATTAN","TF:M04280","1","0","250","20","1","20044","KAT2B"
"TF","Factor: ALX3; motif: NNYAATTANN; match class: 1","TF:M04279_1","1","0","1955","20","2","20044","MECOM,UBA6"
"TF","Factor: ALX3; motif: NNYAATTANN","TF:M04279","1","0","3936","20","4","20044","NOS1AP,KAT2B,MECOM,UBA6"
"TF","Factor: CART1; motif: TAATTAGATTA","TF:M10883","1","0","574","20","1","20044","KAT2B"
"TF","Factor: CART1; motif: TAATTAGATTA","TF:M10882","1","0","574","20","1","20044","KAT2B"
"TF","Factor: alpha-CP1; motif: CAGCCAATGAG","TF:M00687","1","0","2383","20","1","20044","NFATC3"
"TF","Factor: AIRE; motif: WTNNNWNNTGGWWNNNWNGGNNWNWN","TF:M00999","1","0","3421","20","5","20044","SEC62,GNRHR,ADM,CRYAB,MYO18B"
"TF","Factor: AhR; motif: NNNKNGCGTGNSNNNNN","TF:M07347","1","0","1457","20","2","20044","LDB3,ADM"
"TF","Factor: AHR; motif: CACGCN; match class: 1","TF:M01855_1","1","0","2841","20","1","20044","HSPG2"
"TF","Factor: AHR; motif: CACGCN","TF:M01855","1","0","8705","20","6","20044","HSPG2,KAT2B,SEC62,PTK2,LDB3,NFATC3"
"TF","Factor: AhR; motif: NTNGCGTGNNN","TF:M00778","1","0","3613","20","4","20044","HSPG2,UBA6,LDB3,ADM"
"TF","Factor: AhR; motif: CCYCNRRSTNGCGTGASA","TF:M00139","1","0","3805","20","3","20044","PRDM16,LDB3,ADM"
"TF","Factor: AhR,; motif: NRCGTGNGN; match class: 1","TF:M00976_1","1","0","879","20","1","20044","PTK2"
"TF","Factor: AhR,; motif: NRCGTGNGN","TF:M00976","1","0","4014","20","4","20044","HSPG2,KAT2B,PTK2,ADM"
"TF","Factor: AhR:Arnt; motif: GRGKATYGCGTGMCWNSCC; match class: 1","TF:M00237_1","1","0","1546","20","1","20044","ADM"
"TF","Factor: AhR:Arnt; motif: GRGKATYGCGTGMCWNSCC","TF:M00237","1","0","6515","20","5","20044","HSPG2,UBA6,PTK2,ADM,PKP2"
"TF","Factor: AhR:Arnt; motif: KNNKNNTYGCGTGCMS; match class: 1","TF:M00235_1","1","0","362","20","1","20044","HSPG2"
"TF","Factor: AhR:Arnt; motif: KNNKNNTYGCGTGCMS","TF:M00235","1","0","3206","20","3","20044","HSPG2,KAT2B,UBA6"
"TF","Factor: AHDC1; motif: WRWGYAAACA; match class: 1","TF:M12579_1","1","0","238","20","1","20044","CRYAB"
"TF","Factor: AHDC1; motif: WRWGYAAACA","TF:M12579","1","0","2645","20","3","20044","MYPN,LDB3,CRYAB"
"TF","Factor: ZFHX3; motif: NWRWGYAAACA; match class: 1","TF:M13143_1","1","0","458","20","1","20044","CRYAB"
"TF","Factor: ZFHX3; motif: NWRWGYAAACA","TF:M13143","1","0","3758","20","3","20044","MYPN,LDB3,CRYAB"
"TF","Factor: ABL1; motif: AARAAAAACAAM","TF:M08187","1","0","787","20","1","20044","HSPG2"
"TF","Transfac","TF:M00000","1","0","20044","20","20","20044","PRDM16,HSPG2,NOS1AP,SP3,KAT2B,CACNA2D2,SEC62,MECOM,GNRHR,UBA6,PTP4A3,PTK2,TMEM245,MYPN,LDB3,ADM,CRYAB,PKP2,NFATC3,MYO18B"
"TF","Factor: alx3; motif: NKCRTTAN","TF:M10874","1","0","3070","20","4","20044","SEC62,UBA6,PTK2,TMEM245"
"TF","Factor: alx3; motif: NKCRTTAN; match class: 1","TF:M10874_1","1","0","339","20","1","20044","TMEM245"
"TF","Factor: alx3; motif: CTAATTAN","TF:M10875","1","0","993","20","1","20044","UBA6"
"TF","Factor: alx3; motif: NNCRTTAN","TF:M10877","1","0","4220","20","6","20044","NOS1AP,SEC62,UBA6,PTK2,TMEM245,MYPN"
"TF","Factor: AML; motif: NNGKNTGTGGTTWNC","TF:M00769","1","0","1504","20","1","20044","MYPN"
"TF","Factor: AML; motif: TGTGGTNN","TF:M08866","1","0","820","20","1","20044","MYPN"
"TF","Factor: AML3; motif: AACCACAN; match class: 1","TF:M01856_1","1","0","53","20","1","20044","MYPN"
"TF","Factor: AML3; motif: AACCACAN","TF:M01856","1","0","1188","20","2","20044","SEC62,MYPN"
"TF","Factor: AML2; motif: TGTGGTNNN","TF:M07372","1","0","575","20","2","20044","MYPN,NFATC3"
"TF","Factor: AML2; motif: CCRCACCAYDN; match class: 1","TF:M01854_1","1","0","233","20","1","20044","HSPG2"
"TF","Factor: AML2; motif: CCRCACCAYDN","TF:M01854","1","0","2833","20","2","20044","HSPG2,SP3"
"TF","Factor: AML2; motif: CCRCACCA","TF:M01814","1","0","2788","20","2","20044","HSPG2,PKP2"
"TF","Factor: AML2; motif: AACCRCAA; match class: 1","TF:M01759_1","1","0","246","20","1","20044","MYPN"
"TF","Factor: AML2; motif: AACCRCAA","TF:M01759","1","0","3046","20","3","20044","SEC62,MECOM,MYPN"
"TF","Factor: AML1; motif: TGTGGT; match class: 1","TF:M00751_1","1","0","5468","20","7","20044","HSPG2,NOS1AP,SP3,SEC62,MECOM,MYPN,NFATC3"
"TF","Factor: AML1; motif: TGTGGT","TF:M00751","1","0","12303","20","14","20044","PRDM16,HSPG2,NOS1AP,SP3,KAT2B,SEC62,MECOM,GNRHR,UBA6,PTP4A3,PTK2,MYPN,LDB3,NFATC3"
"TF","Factor: AML1; motif: TGTGGT; match class: 1","TF:M02084_1","1","0","5468","20","7","20044","HSPG2,NOS1AP,SP3,SEC62,MECOM,MYPN,NFATC3"
"TF","Factor: AML1; motif: TGTGGT","TF:M02084","1","0","12303","20","14","20044","PRDM16,HSPG2,NOS1AP,SP3,KAT2B,SEC62,MECOM,GNRHR,UBA6,PTP4A3,PTK2,MYPN,LDB3,NFATC3"
"TF","Factor: AML1; motif: NNNNNACCACANNNN","TF:M08865","1","0","957","20","1","20044","MYPN"
"TF","Factor: AML1; motif: TGTGGTK","TF:M01658","1","0","4494","20","5","20044","SEC62,MECOM,PTP4A3,MYPN,NFATC3"
"TF","Factor: AML1; motif: NYTGTGGTTWN","TF:M10052","1","0","1072","20","1","20044","MYPN"
"TF","Factor: AML1; motif: NYTGTGGTTWN","TF:M09653","1","0","1342","20","1","20044","MYPN"
"TF","Factor: AML1a; motif: TGTGGT; match class: 1","TF:M00271_1","1","0","5468","20","7","20044","HSPG2,NOS1AP,SP3,SEC62,MECOM,MYPN,NFATC3"
"TF","Factor: AML1a; motif: TGTGGT","TF:M00271","1","0","12303","20","14","20044","PRDM16,HSPG2,NOS1AP,SP3,KAT2B,SEC62,MECOM,GNRHR,UBA6,PTP4A3,PTK2,MYPN,LDB3,NFATC3"
"TF","Factor: aMEF-2; motif: CKGDYTAAAAATAACYMM","TF:M00403","1","0","1637","20","3","20044","TMEM245,MYPN,CRYAB"
"TF","Factor: Alx-4; motif: NYAATTAN","TF:M10881","1","0","1743","20","1","20044","UBA6"
"TF","Factor: Alx-4; motif: NNCRTTAN; match class: 1","TF:M10880_1","1","0","2742","20","5","20044","SEC62,UBA6,TMEM245,MYPN,PKP2"
"TF","Factor: Alx-4; motif: NNCRTTAN","TF:M10880","1","0","8700","20","9","20044","NOS1AP,SEC62,UBA6,PTK2,TMEM245,MYPN,ADM,PKP2,NFATC3"
"TF","Factor: ALX4; motif: NTAATYNAATTAN; match class: 1","TF:M04281_1","1","0","619","20","2","20044","KAT2B,ADM"
"TF","Factor: ALX4; motif: NTAATYNAATTAN","TF:M04281","1","0","716","20","2","20044","KAT2B,ADM"
"TF","Factor: Alx-4:TBR2; motif: NNYGCTAAYTWNNNTTNACACNT","TF:M08194","1","0","165","20","1","20044","LDB3"
"TF","Factor: alx3; motif: CYAATTAN","TF:M10878","1","0","993","20","1","20044","UBA6"
"TF","Factor: alx3; motif: NNCRTTAN; match class: 1","TF:M10877_1","1","0","582","20","1","20044","TMEM245"
"TF","Factor: AML1; motif: TGTGGTK; match class: 1","TF:M01658_1","1","0","629","20","1","20044","MYPN"
"TF","Factor: AML; motif: NNGKNTGTGGTTWNC; match class: 1","TF:M00769_1","1","0","60","20","1","20044","MYPN"
"TF","Factor: AP-1; motif: NNNTGAGTCAKCN","TF:M00517","1","0","5064","20","4","20044","UBA6,PTP4A3,LDB3,ADM"
"TF","Factor: AP-1; motif: NNNTGAGTCAKCN; match class: 1","TF:M00517_1","1","0","3278","20","2","20044","PTP4A3,LDB3"
"TF","Factor: AP1; motif: TGACTCA","TF:M02280","1","0","4299","20","3","20044","PTP4A3,LDB3,ADM"
"TF","Factor: ASH-2; motif: NRCAGCTGYN","TF:M11176","1","0","2433","20","4","20044","HSPG2,KAT2B,LDB3,NFATC3"
"TF","Factor: ASH-2; motif: NRCAGCTGYN; match class: 1","TF:M11175_1","1","0","2574","20","4","20044","HSPG2,KAT2B,LDB3,NFATC3"
"TF","Factor: ASH-2; motif: NRCAGCTGYN","TF:M11175","1","0","2574","20","4","20044","HSPG2,KAT2B,LDB3,NFATC3"
"TF","Factor: MASH-1; motif: NGCAGCTGCN; match class: 1","TF:M11174_1","1","0","2574","20","4","20044","HSPG2,KAT2B,LDB3,NFATC3"
"TF","Factor: MASH-1; motif: NGCAGCTGCN","TF:M11174","1","0","2574","20","4","20044","HSPG2,KAT2B,LDB3,NFATC3"
"TF","Factor: MASH-1; motif: NRCAGCTGCN; match class: 1","TF:M11173_1","1","0","2574","20","4","20044","HSPG2,KAT2B,LDB3,NFATC3"
"TF","Factor: MASH-1; motif: NRCAGCTGCN","TF:M11173","1","0","2574","20","4","20044","HSPG2,KAT2B,LDB3,NFATC3"
"TF","Factor: AR; motif: GNNCNNNNTGTTCTN; match class: 1","TF:M01996_1","1","0","304","20","1","20044","MYPN"
"TF","Factor: AR; motif: GNNCNNNNTGTTCTN","TF:M01996","1","0","3109","20","6","20044","SEC62,MYPN,ADM,CRYAB,PKP2,MYO18B"
"TF","Factor: AR; motif: AGWACATNWTGTTCT; match class: 1","TF:M00447_1","1","0","868","20","2","20044","CACNA2D2,PKP2"
"TF","Factor: AR; motif: AGWACATNWTGTTCT","TF:M00447","1","0","4240","20","6","20044","KAT2B,CACNA2D2,SEC62,MECOM,MYPN,PKP2"
"TF","Factor: AR; motif: NGNACANNNTGTTCYNN","TF:M09589","1","0","5190","20","8","20044","KAT2B,SEC62,MYPN,LDB3,ADM,CRYAB,PKP2,MYO18B"
"TF","Factor: AR; motif: AGAACANNNTGTTCT; match class: 1","TF:M08907_1","1","0","2205","20","3","20044","SEC62,MYPN,CRYAB"
"TF","Factor: AR; motif: AGAACANNNTGTTCT","TF:M08907","1","0","2298","20","3","20044","SEC62,MYPN,CRYAB"
"TF","Factor: ASH-2; motif: NRCAGCTGYN; match class: 1","TF:M11176_1","1","0","2433","20","4","20044","HSPG2,KAT2B,LDB3,NFATC3"
"TF","Factor: AR; motif: GGAACGGWACATGTTCT; match class: 1","TF:M08190_1","1","0","2053","20","2","20044","LDB3,NFATC3"
"TF","Factor: AR; motif: ARGAACANNNTGTNC; match class: 1","TF:M07204_1","1","0","969","20","1","20044","MYPN"
"TF","Factor: AR; motif: ARGAACANNNTGTNC","TF:M07204","1","0","4940","20","7","20044","SEC62,MYPN,LDB3,ADM,CRYAB,PKP2,MYO18B"
"TF","Factor: AR; motif: RGGWACAYNGTGTWCYN; match class: 1","TF:M04453_1","1","0","3842","20","3","20044","LDB3,PKP2,NFATC3"
"TF","Factor: AR; motif: RGGWACAYNGTGTWCYN","TF:M04453","1","0","7229","20","7","20044","KAT2B,SEC62,PTP4A3,MYPN,LDB3,PKP2,NFATC3"
"TF","Factor: AR; motif: GGNACRNNRTGTWCT","TF:M01201","1","0","6467","20","6","20044","HSPG2,SEC62,TMEM245,ADM,CRYAB,PKP2"
"TF","Factor: AR; motif: NNNNNNRGNACRNNGTGTTCTNNNNNN; match class: 1","TF:M00956_1","1","0","254","20","2","20044","CRYAB,PKP2"
"TF","Factor: AR; motif: NNNNNNRGNACRNNGTGTTCTNNNNNN","TF:M00956","1","0","2738","20","6","20044","KAT2B,SEC62,MYPN,ADM,CRYAB,PKP2"
"TF","Factor: AR; motif: NNNGNRRGNACANNGTGTTCTNNNNNN","TF:M00953","1","0","2455","20","6","20044","KAT2B,SEC62,MYPN,ADM,CRYAB,PKP2"
"TF","Factor: AR; motif: GGTACANNRTGTTCT; match class: 1","TF:M00481_1","1","0","2316","20","2","20044","CRYAB,PKP2"
"TF","Factor: AR; motif: GGTACANNRTGTTCT","TF:M00481","1","0","5025","20","5","20044","SEC62,MYPN,ADM,CRYAB,PKP2"
"TF","Factor: ARX; motif: NYAATTAN","TF:M10871","1","0","2491","20","2","20044","NOS1AP,UBA6"
"TF","Factor: ARX; motif: NTAATYNAATTAN; match class: 1","TF:M04282_1","1","0","266","20","1","20044","KAT2B"
"TF","Factor: ARX; motif: NTAATYNAATTAN","TF:M04282","1","0","395","20","1","20044","KAT2B"
"TF","Factor: ARP-1; motif: TGARCCYTTGAMCCCW","TF:M00155","1","0","5652","20","4","20044","TMEM245,MYPN,NFATC3,MYO18B"
"TF","Factor: AR; motif: GGAACGGWACATGTTCT","TF:M08190","1","0","7964","20","4","20044","KAT2B,CACNA2D2,LDB3,NFATC3"
"TF","Factor: arnt; motif: CACGYA","TF:M03812","1","0","4369","20","3","20044","SP3,CACNA2D2,ADM"
"TF","Factor: ASH-2; motif: NGCAGCTGYN","TF:M11177","1","0","617","20","2","20044","KAT2B,LDB3"
"TF","Factor: ASH-2; motif: NGCAGCTGCN","TF:M11178","1","0","2433","20","4","20044","HSPG2,KAT2B,LDB3,NFATC3"
"TF","Factor: ATF3; motif: CBCTGACGTCANCS","TF:M00513","1","0","6579","20","5","20044","UBA6,PTP4A3,ADM,CRYAB,MYO18B"
"TF","Factor: ATF3; motif: GRTGACKCA; match class: 1","TF:M12582_1","1","0","1792","20","2","20044","SEC62,LDB3"
"TF","Factor: ATF3; motif: GRTGACKCA","TF:M12582","1","0","7569","20","5","20044","KAT2B,SEC62,PTP4A3,LDB3,ADM"
"TF","Factor: ATF-3; motif: NRTGACGTCAYN; match class: 1","TF:M11291_1","1","0","4478","20","2","20044","UBA6,PTP4A3"
"TF","Factor: ATF-3; motif: NRTGACGTCAYN","TF:M11291","1","0","4791","20","3","20044","UBA6,PTP4A3,CRYAB"
"TF","Factor: ATF-3; motif: NATGATGTCATN","TF:M11290","1","0","6458","20","2","20044","PTP4A3,CRYAB"
"TF","Factor: ATF-3; motif: NRTGACGTCAYN","TF:M11289","1","0","4809","20","2","20044","PTP4A3,CRYAB"
"TF","Factor: ATF-3; motif: GATGAYGTCATN","TF:M11288","1","0","5268","20","2","20044","PTP4A3,CRYAB"
"TF","Factor: ATF-3; motif: GGTSACGTGAN; match class: 1","TF:M09868_1","1","0","2154","20","2","20044","UBA6,NFATC3"
"TF","Factor: ATF-3; motif: GGTSACGTGAN","TF:M09868","1","0","6496","20","4","20044","GNRHR,UBA6,ADM,NFATC3"
"TF","Factor: ATF-3; motif: GGCGCSSNSNGRTSACGTSA; match class: 1","TF:M04744_1","1","0","4973","20","5","20044","UBA6,PTP4A3,PTK2,ADM,NFATC3"
"TF","Factor: ATF-3; motif: GGCGCSSNSNGRTSACGTSA","TF:M04744","1","0","10285","20","8","20044","CACNA2D2,SEC62,UBA6,PTP4A3,PTK2,ADM,PKP2,NFATC3"
"TF","Factor: ATF-2; motif: NNTGACGTCAN","TF:M07312","1","0","4064","20","4","20044","GNRHR,UBA6,ADM,MYO18B"
"TF","Factor: ATF-2; motif: NNNTGACGTNAN","TF:M01862","1","0","3296","20","2","20044","ADM,MYO18B"
"TF","Factor: ASH-2; motif: NGCAGCTGYN; match class: 1","TF:M11177_1","1","0","617","20","2","20044","KAT2B,LDB3"
"TF","Factor: ATF2; motif: NTGACRTCAYC","TF:M12581","1","0","4572","20","2","20044","PTP4A3,CRYAB"
"TF","Factor: ATF-2; motif: NRTGACGTMANN","TF:M11309","1","0","6539","20","8","20044","SEC62,GNRHR,UBA6,PTP4A3,ADM,CRYAB,PKP2,MYO18B"
"TF","Factor: ATF-2; motif: NRTGAYGTMAYN","TF:M11308","1","0","4288","20","3","20044","PTP4A3,TMEM245,CRYAB"
"TF","Factor: ATF-2; motif: NNTGACGTMANN; match class: 1","TF:M11307_1","1","0","1986","20","1","20044","ADM"
"TF","Factor: ATF-2; motif: NNTGACGTMANN","TF:M11307","1","0","2130","20","1","20044","ADM"
"TF","Factor: ATF-2; motif: NRTGAYGTMAYN","TF:M11306","1","0","3427","20","2","20044","PTP4A3,CRYAB"
"TF","Factor: ATF-2; motif: RRTGANGTCAY","TF:M09867","1","0","4368","20","2","20044","PTP4A3,CRYAB"
"TF","Factor: ATF-1; motif: TNACGTCAN","TF:M01861","1","0","6409","20","7","20044","SEC62,GNRHR,UBA6,PTP4A3,ADM,PKP2,MYO18B"
"TF","Factor: ATF-1; motif: CYYTGACGTCA; match class: 1","TF:M00691_1","1","0","984","20","2","20044","ADM,MYO18B"
"TF","Factor: ATF-1; motif: CYYTGACGTCA","TF:M00691","1","0","4935","20","4","20044","UBA6,PTP4A3,ADM,MYO18B"
"TF","Factor: ATF-1; motif: NNNTGACGTNNN","TF:M07034","1","0","4303","20","5","20044","SEC62,GNRHR,UBA6,ADM,MYO18B"
"TF","Factor: ATF-1; motif: NNRTGACGYMA","TF:M09866","1","0","3195","20","2","20044","GNRHR,UBA6"
"TF","Factor: ATF-1; motif: NRTGACGTMAN","TF:M09592","1","0","4513","20","3","20044","UBA6,CRYAB,MYO18B"
"TF","Factor: ASH-2; motif: ACACGACGCN","TF:M11179","1","0","2202","20","5","20044","PRDM16,SEC62,CRYAB,NFATC3,MYO18B"
"TF","Factor: ASH-2; motif: NGCAGCTGCN; match class: 1","TF:M11178_1","1","0","2433","20","4","20044","HSPG2,KAT2B,LDB3,NFATC3"
"TF","Factor: ATF2; motif: NNATGANGTCATN","TF:M12443","1","0","3035","20","1","20044","PTP4A3"
"TF","Factor: Arnt; motif: NNNNNRTCACGTGAYNNNNN; match class: 1","TF:M00539_1","1","0","6782","20","4","20044","HSPG2,PTP4A3,LDB3,NFATC3"
"TF","Factor: Arnt; motif: NDDNNCACGTGNNNNN; match class: 1","TF:M00236_1","1","0","334","20","1","20044","NFATC3"
"TF","Factor: AP-2rep; motif: CAGTGGG; match class: 1","TF:M00468_1","1","0","1695","20","1","20044","KAT2B"
"TF","Factor: AP-2rep; motif: CAGTGGG","TF:M00468","1","0","7209","20","7","20044","SP3,KAT2B,MECOM,GNRHR,PTP4A3,TMEM245,ADM"
"TF","Factor: AP-2gamma; motif: GCCYNCRGSN; match class: 1","TF:M03811_1","1","0","3926","20","7","20044","HSPG2,SP3,KAT2B,SEC62,PTK2,PKP2,NFATC3"
"TF","Factor: AP-2gamma; motif: GCCYNCRGSN","TF:M03811","1","0","9061","20","12","20044","PRDM16,HSPG2,SP3,KAT2B,CACNA2D2,SEC62,PTK2,MYPN,LDB3,CRYAB,PKP2,NFATC3"
"TF","Factor: AP-2; motif: NNGCCTK; match class: 1","TF:M01859_1","1","0","1920","20","3","20044","PTP4A3,MYPN,ADM"
"TF","Factor: AP-2; motif: NNGCCTK","TF:M01859","1","0","7906","20","9","20044","PRDM16,MECOM,UBA6,PTP4A3,TMEM245,MYPN,LDB3,ADM,MYO18B"
"TF","Factor: AP-2gamma; motif: NNNNWGCCYNCRGSCN","TF:M07349","1","0","3390","20","2","20044","MYPN,MYO18B"
"TF","Factor: AP-2gamma; motif: GCCYNNGGS; match class: 1","TF:M00470_1","1","0","5756","20","6","20044","PRDM16,SP3,KAT2B,PTK2,LDB3,PKP2"
"TF","Factor: AP-2gamma; motif: GCCYNNGGS","TF:M00470","1","0","9660","20","12","20044","PRDM16,HSPG2,SP3,KAT2B,CACNA2D2,SEC62,MECOM,PTK2,LDB3,CRYAB,PKP2,NFATC3"
"TF","Factor: AP-2beta; motif: GCNNNGGSCNGVGGGN; match class: 1","TF:M01858_1","1","0","3254","20","6","20044","PRDM16,HSPG2,SP3,KAT2B,PTP4A3,PKP2"
"TF","Factor: AP-2beta; motif: GCNNNGGSCNGVGGGN","TF:M01858","1","0","7651","20","12","20044","PRDM16,HSPG2,NOS1AP,SP3,KAT2B,CACNA2D2,SEC62,MECOM,PTP4A3,TMEM245,PKP2,MYO18B"
"TF","Factor: AP-2alpha; motif: NGCCYSNNGSN; match class: 1","TF:M01857_1","1","0","4757","20","7","20044","PRDM16,HSPG2,KAT2B,CACNA2D2,PTP4A3,PTK2,PKP2"
"TF","Factor: AP-2alpha; motif: NGCCYSNNGSN","TF:M01857","1","0","9435","20","16","20044","PRDM16,HSPG2,NOS1AP,SP3,KAT2B,CACNA2D2,SEC62,MECOM,UBA6,PTP4A3,PTK2,LDB3,CRYAB,PKP2,NFATC3,MYO18B"
"TF","Factor: AP-2alpha; motif: NSCCNCRGGSN; match class: 1","TF:M07348_1","1","0","3037","20","5","20044","PRDM16,SP3,KAT2B,PTP4A3,PTK2"
"TF","Factor: AP-2rep; motif: NGGGGCGGGGC","TF:M09967","1","0","4160","20","6","20044","HSPG2,PTP4A3,PTK2,ADM,PKP2,NFATC3"
"TF","Factor: AP-2alpha; motif: NSCCNCRGGSN","TF:M07348","1","0","8277","20","10","20044","PRDM16,HSPG2,SP3,KAT2B,UBA6,PTP4A3,PTK2,TMEM245,CRYAB,NFATC3"
"TF","Factor: AP-2alphaA; motif: ANMGCCTNAGGCKNT","TF:M01047","1","0","8667","20","13","20044","PRDM16,HSPG2,SP3,KAT2B,CACNA2D2,UBA6,PTP4A3,PTK2,LDB3,ADM,CRYAB,NFATC3,MYO18B"
"TF","Factor: AP-2alphaA; motif: ANNGCCTNAGGSNNT; match class: 1","TF:M01045_1","1","0","2342","20","1","20044","SEC62"
"TF","Factor: AP-2alphaA; motif: ANNGCCTNAGGSNNT","TF:M01045","1","0","6401","20","5","20044","CACNA2D2,SEC62,MECOM,UBA6,PTP4A3"
"TF","Factor: AP-2alpha; motif: GCCNNNRGS; match class: 1","TF:M00469_1","1","0","3413","20","4","20044","PRDM16,SP3,KAT2B,PTK2"
"TF","Factor: AP-2alpha; motif: GCCNNNRGS","TF:M00469","1","0","5305","20","8","20044","PRDM16,HSPG2,SP3,KAT2B,CACNA2D2,PTK2,PKP2,NFATC3"
"TF","Factor: AP-1; motif: NTGACTCAN","TF:M00925","1","0","2565","20","3","20044","PTP4A3,LDB3,ADM"
"TF","Factor: AP-1; motif: TGAGTCAN","TF:M00926","1","0","932","20","1","20044","LDB3"
"TF","Factor: AP-1; motif: RGTGACTMANN; match class: 1","TF:M00188_1","1","0","316","20","1","20044","MYPN"
"TF","Factor: AP-1; motif: RGTGACTMANN","TF:M00188","1","0","3164","20","2","20044","SP3,MYPN"
"TF","Factor: AP-1; motif: TGACTCANNSKN","TF:M00924","1","0","2827","20","2","20044","LDB3,ADM"
"TF","Factor: AP-1; motif: RSTGACTNANW; match class: 1","TF:M00173_1","1","0","229","20","1","20044","MYPN"
"TF","Factor: AP-1; motif: RSTGACTNANW","TF:M00173","1","0","2749","20","1","20044","MYPN"
"TF","Factor: AP-1; motif: NTGASTCAG; match class: 1","TF:M00199_1","1","0","4311","20","3","20044","PTP4A3,LDB3,ADM"
"TF","Factor: AP-1; motif: NTGASTCAG","TF:M00199","1","0","4884","20","5","20044","SP3,UBA6,PTP4A3,LDB3,ADM"
"TF","Factor: AP-2alphaA; motif: ANMGCCTNAGGCKNT; match class: 1","TF:M01047_1","1","0","8667","20","13","20044","PRDM16,HSPG2,SP3,KAT2B,CACNA2D2,UBA6,PTP4A3,PTK2,LDB3,ADM,CRYAB,NFATC3,MYO18B"
"TF","Factor: Arnt; motif: NNNNNRTCACGTGAYNNNNN","TF:M00539","1","0","6782","20","4","20044","HSPG2,PTP4A3,LDB3,NFATC3"
"TF","Factor: AP-2rep; motif: NGGGGCGGGGC; match class: 1","TF:M09967_1","1","0","1438","20","3","20044","HSPG2,PKP2,NFATC3"
"TF","Factor: AP-2; motif: GSCCSCRGGCNRNRNN; match class: 1","TF:M00800_1","1","0","4393","20","7","20044","PRDM16,HSPG2,NOS1AP,SP3,KAT2B,CACNA2D2,SEC62"
"TF","Factor: Arnt; motif: NDDNNCACGTGNNNNN","TF:M00236","1","0","2242","20","1","20044","NFATC3"
"TF","Factor: BMAL1; motif: RTCACGTGNN","TF:M11049","1","0","619","20","1","20044","NFATC3"
"TF","Factor: BMAL1; motif: RTCAYGTGMN","TF:M11048","1","0","2280","20","3","20044","UBA6,PTP4A3,NFATC3"
"TF","Factor: ARNTLIKE; motif: NNNSCACGTG; match class: 1","TF:M08868_1","1","0","2919","20","2","20044","HSPG2,PTP4A3"
"TF","Factor: ARNTLIKE; motif: NNNSCACGTG","TF:M08868","1","0","5190","20","4","20044","HSPG2,PTP4A3,LDB3,NFATC3"
"TF","Factor: ARID4B; motif: NNYCAGCACCNNGGNCAGCGSC; match class: 1","TF:M13125_1","1","0","666","20","2","20044","PTP4A3,NFATC3"
"TF","Factor: ARID4B; motif: NNYCAGCACCNNGGNCAGCGSC","TF:M13125","1","0","3715","20","6","20044","PRDM16,CACNA2D2,PTP4A3,TMEM245,ADM,NFATC3"
"TF","Factor: ARGFX; motif: NCTAATTARN","TF:M10973","1","0","123","20","1","20044","UBA6"
"TF","Factor: AREB6; motif: VNRCACCTGKNC","TF:M00414","1","0","1790","20","1","20044","NOS1AP"
"TF","Factor: AREB6; motif: NNYNYACCTGWVT","TF:M00412","1","0","4781","20","4","20044","HSPG2,SEC62,GNRHR,ADM"
"TF","Factor: AP-4; motif: NCAGCTGYNGNCN; match class: 1","TF:M01860_1","1","0","1680","20","2","20044","KAT2B,MYO18B"
"TF","Factor: AP-4; motif: NCAGCTGYNGNCN","TF:M01860","1","0","6089","20","9","20044","HSPG2,KAT2B,CACNA2D2,PTP4A3,MYPN,LDB3,ADM,NFATC3,MYO18B"
"TF","Factor: AP-4; motif: RNCAGCTGC; match class: 1","TF:M00927_1","1","0","1935","20","5","20044","KAT2B,SEC62,PTP4A3,LDB3,ADM"
"TF","Factor: AP-4; motif: RNCAGCTGC","TF:M00927","1","0","6421","20","9","20044","HSPG2,KAT2B,CACNA2D2,SEC62,PTP4A3,TMEM245,LDB3,ADM,NFATC3"
"TF","Factor: AP-2; motif: GSCCSCRGGCNRNRNN","TF:M00800","1","0","9365","20","11","20044","PRDM16,HSPG2,NOS1AP,SP3,KAT2B,CACNA2D2,SEC62,MECOM,PTP4A3,PTK2,TMEM245"
"TF","Factor: AP-4; motif: CWCAGCTGGN; match class: 1","TF:M00176_1","1","0","244","20","1","20044","PTP4A3"
"TF","Factor: AP-4; motif: VDCAGCTGNN","TF:M00175","1","0","2493","20","6","20044","MECOM,PTP4A3,LDB3,CRYAB,PKP2,MYO18B"
"TF","Factor: AP-4; motif: YCAGCTGNKN; match class: 1","TF:M10097_1","1","0","1573","20","4","20044","CACNA2D2,SEC62,LDB3,CRYAB"
"TF","Factor: AP-4; motif: YCAGCTGNKN","TF:M10097","1","0","6096","20","12","20044","KAT2B,CACNA2D2,SEC62,MECOM,UBA6,PTP4A3,MYPN,LDB3,ADM,CRYAB,PKP2,MYO18B"
"TF","Factor: AP-4; motif: WGARYCAGCTGYGGNCNK; match class: 1","TF:M00005_1","1","0","1031","20","1","20044","MYO18B"
"TF","Factor: AP-4; motif: WGARYCAGCTGYGGNCNK","TF:M00005","1","0","5299","20","9","20044","HSPG2,SP3,PTP4A3,TMEM245,MYPN,LDB3,ADM,CRYAB,MYO18B"
"TF","Factor: AP-3; motif: TKGAAAKN; match class: 1","TF:M04609_1","1","0","651","20","1","20044","MYPN"
"TF","Factor: AP-3; motif: TKGAAAKN","TF:M04609","1","0","4359","20","1","20044","MYPN"
"TF","Factor: AP-3; motif: TCYMMATT","TF:M00690","1","0","1196","20","1","20044","GNRHR"
"TF","Factor: AP-2; motif: SNNNCCNCAGGCN; match class: 1","TF:M00915_1","1","0","4691","20","8","20044","PRDM16,HSPG2,NOS1AP,SP3,KAT2B,PTK2,TMEM245,PKP2"
"TF","Factor: AP-2; motif: SNNNCCNCAGGCN","TF:M00915","1","0","9880","20","14","20044","PRDM16,HSPG2,NOS1AP,SP3,KAT2B,CACNA2D2,SEC62,PTP4A3,PTK2,TMEM245,CRYAB,PKP2,NFATC3,MYO18B"
"TF","Factor: AP-2; motif: MKCCCSCNGGCG; match class: 1","TF:M00189_1","1","0","6273","20","10","20044","PRDM16,HSPG2,NOS1AP,SP3,KAT2B,CACNA2D2,MECOM,PTK2,PKP2,NFATC3"
"TF","Factor: AP-2; motif: MKCCCSCNGGCG","TF:M00189","1","0","10911","20","14","20044","PRDM16,HSPG2,NOS1AP,SP3,KAT2B,CACNA2D2,SEC62,MECOM,PTK2,TMEM245,LDB3,CRYAB,PKP2,NFATC3"
"TF","Factor: AP2; motif: GCCYGSGGSN; match class: 1","TF:M08867_1","1","0","5324","20","10","20044","PRDM16,HSPG2,SP3,KAT2B,CACNA2D2,PTP4A3,PTK2,TMEM245,PKP2,NFATC3"
"TF","Factor: AP2; motif: GCCYGSGGSN","TF:M08867","1","0","10315","20","14","20044","PRDM16,HSPG2,NOS1AP,SP3,KAT2B,CACNA2D2,MECOM,UBA6,PTP4A3,PTK2,TMEM245,CRYAB,PKP2,NFATC3"
"TF","Factor: AP-4; motif: CWCAGCTGGN","TF:M00176","1","0","2590","20","4","20044","MECOM,PTP4A3,ADM,PKP2"
"TF","Factor: c-Myc; motif: CACGTGGC","TF:M03867","1","0","7498","20","7","20044","PRDM16,HSPG2,SEC62,UBA6,PTP4A3,LDB3,NFATC3"
"TF","Factor: MYC; motif: NNCCACGTGCNN","TF:M09812","1","0","5593","20","4","20044","HSPG2,PTP4A3,LDB3,NFATC3"
"TF","Factor: c-Myc; motif: CACGTGGC; match class: 1","TF:M03867_1","1","0","2751","20","3","20044","HSPG2,PTP4A3,LDB3"
"TF","Factor: CNOT3; motif: GGCCGCGSSS; match class: 1","TF:M01253_1","1","0","1067","20","3","20044","PRDM16,HSPG2,NFATC3"
"TF","Factor: HOXA11; motif: NGYMATAAAAN","TF:M10822","1","0","2300","20","2","20044","LDB3,NFATC3"
"TF","Factor: HOXA10; motif: TTATNNYWN; match class: 1","TF:M07257_1","1","0","712","20","1","20044","PTK2"
"TF","Factor: HOXA10; motif: TTATNNYWN","TF:M07257","1","0","3791","20","4","20044","KAT2B,MECOM,PTK2,ADM"
"TF","Factor: HOXA10; motif: ANTTTATG","TF:M03873","1","0","2337","20","1","20044","NFATC3"
"TF","Factor: HOXA10; motif: NGYMATAAANN","TF:M10802","1","0","3669","20","4","20044","LDB3,CRYAB,PKP2,NFATC3"
"TF","Factor: HOXA10; motif: NRTCGTAAANN","TF:M10801","1","0","3923","20","3","20044","SEC62,ADM,NFATC3"
"TF","Factor: HOXA10; motif: NGYMATAAANN","TF:M10800","1","0","3610","20","4","20044","LDB3,CRYAB,PKP2,NFATC3"
"TF","Factor: HOXA10; motif: NRTCGTAAANN","TF:M10799","1","0","5713","20","5","20044","PRDM16,SP3,SEC62,ADM,NFATC3"
"TF","Factor: HOXA10; motif: RGTCGTAAAAN","TF:M10797","1","0","5575","20","4","20044","GNRHR,UBA6,ADM,NFATC3"
"TF","Factor: HOXA10; motif: NGTCGTAAAAN","TF:M10795","1","0","7030","20","7","20044","PRDM16,SP3,SEC62,TMEM245,ADM,NFATC3,MYO18B"
"TF","Factor: HOXA10; motif: NGYMATAAAAN","TF:M04340","1","0","2561","20","2","20044","LDB3,CRYAB"
"TF","Factor: HOXA10; motif: NNNGYAATAAAATNNW; match class: 1","TF:M01464_1","1","0","522","20","1","20044","PKP2"
"TF","Factor: HOXA10; motif: NNNGYAATAAAATNNW","TF:M01464","1","0","3443","20","3","20044","MECOM,CRYAB,PKP2"
"TF","Factor: HOXA5; motif: ANGNTAATTANCNNAN","TF:M01452","1","0","3680","20","2","20044","KAT2B,PKP2"
"TF","Factor: HOXA5; motif: TGCNHNCWYCCYCATTAKTGNDCNMNHYCN","TF:M00023","1","0","3507","20","5","20044","NOS1AP,SP3,MECOM,GNRHR,MYPN"
"TF","Factor: HOMEZ; motif: AAAACGATTAWA","TF:M04007","1","0","396","20","1","20044","LDB3"
"TF","Factor: HNRPUL1; motif: NCNCAGN; match class: 1","TF:M09746_1","1","0","7737","20","7","20044","NOS1AP,CACNA2D2,PTP4A3,TMEM245,LDB3,ADM,NFATC3"
"TF","Factor: HNRPUL1; motif: NCNCAGN","TF:M09746","1","0","13971","20","14","20044","PRDM16,NOS1AP,SP3,KAT2B,CACNA2D2,MECOM,PTP4A3,PTK2,TMEM245,LDB3,ADM,CRYAB,PKP2,NFATC3"
"TF","Factor: HNF-4; motif: NNNNNNNGNNCAAAGKYCAN","TF:M03828","1","0","1168","20","1","20044","LDB3"
"TF","Factor: HNF-4; motif: NGGNCAAAGKYCAN","TF:M01031","1","0","912","20","1","20044","LDB3"
"TF","Factor: HNF4alpha1; motif: NRGGNCAAAGGTCAN","TF:M00411","1","0","1914","20","1","20044","PKP2"
"TF","Factor: HNF-4; motif: NNNRGGNCAAAGKTCANNN","TF:M00134","1","0","1152","20","1","20044","LDB3"
"TF","Factor: HNF4G; motif: NRGKNCAAAGKYCA","TF:M12623","1","0","1023","20","1","20044","PKP2"
"TF","Factor: HNF4G; motif: NNCAAAGTCCANN","TF:M12521","1","0","470","20","1","20044","UBA6"
"TF","Factor: HNF-4gamma; motif: NRGNNCAAAGKYCA","TF:M09627","1","0","1169","20","2","20044","LDB3,PKP2"
"TF","Factor: HNF-4gamma; motif: NRGNNCAAAGKYCA","TF:M09948","1","0","982","20","1","20044","PKP2"
"TF","Factor: HNF4; motif: TGAMCTTTGNCCN","TF:M00764","1","0","1782","20","2","20044","LDB3,ADM"
"TF","Factor: HNF-4alpha; motif: GNNCAAAGKYCANNN","TF:M02016","1","0","2425","20","2","20044","LDB3,PKP2"
"TF","Factor: HNF-4A; motif: NGNNCAAAGKYCAN","TF:M07321","1","0","1614","20","1","20044","LDB3"
"TF","Factor: HOXA13; motif: ATAAMA","TF:M01292","1","0","13606","20","11","20044","NOS1AP,GNRHR,UBA6,PTP4A3,TMEM245,MYPN,LDB3,CRYAB,PKP2,NFATC3,MYO18B"
"TF","Factor: HOXA13; motif: ATAAMA; match class: 1","TF:M01292_1","1","0","8432","20","3","20044","GNRHR,MYPN,PKP2"
"TF","Factor: HOXA13; motif: AMRTAAAMC","TF:M01297","1","0","1555","20","2","20044","GNRHR,MYPN"
"TF","Factor: HOXA1; motif: NTAATTAN","TF:M10753","1","0","1931","20","1","20044","MECOM"
"TF","Factor: HOXA9; motif: DTGATTTATKGY","TF:M07450","1","0","4753","20","5","20044","MECOM,GNRHR,UBA6,TMEM245,MYPN"
"TF","Factor: hoxa9; motif: NCGGYCATWAAAWTANW","TF:M01351","1","0","2196","20","3","20044","LDB3,NFATC3,MYO18B"
"TF","Factor: HOX; motif: TTWATKNN","TF:M07456","1","0","2064","20","2","20044","SEC62,PKP2"
"TF","Factor: HOXA7; motif: GYMATTAN; match class: 1","TF:M10690_1","1","0","6136","20","7","20044","NOS1AP,SEC62,MECOM,GNRHR,UBA6,MYPN,NFATC3"
"TF","Factor: HOXA7; motif: GYMATTAN","TF:M10690","1","0","10856","20","9","20044","NOS1AP,KAT2B,SEC62,MECOM,GNRHR,UBA6,PTK2,MYPN,NFATC3"
"TF","Factor: HOXA7; motif: NYMATTAN; match class: 1","TF:M08773_1","1","0","829","20","1","20044","NFATC3"
"TF","Factor: HOXA7; motif: NYMATTAN","TF:M08773","1","0","4552","20","4","20044","KAT2B,SEC62,GNRHR,NFATC3"
"TF","Factor: HOXA7; motif: YCAATCT","TF:M01108","1","0","2992","20","3","20044","PTP4A3,TMEM245,CRYAB"
"TF","Factor: HOXA6; motif: NGYMATTANN","TF:M10696","1","0","4915","20","2","20044","MECOM,PKP2"
"TF","Factor: HOXA6; motif: RTCRTTAN; match class: 1","TF:M10695_1","1","0","1495","20","3","20044","TMEM245,MYPN,NFATC3"
"TF","Factor: HOXA6; motif: RTCRTTAN","TF:M10695","1","0","6573","20","8","20044","KAT2B,SEC62,UBA6,PTK2,TMEM245,MYPN,PKP2,NFATC3"
"TF","Factor: HOXA6; motif: NGYMATTANN","TF:M10694","1","0","3295","20","1","20044","MECOM"
"TF","Factor: HoxA5; motif: RTCATTAN","TF:M10707","1","0","2974","20","3","20044","GNRHR,MYPN,PKP2"
"TF","Factor: HoxA5; motif: NYMATTAN; match class: 1","TF:M10706_1","1","0","2805","20","2","20044","MECOM,UBA6"
"TF","Factor: HNF4A; motif: TGGACTTTG","TF:M12622","1","0","2580","20","1","20044","UBA6"
"TF","Factor: HoxA5; motif: NYMATTAN","TF:M10706","1","0","3493","20","2","20044","MECOM,UBA6"
"TF","Factor: HoxA5; motif: GYMATTAS","TF:M10705","1","0","3493","20","2","20044","MECOM,UBA6"
"TF","Factor: HoxA5; motif: RTCATTAN; match class: 1","TF:M10704_1","1","0","1180","20","1","20044","MYPN"
"TF","Factor: HoxA5; motif: RTCATTAN","TF:M10704","1","0","5436","20","6","20044","NOS1AP,KAT2B,MECOM,GNRHR,MYPN,PKP2"
"TF","Factor: HoxA5; motif: NYAATTAN; match class: 1","TF:M10703_1","1","0","2110","20","1","20044","UBA6"
"TF","Factor: HoxA5; motif: NYAATTAN","TF:M10703","1","0","3493","20","2","20044","MECOM,UBA6"
"TF","Factor: HOXA5; motif: CDBWAATK","TF:M02271","1","0","1922","20","1","20044","MYO18B"
"TF","Factor: HOXA4; motif: RTMATTAN","TF:M10716","1","0","4035","20","4","20044","KAT2B,MECOM,MYPN,PKP2"
"TF","Factor: HOXA4; motif: RYCATTRN","TF:M08771","1","0","2899","20","4","20044","KAT2B,MECOM,MYPN,PKP2"
"TF","Factor: HOXA3; motif: NNNNRNTAATTARY; match class: 1","TF:M01337_1","1","0","12146","20","11","20044","NOS1AP,KAT2B,SEC62,MECOM,GNRHR,UBA6,MYPN,ADM,PKP2,NFATC3,MYO18B"
"TF","Factor: HOXA3; motif: NNNNRNTAATTARY","TF:M01337","1","0","16059","20","13","20044","PRDM16,HSPG2,NOS1AP,KAT2B,SEC62,MECOM,GNRHR,UBA6,MYPN,ADM,PKP2,NFATC3,MYO18B"
"TF","Factor: HOXA3:TBR2; motif: TAATGAGGTGTNA","TF:M08338","1","0","1209","20","2","20044","MYPN,CRYAB"
"TF","Factor: HOXA2; motif: RTCRTTAR","TF:M10736","1","0","1952","20","3","20044","KAT2B,MYPN,PKP2"
"TF","Factor: HOXA2; motif: RTCRTTAN","TF:M10733","1","0","2372","20","3","20044","KAT2B,MYPN,PKP2"
"TF","Factor: HOXA2; motif: NNTMATTANN","TF:M04344","1","0","2536","20","2","20044","NOS1AP,KAT2B"
"TF","Factor: HoxA5; motif: GYMATTAS; match class: 1","TF:M10705_1","1","0","3493","20","2","20044","MECOM,UBA6"
"TF","Factor: HNF4A; motif: NNCAAAGTCCANN","TF:M12503","1","0","3060","20","2","20044","UBA6,PKP2"
"TF","Factor: HNF-4alpha; motif: RRGTCCAAAGTCCAN","TF:M11760","1","0","1767","20","3","20044","UBA6,ADM,PKP2"
"TF","Factor: HNF-4alpha; motif: RRGGTCAAAGTCCAN","TF:M11759","1","0","1791","20","2","20044","NOS1AP,PKP2"
"TF","Factor: HNF1B; motif: GTTAAWCATTAACYNN","TF:M12618","1","0","767","20","1","20044","GNRHR"
"TF","Factor: HNF-1beta; motif: NNNNGTTAACTAGNNNT; match class: 1","TF:M01425_1","1","0","1761","20","2","20044","MYPN,MYO18B"
"TF","Factor: HNF-1beta; motif: NNNNGTTAACTAGNNNT","TF:M01425","1","0","5292","20","7","20044","HSPG2,KAT2B,GNRHR,MYPN,PKP2,NFATC3,MYO18B"
"TF","Factor: HNF-1alpha; motif: RGTTAATNWTT; match class: 1","TF:M02013_1","1","0","148","20","1","20044","GNRHR"
"TF","Factor: HNF-1alpha; motif: RGTTAATNWTT","TF:M02013","1","0","1859","20","1","20044","GNRHR"
"TF","Factor: HNF-1alpha; motif: NGNNAAWNATTAACNN","TF:M07044","1","0","1701","20","1","20044","GNRHR"
"TF","Factor: HNF1A; motif: GGTTAATNATTAMC","TF:M02162","1","0","1200","20","1","20044","GNRHR"
"TF","Factor: HMX3; motif: NNCAMTTAANN; match class: 1","TF:M04335_1","1","0","1272","20","1","20044","MYPN"
"TF","Factor: HMX3; motif: NNCAMTTAANN","TF:M04335","1","0","5510","20","6","20044","SP3,SEC62,GNRHR,UBA6,MYPN,NFATC3"
"TF","Factor: HMX2; motif: ANCACTTAAN","TF:M10648","1","0","1335","20","2","20044","UBA6,MYPN"
"TF","Factor: HMX2; motif: ACCACTTAAN","TF:M10647","1","0","1088","20","2","20044","UBA6,MYPN"
"TF","Factor: HMX2; motif: SCACTTANC","TF:M10646","1","0","7290","20","6","20044","PRDM16,HSPG2,KAT2B,SEC62,MYPN,MYO18B"
"TF","Factor: HMX2; motif: NCAMTTAAN","TF:M10645","1","0","4182","20","6","20044","HSPG2,SP3,GNRHR,UBA6,MYPN,MYO18B"
"TF","Factor: HMX2; motif: ANCAMTTAANN","TF:M04334","1","0","5002","20","6","20044","SP3,SEC62,GNRHR,UBA6,MYPN,NFATC3"
"TF","Factor: HNF-1beta; motif: NNNYAAHCATTAACYN","TF:M03826","1","0","2832","20","3","20044","MECOM,GNRHR,MYPN"
"TF","Factor: Homeobox; motif: NCAMTTANC","TF:M10644","1","0","3744","20","5","20044","HSPG2,SP3,SEC62,UBA6,MYPN"
"TF","Factor: HMX1; motif: ANCAATTAANN","TF:M04333","1","0","1756","20","2","20044","SEC62,GNRHR"
"TF","Factor: HMGXB3; motif: NRGCCAATSRGNRNNS","TF:M12616","1","0","2909","20","1","20044","NFATC3"
"TF","Factor: HMGIY; motif: NNKKNAWTTTNYTNN; match class: 1","TF:M01010_1","1","0","3184","20","5","20044","MECOM,GNRHR,UBA6,MYPN,PKP2"
"TF","Factor: HMGIY; motif: NNKKNAWTTTNYTNN","TF:M01010","1","0","8333","20","7","20044","SP3,MECOM,GNRHR,UBA6,MYPN,ADM,PKP2"
"TF","Factor: HMGIY; motif: NGWWATTN; match class: 1","TF:M01653_1","1","0","1514","20","2","20044","MYPN,MYO18B"
"TF","Factor: HMGIY; motif: NGWWATTN","TF:M01653","1","0","6126","20","8","20044","NOS1AP,SP3,MECOM,GNRHR,TMEM245,MYPN,ADM,MYO18B"
"TF","Factor: HMG20A; motif: NSAGATAAGN","TF:M13114","1","0","2533","20","6","20044","PRDM16,SEC62,GNRHR,ADM,CRYAB,MYO18B"
"TF","Factor: MEF-2A; motif: SKYTAAAAATAACYCH","TF:M00406","1","0","1167","20","1","20044","TMEM245"
"TF","Factor: HMBOX1; motif: NCTAGTTAN","TF:M11043","1","0","590","20","1","20044","GNRHR"
"TF","Factor: HMBOX1; motif: MYTAGTTAMN","TF:M04332","1","0","1502","20","2","20044","HSPG2,PKP2"
"TF","Factor: HLTF; motif: AGSCARAAAGYRGSTGS; match class: 1","TF:M04613_1","1","0","2060","20","1","20044","MYPN"
"TF","Factor: HLTF; motif: AGSCARAAAGYRGSTGS","TF:M04613","1","0","8158","20","9","20044","HSPG2,CACNA2D2,GNRHR,UBA6,PTP4A3,MYPN,LDB3,PKP2,MYO18B"
"TF","Factor: HLF; motif: NNRTTATGCAACNN; match class: 1","TF:M12490_1","1","0","72","20","1","20044","UBA6"
"TF","Factor: HLF; motif: NNRTTATGCAACNN","TF:M12490","1","0","1378","20","3","20044","SEC62,UBA6,PKP2"
"TF","Factor: Homeobox; motif: NCAMTTANC","TF:M10643","1","0","4026","20","5","20044","PRDM16,HSPG2,SEC62,UBA6,MYPN"
"TF","Factor: hoxa9; motif: RTCGTWAANN","TF:M10783","1","0","1910","20","1","20044","ADM"
"TF","Factor: HNF-1beta; motif: GTTAATYATTAACY","TF:M03872","1","0","4186","20","3","20044","KAT2B,SEC62,GNRHR"
"TF","Factor: HNF-1alpha; motif: GGTTAATNWTTAMCN","TF:M00132","1","0","850","20","1","20044","GNRHR"
"TF","Factor: HNF-4alpha; motif: RRGTCCAAAGGTCAN","TF:M11757","1","0","2104","20","1","20044","ADM"
"TF","Factor: HNF-4alpha; motif: RRGTCCAAAGTCCAN; match class: 1","TF:M11756_1","1","0","306","20","1","20044","PKP2"
"TF","Factor: HNF-4alpha; motif: RRGTCCAAAGTCCAN","TF:M11756","1","0","3120","20","3","20044","UBA6,ADM,PKP2"
"TF","Factor: HNF-4alpha; motif: RRGGTCAAAGTCCAN","TF:M11755","1","0","2300","20","4","20044","NOS1AP,UBA6,PTP4A3,PKP2"
"TF","Factor: HNF-4alpha; motif: NRGKNCAAAGTCCA","TF:M09947","1","0","2128","20","2","20044","UBA6,PKP2"
"TF","Factor: HNF-4alpha; motif: NRGNNCAAAGTYCA","TF:M09626","1","0","1860","20","2","20044","UBA6,PKP2"
"TF","Factor: HNF4A; motif: NTGRACTTTGNNCYN","TF:M07215","1","0","1423","20","1","20044","LDB3"
"TF","Factor: HNF-4alpha; motif: AGTCCAAR; match class: 1","TF:M04903_1","1","0","1559","20","3","20044","SEC62,ADM,PKP2"
"TF","Factor: HNF-4alpha; motif: AGTCCAAR","TF:M04903","1","0","7069","20","8","20044","PRDM16,SEC62,GNRHR,UBA6,MYPN,ADM,CRYAB,PKP2"
"TF","Factor: HNF4alpha; motif: AAGTYCAG","TF:M04808","1","0","2986","20","5","20044","CACNA2D2,SEC62,MECOM,UBA6,NFATC3"
"TF","Factor: HNF4A; motif: RRGTCCAAAGGTCAN","TF:M04468","1","0","1253","20","1","20044","MYPN"
"TF","Factor: HNF4A; motif: RRGGTCAAAGTCCANN","TF:M04467","1","0","1658","20","2","20044","NOS1AP,PKP2"
"TF","Factor: HNF4A; motif: RRGTCCAAAGTCCANN","TF:M04465","1","0","1332","20","1","20044","PKP2"
"TF","Factor: HNF4A; motif: RGGNCAAAGKYCA","TF:M02220","1","0","1804","20","2","20044","LDB3,PKP2"
"TF","Factor: HNF-1beta; motif: GTTAATYATTAACY; match class: 1","TF:M03872_1","1","0","731","20","1","20044","GNRHR"
"TF","Factor: HNF4alpha; motif: VTGAACTTTGMMB","TF:M00638","1","0","2886","20","4","20044","GNRHR,LDB3,ADM,CRYAB"
"TF","Factor: HNF-3gamma; motif: TGTTTRYT","TF:M02015","1","0","2846","20","2","20044","MYPN,PKP2"
"TF","Factor: HNF3G; motif: NCTRWGTAAACANNN","TF:M12621","1","0","539","20","1","20044","CRYAB"
"TF","Factor: HNF-3gamma; motif: NNGTAAACANN","TF:M12469","1","0","526","20","1","20044","MYO18B"
"TF","Factor: HNF-3beta; motif: NTRTTTRYT","TF:M02014","1","0","2671","20","3","20044","MYPN,LDB3,CRYAB"
"TF","Factor: HNF-3beta; motif: TGTTTACWYWGN","TF:M09926","1","0","2282","20","1","20044","CRYAB"
"TF","Factor: HNF3beta; motif: KGNANTRTTTRYTTW","TF:M00131","1","0","2628","20","2","20044","PRDM16,GNRHR"
"TF","Factor: HNF-3alpha; motif: TGTTTACWYWNN","TF:M09925","1","0","2355","20","1","20044","CRYAB"
"TF","Factor: HNF3A; motif: RWGTAAACAN","TF:M01261","1","0","3301","20","3","20044","SEC62,CRYAB,MYO18B"
"TF","Factor: HNF3alpha; motif: TRTTTGYTYWN","TF:M00724","1","0","2641","20","1","20044","CRYAB"
"TF","Factor: HNF-1; motif: NNNNGNTAAWNATTAACYNNN","TF:M01011","1","0","2386","20","2","20044","GNRHR,MYO18B"
"TF","Factor: HNF-1; motif: WRGTTAATNATTAACNNN","TF:M00790","1","0","2808","20","2","20044","MECOM,GNRHR"
"TF","Factor: HNF-1; motif: DGTTAATKAWTNACCAM","TF:M00206","1","0","1530","20","1","20044","ADM"
"TF","Factor: HNF-1alpha; motif: NNKNNGTTAACTAANNN; match class: 1","TF:M01379_1","1","0","1093","20","1","20044","MYO18B"
"TF","Factor: HNF-1alpha; motif: NNKNNGTTAACTAANNN","TF:M01379","1","0","3424","20","8","20044","HSPG2,KAT2B,GNRHR,TMEM245,MYPN,PKP2,NFATC3,MYO18B"
"TF","Factor: HNF3; motif: NNNNNTRTTTRYTYWNKN","TF:M01012","1","0","2343","20","1","20044","CRYAB"
"TF","Factor: Hlf; motif: NNTTACGTAANN","TF:M11331","1","0","550","20","1","20044","SEC62"
"TF","Factor: hoxa9; motif: RTCGTWANNN","TF:M10785","1","0","5711","20","6","20044","SEC62,UBA6,TMEM245,ADM,PKP2,MYO18B"
"TF","Factor: hoxa9; motif: GYMATWANNN","TF:M10786","1","0","8008","20","5","20044","GNRHR,PTK2,TMEM245,LDB3,NFATC3"
"TF","Factor: hoxd9; motif: GTCGTAAANN","TF:M10771","1","0","382","20","1","20044","ADM"
"TF","Factor: HOXD8; motif: GYMATTAN","TF:M10724","1","0","2882","20","1","20044","MYPN"
"TF","Factor: HOXD8; motif: RTCRTTAN; match class: 1","TF:M10723_1","1","0","627","20","1","20044","TMEM245"
"TF","Factor: HOXD8; motif: RTCRTTAN","TF:M10723","1","0","4308","20","7","20044","KAT2B,SEC62,UBA6,PTK2,TMEM245,MYPN,PKP2"
"TF","Factor: HOXD4; motif: RTCRTTAN","TF:M10713","1","0","3864","20","4","20044","MECOM,GNRHR,MYPN,PKP2"
"TF","Factor: HOXD4; motif: NYMATTAN","TF:M10712","1","0","4150","20","3","20044","KAT2B,MYPN,PKP2"
"TF","Factor: HOXD4; motif: NYMATTAN","TF:M10711","1","0","1683","20","1","20044","MECOM"
"TF","Factor: HOXD4; motif: RTCRTTAN","TF:M10710","1","0","3394","20","3","20044","GNRHR,MYPN,PKP2"
"TF","Factor: HOXD4; motif: NNYMATTANN; match class: 1","TF:M08774_1","1","0","506","20","1","20044","TMEM245"
"TF","Factor: HOXD4; motif: NNYMATTANN","TF:M08774","1","0","4068","20","3","20044","NOS1AP,TMEM245,LDB3"
"TF","Factor: HOXD1; motif: NATYCAKCAN; match class: 1","TF:M12625_1","1","0","1047","20","1","20044","GNRHR"
"TF","Factor: HOXD1; motif: NATYCAKCAN","TF:M12625","1","0","5700","20","4","20044","PRDM16,NOS1AP,GNRHR,UBA6"
"TF","Factor: hoxd1; motif: NTCRTTAN","TF:M10755","1","0","2990","20","5","20044","SEC62,UBA6,PTK2,TMEM245,PKP2"
"TF","Factor: hoxd1; motif: NTAATTAS","TF:M10754","1","0","1931","20","1","20044","MECOM"
"TF","Factor: HOXD13; motif: WNNAATAAWAY; match class: 1","TF:M08817_1","1","0","1648","20","2","20044","GNRHR,PKP2"
"TF","Factor: HOXD13; motif: WNNAATAAWAY","TF:M08817","1","0","5714","20","5","20044","KAT2B,GNRHR,MYPN,CRYAB,PKP2"
"TF","Factor: HOXD13; motif: TTTTATNRSN","TF:M13140","1","0","3282","20","1","20044","PKP2"
"TF","Factor: HOXD13; motif: NNNYYAATAAAANNNN; match class: 1","TF:M01404_1","1","0","861","20","1","20044","GNRHR"
"TF","Factor: HOXD13; motif: NNNYYAATAAAANNNN","TF:M01404","1","0","4472","20","2","20044","GNRHR,PKP2"
"TF","Factor: HOXD12; motif: NGTCGTWAAN","TF:M10830","1","0","694","20","1","20044","ADM"
"TF","Factor: HOXD12; motif: NRTCGTAAAN","TF:M10829","1","0","471","20","1","20044","ADM"
"TF","Factor: HOXD12; motif: GTAATAAAA","TF:M04361","1","0","899","20","1","20044","PKP2"
"TF","Factor: HOXD12:FIGLA; motif: GYNRTWAANNNNCASSTGN","TF:M08608","1","0","262","20","1","20044","NOS1AP"
"TF","Factor: HOXD12:PEA3; motif: RCCGGAAGTAATAAAM","TF:M08369","1","0","4648","20","4","20044","KAT2B,PTK2,TMEM245,MYO18B"
"TF","Factor: HOXD12:Net; motif: NTTTAYKACCGGAAGTN","TF:M08361","1","0","109","20","1","20044","PTK2"
"TF","Factor: HOXD12:Elk-1; motif: NRNCGGAAGTCGTAAAN; match class: 1","TF:M08359_1","1","0","1191","20","2","20044","PTK2,MYPN"
"TF","Factor: HOXD12:Elk-1; motif: NRNCGGAAGTCGTAAAN","TF:M08359","1","0","6211","20","6","20044","KAT2B,MECOM,UBA6,PTP4A3,PTK2,MYPN"
"TF","Factor: HOXD11; motif: NNYMATAAAA; match class: 1","TF:M04360_1","1","0","1054","20","1","20044","GNRHR"
"TF","Factor: HOXD11; motif: NNYMATAAAA","TF:M04360","1","0","5049","20","4","20044","GNRHR,LDB3,CRYAB,PKP2"
"TF","Factor: hoxd9; motif: GYMATAAAAN","TF:M10772","1","0","1723","20","1","20044","LDB3"
"TF","Factor: HSF1; motif: AGAANRTTCN","TF:M00146","1","0","2670","20","4","20044","ADM,CRYAB,NFATC3,MYO18B"
"TF","Factor: HSF1; motif: AGAANRTTCN; match class: 1","TF:M00146_1","1","0","779","20","2","20044","CRYAB,NFATC3"
"TF","Factor: HSF1; motif: TTCTAGAAYNTTC","TF:M04008","1","0","353","20","2","20044","CRYAB,NFATC3"
"TF","Factor: HSF4; motif: TTCTAGAANNTTC","TF:M04010","1","0","174","20","1","20044","NFATC3"
"TF","Factor: HSF2; motif: NGGAATNTTCTNGNRN","TF:M07358","1","0","577","20","1","20044","CRYAB"
"TF","Factor: HSF2; motif: TTCTRGAANNTTCY","TF:M12626","1","0","60","20","1","20044","NFATC3"
"TF","Factor: HSF2; motif: NGAANNTTCTAGAAN","TF:M11663","1","0","66","20","1","20044","NFATC3"
"TF","Factor: HSF2; motif: RGAANGTTCYRGAAN","TF:M11662","1","0","264","20","1","20044","NFATC3"
"TF","Factor: HSF2; motif: NGAANNTTCKMGAAN","TF:M11661","1","0","73","20","1","20044","NFATC3"
"TF","Factor: HSF2; motif: RGAAYRTTCYRGAAN","TF:M11660","1","0","62","20","1","20044","NFATC3"
"TF","Factor: HSF2; motif: TTCTAGAANNTTC","TF:M04009","1","0","34","20","1","20044","NFATC3"
"TF","Factor: HSF2; motif: GAANRTTCTAGAA","TF:M01244","1","0","566","20","2","20044","CRYAB,NFATC3"
"TF","Factor: HSF2; motif: NGAANNWTCK; match class: 1","TF:M00147_1","1","0","4457","20","5","20044","MYPN,ADM,CRYAB,PKP2,NFATC3"
"TF","Factor: HSF2; motif: NGAANNWTCK","TF:M00147","1","0","5920","20","7","20044","CACNA2D2,MYPN,ADM,CRYAB,PKP2,NFATC3,MYO18B"
"TF","Factor: HSF1; motif: GAANNTTCTRGNAN; match class: 1","TF:M02017_1","1","0","533","20","2","20044","UBA6,NFATC3"
"TF","Factor: HSF1; motif: GAANNTTCTRGNAN","TF:M02017","1","0","4075","20","3","20044","UBA6,CRYAB,NFATC3"
"TF","Factor: HSF1; motif: NTTCTRGAAVNTTCTYM; match class: 1","TF:M01023_1","1","0","253","20","2","20044","CRYAB,NFATC3"
"TF","Factor: HOXD10; motif: TTTTATTM","TF:M08816","1","0","2562","20","2","20044","CRYAB,PKP2"
"TF","Factor: HSF1; motif: NTTCTRGAAVNTTCTYM","TF:M01023","1","0","2717","20","3","20044","MECOM,CRYAB,NFATC3"
"TF","Factor: HSF1; motif: GAANNTTCTNGN","TF:M07459","1","0","3451","20","4","20044","KAT2B,UBA6,CRYAB,NFATC3"
"TF","Factor: HSF1; motif: TCYAGAANNTTC; match class: 1","TF:M07259_1","1","0","751","20","1","20044","NFATC3"
"TF","Factor: HSF1; motif: TCYAGAANNTTC","TF:M07259","1","0","4786","20","4","20044","KAT2B,UBA6,CRYAB,NFATC3"
"TF","Factor: HSF1; motif: NGAANRTTCKAGAAN","TF:M11657","1","0","333","20","1","20044","NFATC3"
"TF","Factor: HSF1; motif: RGAANRTTCYRGAAN; match class: 1","TF:M11656_1","1","0","220","20","2","20044","CRYAB,NFATC3"
"TF","Factor: HSF1; motif: RGAANRTTCYRGAAN","TF:M11656","1","0","2043","20","2","20044","CRYAB,NFATC3"
"TF","Factor: HSF1; motif: NGAANGTTCKRGAAN; match class: 1","TF:M11655_1","1","0","89","20","1","20044","CRYAB"
"TF","Factor: HSF1; motif: NGAANGTTCKRGAAN","TF:M11655","1","0","1192","20","3","20044","CACNA2D2,CRYAB,NFATC3"
"TF","Factor: HSF1; motif: RGAANRTTCYRGAAN; match class: 1","TF:M11654_1","1","0","111","20","2","20044","CRYAB,NFATC3"
"TF","Factor: HSF1; motif: RGAANRTTCYRGAAN","TF:M11654","1","0","1335","20","2","20044","CRYAB,NFATC3"
"TF","Factor: HSF1; motif: NRGAANNTTCYRGAA; match class: 1","TF:M09950_1","1","0","250","20","2","20044","CRYAB,NFATC3"
"TF","Factor: HSF1; motif: NRGAANNTTCYRGAA","TF:M09950","1","0","2486","20","3","20044","MECOM,CRYAB,NFATC3"
"TF","Factor: HSF1; motif: NTTCTRGAANNTTCY; match class: 1","TF:M07100_1","1","0","495","20","2","20044","CRYAB,NFATC3"
"TF","Factor: HSF1; motif: NTTCTRGAANNTTCY","TF:M07100","1","0","3383","20","3","20044","MECOM,CRYAB,NFATC3"
"TF","Factor: HSF1; motif: GAANNTTCTNGN; match class: 1","TF:M07459_1","1","0","429","20","1","20044","NFATC3"
"TF","Factor: HOXD10; motif: GRTAATAAAAN","TF:M10794","1","0","653","20","1","20044","CRYAB"
"TF","Factor: HOXC9; motif: WTTTATKGCN","TF:M09955","1","0","1210","20","1","20044","LDB3"
"TF","Factor: HOXC-8; motif: GAATWAYARN","TF:M07421","1","0","1516","20","1","20044","LDB3"
"TF","Factor: HOXB5; motif: GTCATTAN; match class: 1","TF:M10701_1","1","0","1398","20","1","20044","MYPN"
"TF","Factor: HOXB5; motif: GTCATTAN","TF:M10701","1","0","5932","20","6","20044","NOS1AP,KAT2B,MECOM,GNRHR,MYPN,PKP2"
"TF","Factor: HOXB5; motif: RTCRTTAN; match class: 1","TF:M10698_1","1","0","907","20","1","20044","MYPN"
"TF","Factor: HOXB5; motif: RTCRTTAN","TF:M10698","1","0","4690","20","5","20044","KAT2B,MECOM,GNRHR,MYPN,PKP2"
"TF","Factor: HOXB5; motif: NNYMATTANN; match class: 1","TF:M04349_1","1","0","4052","20","4","20044","KAT2B,SEC62,UBA6,PKP2"
"TF","Factor: HOXB5; motif: NNYMATTANN","TF:M04349","1","0","5736","20","7","20044","NOS1AP,KAT2B,SEC62,MECOM,GNRHR,UBA6,PKP2"
"TF","Factor: HOXB4; motif: NTMATTAN","TF:M10720","1","0","1854","20","1","20044","PKP2"
"TF","Factor: HOXB4; motif: YTAATGRC","TF:M09954","1","0","1875","20","2","20044","PKP2,NFATC3"
"TF","Factor: HOXB2; motif: RTCATTAN; match class: 1","TF:M10739_1","1","0","652","20","1","20044","MYPN"
"TF","Factor: HOXB2; motif: RTCATTAN","TF:M10739","1","0","3905","20","4","20044","KAT2B,GNRHR,MYPN,PKP2"
"TF","Factor: HOXB2; motif: NNTMATTANN","TF:M04347","1","0","3362","20","3","20044","KAT2B,MECOM,UBA6"
"TF","Factor: HOXB2:E2A; motif: NCACCTGNNNNNCATTA","TF:M08606","1","0","685","20","2","20044","PRDM16,SEC62"
"TF","Factor: HOXB2:T-bet; motif: NAGGTGTTAATKN","TF:M08355","1","0","676","20","2","20044","KAT2B,GNRHR"
"TF","Factor: HOXB2:Sox-20; motif: ACAATRSNNNNNNNATYA","TF:M08719","1","0","1818","20","3","20044","PRDM16,GNRHR,TMEM245"
"TF","Factor: HOXB6; motif: NTAATKRC","TF:M10691","1","0","5313","20","5","20044","KAT2B,SEC62,MECOM,UBA6,PKP2"
"TF","Factor: HOXB2:pitx1; motif: TAATKANGGGATTA","TF:M08501","1","0","296","20","1","20044","MECOM"
"TF","Factor: HOXB2:PEA3; motif: ACCGGAAATGRN; match class: 1","TF:M08345_1","1","0","2243","20","1","20044","UBA6"
"TF","Factor: HOXB2:PEA3; motif: ACCGGAAATGRN","TF:M08345","1","0","8199","20","4","20044","NOS1AP,CACNA2D2,UBA6,PKP2"
"TF","Factor: HOXB2:TBR2; motif: NNGTGNTAATKN","TF:M08342","1","0","2181","20","3","20044","KAT2B,GNRHR,MYPN"
"TF","Factor: HOXB2:Elk-1; motif: TAATKRCCGGAAGTN; match class: 1","TF:M08341_1","1","0","1338","20","1","20044","MECOM"
"TF","Factor: HOXB2:Elk-1; motif: TAATKRCCGGAAGTN","TF:M08341","1","0","6256","20","4","20044","MECOM,GNRHR,UBA6,PTK2"
"TF","Factor: HOXB2:Elf-1; motif: SCGGAAGTMRTTA","TF:M08339","1","0","1699","20","4","20044","KAT2B,PTP4A3,PTK2,MYPN"
"TF","Factor: HOXB1; motif: STAATTAN","TF:M10759","1","0","920","20","1","20044","MECOM"
"TF","Factor: HOXB1; motif: NTCRTTAN","TF:M10758","1","0","2813","20","5","20044","SEC62,MECOM,UBA6,PTK2,TMEM245"
"TF","Factor: HOXB13; motif: TTTTATNGSN","TF:M09953","1","0","1567","20","1","20044","GNRHR"
"TF","Factor: HOXB13:Tbx3; motif: CYCRTAAATCACACST","TF:M08498","1","0","174","20","1","20044","NOS1AP"
"TF","Factor: HOXB13:OC-2; motif: NNNRTAAAWATYGATY","TF:M08494","1","0","760","20","1","20044","NFATC3"
"TF","Factor: HOXB13:TBR2; motif: ANGTGTNNMATAAAN","TF:M08491","1","0","2986","20","6","20044","SEC62,GNRHR,TMEM245,MYPN,PKP2,NFATC3"
"TF","Factor: Hoxa9; motif: NTTAAWTAMA; match class: 1","TF:M07457_1","1","0","1678","20","1","20044","MYPN"
"TF","Factor: Hoxa9; motif: NTTAAWTAMA","TF:M07457","1","0","4744","20","6","20044","MECOM,GNRHR,TMEM245,MYPN,PKP2,NFATC3"
"TF","Factor: HOXB2:HEN1; motif: NNNRTYANYRKKMGCAGCTGCK","TF:M08718","1","0","497","20","1","20044","PTP4A3"
"TF","Factor: hoxa9; motif: RTCGTWANNN; match class: 1","TF:M10785_1","1","0","1173","20","1","20044","TMEM245"
"TF","Factor: HOXB6; motif: NTAATKRC; match class: 1","TF:M10691_1","1","0","1454","20","1","20044","PKP2"
"TF","Factor: HOXB6; motif: GTCGTTAN; match class: 1","TF:M10692_1","1","0","1007","20","1","20044","TMEM245"
"TF","Factor: HOXC-8; motif: NTAATTAN","TF:M10731","1","0","1197","20","1","20044","MECOM"
"TF","Factor: HOXC-8; motif: RTCRTTAN; match class: 1","TF:M10729_1","1","0","537","20","1","20044","TMEM245"
"TF","Factor: HOXC-8; motif: RTCRTTAN","TF:M10729","1","0","4006","20","7","20044","KAT2B,SEC62,UBA6,PTK2,TMEM245,MYPN,PKP2"
"TF","Factor: HOXC-8; motif: NNNNNGTAATTANNNT; match class: 1","TF:M01321_1","1","0","4368","20","6","20044","KAT2B,SEC62,MECOM,GNRHR,UBA6,PKP2"
"TF","Factor: HOXC-8; motif: NNNNNGTAATTANNNT","TF:M01321","1","0","5640","20","7","20044","NOS1AP,KAT2B,SEC62,MECOM,GNRHR,UBA6,PKP2"
"TF","Factor: HOXC4; motif: NTMATTAN","TF:M10719","1","0","826","20","1","20044","PKP2"
"TF","Factor: HOXC4; motif: RTCRTTAN","TF:M10718","1","0","2744","20","3","20044","KAT2B,MYPN,PKP2"
"TF","Factor: HOXC4; motif: NTMATTAN","TF:M10717","1","0","3636","20","1","20044","PKP2"
"TF","Factor: HOXC13; motif: CTMATTAAANNRKT","TF:M07458","1","0","261","20","1","20044","MYPN"
"TF","Factor: HOXC11; motif: NGYMATAAAAN","TF:M10818","1","0","1568","20","1","20044","LDB3"
"TF","Factor: HOXC11; motif: NGTCGTAAANN","TF:M10817","1","0","564","20","1","20044","ADM"
"TF","Factor: HOXC11; motif: NGYMATWAANN; match class: 1","TF:M10816_1","1","0","1065","20","1","20044","NFATC3"
"TF","Factor: HOXC11; motif: NGYMATWAANN","TF:M10816","1","0","5290","20","4","20044","LDB3,CRYAB,PKP2,NFATC3"
"TF","Factor: HOXC11; motif: NRTCGTAAANN","TF:M10815","1","0","1145","20","1","20044","ADM"
"TF","Factor: HOXB6; motif: GTCGTTAN","TF:M10692","1","0","5463","20","8","20044","KAT2B,SEC62,UBA6,PTK2,TMEM245,MYPN,PKP2,NFATC3"
"TF","Factor: HOXC11; motif: NGYMATAAAAN","TF:M10814","1","0","770","20","1","20044","LDB3"
"TF","Factor: HOXC11; motif: NGYMATAAAAN","TF:M10812","1","0","731","20","1","20044","LDB3"
"TF","Factor: HOXC11; motif: NGYMATAAAAN","TF:M04354","1","0","2839","20","2","20044","GNRHR,LDB3"
"TF","Factor: HOXC10; motif: NGYMATAAAAN","TF:M10806","1","0","793","20","1","20044","LDB3"
"TF","Factor: HOXC10; motif: NGTCGTAAANN","TF:M10805","1","0","413","20","1","20044","ADM"
"TF","Factor: HOXC10; motif: GYMATWAAAN","TF:M04351","1","0","2151","20","3","20044","MECOM,LDB3,PKP2"
"TF","Factor: HOXC10:TBR2; motif: TMACACCTCRTAAA","TF:M08505","1","0","591","20","1","20044","UBA6"
"TF","Factor: HOXB8; motif: RTCRTTAN; match class: 1","TF:M10727_1","1","0","1378","20","3","20044","TMEM245,MYPN,NFATC3"
"TF","Factor: HOXB8; motif: RTCRTTAN","TF:M10727","1","0","6404","20","8","20044","KAT2B,SEC62,UBA6,PTK2,TMEM245,MYPN,PKP2,NFATC3"
"TF","Factor: HOXB8; motif: NNNNGYAATTAATANW","TF:M01451","1","0","1420","20","1","20044","MECOM"
"TF","Factor: HOXB7; motif: GTCRTTAN; match class: 1","TF:M10686_1","1","0","474","20","1","20044","TMEM245"
"TF","Factor: HOXB7; motif: GTCRTTAN","TF:M10686","1","0","3771","20","5","20044","SEC62,UBA6,PTK2,TMEM245,PKP2"
"TF","Factor: HOXB7; motif: NGYAATTANN","TF:M10685","1","0","3491","20","3","20044","MECOM,MYPN,PKP2"
"TF","Factor: HOXB7; motif: GTCRTTAN","TF:M10683","1","0","1665","20","3","20044","SEC62,UBA6,TMEM245"
"TF","Factor: HOXB6; motif: NTAATKRC","TF:M10693","1","0","2365","20","1","20044","MECOM"
"TF","Factor: HOXC11; motif: NRTCGTAAANN","TF:M10813","1","0","453","20","1","20044","ADM"
"TF","Factor: HSF4; motif: RGAANNTTCYRGAAN","TF:M11658","1","0","387","20","2","20044","CRYAB,NFATC3"
"TF","Factor: Hlf; motif: NGTTRYGYAANN; match class: 1","TF:M11330_1","1","0","218","20","1","20044","UBA6"
"TF","Factor: HLF; motif: NNTTACRTAAYN; match class: 1","TF:M04212_1","1","0","101","20","1","20044","UBA6"
"TF","Factor: GCMa:Elf-1; motif: NNCGGAARTGCKGGT; match class: 1","TF:M08306_1","1","0","243","20","1","20044","PTP4A3"
"TF","Factor: GCMa:Elf-1; motif: NNCGGAARTGCKGGT","TF:M08306","1","0","2839","20","2","20044","PTP4A3,NFATC3"
"TF","Factor: GCMa:C/EBPbeta; motif: ATGCGGGTNNRTTGCGCAAY; match class: 1","TF:M08575_1","1","0","1622","20","2","20044","SEC62,NFATC3"
"TF","Factor: GCMa:C/EBPbeta; motif: ATGCGGGTNNRTTGCGCAAY","TF:M08575","1","0","6935","20","7","20044","PRDM16,KAT2B,CACNA2D2,SEC62,UBA6,PTK2,NFATC3"
"TF","Factor: Gbx2; motif: NTCRTTAN","TF:M10575","1","0","2259","20","4","20044","SEC62,UBA6,PTK2,TMEM245"
"TF","Factor: Gbx2; motif: NYAATTAN","TF:M10574","1","0","612","20","2","20044","KAT2B,NFATC3"
"TF","Factor: Gbx2; motif: NYAATTAN","TF:M10573","1","0","612","20","2","20044","KAT2B,NFATC3"
"TF","Factor: Gbx2; motif: NTCRTTAN; match class: 1","TF:M10572_1","1","0","1036","20","1","20044","TMEM245"
"TF","Factor: Gbx2; motif: NTCRTTAN","TF:M10572","1","0","5615","20","6","20044","NOS1AP,SEC62,UBA6,PTK2,TMEM245,MYPN"
"TF","Factor: Gbx2; motif: NYAATTAN","TF:M10571","1","0","612","20","2","20044","KAT2B,NFATC3"
"TF","Factor: GBX2; motif: NNYAATTANN","TF:M04324","1","0","3485","20","4","20044","KAT2B,SEC62,GNRHR,NFATC3"
"TF","Factor: GBX1; motif: NCYAATTANN","TF:M04322","1","0","213","20","1","20044","KAT2B"
"TF","Factor: GATA; motif: WGATARN; match class: 1","TF:M00789_1","1","0","373","20","1","20044","SEC62"
"TF","Factor: GATA; motif: WGATARN","TF:M00789","1","0","3426","20","7","20044","PRDM16,SEC62,GNRHR,MYPN,ADM,CRYAB,MYO18B"
"TF","Factor: GATA-X; motif: NGATAAGNMNN; match class: 1","TF:M00203_1","1","0","506","20","3","20044","SEC62,GNRHR,ADM"
"TF","Factor: GATA-X; motif: NGATAAGNMNN","TF:M00203","1","0","3725","20","6","20044","SEC62,GNRHR,MYPN,ADM,CRYAB,MYO18B"
"TF","Factor: GATAD2B; motif: NNCTGNMCTTTGNNCNN; match class: 1","TF:M13126_1","1","0","1407","20","2","20044","PTP4A3,LDB3"
"TF","Factor: GATAD2B; motif: NNCTGNMCTTTGNNCNN","TF:M13126","1","0","6492","20","5","20044","CACNA2D2,UBA6,PTP4A3,LDB3,NFATC3"
"TF","Factor: GATAD2A; motif: CCTKTG; match class: 1","TF:M09726_1","1","0","9190","20","11","20044","HSPG2,NOS1AP,SEC62,GNRHR,PTP4A3,TMEM245,MYPN,LDB3,ADM,NFATC3,MYO18B"
"TF","Factor: GATAD2A; motif: CCTKTG","TF:M09726","1","0","15449","20","16","20044","HSPG2,NOS1AP,SP3,KAT2B,CACNA2D2,SEC62,GNRHR,UBA6,PTP4A3,TMEM245,MYPN,LDB3,ADM,PKP2,NFATC3,MYO18B"
"TF","Factor: GATA-6; motif: AGATAAN; match class: 1","TF:M03216_1","1","0","373","20","1","20044","SEC62"
"TF","Factor: GATA-6; motif: AGATAAN","TF:M03216","1","0","3426","20","7","20044","PRDM16,SEC62,GNRHR,MYPN,ADM,CRYAB,MYO18B"
"TF","Factor: GATA6; motif: NNNTCTTATCTNN; match class: 1","TF:M12571_1","1","0","502","20","1","20044","SEC62"
"TF","Factor: GATA6; motif: NNNTCTTATCTNN","TF:M12571","1","0","3924","20","7","20044","PRDM16,SEC62,GNRHR,MYPN,ADM,CRYAB,MYO18B"
"TF","Factor: GATA-6; motif: NGATAACGATCN","TF:M12209","1","0","2127","20","3","20044","MYPN,ADM,CRYAB"
"TF","Factor: GATA-6; motif: WGATAACGATCW","TF:M12208","1","0","4310","20","4","20044","TMEM245,MYPN,ADM,CRYAB"
"TF","Factor: GATA-6; motif: NNAGATAAGANAA","TF:M09940","1","0","2864","20","6","20044","PRDM16,SEC62,GNRHR,MYPN,CRYAB,MYO18B"
"TF","Factor: GATA6; motif: NNNAGATAAGANN","TF:M09771","1","0","2877","20","6","20044","SEC62,GNRHR,MYPN,ADM,CRYAB,MYO18B"
"TF","Factor: GATA-6; motif: NNNAGATAAGAWAN; match class: 1","TF:M09624_1","1","0","331","20","1","20044","SEC62"
"TF","Factor: GCMa:Erg; motif: ATGCGGGCGGAARKG","TF:M08487","1","0","14303","20","17","20044","PRDM16,HSPG2,NOS1AP,SP3,KAT2B,CACNA2D2,MECOM,UBA6,PTP4A3,PTK2,TMEM245,MYPN,LDB3,CRYAB,PKP2,NFATC3,MYO18B"
"TF","Factor: GCMa:Erg; motif: ATGCGGGCGGAARKG; match class: 1","TF:M08487_1","1","0","9056","20","13","20044","PRDM16,HSPG2,NOS1AP,SP3,KAT2B,CACNA2D2,MECOM,PTP4A3,PTK2,TMEM245,CRYAB,PKP2,NFATC3"
"TF","Factor: GCMa:ER81; motif: ATRNGGGCGGAWGKN","TF:M08312","1","0","676","20","1","20044","KAT2B"
"TF","Factor: GCMa:PEA3; motif: ATRCGGGCGGAAGTR","TF:M08313","1","0","15691","20","17","20044","PRDM16,NOS1AP,SP3,KAT2B,CACNA2D2,SEC62,MECOM,UBA6,PTP4A3,PTK2,TMEM245,LDB3,ADM,CRYAB,PKP2,NFATC3,MYO18B"
"TF","Factor: GFI1; motif: AAATCWSWGCN","TF:M12612","1","0","1493","20","1","20044","GNRHR"
"TF","Factor: Gfi-1; motif: NNNNNNNAAATCACWGYNNNNNNN","TF:M00250","1","0","1040","20","1","20044","GNRHR"
"TF","Factor: Gfi1b; motif: YYCAATCWSD","TF:M03825","1","0","1626","20","1","20044","PRDM16"
"TF","Factor: Gfi1b; motif: TAAATCACTGCW","TF:M01058","1","0","1770","20","1","20044","TMEM245"
"TF","Factor: GEMIN3; motif: NCWGGRARRGRGNGNG; match class: 1","TF:M09727_1","1","0","3309","20","5","20044","CACNA2D2,MECOM,PTK2,LDB3,PKP2"
"TF","Factor: GEMIN3; motif: NCWGGRARRGRGNGNG","TF:M09727","1","0","8771","20","10","20044","PRDM16,NOS1AP,CACNA2D2,SEC62,MECOM,PTK2,LDB3,ADM,PKP2,NFATC3"
"TF","Factor: GCM; motif: NNNNATGMGGGN","TF:M08884","1","0","1226","20","1","20044","NOS1AP"
"TF","Factor: GCMb; motif: RCCCKCAT","TF:M03824","1","0","1595","20","2","20044","NOS1AP,SP3"
"TF","Factor: GCMa; motif: CCCGCAT","TF:M03574","1","0","2425","20","2","20044","NOS1AP,SP3"
"TF","Factor: GCMb; motif: ATGCGGGTN","TF:M11597","1","0","1241","20","1","20044","NOS1AP"
"TF","Factor: GCMb; motif: NATGCGGGTN","TF:M04002","1","0","1316","20","2","20044","NOS1AP,SP3"
"TF","Factor: GCMb:Max; motif: ATGCGGGYNNCAYGTG","TF:M08710","1","0","670","20","1","20044","LDB3"
"TF","Factor: GCMb:FIGLA; motif: ATGCGGGTNCASSTG","TF:M08330","1","0","398","20","3","20044","KAT2B,LDB3,CRYAB"
"TF","Factor: GCMb:TBR2; motif: ATGCGGGNAGGTGTNA; match class: 1","TF:M08329_1","1","0","17","20","1","20044","PTP4A3"
"TF","Factor: GATA-6; motif: NNNAGATAAGAWAN","TF:M09624","1","0","3210","20","6","20044","PRDM16,SEC62,GNRHR,MYPN,CRYAB,MYO18B"
"TF","Factor: GCMb:TBR2; motif: ATGCGGGNAGGTGTNA","TF:M08329","1","0","496","20","1","20044","PTP4A3"
"TF","Factor: GCMb:Prrxl1; motif: ATRCGGGTNATTAN","TF:M08326","1","0","603","20","1","20044","PKP2"
"TF","Factor: GCMb:Dlx-3; motif: ATGCGGGYNNNNNTAATTR","TF:M08587","1","0","777","20","1","20044","PKP2"
"TF","Factor: GCMa; motif: RTGCGGGTN; match class: 1","TF:M11595_1","1","0","5963","20","10","20044","PRDM16,HSPG2,SP3,KAT2B,SEC62,MECOM,PTP4A3,CRYAB,PKP2,MYO18B"
"TF","Factor: GCMa; motif: RTGCGGGTN","TF:M11595","1","0","12373","20","17","20044","PRDM16,HSPG2,NOS1AP,SP3,KAT2B,CACNA2D2,SEC62,MECOM,GNRHR,UBA6,PTP4A3,PTK2,MYPN,ADM,CRYAB,PKP2,MYO18B"
"TF","Factor: GCMa:PDEF; motif: RTGNGGGCGGATGYRNNTCCGGN; match class: 1","TF:M08323_1","1","0","3","20","1","20044","KAT2B"
"TF","Factor: GCMa:PDEF; motif: RTGNGGGCGGATGYRNNTCCGGN","TF:M08323","1","0","300","20","2","20044","PRDM16,KAT2B"
"TF","Factor: GCMa:HEN1; motif: GCAGCTGNGNNNNNRTGCGGG","TF:M08705","1","0","525","20","1","20044","KAT2B"
"TF","Factor: GCMa:HOXB13; motif: RTGCGGGTMATAAAN","TF:M08320","1","0","833","20","3","20044","PTP4A3,PKP2,NFATC3"
"TF","Factor: GCMa:HOXA2; motif: RTRNGGGYNTAATNN","TF:M08704","1","0","338","20","1","20044","PKP2"
"TF","Factor: GCMa:HOXA13; motif: RTGCGGGTAATAAA","TF:M08319","1","0","452","20","3","20044","PTP4A3,PKP2,NFATC3"
"TF","Factor: GCMa:FOXO1A; motif: GTMAATAMGGGTRN; match class: 1","TF:M08318_1","1","0","4800","20","3","20044","NOS1AP,SEC62,CRYAB"
"TF","Factor: GCMa:FOXO1A; motif: GTMAATAMGGGTRN","TF:M08318","1","0","11891","20","11","20044","NOS1AP,CACNA2D2,SEC62,GNRHR,UBA6,TMEM245,LDB3,ADM,CRYAB,NFATC3,MYO18B"
"TF","Factor: GCMa:FIGLA; motif: CASSTGNACCCGCAY","TF:M08315","1","0","989","20","3","20044","KAT2B,LDB3,CRYAB"
"TF","Factor: GCMa:PEA3; motif: ATRCGGGCGGAAGTR; match class: 1","TF:M08313_1","1","0","9904","20","13","20044","PRDM16,NOS1AP,SP3,KAT2B,CACNA2D2,SEC62,UBA6,PTK2,LDB3,ADM,PKP2,NFATC3,MYO18B"
"TF","Factor: GCMb:E2F-8; motif: ATRNGGGTWANSGCGGGAAA","TF:M08488","1","0","1597","20","1","20044","MYO18B"
"TF","Factor: GATA-5; motif: TATCTN; match class: 1","TF:M02006_1","1","0","3120","20","7","20044","NOS1AP,SP3,GNRHR,TMEM245,LDB3,ADM,MYO18B"
"TF","Factor: GATA-5; motif: TATCTN","TF:M02006","1","0","9210","20","11","20044","NOS1AP,SP3,CACNA2D2,MECOM,GNRHR,TMEM245,MYPN,LDB3,ADM,CRYAB,MYO18B"
"TF","Factor: GATA-5; motif: WGATAACGATCT","TF:M12205","1","0","265","20","1","20044","MYPN"
"TF","Factor: GATA-2; motif: NSAGATAAGNN","TF:M09622","1","0","3054","20","7","20044","PRDM16,SEC62,GNRHR,MYPN,ADM,CRYAB,MYO18B"
"TF","Factor: GATA2; motif: NNNTTCTTATCTSN; match class: 1","TF:M07213_1","1","0","467","20","1","20044","CRYAB"
"TF","Factor: GATA2; motif: NNNTTCTTATCTSN","TF:M07213","1","0","3833","20","7","20044","PRDM16,SEC62,GNRHR,MYPN,ADM,CRYAB,MYO18B"
"TF","Factor: GATA-2; motif: ASAGATAANA","TF:M00349","1","0","4133","20","4","20044","SEC62,GNRHR,CRYAB,MYO18B"
"TF","Factor: GATA-2; motif: NNWGATAASA; match class: 1","TF:M00348_1","1","0","158","20","1","20044","CRYAB"
"TF","Factor: GATA-2; motif: NNWGATAASA","TF:M00348","1","0","2170","20","4","20044","PRDM16,SEC62,CRYAB,MYO18B"
"TF","Factor: GATA-2; motif: NNNGATRNNN","TF:M00076","1","0","3280","20","5","20044","CACNA2D2,GNRHR,UBA6,LDB3,MYO18B"
"TF","Factor: GATA-1; motif: NNNNNWGATARNNNN","TF:M02004","1","0","2302","20","7","20044","PRDM16,SEC62,GNRHR,MYPN,ADM,CRYAB,MYO18B"
"TF","Factor: GATA-1; motif: NTGNNNNNNNNAGATAAGN; match class: 1","TF:M09936_1","1","0","667","20","1","20044","GNRHR"
"TF","Factor: GATA-1; motif: NTGNNNNNNNNAGATAAGN","TF:M09936","1","0","4398","20","5","20044","SEC62,GNRHR,MYPN,CRYAB,PKP2"
"TF","Factor: GATA-1; motif: NTGNNNNNNNSAGATAAGR; match class: 1","TF:M09621_1","1","0","1048","20","2","20044","SEC62,GNRHR"
"TF","Factor: GATA-1; motif: NTGNNNNNNNSAGATAAGR","TF:M09621","1","0","5566","20","8","20044","PRDM16,SEC62,GNRHR,MYPN,ADM,CRYAB,PKP2,MYO18B"
"TF","Factor: GATA-1; motif: NGATAAN; match class: 1","TF:M08765_1","1","0","373","20","1","20044","SEC62"
"TF","Factor: GATA-1; motif: NGATAAN","TF:M08765","1","0","3426","20","7","20044","PRDM16,SEC62,GNRHR,MYPN,ADM,CRYAB,MYO18B"
"TF","Factor: GATA2; motif: NNCTTATCTNN","TF:M09807","1","0","1362","20","1","20044","SEC62"
"TF","Factor: GATA-1; motif: CCTTATCTS","TF:M04713","1","0","3466","20","7","20044","PRDM16,SEC62,GNRHR,MYPN,ADM,CRYAB,MYO18B"
"TF","Factor: GATA-1; motif: NCWGATAACA; match class: 1","TF:M00346_1","1","0","679","20","2","20044","GNRHR,MYO18B"
"TF","Factor: GATA-1; motif: NCWGATAACA","TF:M00346","1","0","4420","20","5","20044","GNRHR,CRYAB,PKP2,NFATC3,MYO18B"
"TF","Factor: GATA-1; motif: NNCWGATARNNNN","TF:M00128","1","0","2526","20","3","20044","GNRHR,MYPN,MYO18B"
"TF","Factor: GATA-1; motif: NNNNNGATANKGGN; match class: 1","TF:M00126_1","1","0","497","20","1","20044","LDB3"
"TF","Factor: GATA-1; motif: NNNNNGATANKGGN","TF:M00126","1","0","3956","20","2","20044","GNRHR,LDB3"
"TF","Factor: GATA-1; motif: SNNGATNNNN; match class: 1","TF:M00075_1","1","0","1715","20","1","20044","LDB3"
"TF","Factor: GATA-1; motif: SNNGATNNNN","TF:M00075","1","0","7185","20","11","20044","PRDM16,HSPG2,SP3,SEC62,MECOM,GNRHR,PTP4A3,PTK2,LDB3,CRYAB,NFATC3"
"TF","Factor: GAF; motif: CRNATTCCYNK","TF:M01209","1","0","1460","20","2","20044","CACNA2D2,CRYAB"
"TF","Factor: GABP; motif: CACTTCCGGNNN","TF:M01258","1","0","2915","20","1","20044","UBA6"
"TF","Factor: GABP; motif: VCCGGAAGNGCR; match class: 1","TF:M00341_1","1","0","2380","20","2","20044","SP3,KAT2B"
"TF","Factor: GABP; motif: VCCGGAAGNGCR","TF:M00341","1","0","8398","20","7","20044","NOS1AP,SP3,KAT2B,PTP4A3,MYPN,LDB3,PKP2"
"TF","Factor: GABP-beta; motif: ASMGGAAGKGN; match class: 1","TF:M01876_1","1","0","198","20","1","20044","KAT2B"
"TF","Factor: GABP-beta; motif: ASMGGAAGKGN","TF:M01876","1","0","2195","20","3","20044","KAT2B,UBA6,MYPN"
"TF","Factor: GABPBETA; motif: YCACTTCCKGN","TF:M09843","1","0","2447","20","4","20044","NOS1AP,KAT2B,PTK2,MYPN"
"TF","Factor: GATA-1; motif: MNAGATAANR","TF:M00347","1","0","4602","20","5","20044","SEC62,GNRHR,TMEM245,CRYAB,MYO18B"
"TF","Factor: Gfi1; motif: NNAAATCANNGSN","TF:M01067","1","0","650","20","1","20044","GNRHR"
"TF","Factor: GATA-2; motif: NTGNNNNNNNNAGATAAGN","TF:M09937","1","0","2842","20","4","20044","SEC62,GNRHR,MYPN,PKP2"
"TF","Factor: GATA-2; motif: NWGATAASN","TF:M12190","1","0","1228","20","2","20044","CRYAB,PKP2"
"TF","Factor: GATA-5; motif: TTAMCAR","TF:M05445","1","0","3329","20","2","20044","MECOM,TMEM245"
"TF","Factor: GATA5; motif: WGATAANN","TF:M03999","1","0","1115","20","2","20044","SEC62,MYO18B"
"TF","Factor: GATA-4; motif: AGATAAN","TF:M03549","1","0","4916","20","3","20044","GNRHR,TMEM245,MYPN"
"TF","Factor: GATA4; motif: NNCCTTATCTNN","TF:M12520","1","0","1381","20","1","20044","GNRHR"
"TF","Factor: GATA-4; motif: NNGATAASNN","TF:M12207","1","0","2895","20","4","20044","GNRHR,CRYAB,PKP2,MYO18B"
"TF","Factor: GATA-4; motif: NNAGATAAGA","TF:M09939","1","0","956","20","2","20044","SEC62,MYO18B"
"TF","Factor: GATA4; motif: WGATAANN","TF:M03998","1","0","1115","20","2","20044","SEC62,MYO18B"
"TF","Factor: GATA-3; motif: AGATAA; match class: 1","TF:M01878_1","1","0","4187","20","6","20044","SEC62,GNRHR,MYPN,ADM,CRYAB,MYO18B"
"TF","Factor: GATA-3; motif: AGATAA","TF:M01878","1","0","10269","20","11","20044","PRDM16,NOS1AP,SEC62,GNRHR,TMEM245,MYPN,LDB3,ADM,CRYAB,PKP2,MYO18B"
"TF","Factor: GATA-3; motif: MGATAASATCT; match class: 1","TF:M12195_1","1","0","556","20","1","20044","GNRHR"
"TF","Factor: GATA-3; motif: MGATAASATCT","TF:M12195","1","0","3927","20","4","20044","SEC62,MECOM,GNRHR,MYPN"
"TF","Factor: GATA-3; motif: MGATAACGATCT","TF:M12194","1","0","3442","20","3","20044","MYPN,ADM,CRYAB"
"TF","Factor: GATA-3; motif: AGATAAGATCT; match class: 1","TF:M12193_1","1","0","1682","20","2","20044","SEC62,GNRHR"
"TF","Factor: GATA-3; motif: AGATAAGATCT","TF:M12193","1","0","6471","20","6","20044","SEC62,MECOM,GNRHR,PTP4A3,MYPN,CRYAB"
"TF","Factor: GATA-2; motif: NTGNNNNNNNNAGATAAGN; match class: 1","TF:M09937_1","1","0","271","20","1","20044","GNRHR"
"TF","Factor: GATA-3; motif: AGATAACGATCW; match class: 1","TF:M12192_1","1","0","1106","20","1","20044","ADM"
"TF","Factor: GATA-3; motif: NNAGATAANAN","TF:M09938","1","0","3208","20","3","20044","SEC62,GNRHR,CRYAB"
"TF","Factor: GATA-3; motif: NNAGATAANAW","TF:M09623","1","0","1081","20","1","20044","SEC62"
"TF","Factor: GATA-3; motif: WGATAASN; match class: 1","TF:M08918_1","1","0","631","20","2","20044","SEC62,CRYAB"
"TF","Factor: GATA-3; motif: WGATAASN","TF:M08918","1","0","4343","20","8","20044","PRDM16,SEC62,GNRHR,MYPN,ADM,CRYAB,PKP2,MYO18B"
"TF","Factor: GATA3; motif: AGATAAGA; match class: 1","TF:M07214_1","1","0","372","20","1","20044","SEC62"
"TF","Factor: GATA3; motif: AGATAAGA","TF:M07214","1","0","3422","20","7","20044","PRDM16,SEC62,GNRHR,MYPN,ADM,CRYAB,MYO18B"
"TF","Factor: GATA3; motif: NGATAANN; match class: 1","TF:M03997_1","1","0","631","20","2","20044","SEC62,CRYAB"
"TF","Factor: GATA3; motif: NGATAANN","TF:M03997","1","0","4343","20","8","20044","PRDM16,SEC62,GNRHR,MYPN,ADM,CRYAB,PKP2,MYO18B"
"TF","Factor: GATA-3; motif: ANAGATMWWA","TF:M00351","1","0","2767","20","1","20044","MYPN"
"TF","Factor: GATA-3; motif: NGAGATAANA","TF:M00350","1","0","2186","20","2","20044","SEC62,CRYAB"
"TF","Factor: GATA-3; motif: NNGATARNG","TF:M00077","1","0","1479","20","1","20044","LDB3"
"TF","Factor: GATA-2; motif: GATAANN","TF:M01877","1","0","1714","20","4","20044","PTP4A3,MYPN,ADM,CRYAB"
"TF","Factor: GATA2; motif: NNCTTATCTS","TF:M12611","1","0","3311","20","7","20044","PRDM16,SEC62,GNRHR,MYPN,ADM,CRYAB,MYO18B"
"TF","Factor: GATA-2; motif: NNGATAASN","TF:M12191","1","0","1532","20","2","20044","NFATC3,MYO18B"
"TF","Factor: GATA-3; motif: AGATAACGATCW","TF:M12192","1","0","4889","20","5","20044","MYPN,ADM,CRYAB,PKP2,NFATC3"
"TF","Factor: Hlf; motif: NGTTRYGYAANN","TF:M11330","1","0","1057","20","2","20044","SEC62,UBA6"
"TF","Factor: GKLF; motif: GCCMCRCCCNNN","TF:M01588","1","0","9153","20","8","20044","HSPG2,NOS1AP,UBA6,PTP4A3,PTK2,ADM,PKP2,NFATC3"
"TF","Factor: GKLF; motif: WGGGYGKGGC","TF:M09971","1","0","5659","20","4","20044","HSPG2,UBA6,PTP4A3,PTK2"
"TF","Factor: HES-7; motif: GNCACGYGNN","TF:M11066","1","0","11745","20","11","20044","PRDM16,HSPG2,NOS1AP,CACNA2D2,PTP4A3,PTK2,LDB3,ADM,CRYAB,PKP2,NFATC3"
"TF","Factor: HES6; motif: GGCACGTGTY","TF:M11065","1","0","92","20","1","20044","NFATC3"
"TF","Factor: HES-5; motif: NCACACKY; match class: 1","TF:M11069_1","1","0","4289","20","7","20044","HSPG2,KAT2B,MECOM,PTP4A3,LDB3,CRYAB,MYO18B"
"TF","Factor: HES-5; motif: NCACACKY","TF:M11069","1","0","11176","20","11","20044","PRDM16,HSPG2,KAT2B,CACNA2D2,MECOM,PTP4A3,TMEM245,LDB3,CRYAB,PKP2,MYO18B"
"TF","Factor: HES-5; motif: GGCACGTGYC","TF:M11068","1","0","317","20","1","20044","NFATC3"
"TF","Factor: HES-1; motif: GSCACGMGMC; match class: 1","TF:M02011_1","1","0","871","20","1","20044","ADM"
"TF","Factor: HES-1; motif: GSCACGMGMC","TF:M02011","1","0","4357","20","6","20044","NOS1AP,SP3,CACNA2D2,ADM,CRYAB,PKP2"
"TF","Factor: HES-1; motif: NCTNGTGN","TF:M07420","1","0","973","20","1","20044","HSPG2"
"TF","Factor: HES-1; motif: NNCKYGTGNNN; match class: 1","TF:M07042_1","1","0","678","20","1","20044","ADM"
"TF","Factor: HES-1; motif: NNCKYGTGNNN","TF:M07042","1","0","4052","20","5","20044","PRDM16,PTK2,TMEM245,ADM,CRYAB"
"TF","Factor: HES-1; motif: ANSBCKYGTGSCNNG","TF:M01009","1","0","3100","20","4","20044","SP3,ADM,CRYAB,PKP2"
"TF","Factor: HES-1; motif: GGCRCGTGNC; match class: 1","TF:M11061_1","1","0","2511","20","2","20044","ADM,NFATC3"
"TF","Factor: HES-1; motif: GGCRCGTGNC","TF:M11061","1","0","6391","20","6","20044","PRDM16,NOS1AP,CACNA2D2,ADM,PKP2,NFATC3"
"TF","Factor: HES-1; motif: GNCACGTGNC; match class: 1","TF:M08767_1","1","0","7848","20","10","20044","PRDM16,HSPG2,NOS1AP,CACNA2D2,PTP4A3,LDB3,ADM,CRYAB,PKP2,NFATC3"
"TF","Factor: HES-1; motif: GNCACGTGNC","TF:M08767","1","0","7956","20","10","20044","PRDM16,HSPG2,NOS1AP,CACNA2D2,PTP4A3,LDB3,ADM,CRYAB,PKP2,NFATC3"
"TF","Factor: HEN2; motif: CATYTGNNN","TF:M03575","1","0","588","20","2","20044","SEC62,PKP2"
"TF","Factor: HELIOS; motif: RNARRRGGAASTGARAN; match class: 1","TF:M09745_1","1","0","493","20","3","20044","MECOM,GNRHR,PTK2"
"TF","Factor: HELIOS; motif: RNARRRGGAASTGARAN","TF:M09745","1","0","3600","20","4","20044","MECOM,GNRHR,PTK2,CRYAB"
"TF","Factor: Helios; motif: NNTWGGGANNN","TF:M01003","1","0","3742","20","1","20044","LDB3"
"TF","Factor: HEB; motif: RCCWGCTG; match class: 1","TF:M00698_1","1","0","395","20","1","20044","PTP4A3"
"TF","Factor: HEB; motif: RCCWGCTG","TF:M00698","1","0","2861","20","5","20044","SEC62,PTP4A3,LDB3,ADM,CRYAB"
"TF","Factor: HDAC1; motif: KGCARGGTC; match class: 1","TF:M07041_1","1","0","6437","20","10","20044","PRDM16,HSPG2,NOS1AP,CACNA2D2,PTP4A3,PTK2,TMEM245,LDB3,ADM,CRYAB"
"TF","Factor: HDAC1; motif: KGCARGGTC","TF:M07041","1","0","12760","20","16","20044","PRDM16,HSPG2,NOS1AP,SP3,KAT2B,CACNA2D2,SEC62,PTP4A3,PTK2,TMEM245,LDB3,ADM,CRYAB,PKP2,NFATC3,MYO18B"
"TF","Factor: HAIRYLIKE; motif: NNNNCANGTG; match class: 1","TF:M08885_1","1","0","2166","20","2","20044","HSPG2,PTP4A3"
"TF","Factor: HAIRYLIKE; motif: NNNNCANGTG","TF:M08885","1","0","6137","20","5","20044","HSPG2,PTP4A3,PTK2,LDB3,NFATC3"
"TF","Factor: HA95; motif: CCSNSSCCNSCNCCWSCCNS; match class: 1","TF:M13127_1","1","0","8631","20","14","20044","PRDM16,HSPG2,NOS1AP,SP3,KAT2B,CACNA2D2,MECOM,PTP4A3,PTK2,TMEM245,ADM,CRYAB,PKP2,NFATC3"
"TF","Factor: HA95; motif: CCSNSSCCNSCNCCWSCCNS","TF:M13127","1","0","12581","20","15","20044","PRDM16,HSPG2,NOS1AP,SP3,KAT2B,CACNA2D2,MECOM,PTP4A3,PTK2,TMEM245,LDB3,ADM,CRYAB,PKP2,NFATC3"
"TF","Factor: GZF1; motif: TNYTNNRRNAAWTACGGYA","TF:M12613","1","0","600","20","1","20044","MYPN"
"TF","Factor: TF3C-beta; motif: CCNGGAGGGCTTCCTGGAGGAG; match class: 1","TF:M04863_1","1","0","8785","20","8","20044","PRDM16,HSPG2,NOS1AP,SP3,MECOM,PTP4A3,PTK2,TMEM245"
"TF","Factor: HES-7; motif: GNCACGYGNN; match class: 1","TF:M11066_1","1","0","8345","20","9","20044","PRDM16,HSPG2,CACNA2D2,PTP4A3,PTK2,LDB3,ADM,PKP2,NFATC3"
"TF","Factor: HESX1; motif: NNTAATTRNN","TF:M04330","1","0","168","20","1","20044","SEC62"
"TF","Factor: Hesx1; motif: CYAATTAN","TF:M10969","1","0","993","20","1","20044","UBA6"
"TF","Factor: Hey1; motif: NGCACGYGYN","TF:M11056","1","0","2594","20","3","20044","HSPG2,LDB3,NFATC3"
"TF","Factor: HLF; motif: NNTTACRTAAYN","TF:M04212","1","0","335","20","2","20044","SEC62,UBA6"
"TF","Factor: HLF; motif: GTTACRYAAT; match class: 1","TF:M00260_1","1","0","465","20","2","20044","SEC62,UBA6"
"TF","Factor: HLF; motif: GTTACRYAAT","TF:M00260","1","0","2811","20","4","20044","SEC62,UBA6,PTK2,NFATC3"
"TF","Factor: HKR2; motif: NGNCNGAGGGMGGAGG","TF:M10172","1","0","1421","20","1","20044","PTK2"
"TF","Factor: HIF2A; motif: ACGTGNNN","TF:M07356","1","0","1880","20","3","20044","UBA6,PTP4A3,PKP2"
"TF","Factor: HIF2alpha; motif: NNACGTGCNN","TF:M01249","1","0","1551","20","1","20044","PTK2"
"TF","Factor: HIF1; motif: NGTACGTGCNGB","TF:M00466","1","0","3038","20","4","20044","CACNA2D2,SEC62,PTK2,ADM"
"TF","Factor: HIF1; motif: GNNKACGTGCGGNN","TF:M00797","1","0","3658","20","1","20044","PKP2"
"TF","Factor: HIF-1alpha; motif: NCACGT","TF:M02012","1","0","6760","20","7","20044","HSPG2,PTP4A3,PTK2,LDB3,CRYAB,PKP2,NFATC3"
"TF","Factor: HIF-1alpha; motif: NNACGTGNN","TF:M07043","1","0","1463","20","1","20044","PKP2"
"TF","Factor: HIF-1alpha; motif: GNACGTGM","TF:M09944","1","0","5717","20","4","20044","SP3,PTP4A3,PTK2,CRYAB"
"TF","Factor: HIF1A; motif: NNACGTGCNN","TF:M09773","1","0","2469","20","1","20044","PTK2"
"TF","Factor: HIC2; motif: RTGCCCRNN; match class: 1","TF:M03906_1","1","0","405","20","1","20044","PTK2"
"TF","Factor: HIC2; motif: RTGCCCRNN","TF:M03906","1","0","3488","20","4","20044","HSPG2,CACNA2D2,PTK2,MYO18B"
"TF","Factor: TF3C-beta; motif: CCNGGAGGGCTTCCTGGAGGAG","TF:M04863","1","0","13938","20","15","20044","PRDM16,HSPG2,NOS1AP,SP3,KAT2B,CACNA2D2,SEC62,MECOM,PTP4A3,PTK2,TMEM245,LDB3,CRYAB,PKP2,NFATC3"
"TF","Factor: HIC1; motif: NNNGGKTGCCCSNNNNNN; match class: 1","TF:M01073_1","1","0","789","20","1","20044","PTK2"
"TF","Factor: HIC1; motif: NSNNNNTGCCCSSNN; match class: 1","TF:M01072_1","1","0","915","20","2","20044","NOS1AP,CRYAB"
"TF","Factor: HIC1; motif: NSNNNNTGCCCSSNN","TF:M01072","1","0","4286","20","5","20044","NOS1AP,CACNA2D2,PTP4A3,CRYAB,PKP2"
"TF","Factor: HFH8; motif: NNNTGTTTATNTR","TF:M00294","1","0","3654","20","4","20044","GNRHR,UBA6,MYPN,PKP2"
"TF","Factor: HFH2; motif: AAACAAAN","TF:M07319","1","0","2435","20","1","20044","GNRHR"
"TF","Factor: Hey2; motif: NGCACGTGYN","TF:M11055","1","0","424","20","1","20044","NFATC3"
"TF","Factor: Hey2; motif: NGCACGYGYN","TF:M11054","1","0","3385","20","3","20044","HSPG2,LDB3,NFATC3"
"TF","Factor: Hey2; motif: NGCACGTGYN","TF:M11053","1","0","1294","20","3","20044","HSPG2,LDB3,NFATC3"
"TF","Factor: Hey2; motif: NNCACGYGNN; match class: 1","TF:M11052_1","1","0","9732","20","9","20044","PRDM16,HSPG2,CACNA2D2,PTP4A3,PTK2,LDB3,ADM,PKP2,NFATC3"
"TF","Factor: Hey2; motif: NNCACGYGNN","TF:M11052","1","0","12783","20","12","20044","PRDM16,HSPG2,NOS1AP,SP3,CACNA2D2,PTP4A3,PTK2,LDB3,ADM,CRYAB,PKP2,NFATC3"
"TF","Factor: HEY1; motif: NYYYYATCTNN","TF:M12614","1","0","5688","20","3","20044","NOS1AP,GNRHR,MYPN"
"TF","Factor: Hey1; motif: NGCACGTGYN","TF:M11059","1","0","1849","20","3","20044","HSPG2,LDB3,NFATC3"
"TF","Factor: Hey1; motif: NGCRCGYGYN; match class: 1","TF:M11058_1","1","0","11364","20","13","20044","PRDM16,HSPG2,KAT2B,CACNA2D2,UBA6,PTP4A3,PTK2,TMEM245,LDB3,ADM,CRYAB,PKP2,NFATC3"
"TF","Factor: Hey1; motif: NGCRCGYGYN","TF:M11058","1","0","13615","20","15","20044","PRDM16,HSPG2,NOS1AP,SP3,KAT2B,CACNA2D2,UBA6,PTP4A3,PTK2,TMEM245,LDB3,ADM,CRYAB,PKP2,NFATC3"
"TF","Factor: Hey1; motif: NGCACGTGYN","TF:M11057","1","0","1138","20","3","20044","HSPG2,LDB3,NFATC3"
"TF","Factor: HIC1; motif: NNNGGKTGCCCSNNNNNN","TF:M01073","1","0","4223","20","7","20044","PRDM16,CACNA2D2,PTP4A3,PTK2,LDB3,ADM,CRYAB"
"TF","Factor: GTF2IRD1-isoform2; motif: GGGATTRNR; match class: 1","TF:M01229_1","1","0","9485","20","8","20044","HSPG2,SEC62,MECOM,GNRHR,UBA6,PTK2,TMEM245,ADM"
"TF","Factor: GTF2IRD1-isoform2; motif: GGGATTRNR","TF:M01229","1","0","15406","20","16","20044","PRDM16,HSPG2,NOS1AP,KAT2B,CACNA2D2,SEC62,MECOM,GNRHR,UBA6,PTK2,TMEM245,MYPN,ADM,CRYAB,PKP2,MYO18B"
"TF","Factor: GSH2; motif: SYMATTAR","TF:M10748","1","0","1672","20","1","20044","MECOM"
"TF","Factor: GLI; motif: NTGGGTGGTN","TF:M07292","1","0","5906","20","4","20044","PTP4A3,PTK2,MYPN,CRYAB"
"TF","Factor: GLI; motif: NBTGGGTGGTCN","TF:M01037","1","0","2060","20","2","20044","PTK2,CRYAB"
"TF","Factor: GLIS2; motif: ACCCCCCRCGWNGC","TF:M12217","1","0","587","20","2","20044","SP3,PKP2"
"TF","Factor: GLI4; motif: RGGCCTTGAATGCCANGCYMA; match class: 1","TF:M10514_1","1","0","6016","20","4","20044","PRDM16,CACNA2D2,CRYAB,MYO18B"
"TF","Factor: GLI4; motif: RGGCCTTGAATGCCANGCYMA","TF:M10514","1","0","12858","20","9","20044","PRDM16,CACNA2D2,SEC62,MYPN,LDB3,ADM,CRYAB,PKP2,MYO18B"
"TF","Factor: GLI3; motif: GTGGGTGGT","TF:M01657","1","0","1171","20","2","20044","PTP4A3,PTK2"
"TF","Factor: gli3; motif: GACCACCCANG","TF:M01704","1","0","3626","20","2","20044","PTP4A3,PTK2"
"TF","Factor: Gli3; motif: STGGGTGGYCY","TF:M01596","1","0","2261","20","2","20044","PTP4A3,PTK2"
"TF","Factor: GLI2; motif: TGGGTGGTCNS; match class: 1","TF:M07291_1","1","0","296","20","1","20044","PTP4A3"
"TF","Factor: GLI2; motif: TGGGTGGTCNS","TF:M07291","1","0","3083","20","4","20044","PTP4A3,PTK2,MYPN,CRYAB"
"TF","Factor: Gli2; motif: NTGGGTGGTCNN; match class: 1","TF:M07455_1","1","0","275","20","1","20044","PTP4A3"
"TF","Factor: Gli2; motif: NTGGGTGGTCNN","TF:M07455","1","0","2925","20","4","20044","PTP4A3,PTK2,MYPN,CRYAB"
"TF","Factor: Gli2; motif: NGACCACCCACGWNG","TF:M12211","1","0","1006","20","1","20044","PTP4A3"
"TF","Factor: Gli2; motif: RGACCACCCACGWWG","TF:M12210","1","0","796","20","1","20044","PTP4A3"
"TF","Factor: GLI; motif: NTGGGTGGTN; match class: 1","TF:M07292_1","1","0","1214","20","1","20044","PTP4A3"
"TF","Factor: Gli2; motif: NTRAAGTAGGGTGGCCC","TF:M05331","1","0","1956","20","3","20044","HSPG2,MYPN,CRYAB"
"TF","Factor: GLI2; motif: GACCACCCACNNNG","TF:M03901","1","0","684","20","1","20044","PTK2"
"TF","Factor: Gli2; motif: GACCACCCANG","TF:M01703","1","0","3862","20","3","20044","HSPG2,PTP4A3,PTK2"
"TF","Factor: Gli1; motif: TGGGTGGTCN","TF:M07454","1","0","2075","20","1","20044","PTK2"
"TF","Factor: GLI; motif: NGACCMCCCAN; match class: 1","TF:M07290_1","1","0","1964","20","2","20044","KAT2B,PTP4A3"
"TF","Factor: GLI; motif: NGACCMCCCAN","TF:M07290","1","0","7265","20","10","20044","NOS1AP,KAT2B,CACNA2D2,MECOM,PTP4A3,PTK2,MYPN,LDB3,CRYAB,NFATC3"
"TF","Factor: GLI1; motif: GACCACCCAV","TF:M01042","1","0","1944","20","2","20044","PTP4A3,PTK2"
"TF","Factor: GLI1; motif: GACCACCCAMG","TF:M01702","1","0","2421","20","3","20044","HSPG2,PTP4A3,PTK2"
"TF","Factor: GKLF; motif: CCTCCYN; match class: 1","TF:M01835_1","1","0","10370","20","11","20044","NOS1AP,SP3,KAT2B,CACNA2D2,SEC62,MECOM,UBA6,PTK2,TMEM245,LDB3,CRYAB"
"TF","Factor: GKLF; motif: CCTCCYN","TF:M01835","1","0","15894","20","16","20044","PRDM16,NOS1AP,SP3,KAT2B,CACNA2D2,SEC62,MECOM,UBA6,PTK2,TMEM245,LDB3,ADM,CRYAB,PKP2,NFATC3,MYO18B"
"TF","Factor: GKLF; motif: NNNRGGNGNGGSN; match class: 1","TF:M07289_1","1","0","10876","20","14","20044","PRDM16,HSPG2,SP3,KAT2B,CACNA2D2,MECOM,PTP4A3,PTK2,TMEM245,ADM,CRYAB,PKP2,NFATC3,MYO18B"
"TF","Factor: GKLF; motif: NNNRGGNGNGGSN","TF:M07289","1","0","15020","20","17","20044","PRDM16,HSPG2,NOS1AP,SP3,KAT2B,CACNA2D2,MECOM,UBA6,PTP4A3,PTK2,TMEM245,LDB3,ADM,CRYAB,PKP2,NFATC3,MYO18B"
"TF","Factor: GKLF; motif: NNRRGRRNGNSNNN; match class: 1","TF:M07040_1","1","0","8420","20","16","20044","PRDM16,HSPG2,NOS1AP,SP3,KAT2B,CACNA2D2,SEC62,MECOM,PTP4A3,PTK2,TMEM245,LDB3,ADM,CRYAB,PKP2,NFATC3"
"TF","Factor: GKLF; motif: NNRRGRRNGNSNNN","TF:M07040","1","0","13016","20","18","20044","PRDM16,HSPG2,NOS1AP,SP3,KAT2B,CACNA2D2,SEC62,MECOM,UBA6,PTP4A3,PTK2,TMEM245,LDB3,ADM,CRYAB,PKP2,NFATC3,MYO18B"
"TF","Factor: GKLF; motif: WGGGYGKGGC; match class: 1","TF:M09971_1","1","0","1376","20","1","20044","UBA6"
"TF","Factor: GLI2; motif: GCGACCACMCTR","TF:M03902","1","0","1609","20","5","20044","NOS1AP,KAT2B,SEC62,PTK2,NFATC3"
"TF","Factor: GKLF; motif: GCCMCRCCCNNN; match class: 1","TF:M01588_1","1","0","4076","20","7","20044","HSPG2,UBA6,PTP4A3,PTK2,ADM,PKP2,NFATC3"
"TF","Factor: GLI; motif: MCVNNGACCACCCAV","TF:M03871","1","0","3403","20","3","20044","CACNA2D2,PTP4A3,NFATC3"
"TF","Factor: GMEB-1; motif: KNACGTNRNNACGTAN; match class: 1","TF:M12005_1","1","0","473","20","1","20044","NFATC3"
"TF","Factor: GSH2; motif: NTCRTTAN; match class: 1","TF:M10747_1","1","0","339","20","1","20044","TMEM245"
"TF","Factor: GSH2; motif: NTCRTTAN","TF:M10747","1","0","3070","20","4","20044","SEC62,UBA6,PTK2,TMEM245"
"TF","Factor: GSX2; motif: NNYMATTANN; match class: 1","TF:M04328_1","1","0","3855","20","3","20044","MECOM,UBA6,PKP2"
"TF","Factor: GSX2; motif: NNYMATTANN","TF:M04328","1","0","6131","20","7","20044","NOS1AP,KAT2B,SEC62,MECOM,GNRHR,UBA6,PKP2"
"TF","Factor: gsh-1; motif: NTMATNRN; match class: 1","TF:M10750_1","1","0","3950","20","2","20044","UBA6,PKP2"
"TF","Factor: gsh-1; motif: NTMATNRN","TF:M10750","1","0","8048","20","8","20044","NOS1AP,KAT2B,SEC62,MECOM,UBA6,ADM,PKP2,NFATC3"
"TF","Factor: gsh-1; motif: NTCRTTAN; match class: 1","TF:M10749_1","1","0","1036","20","1","20044","TMEM245"
"TF","Factor: gsh-1; motif: NTCRTTAN","TF:M10749","1","0","5615","20","6","20044","NOS1AP,SEC62,UBA6,PTK2,TMEM245,MYPN"
"TF","Factor: GSX1; motif: NNYMATTANN; match class: 1","TF:M04327_1","1","0","5555","20","6","20044","NOS1AP,KAT2B,SEC62,MECOM,UBA6,PKP2"
"TF","Factor: GSX1; motif: NNYMATTANN","TF:M04327","1","0","5731","20","6","20044","NOS1AP,KAT2B,SEC62,MECOM,UBA6,PKP2"
"TF","Factor: Gsc; motif: NTAATCCN","TF:M10922","1","0","1107","20","1","20044","PTK2"
"TF","Factor: Gsc; motif: NTAATCCN","TF:M10921","1","0","1513","20","1","20044","PTK2"
"TF","Factor: Gscl; motif: NTAATCCN","TF:M10924","1","0","6887","20","7","20044","HSPG2,SEC62,MECOM,PTK2,TMEM245,MYPN,ADM"
"TF","Factor: GSC2; motif: NNTAATCCNN","TF:M04325","1","0","3641","20","2","20044","SEC62,PTK2"
"TF","Factor: GMEB-1; motif: KNACGTNRNNACGTAN","TF:M12005","1","0","1190","20","2","20044","SEC62,NFATC3"
"TF","Factor: GR; motif: CNNNNTGTYCTNN; match class: 1","TF:M01836_1","1","0","1155","20","2","20044","SEC62,MYPN"
"TF","Factor: GR; motif: NNTGTYCT","TF:M00921","1","0","1963","20","2","20044","GNRHR,MYPN"
"TF","Factor: GR; motif: NNNNNNCNNTNTGTNCTNN; match class: 1","TF:M00192_1","1","0","1991","20","2","20044","CACNA2D2,PKP2"
"TF","Factor: GR; motif: NNNNNNCNNTNTGTNCTNN","TF:M00192","1","0","7671","20","8","20044","CACNA2D2,GNRHR,MYPN,LDB3,ADM,CRYAB,PKP2,MYO18B"
"TF","Factor: GR; motif: AGAACAN; match class: 1","TF:M07355_1","1","0","1050","20","2","20044","ADM,CRYAB"
"TF","Factor: GR; motif: AGAACAN","TF:M07355","1","0","5920","20","9","20044","CACNA2D2,SEC62,GNRHR,UBA6,MYPN,LDB3,ADM,CRYAB,PKP2"
"TF","Factor: GR; motif: RGNACANMNTGTNCY; match class: 1","TF:M09941_1","1","0","2090","20","1","20044","PKP2"
"TF","Factor: GR; motif: RGNACANMNTGTNCY","TF:M09941","1","0","5893","20","5","20044","NOS1AP,KAT2B,MYPN,LDB3,PKP2"
"TF","Factor: GR; motif: NNNNNNNGKACNNNNTGTTCTNNNNNN; match class: 1","TF:M00955_1","1","0","763","20","3","20044","MYPN,CRYAB,PKP2"
"TF","Factor: GR; motif: NNNNNNNGKACNNNNTGTTCTNNNNNN","TF:M00955","1","0","5020","20","7","20044","KAT2B,CACNA2D2,SEC62,MYPN,ADM,CRYAB,PKP2"
"TF","Factor: GRHL2; motif: AACCNGTYNKNC","TF:M09943","1","0","1491","20","2","20044","SP3,PTK2"
"TF","Factor: GRHL2; motif: NNNAAACCAGTTNNN","TF:M09772","1","0","334","20","1","20044","MECOM"
"TF","Factor: GR; motif: GGTACAANNTGTYCTK; match class: 1","TF:M00205_1","1","0","1566","20","1","20044","CRYAB"
"TF","Factor: GR; motif: GGTACAANNTGTYCTK","TF:M00205","1","0","6863","20","5","20044","SEC62,MYPN,ADM,CRYAB,PKP2"
"TF","Factor: GMEB2; motif: TTACGYAM","TF:M04112","1","0","306","20","1","20044","SP3"
"TF","Factor: GR; motif: CNNNNTGTYCTNN","TF:M01836","1","0","6023","20","10","20044","KAT2B,SEC62,GNRHR,UBA6,MYPN,LDB3,ADM,CRYAB,PKP2,MYO18B"
"TF","Factor: HSF4; motif: RGAANNTTCYRGAAN; match class: 1","TF:M11658_1","1","0","20","20","1","20044","CRYAB"
"TF","Factor: HSF4; motif: NGAANRTTCTAGAAN","TF:M11659","1","0","327","20","2","20044","CRYAB,NFATC3"
"TF","Factor: HSF4; motif: CTGCMRN","TF:M07322","1","0","16860","20","19","20044","PRDM16,HSPG2,NOS1AP,SP3,KAT2B,CACNA2D2,SEC62,MECOM,UBA6,PTP4A3,PTK2,TMEM245,MYPN,LDB3,ADM,CRYAB,PKP2,NFATC3,MYO18B"
"TF","Factor: Max; motif: NNANCACGTGNTNN","TF:M00119","1","0","6827","20","6","20044","HSPG2,UBA6,PTP4A3,LDB3,PKP2,NFATC3"
"TF","Factor: MATH1; motif: RRCAGMTGG","TF:M09870","1","0","556","20","1","20044","GNRHR"
"TF","Factor: MASH-1; motif: NNACACCTGC","TF:M08820","1","0","541","20","2","20044","CACNA2D2,PTP4A3"
"TF","Factor: MASH-1; motif: CCWBMCACCTGCC; match class: 1","TF:M07422_1","1","0","20","20","1","20044","PTP4A3"
"TF","Factor: MASH-1; motif: CCWBMCACCTGCC","TF:M07422","1","0","608","20","1","20044","PTP4A3"
"TF","Factor: MASH-1; motif: YMMCACCTGCY","TF:M03877","1","0","1151","20","3","20044","CACNA2D2,PTK2,LDB3"
"TF","Factor: MASH-1; motif: NNNCASCTGCYNYN","TF:M09865","1","0","850","20","3","20044","PTP4A3,LDB3,PKP2"
"TF","Factor: MAF; motif: NGCTGAGTCAN; match class: 1","TF:M00983_1","1","0","1155","20","1","20044","PTP4A3"
"TF","Factor: MAF; motif: NGCTGAGTCAN","TF:M00983","1","0","6101","20","4","20044","CACNA2D2,PTP4A3,LDB3,ADM"
"TF","Factor: MAF; motif: GCTGAGTCAN","TF:M07296","1","0","5711","20","6","20044","NOS1AP,SP3,SEC62,PTP4A3,MYPN,LDB3"
"TF","Factor: MafK; motif: MNNASTCAGCANWWW","TF:M07109","1","0","164","20","1","20044","LDB3"
"TF","Factor: MAFK; motif: NAWWNTGCTGAS","TF:M04217","1","0","1002","20","1","20044","LDB3"
"TF","Factor: MafG; motif: CMATGACTCAGCAGA; match class: 1","TF:M07048_1","1","0","1541","20","3","20044","SEC62,NFATC3,MYO18B"
"TF","Factor: MafG; motif: CMATGACTCAGCAGA","TF:M07048","1","0","7002","20","4","20044","SEC62,PTP4A3,NFATC3,MYO18B"
"TF","Factor: MAFG; motif: NAGTCAGCATTTNNN","TF:M12545","1","0","383","20","1","20044","LDB3"
"TF","Factor: MafG; motif: TGCTGACNNNGCR","TF:M11355","1","0","1249","20","1","20044","CACNA2D2"
"TF","Factor: MafG; motif: TGCTGACNTR","TF:M11354","1","0","1910","20","1","20044","CRYAB"
"TF","Factor: MafG; motif: TGCTGACNNNGCR","TF:M11353","1","0","1401","20","1","20044","CACNA2D2"
"TF","Factor: MafG; motif: TGCTGACNNN","TF:M11352","1","0","2187","20","1","20044","CRYAB"
"TF","Factor: MAFF; motif: NWGTCAGCATTTTNNN","TF:M12525","1","0","374","20","1","20044","LDB3"
"TF","Factor: MafF; motif: TGCTGASTCAGCANTTTT","TF:M09979","1","0","1571","20","1","20044","MYO18B"
"TF","Factor: MafF; motif: NCTNASTCAGCANWWTNN","TF:M07108","1","0","250","20","1","20044","LDB3"
"TF","Factor: MAFB; motif: NTCAGCN; match class: 1","TF:M08888_1","1","0","3396","20","1","20044","SEC62"
"TF","Factor: MAFB; motif: NTCAGCN","TF:M08888","1","0","10282","20","8","20044","CACNA2D2,SEC62,GNRHR,PTP4A3,TMEM245,LDB3,ADM,NFATC3"
"TF","Factor: MafB; motif: CRCTGACNANN; match class: 1","TF:M03830_1","1","0","1623","20","1","20044","UBA6"
"TF","Factor: MafB; motif: CRCTGACNANN","TF:M03830","1","0","7357","20","8","20044","SP3,CACNA2D2,SEC62,UBA6,PTP4A3,TMEM245,ADM,NFATC3"
"TF","Factor: MafB; motif: TGCTGASTNNN","TF:M09978","1","0","3336","20","2","20044","SEC62,LDB3"
"TF","Factor: MafB; motif: GNTGAC; match class: 1","TF:M01227_1","1","0","4820","20","4","20044","CACNA2D2,SEC62,ADM,CRYAB"
"TF","Factor: MafB; motif: GNTGAC","TF:M01227","1","0","11920","20","8","20044","CACNA2D2,SEC62,PTP4A3,TMEM245,MYPN,LDB3,ADM,CRYAB"
"TF","Factor: Max; motif: NNANCACGTGNTNN; match class: 1","TF:M00119_1","1","0","6827","20","6","20044","HSPG2,UBA6,PTP4A3,LDB3,PKP2,NFATC3"
"TF","Factor: Max; motif: AACACGT","TF:M04844","1","0","1646","20","2","20044","CRYAB,NFATC3"
"TF","Factor: MAX; motif: CACGTG","TF:M08950","1","0","6029","20","4","20044","HSPG2,PTP4A3,LDB3,NFATC3"
"TF","Factor: MAX; motif: CACGTG; match class: 1","TF:M08950_1","1","0","6029","20","4","20044","HSPG2,PTP4A3,LDB3,NFATC3"
"TF","Factor: MEF-2B1; motif: CCNWATWNRG; match class: 1","TF:M11697_1","1","0","683","20","1","20044","PTP4A3"
"TF","Factor: MEF-2B1; motif: CCNWATWNRG","TF:M11697","1","0","1102","20","1","20044","PTP4A3"
"TF","Factor: MEF-2B1; motif: CCNWATWWRG; match class: 1","TF:M11696_1","1","0","898","20","1","20044","PTP4A3"
"TF","Factor: MEF-2B1; motif: CCNWATWWRG","TF:M11696","1","0","2270","20","2","20044","PTP4A3,LDB3"
"TF","Factor: MEF-2A; motif: YTAAAAATARCY","TF:M01301","1","0","1245","20","2","20044","CACNA2D2,TMEM245"
"TF","Factor: MED8; motif: CYYNSCYYCCTSCNCC; match class: 1","TF:M13128_1","1","0","8039","20","12","20044","PRDM16,HSPG2,NOS1AP,SP3,KAT2B,SEC62,PTP4A3,PTK2,LDB3,ADM,CRYAB,PKP2"
"TF","Factor: MED8; motif: CYYNSCYYCCTSCNCC","TF:M13128","1","0","13100","20","16","20044","PRDM16,HSPG2,NOS1AP,SP3,KAT2B,CACNA2D2,SEC62,MECOM,UBA6,PTP4A3,PTK2,TMEM245,LDB3,ADM,CRYAB,PKP2"
"TF","Factor: MECP2; motif: CCGGNNTTWA; match class: 1","TF:M01299_1","1","0","1063","20","4","20044","PRDM16,SP3,PTK2,MYO18B"
"TF","Factor: MECP2; motif: CCGGNNTTWA","TF:M01299","1","0","5374","20","9","20044","PRDM16,NOS1AP,SP3,CACNA2D2,SEC62,PTK2,ADM,CRYAB,MYO18B"
"TF","Factor: MECP2; motif: CCGGSNNNANNAWWT","TF:M01298","1","0","1301","20","2","20044","PRDM16,MECOM"
"TF","Factor: mbnl2; motif: NYGCYTYGCYTN; match class: 1","TF:M12136_1","1","0","942","20","1","20044","CACNA2D2"
"TF","Factor: mbnl2; motif: NYGCYTYGCYTN","TF:M12136","1","0","5447","20","3","20044","CACNA2D2,PTK2,MYPN"
"TF","Factor: mbnl2; motif: NYGCYTYGCTTN; match class: 1","TF:M12135_1","1","0","1113","20","1","20044","CACNA2D2"
"TF","Factor: mbnl2; motif: NYGCYTYGCTTN","TF:M12135","1","0","5947","20","5","20044","CACNA2D2,SEC62,MYPN,ADM,PKP2"
"TF","Factor: MafA; motif: GGTCAGCAGH","TF:M03796","1","0","3283","20","1","20044","PTP4A3"
"TF","Factor: MBD1; motif: RCTCCAKCYTS; match class: 1","TF:M13115_1","1","0","15","20","1","20044","SEC62"
"TF","Factor: MAZ; motif: NKGGGAGGGGRGGR","TF:M02023","1","0","7353","20","14","20044","PRDM16,HSPG2,NOS1AP,SP3,KAT2B,CACNA2D2,SEC62,MECOM,PTP4A3,PTK2,TMEM245,ADM,CRYAB,NFATC3"
"TF","Factor: MAZ; motif: GGGGAGGG; match class: 1","TF:M00649_1","1","0","4281","20","6","20044","PRDM16,NOS1AP,SP3,KAT2B,MECOM,CRYAB"
"TF","Factor: MAZ; motif: GGGGAGGG","TF:M00649","1","0","9588","20","12","20044","PRDM16,HSPG2,NOS1AP,SP3,KAT2B,CACNA2D2,MECOM,PTP4A3,LDB3,ADM,CRYAB,MYO18B"
"TF","Factor: MAZ; motif: CCCTCCCYCYN; match class: 1","TF:M07297_1","1","0","707","20","3","20044","SP3,CACNA2D2,MECOM"
"TF","Factor: MAZ; motif: CCCTCCCYCYN","TF:M07297","1","0","3042","20","7","20044","PRDM16,NOS1AP,SP3,KAT2B,CACNA2D2,MECOM,CRYAB"
"TF","Factor: MAZ; motif: NNCCCCTCCCN","TF:M12405","1","0","872","20","2","20044","PRDM16,HSPG2"
"TF","Factor: MAZ; motif: GGGMGGGGS; match class: 1","TF:M10432_1","1","0","4534","20","10","20044","PRDM16,HSPG2,SP3,KAT2B,CACNA2D2,MECOM,PTP4A3,TMEM245,CRYAB,PKP2"
"TF","Factor: MAZ; motif: GGGMGGGGS","TF:M10432","1","0","9572","20","15","20044","PRDM16,HSPG2,NOS1AP,SP3,KAT2B,CACNA2D2,MECOM,PTP4A3,PTK2,TMEM245,LDB3,ADM,CRYAB,PKP2,MYO18B"
"TF","Factor: MAZ; motif: GGGGGAGGGGGNGRGRRRGNRG; match class: 1","TF:M09984_1","1","0","5755","20","13","20044","PRDM16,HSPG2,SP3,KAT2B,CACNA2D2,SEC62,MECOM,PTP4A3,TMEM245,ADM,CRYAB,PKP2,NFATC3"
"TF","Factor: MAZ; motif: GGGGGAGGGGGNGRGRRRGNRG","TF:M09984","1","0","9841","20","15","20044","PRDM16,HSPG2,NOS1AP,SP3,KAT2B,CACNA2D2,SEC62,MECOM,PTP4A3,TMEM245,ADM,CRYAB,PKP2,NFATC3,MYO18B"
"TF","Factor: MAZ; motif: GGGMGGGGSSGGGGGGGGGGGG; match class: 1","TF:M09636_1","1","0","14493","20","18","20044","PRDM16,HSPG2,NOS1AP,SP3,KAT2B,CACNA2D2,SEC62,MECOM,UBA6,PTP4A3,PTK2,TMEM245,LDB3,ADM,CRYAB,PKP2,NFATC3,MYO18B"
"TF","Factor: MAZ; motif: GGGMGGGGSSGGGGGGGGGGGG","TF:M09636","1","0","16635","20","18","20044","PRDM16,HSPG2,NOS1AP,SP3,KAT2B,CACNA2D2,SEC62,MECOM,UBA6,PTP4A3,PTK2,TMEM245,LDB3,ADM,CRYAB,PKP2,NFATC3,MYO18B"
"TF","Factor: MAZR; motif: NSGGGGGGGGMCN; match class: 1","TF:M00491_1","1","0","390","20","2","20044","TMEM245,NFATC3"
"TF","Factor: MAZR; motif: NSGGGGGGGGMCN","TF:M00491","1","0","1263","20","4","20044","PRDM16,CACNA2D2,TMEM245,NFATC3"
"TF","Factor: MBD1; motif: RCTCCAKCYTS","TF:M13115","1","0","651","20","2","20044","NOS1AP,SEC62"
"TF","Factor: MaFA; motif: TCTGCTGASCNN","TF:M07325","1","0","5249","20","2","20044","GNRHR,PTP4A3"
"TF","Factor: MAFA; motif: TCAGCAN","TF:M01709","1","0","6396","20","4","20044","GNRHR,PTP4A3,TMEM245,ADM"
"TF","Factor: Lyl-1; motif: NCAKCTGYTNYCNN; match class: 1","TF:M09977_1","1","0","7750","20","10","20044","KAT2B,CACNA2D2,SEC62,UBA6,PTP4A3,TMEM245,LDB3,CRYAB,PKP2,MYO18B"
"TF","Factor: lmx1b; motif: CTCGTTAA","TF:M10991","1","0","1607","20","2","20044","PTK2,TMEM245"
"TF","Factor: lmx1b; motif: NNNNTAATTAN","TF:M10990","1","0","1339","20","1","20044","MECOM"
"TF","Factor: LMX1B; motif: NYAATTAN","TF:M04393","1","0","2307","20","1","20044","UBA6"
"TF","Factor: LMX1A; motif: NTCRTTAN","TF:M10997","1","0","1724","20","2","20044","NOS1AP,MYPN"
"TF","Factor: LMX1A; motif: YTAATTAN","TF:M10996","1","0","1418","20","1","20044","MECOM"
"TF","Factor: LMX1A; motif: NTAATTAA","TF:M04392","1","0","2594","20","2","20044","MECOM,UBA6"
"TF","Factor: LKLF; motif: CNCCACCCS; match class: 1","TF:M08819_1","1","0","1615","20","5","20044","SP3,SEC62,MECOM,PTP4A3,CRYAB"
"TF","Factor: LKLF; motif: CNCCACCCS","TF:M08819","1","0","5792","20","9","20044","SP3,KAT2B,CACNA2D2,SEC62,MECOM,PTP4A3,PTK2,ADM,CRYAB"
"TF","Factor: LKLF; motif: GGGGTGGKSN; match class: 1","TF:M07261_1","1","0","4251","20","8","20044","PRDM16,SP3,KAT2B,SEC62,MECOM,PTP4A3,PTK2,CRYAB"
"TF","Factor: LKLF; motif: GGGGTGGKSN","TF:M07261","1","0","10039","20","12","20044","PRDM16,HSPG2,SP3,KAT2B,CACNA2D2,SEC62,MECOM,PTP4A3,PTK2,ADM,CRYAB,MYO18B"
"TF","Factor: LKLF; motif: NRCCACRCCCN","TF:M12172","1","0","2114","20","1","20044","PTP4A3"
"TF","Factor: LKLF; motif: NGGGCGG; match class: 1","TF:M05499_1","1","0","2582","20","2","20044","PTK2,NFATC3"
"TF","Factor: LKLF; motif: NGGGCGG","TF:M05499","1","0","8124","20","5","20044","HSPG2,UBA6,PTP4A3,PTK2,NFATC3"
"TF","Factor: LHX9; motif: CYAATTAN","TF:M10979","1","0","993","20","1","20044","UBA6"
"TF","Factor: Lmx1; motif: RDNTAATT","TF:M07386","1","0","6143","20","3","20044","HSPG2,KAT2B,MYO18B"
"TF","Factor: LHX9; motif: CTAATTAN","TF:M10978","1","0","1258","20","1","20044","UBA6"
"TF","Factor: LHX9; motif: CYAATTAR","TF:M10975","1","0","993","20","1","20044","UBA6"
"TF","Factor: LHX9; motif: NTCGTTAN","TF:M10974","1","0","262","20","1","20044","PTK2"
"TF","Factor: LHX9; motif: NYAATTAN","TF:M04390","1","0","1310","20","3","20044","KAT2B,GNRHR,NFATC3"
"TF","Factor: LHX8; motif: CTAATTAN","TF:M10986","1","0","993","20","1","20044","UBA6"
"TF","Factor: LHX8; motif: CTCGTTAN","TF:M10985","1","0","523","20","1","20044","PTK2"
"TF","Factor: Lhx8; motif: TGATTG; match class: 1","TF:M07476_1","1","0","3138","20","1","20044","MYPN"
"TF","Factor: Lhx8; motif: TGATTG","TF:M07476","1","0","9183","20","8","20044","SP3,KAT2B,SEC62,GNRHR,UBA6,MYPN,CRYAB,NFATC3"
"TF","Factor: Lhx8; motif: NNNNCTAATTAGCNGTG","TF:M01440","1","0","1380","20","2","20044","NOS1AP,KAT2B"
"TF","Factor: lhx6; motif: CTCGTTAR","TF:M10980","1","0","262","20","1","20044","PTK2"
"TF","Factor: LHX5; motif: NTCGTTAN","TF:M11002","1","0","1659","20","2","20044","PTK2,TMEM245"
"TF","Factor: LHX5; motif: STAATTAN","TF:M11001","1","0","920","20","1","20044","MECOM"
"TF","Factor: LHX4; motif: NTCRTTAN; match class: 1","TF:M11008_1","1","0","1647","20","3","20044","TMEM245,MYPN,NFATC3"
"TF","Factor: LHX4; motif: NTCRTTAN","TF:M11008","1","0","6706","20","9","20044","NOS1AP,SEC62,UBA6,PTK2,TMEM245,MYPN,ADM,PKP2,NFATC3"
"TF","Factor: LHX4; motif: NNCRTTAN; match class: 1","TF:M11005_1","1","0","4292","20","7","20044","NOS1AP,SEC62,UBA6,TMEM245,MYPN,PKP2,NFATC3"
"TF","Factor: LHX9; motif: NTCGTTAN","TF:M10977","1","0","1128","20","1","20044","PTK2"
"TF","Factor: MEF-2C; motif: CCAWATWTRG","TF:M11692","1","0","1096","20","1","20044","PTP4A3"
"TF","Factor: Lmx1; motif: RDNTAATT; match class: 1","TF:M07386_1","1","0","1349","20","1","20044","MYO18B"
"TF","Factor: LRF; motif: GGGGKYNNB; match class: 1","TF:M01100_1","1","0","2843","20","5","20044","PRDM16,HSPG2,NOS1AP,UBA6,NFATC3"
"TF","Factor: Lyl-1; motif: NCAKCTGYTNYCNN","TF:M09977","1","0","14009","20","17","20044","PRDM16,HSPG2,SP3,KAT2B,CACNA2D2,SEC62,MECOM,UBA6,PTP4A3,TMEM245,MYPN,LDB3,ADM,CRYAB,PKP2,NFATC3,MYO18B"
"TF","Factor: LXR;; motif: NTGACCKNNAGTRACCYNN","TF:M03795","1","0","6637","20","4","20044","KAT2B,PTK2,TMEM245,CRYAB"
"TF","Factor: LXR; motif: TGGGGTYACTNGCGGTCA","TF:M00647","1","0","2588","20","2","20044","KAT2B,PTK2"
"TF","Factor: LXR; motif: TGACCGNNAGTRACCC","TF:M00766","1","0","1008","20","1","20044","KAT2B"
"TF","Factor: LXR-alpha; motif: NNRRGGTYACTNNAGGNCA","TF:M10013","1","0","3232","20","5","20044","KAT2B,SEC62,PTK2,CRYAB,NFATC3"
"TF","Factor: LUMAN; motif: CYCAGCYYCY; match class: 1","TF:M09729_1","1","0","4748","20","7","20044","HSPG2,SP3,CACNA2D2,PTP4A3,PTK2,LDB3,CRYAB"
"TF","Factor: LUMAN; motif: CYCAGCYYCY","TF:M09729","1","0","10920","20","11","20044","HSPG2,NOS1AP,SP3,CACNA2D2,PTP4A3,PTK2,MYPN,LDB3,CRYAB,PKP2,MYO18B"
"TF","Factor: LTF; motif: GKVACTTNC","TF:M01692","1","0","4276","20","5","20044","NOS1AP,PTP4A3,TMEM245,MYPN,MYO18B"
"TF","Factor: LRH-1; motif: NNNYCAAGGYCAN","TF:M07360","1","0","1553","20","2","20044","MYPN,LDB3"
"TF","Factor: LRH-1; motif: NNYCAAGGYYN; match class: 1","TF:M02098_1","1","0","330","20","1","20044","LDB3"
"TF","Factor: LRH-1; motif: NNYCAAGGYYN","TF:M02098","1","0","3032","20","4","20044","NOS1AP,MYPN,LDB3,MYO18B"
"TF","Factor: LRH1; motif: NNRRCCTTGVAN","TF:M01142","1","0","3045","20","4","20044","HSPG2,NOS1AP,PTK2,LDB3"
"TF","Factor: LRH1; motif: NTGRCCTTGRNN; match class: 1","TF:M12629_1","1","0","246","20","1","20044","LDB3"
"TF","Factor: LRH1; motif: NTGRCCTTGRNN","TF:M12629","1","0","2644","20","4","20044","NOS1AP,MYPN,LDB3,MYO18B"
"TF","Factor: LRF; motif: GGGGKYNNB","TF:M01100","1","0","7780","20","12","20044","PRDM16,HSPG2,NOS1AP,SP3,KAT2B,CACNA2D2,UBA6,PTK2,LDB3,CRYAB,PKP2,NFATC3"
"TF","Factor: LRH-1; motif: TCAAGGTCRTGACCTTGA","TF:M11831","1","0","3634","20","2","20044","MECOM,ADM"
"TF","Factor: LRH-1; motif: TGACCTTGRNYCAAGGTCA","TF:M11830","1","0","7168","20","5","20044","NOS1AP,KAT2B,CACNA2D2,SEC62,PTP4A3"
"TF","Factor: LRH-1; motif: NTCAAGGTCAN; match class: 1","TF:M11829_1","1","0","171","20","1","20044","LDB3"
"TF","Factor: LRH-1; motif: NTCAAGGTCAN","TF:M11829","1","0","2197","20","3","20044","GNRHR,MYPN,LDB3"
"TF","Factor: LRH-1; motif: TCAAGGTCRYGACCTTGR; match class: 1","TF:M11828_1","1","0","7987","20","8","20044","NOS1AP,CACNA2D2,SEC62,MECOM,UBA6,PTP4A3,MYPN,ADM"
"TF","Factor: LRH-1; motif: TCAAGGTCRYGACCTTGR","TF:M11828","1","0","10813","20","10","20044","NOS1AP,CACNA2D2,SEC62,MECOM,UBA6,PTP4A3,PTK2,MYPN,ADM,MYO18B"
"TF","Factor: LRH-1; motif: YGACCTTGNNNCAAGGTCR","TF:M11827","1","0","2190","20","2","20044","SEC62,PTP4A3"
"TF","Factor: LRH-1; motif: NTCAAGGTCRN; match class: 1","TF:M11826_1","1","0","171","20","1","20044","LDB3"
"TF","Factor: LRH-1; motif: NTCAAGGTCRN","TF:M11826","1","0","2214","20","3","20044","GNRHR,MYPN,LDB3"
"TF","Factor: LRH-1; motif: NNYCAAGGYCA; match class: 1","TF:M10017_1","1","0","265","20","1","20044","LDB3"
"TF","Factor: LRH-1; motif: NNYCAAGGYCA","TF:M10017","1","0","2665","20","4","20044","NOS1AP,MYPN,LDB3,MYO18B"
"TF","Factor: LRF; motif: NGNAGNGGGTYN; match class: 1","TF:M04617_1","1","0","1497","20","2","20044","PRDM16,KAT2B"
"TF","Factor: LRF; motif: NGNAGNGGGTYN","TF:M04617","1","0","6289","20","8","20044","PRDM16,NOS1AP,SP3,KAT2B,MECOM,PTP4A3,TMEM245,PKP2"
"TF","Factor: LRF; motif: NGKGGGTSNCN; match class: 1","TF:M07387_1","1","0","1087","20","1","20044","NFATC3"
"TF","Factor: LRF; motif: NGKGGGTSNCN","TF:M07387","1","0","5355","20","6","20044","PRDM16,HSPG2,KAT2B,PTP4A3,TMEM245,NFATC3"
"TF","Factor: LRH-1; motif: TGACCTTGRNYCAAGGTCA; match class: 1","TF:M11830_1","1","0","6176","20","5","20044","NOS1AP,KAT2B,CACNA2D2,SEC62,PTP4A3"
"TF","Factor: LHX4; motif: NNCRTTAN","TF:M11005","1","0","10812","20","9","20044","NOS1AP,SEC62,UBA6,PTK2,TMEM245,MYPN,ADM,PKP2,NFATC3"
"TF","Factor: MEF-2C; motif: TATTTWT","TF:M02025","1","0","12976","20","13","20044","HSPG2,KAT2B,SEC62,MECOM,GNRHR,UBA6,PTP4A3,TMEM245,MYPN,CRYAB,PKP2,NFATC3,MYO18B"
"TF","Factor: MEF2D; motif: NNCYAAAAATAGMN","TF:M12633","1","0","3212","20","3","20044","UBA6,MYPN,MYO18B"
"TF","Factor: MTF-1; motif: TGCGCAC","TF:M01243","1","0","2937","20","2","20044","PRDM16,SEC62"
"TF","Factor: MTF-1; motif: GTGTGCANMACTTTGCGCAC","TF:M01242","1","0","4012","20","2","20044","PRDM16,TMEM245"
"TF","Factor: Msx-2; motif: TAATTAN; match class: 1","TF:M07425_1","1","0","1329","20","2","20044","UBA6,PKP2"
"TF","Factor: Msx-2; motif: TAATTAN","TF:M07425","1","0","3730","20","5","20044","KAT2B,SEC62,MECOM,UBA6,PKP2"
"TF","Factor: Msx-2; motif: TWWTTGGDGABN; match class: 1","TF:M03797_1","1","0","754","20","1","20044","GNRHR"
"TF","Factor: MSX2; motif: NCAATTAN","TF:M13025","1","0","725","20","1","20044","GNRHR"
"TF","Factor: Msx-2; motif: NCAATTAN","TF:M10561","1","0","725","20","1","20044","GNRHR"
"TF","Factor: Msx-2; motif: NTCRTTAN; match class: 1","TF:M10560_1","1","0","703","20","1","20044","TMEM245"
"TF","Factor: Msx-2; motif: NTCRTTAN","TF:M10560","1","0","4621","20","6","20044","NOS1AP,SEC62,UBA6,PTK2,TMEM245,MYPN"
"TF","Factor: MSX2; motif: NCAATTAN","TF:M04407","1","0","725","20","1","20044","GNRHR"
"TF","Factor: Msx-2; motif: NNNGACYAATTAGYNNT; match class: 1","TF:M01393_1","1","0","3965","20","5","20044","SEC62,GNRHR,MYPN,PKP2,NFATC3"
"TF","Factor: Msx-2; motif: NNNGACYAATTAGYNNT","TF:M01393","1","0","8814","20","10","20044","NOS1AP,KAT2B,SEC62,GNRHR,UBA6,PTK2,MYPN,PKP2,NFATC3,MYO18B"
"TF","Factor: Msx-1; motif: WNGNAATTANV; match class: 1","TF:M08822_1","1","0","2241","20","1","20044","GNRHR"
"TF","Factor: Msx-1; motif: WNGNAATTANV","TF:M08822","1","0","6852","20","3","20044","NOS1AP,KAT2B,GNRHR"
"TF","Factor: Msx-1; motif: AHAWWTSMYYCAATTAN","TF:M07298","1","0","1964","20","4","20044","MECOM,UBA6,MYPN,ADM"
"TF","Factor: MSX1; motif: NCAATTAN","TF:M13018","1","0","423","20","1","20044","GNRHR"
"TF","Factor: Msx-1; motif: NTCRTTAN; match class: 1","TF:M10566_1","1","0","1036","20","1","20044","TMEM245"
"TF","Factor: Msx-1; motif: NTCRTTAN","TF:M10566","1","0","5615","20","6","20044","NOS1AP,SEC62,UBA6,PTK2,TMEM245,MYPN"
"TF","Factor: Msx-1; motif: NCAATTAN","TF:M10565","1","0","2368","20","4","20044","KAT2B,SEC62,GNRHR,NFATC3"
"TF","Factor: Msx-1; motif: NTCRTTAN; match class: 1","TF:M10563_1","1","0","339","20","1","20044","TMEM245"
"TF","Factor: Msx-1; motif: NTCRTTAN","TF:M10563","1","0","3070","20","4","20044","SEC62,UBA6,PTK2,TMEM245"
"TF","Factor: Msx-1; motif: NCAATTAN","TF:M04405","1","0","612","20","2","20044","KAT2B,NFATC3"
"TF","Factor: Msx-1; motif: NNNNANTAATTANTNN; match class: 1","TF:M01412_1","1","0","1281","20","1","20044","PKP2"
"TF","Factor: Msx-1; motif: NNNNANTAATTANTNN","TF:M01412","1","0","3100","20","3","20044","SEC62,UBA6,PKP2"
"TF","Factor: Msx-1; motif: CNGTAWNTG; match class: 1","TF:M00394_1","1","0","2726","20","1","20044","SP3"
"TF","Factor: Msx-1; motif: CNGTAWNTG","TF:M00394","1","0","9017","20","8","20044","NOS1AP,SP3,SEC62,GNRHR,UBA6,LDB3,NFATC3,MYO18B"
"TF","Factor: msc; motif: NRACAGCTGTYN; match class: 1","TF:M11150_1","1","0","341","20","1","20044","LDB3"
"TF","Factor: msc; motif: NRACAGCTGTYN","TF:M11150","1","0","407","20","1","20044","LDB3"
"TF","Factor: MTF-1; motif: NTTTTGCACACGGCNYN","TF:M12279","1","0","6793","20","8","20044","PRDM16,KAT2B,MYPN,LDB3,ADM,CRYAB,PKP2,MYO18B"
"TF","Factor: MTF-1; motif: NTTTTGCACACGGCNYN; match class: 1","TF:M12279_1","1","0","1429","20","2","20044","ADM,PKP2"
"TF","Factor: MTF-1; motif: NTTTTGCACACGGCNNN","TF:M12280","1","0","6985","20","7","20044","PRDM16,SP3,GNRHR,MYPN,LDB3,ADM,PKP2"
"TF","Factor: MTF-1; motif: NTTTTGCACACGGCNNN; match class: 1","TF:M12280_1","1","0","1505","20","1","20044","PKP2"
"TF","Factor: c-Myc; motif: NSCACGTGGN","TF:M04743","1","0","4917","20","4","20044","HSPG2,PTP4A3,LDB3,NFATC3"
"TF","Factor: MYCN; motif: NNCCACGTGGNN; match class: 1","TF:M09814_1","1","0","2094","20","2","20044","HSPG2,PTP4A3"
"TF","Factor: MYCN; motif: NNCCACGTGGNN","TF:M09814","1","0","2094","20","2","20044","HSPG2,PTP4A3"
"TF","Factor: c-Myc:Max; motif: GCCAYGYGSN; match class: 1","TF:M00322_1","1","0","2954","20","3","20044","PRDM16,HSPG2,PTP4A3"
"TF","Factor: c-Myc:Max; motif: GCCAYGYGSN","TF:M00322","1","0","8030","20","10","20044","PRDM16,HSPG2,NOS1AP,KAT2B,CACNA2D2,UBA6,PTP4A3,ADM,CRYAB,PKP2"
"TF","Factor: c-Myc:Max; motif: NNNNNNNCACGTGNNNNNNN; match class: 1","TF:M00615_1","1","0","6779","20","4","20044","HSPG2,PTP4A3,LDB3,NFATC3"
"TF","Factor: c-Myc:Max; motif: NNNNNNNCACGTGNNNNNNN","TF:M00615","1","0","6779","20","4","20044","HSPG2,PTP4A3,LDB3,NFATC3"
"TF","Factor: c-Myc:Max; motif: NANCACGTGNNW","TF:M00123","1","0","3368","20","3","20044","MECOM,LDB3,NFATC3"
"TF","Factor: c-Myc:Max; motif: NNACCACGTGGTNN; match class: 1","TF:M00118_1","1","0","7042","20","6","20044","HSPG2,UBA6,PTP4A3,LDB3,PKP2,NFATC3"
"TF","Factor: c-Myc:Max; motif: NNACCACGTGGTNN","TF:M00118","1","0","7042","20","6","20044","HSPG2,UBA6,PTP4A3,LDB3,PKP2,NFATC3"
"TF","Factor: MYB; motif: NNAACTGN","TF:M08890","1","0","1363","20","1","20044","LDB3"
"TF","Factor: MYB; motif: NAACNGNCN; match class: 1","TF:M00913_1","1","0","804","20","1","20044","LDB3"
"TF","Factor: MYB; motif: NAACNGNCN","TF:M00913","1","0","5237","20","3","20044","GNRHR,TMEM245,LDB3"
"TF","Factor: c-Myb; motif: NNNNCMGTTNNN","TF:M07299","1","0","3801","20","2","20044","GNRHR,LDB3"
"TF","Factor: msc; motif: NRMCATATGNYN; match class: 1","TF:M11146_1","1","0","3178","20","4","20044","CACNA2D2,UBA6,MYPN,PKP2"
"TF","Factor: c-MYB; motif: NNNGNCAGTTN; match class: 1","TF:M00773_1","1","0","326","20","1","20044","LDB3"
"TF","Factor: c-Myb; motif: NNWGRCAGTTRN; match class: 1","TF:M09990_1","1","0","3949","20","4","20044","SEC62,TMEM245,LDB3,ADM"
"TF","Factor: c-Myb; motif: NNWGRCAGTTRN","TF:M09990","1","0","10840","20","9","20044","NOS1AP,SEC62,GNRHR,TMEM245,LDB3,ADM,PKP2,NFATC3,MYO18B"
"TF","Factor: MYB; motif: NNCAACTGNN","TF:M09813","1","0","5575","20","4","20044","NOS1AP,GNRHR,TMEM245,LDB3"
"TF","Factor: BMYB; motif: NTTCAAAN","TF:M12586","1","0","2149","20","2","20044","GNRHR,TMEM245"
"TF","Factor: B-Myb; motif: NTAACSGTYRN; match class: 1","TF:M11725_1","1","0","168","20","1","20044","GNRHR"
"TF","Factor: B-Myb; motif: NTAACSGTYRN","TF:M11725","1","0","873","20","3","20044","NOS1AP,GNRHR,CRYAB"
"TF","Factor: B-Myb; motif: NTRACSGTYNN; match class: 1","TF:M11724_1","1","0","1183","20","3","20044","NOS1AP,GNRHR,CRYAB"
"TF","Factor: B-Myb; motif: NTRACSGTYNN","TF:M11724","1","0","1183","20","3","20044","NOS1AP,GNRHR,CRYAB"
"TF","Factor: MYBL2; motif: NNAACCGTTAN","TF:M04048","1","0","415","20","1","20044","GNRHR"
"TF","Factor: MYBL1; motif: NNAACCGTTAA","TF:M04044","1","0","523","20","2","20044","NOS1AP,GNRHR"
"TF","Factor: A-Myb:TBR2; motif: NNGTGNNNAACGG","TF:M08392","1","0","2115","20","1","20044","PKP2"
"TF","Factor: A-Myb:Elf-1; motif: NMCCGGAACCGTTA; match class: 1","TF:M08390_1","1","0","4915","20","9","20044","NOS1AP,SP3,SEC62,UBA6,PTP4A3,PTK2,TMEM245,PKP2,NFATC3"
"TF","Factor: A-Myb:Elf-1; motif: NMCCGGAACCGTTA","TF:M08390","1","0","11321","20","14","20044","PRDM16,HSPG2,NOS1AP,SP3,KAT2B,SEC62,UBA6,PTP4A3,PTK2,TMEM245,ADM,PKP2,NFATC3,MYO18B"
"TF","Factor: MTF-1; motif: CCGNGTGCAV","TF:M04619","1","0","1214","20","1","20044","PTP4A3"
"TF","Factor: c-MYB; motif: NNNGNCAGTTN","TF:M00773","1","0","3486","20","3","20044","PRDM16,GNRHR,LDB3"
"TF","Factor: msc; motif: NRMCATATGNYN","TF:M11146","1","0","3352","20","4","20044","CACNA2D2,UBA6,MYPN,PKP2"
"TF","Factor: msc; motif: NRACAGCTGTYN; match class: 1","TF:M11145_1","1","0","945","20","1","20044","LDB3"
"TF","Factor: msc; motif: NRACAGCTGTYN","TF:M11145","1","0","1252","20","1","20044","LDB3"
"TF","Factor: MIF-1; motif: NNGTTGCWWGGYAACNGS","TF:M00279","1","0","11456","20","11","20044","PRDM16,HSPG2,CACNA2D2,SEC62,MECOM,GNRHR,UBA6,TMEM245,LDB3,ADM,NFATC3"
"TF","Factor: MIBP1; motif: WNWCCCCAGCTR","TF:M03878","1","0","2846","20","3","20044","SP3,CRYAB,MYO18B"
"TF","Factor: MAD5; motif: SSNSSSNSSSSGCCACGTGC; match class: 1","TF:M13141_1","1","0","1218","20","2","20044","PRDM16,HSPG2"
"TF","Factor: MAD5; motif: SSNSSSNSSSSGCCACGTGC","TF:M13141","1","0","4410","20","6","20044","PRDM16,HSPG2,CACNA2D2,LDB3,CRYAB,PKP2"
"TF","Factor: MGA; motif: AGGTGTGA","TF:M04117","1","0","2107","20","1","20044","TMEM245"
"TF","Factor: MESP2; motif: NAMCATATGKYN; match class: 1","TF:M11153_1","1","0","141","20","1","20044","PKP2"
"TF","Factor: MESP2; motif: NAMCATATGKYN","TF:M11153","1","0","605","20","1","20044","PKP2"
"TF","Factor: MESP1; motif: NRCACCTGNN","TF:M04177","1","0","1487","20","1","20044","TMEM245"
"TF","Factor: Meox2; motif: NTCRTTAN","TF:M10765","1","0","2372","20","3","20044","KAT2B,MYPN,PKP2"
"TF","Factor: MEOX2; motif: NSTAATTANN","TF:M04399","1","0","3821","20","3","20044","NOS1AP,MECOM,UBA6"
"TF","Factor: MOX1; motif: NTCRTTAN","TF:M10761","1","0","3137","20","3","20044","KAT2B,MYPN,PKP2"
"TF","Factor: MEOX1; motif: NSTAATTANN","TF:M04398","1","0","559","20","1","20044","NOS1AP"
"TF","Factor: MEIS3; motif: NTGACAGN","TF:M04030","1","0","1811","20","1","20044","NFATC3"
"TF","Factor: MEIS2; motif: TTGACAGS","TF:M04029","1","0","958","20","1","20044","NFATC3"
"TF","Factor: MIF-1; motif: NNGTTGCWWGGYAACNGS; match class: 1","TF:M00279_1","1","0","5463","20","3","20044","CACNA2D2,GNRHR,NFATC3"
"TF","Factor: MEIS1; motif: NTGACAN; match class: 1","TF:M04027_1","1","0","355","20","1","20044","CRYAB"
"TF","Factor: MEIS1; motif: NNNTGACAGNNN","TF:M00419","1","0","258","20","1","20044","KAT2B"
"TF","Factor: meis1:Sox-2; motif: TGACAKGTTAACAATGT","TF:M08726","1","0","2918","20","4","20044","PTK2,TMEM245,MYPN,CRYAB"
"TF","Factor: meis1:Max; motif: NTGACRNNNNNNCACGTGC","TF:M08725","1","0","913","20","3","20044","SEC62,PTP4A3,MYO18B"
"TF","Factor: meis1:TBR2; motif: NNGTGNTGACAN; match class: 1","TF:M08378_1","1","0","409","20","1","20044","CRYAB"
"TF","Factor: meis1:TBR2; motif: NNGTGNTGACAN","TF:M08378","1","0","3605","20","2","20044","CRYAB,NFATC3"
"TF","Factor: meis1:Elf-1; motif: NTGCCGGAAGTN; match class: 1","TF:M08377_1","1","0","5157","20","6","20044","NOS1AP,KAT2B,UBA6,PTP4A3,NFATC3,MYO18B"
"TF","Factor: meis1:Elf-1; motif: NTGCCGGAAGTN","TF:M08377","1","0","11535","20","11","20044","NOS1AP,SP3,KAT2B,SEC62,MECOM,UBA6,PTP4A3,LDB3,ADM,NFATC3,MYO18B"
"TF","Factor: MEIS1B:HOXA9; motif: TGACASTTTWAYRR","TF:M00421","1","0","6761","20","2","20044","CACNA2D2,CRYAB"
"TF","Factor: MEIS1A:HOXA9; motif: TGACAGKTTTAYGA; match class: 1","TF:M00420_1","1","0","974","20","1","20044","SP3"
"TF","Factor: MEIS1A:HOXA9; motif: TGACAGKTTTAYGA","TF:M00420","1","0","5594","20","5","20044","SP3,CACNA2D2,SEC62,ADM,CRYAB"
"TF","Factor: MEF-2; motif: RGCTATWTTTAR","TF:M00941","1","0","1317","20","1","20044","CACNA2D2"
"TF","Factor: MEF-2A; motif: NNNNNNKCTAWAAATAGMNNNN","TF:M00231","1","0","1113","20","1","20044","PTP4A3"
"TF","Factor: MEF-2A; motif: CTCTAAAAATAACYCY","TF:M00006","1","0","816","20","1","20044","TMEM245"
"TF","Factor: MEF-2D; motif: WAAATAR","TF:M02026","1","0","7723","20","10","20044","SP3,KAT2B,MECOM,GNRHR,PTP4A3,TMEM245,MYPN,CRYAB,PKP2,MYO18B"
"TF","Factor: MEIS1; motif: NTGACAN","TF:M04027","1","0","3452","20","3","20044","KAT2B,CRYAB,NFATC3"
"TF","Factor: MEF-2C; motif: TATTTWT; match class: 1","TF:M02025_1","1","0","7824","20","7","20044","KAT2B,MECOM,GNRHR,UBA6,MYPN,PKP2,MYO18B"
"TF","Factor: MITF; motif: NNNNGTCACGTGACNNNN","TF:M09811","1","0","1374","20","2","20044","UBA6,NFATC3"
"TF","Factor: MITF; motif: NRTCACRTGRYNN","TF:M09846","1","0","630","20","1","20044","UBA6"
"TF","Factor: msc; motif: NAMCAGCTGKYN; match class: 1","TF:M11143_1","1","0","780","20","1","20044","LDB3"
"TF","Factor: msc; motif: NAMCAGCTGKYN","TF:M11143","1","0","1022","20","2","20044","MECOM,LDB3"
"TF","Factor: MSANTD3; motif: SNNCACTCAC; match class: 1","TF:M12406_1","1","0","667","20","1","20044","HSPG2"
"TF","Factor: MSANTD3; motif: SNNCACTCAC","TF:M12406","1","0","4691","20","7","20044","HSPG2,MECOM,GNRHR,PTK2,TMEM245,LDB3,PKP2"
"TF","Factor: MRF4; motif: CASCTGC; match class: 1","TF:M03831_1","1","0","2861","20","5","20044","NOS1AP,UBA6,PTP4A3,LDB3,PKP2"
"TF","Factor: MRF4; motif: CASCTGC","TF:M03831","1","0","8893","20","10","20044","NOS1AP,KAT2B,CACNA2D2,UBA6,PTP4A3,PTK2,TMEM245,LDB3,PKP2,NFATC3"
"TF","Factor: MOVO-B; motif: GNGGGGG; match class: 1","TF:M01104_1","1","0","5843","20","11","20044","PRDM16,HSPG2,SP3,KAT2B,CACNA2D2,MECOM,PTP4A3,PTK2,TMEM245,PKP2,NFATC3"
"TF","Factor: MOVO-B; motif: GNGGGGG","TF:M01104","1","0","10571","20","14","20044","PRDM16,HSPG2,NOS1AP,SP3,KAT2B,CACNA2D2,MECOM,PTP4A3,PTK2,TMEM245,ADM,CRYAB,PKP2,NFATC3"
"TF","Factor: HB9; motif: NTCRTTAN","TF:M10569","1","0","3194","20","3","20044","KAT2B,MYPN,PKP2"
"TF","Factor: MNX1; motif: NNYAATTAAN","TF:M04403","1","0","2645","20","3","20044","MECOM,UBA6,PKP2"
"TF","Factor: MEF-2A; motif: CKSTYTAAAAAWRMCY","TF:M00405","1","0","1798","20","4","20044","TMEM245,MYPN,CRYAB,MYO18B"
"TF","Factor: TCFL4; motif: YNCAYGTGANN","TF:M11204","1","0","1355","20","1","20044","SEC62"
"TF","Factor: TCFL4; motif: NCAYGTGN","TF:M11202","1","0","930","20","1","20044","UBA6"
"TF","Factor: MLR1; motif: NTGNMCYYTGNNCYN; match class: 1","TF:M12637_1","1","0","623","20","1","20044","PTP4A3"
"TF","Factor: MITF; motif: NNNNGTCACGTGACNNNN; match class: 1","TF:M09811_1","1","0","1374","20","2","20044","UBA6,NFATC3"
"TF","Factor: MLR1; motif: NTGNMCYYTGNNCYN","TF:M12637","1","0","4280","20","4","20044","PTP4A3,LDB3,PKP2,MYO18B"
"TF","Factor: MLLT10; motif: CYNNCCNNGGNGCTG","TF:M12636","1","0","9644","20","13","20044","PRDM16,HSPG2,SP3,KAT2B,CACNA2D2,UBA6,PTP4A3,TMEM245,ADM,CRYAB,PKP2,NFATC3,MYO18B"
"TF","Factor: MIZF; motif: GNYCYCNNCNNSGTCCGCNNNNN","TF:M12635","1","0","1081","20","4","20044","NOS1AP,SP3,CACNA2D2,TMEM245"
"TF","Factor: MIZF; motif: WTGCGTG","TF:M06887","1","0","1537","20","2","20044","HSPG2,SEC62"
"TF","Factor: MIZ1; motif: CAGRCANNASYARTCGAKCNCMGMN","TF:M12634","1","0","1036","20","1","20044","ADM"
"TF","Factor: Miz-1; motif: NNRGGWGGGGGAGGGGMRR; match class: 1","TF:M10112_1","1","0","4064","20","11","20044","PRDM16,HSPG2,NOS1AP,SP3,KAT2B,MECOM,PTP4A3,TMEM245,LDB3,CRYAB,NFATC3"
"TF","Factor: Miz-1; motif: NNRGGWGGGGGAGGGGMRR","TF:M10112","1","0","8762","20","16","20044","PRDM16,HSPG2,NOS1AP,SP3,KAT2B,CACNA2D2,MECOM,PTP4A3,PTK2,TMEM245,LDB3,ADM,CRYAB,PKP2,NFATC3,MYO18B"
"TF","Factor: MIXL1; motif: NNYAATTANN; match class: 1","TF:M04402_1","1","0","2083","20","1","20044","UBA6"
"TF","Factor: MIXL1; motif: NNYAATTANN","TF:M04402","1","0","2482","20","2","20044","MECOM,UBA6"
"TF","Factor: MITF; motif: CATGTGM; match class: 1","TF:M02099_1","1","0","359","20","2","20044","SEC62,UBA6"
"TF","Factor: MITF; motif: CATGTGM","TF:M02099","1","0","3221","20","5","20044","HSPG2,SEC62,UBA6,TMEM245,LDB3"
"TF","Factor: MITF; motif: NNCACATGNNN","TF:M07050","1","0","632","20","1","20044","UBA6"
"TF","Factor: MITF; motif: NNNNRTCACGTGAYNNNN; match class: 1","TF:M12542_1","1","0","1118","20","2","20044","UBA6,NFATC3"
"TF","Factor: MITF; motif: NNNNRTCACGTGAYNNNN","TF:M12542","1","0","1118","20","2","20044","UBA6,NFATC3"
"TF","Factor: MITF; motif: TCACGTGACC","TF:M09989","1","0","1404","20","2","20044","UBA6,NFATC3"
"TF","Factor: MLLT10; motif: CYNNCCNNGGNGCTG; match class: 1","TF:M12636_1","1","0","3603","20","6","20044","PRDM16,SP3,KAT2B,TMEM245,PKP2,NFATC3"
"TF","Factor: LHX3; motif: ATTAAW; match class: 1","TF:M02097_1","1","0","6558","20","8","20044","MECOM,GNRHR,UBA6,TMEM245,MYPN,PKP2,NFATC3,MYO18B"
"TF","Factor: LHX3; motif: ATTAAW","TF:M02097","1","0","11996","20","14","20044","HSPG2,SP3,KAT2B,CACNA2D2,SEC62,MECOM,GNRHR,UBA6,TMEM245,MYPN,CRYAB,PKP2,NFATC3,MYO18B"
"TF","Factor: Lhx2; motif: NYTAATTASNK","TF:M07385","1","0","1599","20","1","20044","UBA6"
"TF","Factor: Isl2; motif: YTAAGTG","TF:M02082","1","0","7623","20","9","20044","PRDM16,HSPG2,SP3,GNRHR,UBA6,TMEM245,MYPN,ADM,MYO18B"
"TF","Factor: Isl2; motif: YTAAGTG; match class: 1","TF:M02080_1","1","0","1231","20","2","20044","GNRHR,MYPN"
"TF","Factor: Isl2; motif: YTAAGTG","TF:M02080","1","0","6114","20","7","20044","HSPG2,SP3,GNRHR,UBA6,TMEM245,MYPN,MYO18B"
"TF","Factor: Isl2; motif: CTAATKR","TF:M02079","1","0","5770","20","3","20044","NOS1AP,KAT2B,NFATC3"
"TF","Factor: islet1; motif: NGNTAATG","TF:M04616","1","0","1147","20","1","20044","GNRHR"
"TF","Factor: islet1; motif: SCAMTTAN; match class: 1","TF:M11012_1","1","0","1317","20","2","20044","GNRHR,MYPN"
"TF","Factor: islet1; motif: SCAMTTAN","TF:M11012","1","0","6256","20","9","20044","HSPG2,SP3,CACNA2D2,SEC62,GNRHR,UBA6,TMEM245,MYPN,ADM"
"TF","Factor: IRX2a; motif: NCRTGTWNWACAYGN; match class: 1","TF:M11023_1","1","0","1394","20","4","20044","SEC62,UBA6,MYPN,LDB3"
"TF","Factor: IRX2a; motif: NCRTGTWNWACAYGN","TF:M11023","1","0","1689","20","4","20044","SEC62,UBA6,MYPN,LDB3"
"TF","Factor: IRX2a; motif: ACRYGNNNNACRYGT; match class: 1","TF:M11022_1","1","0","6421","20","8","20044","PRDM16,HSPG2,NOS1AP,KAT2B,CACNA2D2,TMEM245,ADM,NFATC3"
"TF","Factor: IRX2a; motif: ACRYGNNNNACRYGT","TF:M11022","1","0","9737","20","11","20044","PRDM16,HSPG2,NOS1AP,KAT2B,CACNA2D2,MECOM,TMEM245,LDB3,ADM,PKP2,NFATC3"
"TF","Factor: IRX5; motif: NWACAYRACAWN; match class: 1","TF:M04378_1","1","0","595","20","1","20044","MYPN"
"TF","Factor: IRX5; motif: NWACAYRACAWN","TF:M04378","1","0","3972","20","4","20044","SEC62,GNRHR,TMEM245,MYPN"
"TF","Factor: IRX2; motif: NWACAYGACAWN","TF:M04377","1","0","2061","20","1","20044","SEC62"
"TF","Factor: IRX-1; motif: NACRYNNNNNNNNRYGNN; match class: 1","TF:M11018_1","1","0","16304","20","16","20044","PRDM16,HSPG2,NOS1AP,SP3,KAT2B,CACNA2D2,SEC62,MECOM,PTP4A3,PTK2,TMEM245,LDB3,ADM,PKP2,NFATC3,MYO18B"
"TF","Factor: IRX-1; motif: NACRYNNNNNNNNRYGNN","TF:M11018","1","0","17328","20","18","20044","PRDM16,HSPG2,NOS1AP,SP3,KAT2B,CACNA2D2,SEC62,MECOM,GNRHR,UBA6,PTP4A3,PTK2,TMEM245,LDB3,ADM,PKP2,NFATC3,MYO18B"
"TF","Factor: IRF; motif: RAAANTGAAAN","TF:M00972","1","0","2024","20","4","20044","PRDM16,GNRHR,UBA6,MYO18B"
"TF","Factor: IRF; motif: RRAANTGAAASYGNV","TF:M00772","1","0","1036","20","4","20044","PRDM16,GNRHR,UBA6,MYO18B"
"TF","Factor: IRF; motif: NNGAAANTGAAANN","TF:M08887","1","0","1305","20","3","20044","PRDM16,UBA6,MYO18B"
"TF","Factor: IRF-8; motif: AGTTTCW; match class: 1","TF:M01665_1","1","0","741","20","1","20044","UBA6"
"TF","Factor: IRF-8; motif: AGTTTCW","TF:M01665","1","0","4812","20","4","20044","HSPG2,GNRHR,UBA6,PTK2"
"TF","Factor: IRF-8; motif: NCGAAACYGAAACYN","TF:M11685","1","0","1672","20","2","20044","UBA6,MYO18B"
"TF","Factor: IRF-8; motif: NYGAAACYGAAACTN; match class: 1","TF:M11684_1","1","0","844","20","1","20044","GNRHR"
"TF","Factor: IRF-8; motif: NYGAAACYGAAACTN","TF:M11684","1","0","4748","20","6","20044","GNRHR,UBA6,MYPN,PKP2,NFATC3,MYO18B"
"TF","Factor: IRF-8; motif: NCGAAACCGAAACYN; match class: 1","TF:M11683_1","1","0","831","20","1","20044","GNRHR"
"TF","Factor: IRF-8; motif: NCGAAACCGAAACYN","TF:M11683","1","0","4769","20","7","20044","KAT2B,GNRHR,UBA6,MYPN,PKP2,NFATC3,MYO18B"
"TF","Factor: IRF-8; motif: NYGAAASYGAAACYN; match class: 1","TF:M11682_1","1","0","565","20","1","20044","GNRHR"
"TF","Factor: IRF-8; motif: NYGAAASYGAAACYN","TF:M11682","1","0","3860","20","5","20044","GNRHR,UBA6,MYPN,NFATC3,MYO18B"
"TF","Factor: IRF-8; motif: NNAARRGGAASTGAAASTNN","TF:M09960","1","0","283","20","1","20044","GNRHR"
"TF","Factor: Isl2; motif: YTAAGTG; match class: 1","TF:M02082_1","1","0","2087","20","2","20044","GNRHR,MYPN"
"TF","Factor: ISL2; motif: GCAMTTAR","TF:M04379","1","0","4459","20","6","20044","HSPG2,SP3,SEC62,GNRHR,UBA6,MYPN"
"TF","Factor: ISL2; motif: NCAMTTAN","TF:M11014","1","0","3641","20","5","20044","SP3,SEC62,GNRHR,UBA6,MYPN"
"TF","Factor: ISL2; motif: SCACTTAN","TF:M11015","1","0","4254","20","6","20044","SP3,SEC62,GNRHR,UBA6,TMEM245,MYPN"
"TF","Factor: JunB; motif: NNNTGAGTCAY","TF:M09631","1","0","1935","20","2","20044","PTP4A3,LDB3"
"TF","Factor: JUNB; motif: ATGACTCA","TF:M08926","1","0","932","20","1","20044","LDB3"
"TF","Factor: JunB; motif: NRRTGASTCAK","TF:M07103","1","0","2404","20","2","20044","PTP4A3,LDB3"
"TF","Factor: JUNB:C-JUN; motif: KRTGACGTCATN; match class: 1","TF:M08945_1","1","0","5885","20","3","20044","PTP4A3,ADM,MYO18B"
"TF","Factor: JUNB:C-JUN; motif: KRTGACGTCATN","TF:M08945","1","0","9589","20","6","20044","UBA6,PTP4A3,LDB3,ADM,CRYAB,MYO18B"
"TF","Factor: JUNB:C-JUN; motif: NATGACKCAT","TF:M08944","1","0","5388","20","5","20044","SEC62,PTP4A3,LDB3,ADM,NFATC3"
"TF","Factor: JUNB:FRA-2; motif: NRTGASTCAT; match class: 1","TF:M08923_1","1","0","1725","20","1","20044","LDB3"
"TF","Factor: JUNB:FRA-2; motif: NRTGASTCAT","TF:M08923","1","0","2949","20","2","20044","PTP4A3,LDB3"
"TF","Factor: JUNB:FRA-1; motif: NNRTGACTCATNN","TF:M08922","1","0","1847","20","1","20044","LDB3"
"TF","Factor: JUNB:C-FOS; motif: NATGAGTCATNN; match class: 1","TF:M08925_1","1","0","1503","20","1","20044","LDB3"
"TF","Factor: JUNB:C-FOS; motif: NATGAGTCATNN","TF:M08925","1","0","3505","20","2","20044","PTP4A3,LDB3"
"TF","Factor: JUNB:FOSB; motif: NRTGASTCAT; match class: 1","TF:M08920_1","1","0","1640","20","1","20044","LDB3"
"TF","Factor: JUNB:FOSB; motif: NRTGASTCAT","TF:M08920","1","0","3158","20","2","20044","PTP4A3,LDB3"
"TF","Factor: jdp2; motif: NRTGASTCAYN","TF:M11299","1","0","710","20","1","20044","LDB3"
"TF","Factor: IRF-7; motif: AARGGAAANNGAA","TF:M03793","1","0","1987","20","3","20044","SP3,GNRHR,NFATC3"
"TF","Factor: jdp2; motif: NRTGACGTCAYN","TF:M11298","1","0","1631","20","1","20044","CRYAB"
"TF","Factor: jdp2; motif: NRTGASTCAYN","TF:M11297","1","0","1833","20","1","20044","LDB3"
"TF","Factor: jdp2; motif: NRTGAYGTCAYN","TF:M11296","1","0","2991","20","1","20044","CRYAB"
"TF","Factor: ITF-2; motif: NGCAGSTGKS; match class: 1","TF:M09962_1","1","0","889","20","3","20044","PTP4A3,LDB3,ADM"
"TF","Factor: ITF-2; motif: NGCAGSTGKS","TF:M09962","1","0","5174","20","9","20044","HSPG2,KAT2B,CACNA2D2,SEC62,PTP4A3,LDB3,ADM,NFATC3,MYO18B"
"TF","Factor: ITF-2; motif: NNCACCTGNN","TF:M04191","1","0","5444","20","3","20044","CACNA2D2,PTP4A3,TMEM245"
"TF","Factor: isx; motif: NTCRTTAA; match class: 1","TF:M10956_1","1","0","3414","20","7","20044","NOS1AP,SEC62,UBA6,TMEM245,MYPN,PKP2,NFATC3"
"TF","Factor: isx; motif: NTCRTTAA","TF:M10956","1","0","9619","20","9","20044","NOS1AP,SEC62,UBA6,PTK2,TMEM245,MYPN,ADM,PKP2,NFATC3"
"TF","Factor: isx; motif: CTAATTAR","TF:M10955","1","0","993","20","1","20044","UBA6"
"TF","Factor: isx; motif: NTCRTTAA; match class: 1","TF:M10953_1","1","0","1141","20","1","20044","TMEM245"
"TF","Factor: isx; motif: NTCRTTAA","TF:M10953","1","0","5557","20","9","20044","NOS1AP,SEC62,UBA6,PTK2,TMEM245,MYPN,ADM,PKP2,NFATC3"
"TF","Factor: isx; motif: CTAATTAN","TF:M10952","1","0","491","20","1","20044","UBA6"
"TF","Factor: ISX; motif: NYAATTAN","TF:M04381","1","0","993","20","1","20044","UBA6"
"TF","Factor: ISGF-3; motif: CAGTTTCWCTTTYCC","TF:M00258","1","0","838","20","2","20044","NOS1AP,TMEM245"
"TF","Factor: ISL2; motif: SCACTTAN; match class: 1","TF:M11015_1","1","0","583","20","2","20044","GNRHR,MYPN"
"TF","Factor: jdp2; motif: NRTGASTCAYN; match class: 1","TF:M11297_1","1","0","1693","20","1","20044","LDB3"
"TF","Factor: IRF-7; motif: AAGWGAA; match class: 1","TF:M01884_1","1","0","4657","20","3","20044","NOS1AP,SEC62,GNRHR"
"TF","Factor: IRF-7; motif: AAGWGAA","TF:M01884","1","0","10989","20","11","20044","PRDM16,NOS1AP,KAT2B,SEC62,MECOM,GNRHR,UBA6,MYPN,ADM,PKP2,MYO18B"
"TF","Factor: IRF-7; motif: TNSGAAWNCGAAANTNNN","TF:M00453","1","0","3142","20","5","20044","UBA6,MYPN,ADM,NFATC3,MYO18B"
"TF","Factor: IRF-1; motif: SAAAAGYGAAACC","TF:M00062","1","0","597","20","2","20044","PRDM16,GNRHR"
"TF","Factor: ipf1; motif: CATTAR; match class: 1","TF:M01275_1","1","0","3440","20","6","20044","GNRHR,TMEM245,MYPN,CRYAB,NFATC3,MYO18B"
"TF","Factor: ipf1; motif: CATTAR","TF:M01275","1","0","8901","20","11","20044","NOS1AP,CACNA2D2,MECOM,GNRHR,TMEM245,MYPN,ADM,CRYAB,PKP2,NFATC3,MYO18B"
"TF","Factor: Ipf1; motif: NNNNTAATKR","TF:M04614","1","0","1657","20","1","20044","NOS1AP"
"TF","Factor: ipf1; motif: TSNGYCATTANNNNC","TF:M01013","1","0","2906","20","6","20044","KAT2B,GNRHR,PTK2,MYPN,PKP2,NFATC3"
"TF","Factor: ipf1; motif: GHNNTAATGACM; match class: 1","TF:M00436_1","1","0","428","20","1","20044","CRYAB"
"TF","Factor: ipf1; motif: GHNNTAATGACM","TF:M00436","1","0","3523","20","8","20044","NOS1AP,KAT2B,MECOM,TMEM245,ADM,CRYAB,PKP2,NFATC3"
"TF","Factor: ipf1; motif: TGATTGATK; match class: 1","TF:M10031_1","1","0","3271","20","2","20044","GNRHR,UBA6"
"TF","Factor: ipf1; motif: TGATTGATK","TF:M10031","1","0","9076","20","10","20044","HSPG2,SP3,KAT2B,SEC62,MECOM,GNRHR,UBA6,TMEM245,MYPN,PKP2"
"TF","Factor: ipf1; motif: NNRNTAATTAGYNCAN; match class: 1","TF:M01438_1","1","0","1065","20","2","20044","GNRHR,UBA6"
"TF","Factor: ipf1; motif: NNRNTAATTAGYNCAN","TF:M01438","1","0","3323","20","5","20044","NOS1AP,KAT2B,GNRHR,UBA6,PKP2"
"TF","Factor: ipf1; motif: RNWCATTAANWN; match class: 1","TF:M01255_1","1","0","828","20","1","20044","MYPN"
"TF","Factor: ipf1; motif: RNWCATTAANWN","TF:M01255","1","0","4271","20","5","20044","GNRHR,MYPN,CRYAB,PKP2,MYO18B"
"TF","Factor: ipf1; motif: NVSTAATTAC; match class: 1","TF:M01235_1","1","0","1542","20","1","20044","NOS1AP"
"TF","Factor: IRF-1; motif: STTTCACTTTCNNT","TF:M04788","1","0","552","20","1","20044","UBA6"
"TF","Factor: ipf1; motif: NVSTAATTAC","TF:M01235","1","0","3489","20","1","20044","NOS1AP"
"TF","Factor: ING4; motif: CCACCA; match class: 1","TF:M01743_1","1","0","10722","20","12","20044","PRDM16,HSPG2,KAT2B,CACNA2D2,SEC62,MECOM,PTP4A3,MYPN,CRYAB,PKP2,NFATC3,MYO18B"
"TF","Factor: ING4; motif: CCACCA","TF:M01743","1","0","16380","20","17","20044","PRDM16,HSPG2,NOS1AP,KAT2B,CACNA2D2,SEC62,MECOM,GNRHR,UBA6,PTP4A3,TMEM245,MYPN,LDB3,CRYAB,PKP2,NFATC3,MYO18B"
"TF","Factor: Ikaros; motif: TGGGAGN; match class: 1","TF:M07260_1","1","0","7288","20","5","20044","KAT2B,MECOM,PTP4A3,PTK2,LDB3"
"TF","Factor: Ikaros; motif: TGGGAGN","TF:M07260","1","0","13743","20","7","20044","KAT2B,MECOM,UBA6,PTP4A3,PTK2,LDB3,PKP2"
"TF","Factor: Ik-3; motif: TNYTGGGAATACC","TF:M00088","1","0","5931","20","4","20044","CACNA2D2,SEC62,MECOM,LDB3"
"TF","Factor: Ik-2; motif: NNNTGGGAWNNC","TF:M00087","1","0","3583","20","3","20044","KAT2B,NFATC3,MYO18B"
"TF","Factor: Ik-1; motif: NHNTGGGAATRCC","TF:M00086","1","0","4548","20","2","20044","MECOM,LDB3"
"TF","Factor: ICSBP; motif: RAARTGAAACTG","TF:M00699","1","0","1212","20","1","20044","NOS1AP"
"TF","Factor: HTF4; motif: CASCTGB; match class: 1","TF:M02018_1","1","0","2861","20","5","20044","NOS1AP,UBA6,PTP4A3,LDB3,PKP2"
"TF","Factor: HTF4; motif: CASCTGB","TF:M02018","1","0","8893","20","10","20044","NOS1AP,KAT2B,CACNA2D2,UBA6,PTP4A3,PTK2,TMEM245,LDB3,PKP2,NFATC3"
"TF","Factor: HSF; motif: TTCCMGARGYTTC; match class: 1","TF:M00641_1","1","0","391","20","2","20044","SEC62,CRYAB"
"TF","Factor: HSF; motif: TTCCMGARGYTTC","TF:M00641","1","0","3641","20","7","20044","KAT2B,CACNA2D2,SEC62,MECOM,PTP4A3,CRYAB,NFATC3"
"TF","Factor: HSFY1; motif: TTCGAANSRTTCGAA","TF:M04013","1","0","974","20","3","20044","PRDM16,MECOM,GNRHR"
"TF","Factor: HSF4; motif: CTGCMRN; match class: 1","TF:M07322_1","1","0","12022","20","16","20044","HSPG2,NOS1AP,SP3,KAT2B,CACNA2D2,MECOM,UBA6,PTP4A3,PTK2,TMEM245,MYPN,LDB3,ADM,PKP2,NFATC3,MYO18B"
"TF","Factor: INSM1; motif: TGYCAGGGGGCR","TF:M02268","1","0","587","20","2","20044","LDB3,NFATC3"
"TF","Factor: JunB; motif: NNTGAGTCANN","TF:M09963","1","0","911","20","1","20044","PTP4A3"
"TF","Factor: IRF-1; motif: NNRAAANNGAAASN","TF:M07045","1","0","553","20","1","20044","UBA6"
"TF","Factor: IRF-1; motif: TTCACTT; match class: 1","TF:M00747_1","1","0","951","20","1","20044","GNRHR"
"TF","Factor: IRF-5; motif: NYGAAACCGAAACY","TF:M11670","1","0","883","20","1","20044","UBA6"
"TF","Factor: IRF-4; motif: GAAARTA; match class: 1","TF:M01883_1","1","0","2954","20","4","20044","GNRHR,UBA6,MYPN,MYO18B"
"TF","Factor: IRF-4; motif: GAAARTA","TF:M01883","1","0","8408","20","7","20044","KAT2B,MECOM,GNRHR,UBA6,MYPN,CRYAB,MYO18B"
"TF","Factor: IRF4; motif: MNNRAAANGAAA; match class: 1","TF:M08886_1","1","0","944","20","1","20044","GNRHR"
"TF","Factor: IRF4; motif: MNNRAAANGAAA","TF:M08886","1","0","4140","20","4","20044","NOS1AP,SP3,GNRHR,MYPN"
"TF","Factor: IRF-4; motif: KRAAMNGAAANYN","TF:M07323","1","0","974","20","2","20044","UBA6,MYPN"
"TF","Factor: IRF-4; motif: NCGAAACCGAAACYN; match class: 1","TF:M11687_1","1","0","493","20","1","20044","GNRHR"
"TF","Factor: IRF-4; motif: NCGAAACCGAAACYN","TF:M11687","1","0","3678","20","4","20044","GNRHR,UBA6,NFATC3,MYO18B"
"TF","Factor: IRF-4; motif: NYGAAASYGAAACYN; match class: 1","TF:M11686_1","1","0","469","20","1","20044","GNRHR"
"TF","Factor: IRF-4; motif: NYGAAASYGAAACYN","TF:M11686","1","0","3447","20","5","20044","GNRHR,UBA6,MYPN,NFATC3,MYO18B"
"TF","Factor: IRF-4; motif: NAANGRGGAASTGAAASN","TF:M09959","1","0","3421","20","7","20044","CACNA2D2,MECOM,GNRHR,PTK2,TMEM245,ADM,CRYAB"
"TF","Factor: IRF-4; motif: RRRGRGGAASTGARAS","TF:M09630","1","0","962","20","2","20044","MECOM,GNRHR"
"TF","Factor: IRF-4; motif: AAGTTTC; match class: 1","TF:M04855_1","1","0","2034","20","3","20044","HSPG2,GNRHR,UBA6"
"TF","Factor: IRF-4; motif: AAGTTTC","TF:M04855","1","0","7821","20","7","20044","HSPG2,CACNA2D2,GNRHR,UBA6,PTP4A3,ADM,CRYAB"
"TF","Factor: IRF-1; motif: TTCACTT","TF:M00747","1","0","5273","20","5","20044","PRDM16,GNRHR,MYPN,ADM,MYO18B"
"TF","Factor: IRF-4; motif: RGGAASWGR; match class: 1","TF:M04818_1","1","0","3092","20","1","20044","CACNA2D2"
"TF","Factor: IRF-4; motif: NCGAAACCGAAACYA","TF:M04015","1","0","2085","20","2","20044","NOS1AP,UBA6"
"TF","Factor: IRF-3; motif: NBNBTTTCSCTTT","TF:M01279","1","0","1662","20","2","20044","GNRHR,MYO18B"
"TF","Factor: IRF-3; motif: NGGAAACNGAAACCGAAACN","TF:M11677","1","0","480","20","1","20044","GNRHR"
"TF","Factor: IRF-3; motif: NGGAAANGGAAASNGAAACN","TF:M11676","1","0","566","20","1","20044","GNRHR"
"TF","Factor: IRF-3; motif: KCNGTTTCSNSGAAACCGAAACN; match class: 1","TF:M11675_1","1","0","1851","20","2","20044","HSPG2,NFATC3"
"TF","Factor: IRF-3; motif: KCNGTTTCSNSGAAACCGAAACN","TF:M11675","1","0","4715","20","5","20044","HSPG2,NOS1AP,UBA6,MYPN,NFATC3"
"TF","Factor: IRF-3; motif: GCNGTTTCCWGGAAACNGAAAC; match class: 1","TF:M11674_1","1","0","1653","20","2","20044","PKP2,NFATC3"
"TF","Factor: IRF-3; motif: GCNGTTTCCWGGAAACNGAAAC","TF:M11674","1","0","4647","20","5","20044","UBA6,MYPN,PKP2,NFATC3,MYO18B"
"TF","Factor: IRF-3; motif: RAAARGGAAANNGAAASNGA","TF:M09958","1","0","600","20","1","20044","GNRHR"
"TF","Factor: IRF-2; motif: NGAAASYGAAAS","TF:M11665","1","0","2449","20","3","20044","GNRHR,UBA6,MYO18B"
"TF","Factor: IRF-2; motif: NGAAASYGAAAS","TF:M11664","1","0","1694","20","3","20044","GNRHR,UBA6,MYO18B"
"TF","Factor: IRF-2; motif: NAANYGAAASYR; match class: 1","TF:M08775_1","1","0","2789","20","4","20044","GNRHR,UBA6,TMEM245,MYO18B"
"TF","Factor: IRF-2; motif: NAANYGAAASYR","TF:M08775","1","0","8492","20","14","20044","PRDM16,NOS1AP,SP3,KAT2B,MECOM,GNRHR,UBA6,TMEM245,MYPN,ADM,CRYAB,PKP2,NFATC3,MYO18B"
"TF","Factor: IRF-2; motif: GAAAAGYGAAASY","TF:M00063","1","0","695","20","1","20044","PRDM16"
"TF","Factor: IRF-4; motif: RGGAASWGR","TF:M04818","1","0","9539","20","9","20044","KAT2B,CACNA2D2,MECOM,GNRHR,PTK2,TMEM245,LDB3,ADM,MYO18B"
"TF","Factor: JunB; motif: NATGASTCAYN","TF:M11272","1","0","812","20","1","20044","LDB3"
"TF","Factor: JunB; motif: GATGACGTCAYC","TF:M11273","1","0","9139","20","7","20044","KAT2B,UBA6,PTP4A3,LDB3,ADM,CRYAB,MYO18B"
"TF","Factor: JunB; motif: GATGACGTCAYC; match class: 1","TF:M11273_1","1","0","6673","20","4","20044","KAT2B,UBA6,PTP4A3,ADM"
"TF","Factor: LBP9; motif: ACYRGTTNNAACYRGT; match class: 1","TF:M11491_1","1","0","4017","20","2","20044","PTP4A3,LDB3"
"TF","Factor: LBP9; motif: ACYRGTTNNAACYRGT","TF:M11491","1","0","5009","20","3","20044","KAT2B,PTP4A3,LDB3"
"TF","Factor: LBP9; motif: CCRGNNNNARCCRGYYN","TF:M01592","1","0","1464","20","1","20044","KAT2B"
"TF","Factor: LBP-1; motif: CAGCTGS; match class: 1","TF:M00644_1","1","0","4132","20","8","20044","HSPG2,KAT2B,SEC62,PTP4A3,LDB3,ADM,CRYAB,NFATC3"
"TF","Factor: LBP-1; motif: CAGCTGS","TF:M00644","1","0","9002","20","11","20044","HSPG2,KAT2B,CACNA2D2,SEC62,PTP4A3,TMEM245,LDB3,ADM,CRYAB,NFATC3,MYO18B"
"TF","Factor: LBP-1; motif: NRCCGGTNNNNACCGGYN; match class: 1","TF:M11490_1","1","0","6173","20","8","20044","SP3,KAT2B,CACNA2D2,MECOM,PTP4A3,PTK2,LDB3,CRYAB"
"TF","Factor: LBP-1; motif: NRCCGGTNNNNACCGGYN","TF:M11490","1","0","6951","20","8","20044","SP3,KAT2B,CACNA2D2,MECOM,PTP4A3,PTK2,LDB3,CRYAB"
"TF","Factor: LBP-1; motif: AACYRGTTNNAACYRGTT; match class: 1","TF:M11489_1","1","0","1842","20","1","20044","MECOM"
"TF","Factor: LBP-1; motif: AACYRGTTNNAACYRGTT","TF:M11489","1","0","2026","20","1","20044","MECOM"
"TF","Factor: KROX; motif: CCCGCCCCCRCCCC; match class: 1","TF:M00982_1","1","0","3647","20","8","20044","PRDM16,HSPG2,KAT2B,CACNA2D2,PTP4A3,PTK2,PKP2,NFATC3"
"TF","Factor: KROX; motif: CCCGCCCCCRCCCC","TF:M00982","1","0","8073","20","13","20044","PRDM16,HSPG2,NOS1AP,KAT2B,CACNA2D2,SEC62,UBA6,PTP4A3,PTK2,TMEM245,CRYAB,PKP2,NFATC3"
"TF","Factor: KR3; motif: YNAGGGACCNKN; match class: 1","TF:M10114_1","1","0","144","20","1","20044","PTP4A3"
"TF","Factor: KR3; motif: YNAGGGACCNKN","TF:M10114","1","0","2133","20","1","20044","PTP4A3"
"TF","Factor: KLF; motif: GGGNGGGG; match class: 1","TF:M07461_1","1","0","3527","20","9","20044","PRDM16,SP3,KAT2B,CACNA2D2,SEC62,MECOM,PTP4A3,ADM,CRYAB"
"TF","Factor: LBP9; motif: ACYRGTNNNNACYRGT","TF:M11492","1","0","7778","20","9","20044","SP3,KAT2B,CACNA2D2,MECOM,UBA6,PTP4A3,PTK2,LDB3,CRYAB"
"TF","Factor: KLF; motif: GGGNGGGG","TF:M07461","1","0","9013","20","11","20044","PRDM16,SP3,KAT2B,CACNA2D2,SEC62,MECOM,PTP4A3,PTK2,ADM,CRYAB,MYO18B"
"TF","Factor: KLF9; motif: NNCCACACCCACN; match class: 1","TF:M09774_1","1","0","32","20","1","20044","UBA6"
"TF","Factor: KLF9; motif: NNCCACACCCACN","TF:M09774","1","0","824","20","2","20044","KAT2B,UBA6"
"TF","Factor: KLF8; motif: HMNDGGGTGT","TF:M07294","1","0","1381","20","2","20044","MYPN,CRYAB"
"TF","Factor: KLF8; motif: NGGGCGGGGG","TF:M05318","1","0","849","20","3","20044","KAT2B,PTP4A3,TMEM245"
"TF","Factor: KLF7; motif: NGGGCGGGGG","TF:M05319","1","0","849","20","3","20044","KAT2B,PTP4A3,TMEM245"
"TF","Factor: BTEB2; motif: GCCCCRCCCH; match class: 1","TF:M07409_1","1","0","1902","20","3","20044","HSPG2,PKP2,NFATC3"
"TF","Factor: BTEB2; motif: GCCCCRCCCH","TF:M07409","1","0","5363","20","6","20044","HSPG2,PTP4A3,PTK2,ADM,PKP2,NFATC3"
"TF","Factor: KLF4; motif: NNCCCCACCCNN; match class: 1","TF:M12489_1","1","0","1715","20","4","20044","SP3,KAT2B,MECOM,CRYAB"
"TF","Factor: KLF4; motif: NNCCCCACCCNN","TF:M12489","1","0","6249","20","7","20044","SP3,KAT2B,MECOM,PTP4A3,ADM,CRYAB,MYO18B"
"TF","Factor: GKLF; motif: NNCCACRCCCN","TF:M12174","1","0","2691","20","1","20044","PTP4A3"
"TF","Factor: GKLF; motif: NNCCMCRCCCN; match class: 1","TF:M12173_1","1","0","5130","20","6","20044","HSPG2,PTP4A3,PTK2,ADM,PKP2,NFATC3"
"TF","Factor: GKLF; motif: NNCCMCRCCCN","TF:M12173","1","0","10281","20","9","20044","HSPG2,NOS1AP,KAT2B,PTP4A3,PTK2,ADM,PKP2,NFATC3,MYO18B"
"TF","Factor: KLF4; motif: MCACACCCTNN; match class: 1","TF:M09808_1","1","0","544","20","3","20044","UBA6,PTP4A3,CRYAB"
"TF","Factor: KLF4; motif: MCACACCCTNN","TF:M09808","1","0","3845","20","7","20044","HSPG2,KAT2B,UBA6,PTP4A3,CRYAB,PKP2,MYO18B"
"TF","Factor: KLF9; motif: NNGCCACACCCACNNN","TF:M12573","1","0","1105","20","1","20044","UBA6"
"TF","Factor: KLF3; motif: CCMCRCCCNG","TF:M07460","1","0","1462","20","2","20044","PRDM16,CACNA2D2"
"TF","Factor: LBP9; motif: ACYRGTNNNNACYRGT; match class: 1","TF:M11492_1","1","0","6170","20","7","20044","SP3,KAT2B,CACNA2D2,PTP4A3,PTK2,LDB3,CRYAB"
"TF","Factor: LBX2; motif: CTNRANSTAATTA","TF:M04383","1","0","8188","20","9","20044","NOS1AP,SEC62,GNRHR,UBA6,PTP4A3,PTK2,ADM,PKP2,NFATC3"
"TF","Factor: Lhx2; motif: WATTAN; match class: 1","TF:M07047_1","1","0","4641","20","5","20044","NOS1AP,KAT2B,GNRHR,UBA6,MYO18B"
"TF","Factor: Lhx2; motif: WATTAN","TF:M07047","1","0","10942","20","11","20044","PRDM16,HSPG2,NOS1AP,KAT2B,SEC62,GNRHR,UBA6,MYPN,ADM,NFATC3,MYO18B"
"TF","Factor: LHX2; motif: NNCCAATTANN","TF:M12549","1","0","799","20","2","20044","GNRHR,NFATC3"
"TF","Factor: LHX2; motif: NNYTAATTRNNN","TF:M09976","1","0","2381","20","2","20044","KAT2B,UBA6"
"TF","Factor: LIM-1; motif: NYAATTAN","TF:M11000","1","0","5867","20","6","20044","NOS1AP,KAT2B,SEC62,GNRHR,MYPN,NFATC3"
"TF","Factor: LIM-1; motif: NNCGTTAN; match class: 1","TF:M10999_1","1","0","1287","20","2","20044","UBA6,TMEM245"
"TF","Factor: LIM-1; motif: NNCGTTAN","TF:M10999","1","0","6003","20","5","20044","SEC62,UBA6,PTK2,TMEM245,ADM"
"TF","Factor: LF-A1; motif: GGGSTCWR; match class: 1","TF:M00646_1","1","0","6463","20","4","20044","PTP4A3,LDB3,ADM,CRYAB"
"TF","Factor: LF-A1; motif: GGGSTCWR","TF:M00646","1","0","12997","20","14","20044","HSPG2,NOS1AP,SP3,KAT2B,SEC62,MECOM,UBA6,PTP4A3,PTK2,LDB3,ADM,CRYAB,PKP2,NFATC3"
"TF","Factor: LEF-1; motif: WCAAAGN","TF:M03794","1","0","4694","20","2","20044","GNRHR,UBA6"
"TF","Factor: LEF-1; motif: WCAAAGN","TF:M02019","1","0","4694","20","2","20044","GNRHR,UBA6"
"TF","Factor: LEF-1; motif: NANNWWCAAAGNN","TF:M07605","1","0","1740","20","1","20044","KAT2B"
"TF","Factor: LEF-1; motif: NWTCAAAGNN","TF:M01022","1","0","3195","20","3","20044","MECOM,GNRHR,TMEM245"
"TF","Factor: TCF-7; motif: TCAAAG; match class: 1","TF:M00805_1","1","0","5610","20","2","20044","GNRHR,MYO18B"
"TF","Factor: LBX1; motif: NTAATTAG","TF:M07994","1","0","993","20","1","20044","UBA6"
"TF","Factor: TCF-7; motif: TCAAAG","TF:M00805","1","0","12215","20","10","20044","HSPG2,NOS1AP,MECOM,GNRHR,UBA6,TMEM245,MYPN,ADM,CRYAB,MYO18B"
"TF","Factor: LEF-1; motif: ASATCAAAG","TF:M11609","1","0","3121","20","3","20044","MECOM,TMEM245,MYPN"
"TF","Factor: LEF-1; motif: ASATCAAAG","TF:M11606","1","0","6165","20","4","20044","SEC62,MECOM,TMEM245,MYPN"
"TF","Factor: LEF-1; motif: ASATCAAAG","TF:M11604","1","0","3746","20","3","20044","MECOM,TMEM245,MYPN"
"TF","Factor: LEF-1; motif: NCCTTTSWNNTNYN","TF:M09975","1","0","4029","20","5","20044","SEC62,GNRHR,CRYAB,PKP2,MYO18B"
"TF","Factor: LEF-1; motif: NNNCTTTGAT","TF:M08948","1","0","3557","20","4","20044","MECOM,GNRHR,TMEM245,MYPN"
"TF","Factor: LEF-1; motif: AAAGATCAAAGGRWW","TF:M04003","1","0","1729","20","2","20044","GNRHR,TMEM245"
"TF","Factor: LEF-1,; motif: MCTTTGWTSNY","TF:M00978","1","0","1788","20","1","20044","TMEM245"
"TF","Factor: LCOR; motif: CMAAGKNCANN","TF:M12628","1","0","3590","20","2","20044","UBA6,LDB3"
"TF","Factor: LBX2; motif: CTYRTTAA","TF:M10665","1","0","924","20","1","20044","PTK2"
"TF","Factor: LBX2; motif: NYYAATTANN","TF:M10663","1","0","2284","20","2","20044","NOS1AP,UBA6"
"TF","Factor: LBX2; motif: CTCRTTAA","TF:M10662","1","0","924","20","1","20044","PTK2"
"TF","Factor: LBX2; motif: CTMATTAATTAT","TF:M10661","1","0","182","20","2","20044","UBA6,PKP2"
"TF","Factor: LBX2; motif: NNYAATTANN","TF:M04384","1","0","3623","20","5","20044","NOS1AP,KAT2B,SEC62,GNRHR,NFATC3"
"TF","Factor: LBX2; motif: CTNRANSTAATTA; match class: 1","TF:M04383_1","1","0","2481","20","4","20044","SEC62,GNRHR,UBA6,NFATC3"
"TF","Factor: LEF-1; motif: ASATCAAAG","TF:M11611","1","0","3561","20","3","20044","MECOM,TMEM245,MYPN"
"TF","Factor: GABP-alpha; motif: CTTCCK; match class: 1","TF:M01660_1","1","0","5249","20","3","20044","KAT2B,MECOM,UBA6"
"TF","Factor: KLF3; motif: CCMCACCCNG","TF:M03553","1","0","1945","20","2","20044","MECOM,CRYAB"
"TF","Factor: KLF3; motif: NNNNNNGGGCGGGGCNNGN","TF:M09970","1","0","7962","20","10","20044","PRDM16,HSPG2,NOS1AP,KAT2B,MECOM,PTP4A3,PTK2,ADM,PKP2,NFATC3"
"TF","Factor: c-Jun; motif: NATGACGTCAYN; match class: 1","TF:M11266_1","1","0","6357","20","3","20044","UBA6,PTP4A3,ADM"
"TF","Factor: c-Jun; motif: NATGACGTCAYN","TF:M11266","1","0","8785","20","4","20044","UBA6,PTP4A3,ADM,CRYAB"
"TF","Factor: c-Jun; motif: NATGACTCATN","TF:M11265","1","0","4682","20","3","20044","SEC62,PTP4A3,LDB3"
"TF","Factor: c-Jun; motif: NATGASTCATN; match class: 1","TF:M11264_1","1","0","4006","20","3","20044","MECOM,UBA6,LDB3"
"TF","Factor: c-Jun; motif: NATGASTCATN","TF:M11264","1","0","4488","20","3","20044","MECOM,UBA6,LDB3"
"TF","Factor: c-Jun; motif: NRTGAGTCAYN","TF:M09965","1","0","4535","20","3","20044","PTP4A3,LDB3,ADM"
"TF","Factor: c-Jun; motif: NNNNRRTGASTCAN; match class: 1","TF:M07102_1","1","0","3088","20","1","20044","LDB3"
"TF","Factor: c-Jun; motif: NNNNRRTGASTCAN","TF:M07102","1","0","5146","20","4","20044","MECOM,UBA6,PTP4A3,LDB3"
"TF","Factor: C-JUN:FRA-2; motif: NRTGACGTMAT; match class: 1","TF:M08941_1","1","0","3366","20","2","20044","ADM,CRYAB"
"TF","Factor: C-JUN:FRA-2; motif: NRTGACGTMAT","TF:M08941","1","0","7017","20","3","20044","PTP4A3,ADM,CRYAB"
"TF","Factor: C-JUN:FRA-2; motif: NNRTGAGTCAYN","TF:M08940","1","0","3659","20","2","20044","PTP4A3,LDB3"
"TF","Factor: C-JUN:FRA-1; motif: NNATGACTCATNN","TF:M08938","1","0","3750","20","2","20044","PTP4A3,LDB3"
"TF","Factor: C-JUN:FOSB; motif: NATGACTCAY","TF:M08936","1","0","3290","20","2","20044","PTP4A3,LDB3"
"TF","Factor: JUND; motif: NNATGACTCATNN; match class: 1","TF:M12524_1","1","0","1458","20","1","20044","LDB3"
"TF","Factor: c-Jun; motif: NATGACKCATN","TF:M11267","1","0","3206","20","4","20044","SEC62,LDB3,CRYAB,NFATC3"
"TF","Factor: JUND; motif: NNATGACTCATNN","TF:M12524","1","0","4316","20","4","20044","MECOM,UBA6,PTP4A3,LDB3"
"TF","Factor: JunD; motif: NRTGACGTCATS; match class: 1","TF:M11270_1","1","0","4334","20","2","20044","UBA6,ADM"
"TF","Factor: JunD; motif: NRTGACGTCATS","TF:M11270","1","0","9458","20","5","20044","UBA6,PTP4A3,TMEM245,ADM,CRYAB"
"TF","Factor: JunD; motif: SATGACTCATN","TF:M11269","1","0","3936","20","3","20044","PTP4A3,LDB3,CRYAB"
"TF","Factor: JunD; motif: NATGASTCATS; match class: 1","TF:M11268_1","1","0","1869","20","1","20044","UBA6"
"TF","Factor: JunD; motif: NATGASTCATS","TF:M11268","1","0","2976","20","2","20044","UBA6,LDB3"
"TF","Factor: JunD; motif: NRTGAGTCAYN","TF:M09964","1","0","5094","20","4","20044","SP3,PTP4A3,LDB3,ADM"
"TF","Factor: JUND; motif: NATGAGTCAT","TF:M08934","1","0","4362","20","4","20044","SEC62,PTP4A3,LDB3,NFATC3"
"TF","Factor: JunD; motif: NRTGASTCATN","TF:M07104","1","0","2697","20","2","20044","UBA6,LDB3"
"TF","Factor: JunD; motif: RTGACGTCA","TF:M04681","1","0","6072","20","2","20044","PTP4A3,CRYAB"
"TF","Factor: JUND:FRA-2; motif: NATGACTCAT","TF:M08931","1","0","1414","20","1","20044","LDB3"
"TF","Factor: JUND:FRA-1; motif: RTGACGTMAY","TF:M08930","1","0","5772","20","1","20044","UBA6"
"TF","Factor: JUND:FRA-1; motif: NRTGACTCAN","TF:M08929","1","0","1573","20","1","20044","LDB3"
"TF","Factor: JUND:C-FOS; motif: NNATGAGTCATNN","TF:M08933","1","0","4870","20","3","20044","PTP4A3,LDB3,ADM"
"TF","Factor: JunB; motif: TGACTCAN","TF:M03551","1","0","4297","20","3","20044","PTP4A3,LDB3,ADM"
"TF","Factor: JunD; motif: NRTGACGCAYN","TF:M11271","1","0","7092","20","4","20044","HSPG2,UBA6,TMEM245,ADM"
"TF","Factor: KLF3; motif: NNNNNNGGGCGGGGCNNGN; match class: 1","TF:M09970_1","1","0","3907","20","6","20044","HSPG2,KAT2B,PTP4A3,ADM,PKP2,NFATC3"
"TF","Factor: JUN; motif: NRTGACTCA","TF:M12589","1","0","3900","20","3","20044","PTP4A3,LDB3,ADM"
"TF","Factor: Kaiso; motif: NTCCTGCNAN; match class: 1","TF:M01119_1","1","0","550","20","2","20044","SEC62,TMEM245"
"TF","Factor: KLF17; motif: NGMCMCRCCCTN; match class: 1","TF:M12188_1","1","0","584","20","1","20044","UBA6"
"TF","Factor: KLF17; motif: NGMCMCRCCCTN","TF:M12188","1","0","3760","20","3","20044","UBA6,PTP4A3,PTK2"
"TF","Factor: KLF17; motif: NMCCACNCWCCCNTN","TF:M12187","1","0","2929","20","2","20044","SP3,CRYAB"
"TF","Factor: KLF17; motif: NGGGCGG; match class: 1","TF:M05386_1","1","0","2582","20","2","20044","PTK2,NFATC3"
"TF","Factor: KLF17; motif: NGGGCGG","TF:M05386","1","0","8124","20","5","20044","HSPG2,UBA6,PTP4A3,PTK2,NFATC3"
"TF","Factor: BTEB4; motif: NCCACGCCCM; match class: 1","TF:M12186_1","1","0","4080","20","5","20044","HSPG2,PTP4A3,PTK2,PKP2,NFATC3"
"TF","Factor: BTEB4; motif: NCCACGCCCM","TF:M12186","1","0","9360","20","9","20044","HSPG2,KAT2B,PTP4A3,PTK2,ADM,CRYAB,PKP2,NFATC3,MYO18B"
"TF","Factor: BTEB4; motif: RCCACGCCCC","TF:M12185","1","0","2351","20","3","20044","HSPG2,PTP4A3,PKP2"
"TF","Factor: KLF16; motif: GMCACGCCCCC; match class: 1","TF:M03914_1","1","0","739","20","3","20044","HSPG2,PTP4A3,NFATC3"
"TF","Factor: KLF16; motif: GMCACGCCCCC","TF:M03914","1","0","3481","20","4","20044","HSPG2,PTP4A3,PTK2,NFATC3"
"TF","Factor: KLF15; motif: GAGNNGGGGNGTDG","TF:M01714","1","0","2219","20","2","20044","HSPG2,KAT2B"
"TF","Factor: KLF15; motif: NCCCCGCCCCN; match class: 1","TF:M12404_1","1","0","174","20","2","20044","HSPG2,NFATC3"
"TF","Factor: KLF15; motif: NCCCCGCCCCN","TF:M12404","1","0","1161","20","4","20044","HSPG2,PTP4A3,PTK2,NFATC3"
"TF","Factor: KLF15; motif: RCCMCRCCCMCN; match class: 1","TF:M12160_1","1","0","8297","20","14","20044","PRDM16,HSPG2,NOS1AP,SP3,KAT2B,CACNA2D2,MECOM,PTP4A3,PTK2,TMEM245,ADM,CRYAB,PKP2,NFATC3"
"TF","Factor: Kaiso; motif: NTCCTGCNAN","TF:M01119","1","0","4319","20","4","20044","HSPG2,SEC62,TMEM245,NFATC3"
"TF","Factor: KLF15; motif: RCCMCRCCCMCN","TF:M12160","1","0","13060","20","16","20044","PRDM16,HSPG2,NOS1AP,SP3,KAT2B,CACNA2D2,MECOM,UBA6,PTP4A3,PTK2,TMEM245,MYPN,ADM,CRYAB,PKP2,NFATC3"
"TF","Factor: KLF15; motif: GCCACGCCCMCN","TF:M12159","1","0","1473","20","2","20044","PTP4A3,NFATC3"
"TF","Factor: KLF15; motif: NCCMCGCCCMCN; match class: 1","TF:M12158_1","1","0","6194","20","11","20044","PRDM16,HSPG2,SP3,KAT2B,MECOM,PTP4A3,PTK2,TMEM245,CRYAB,PKP2,NFATC3"
"TF","Factor: KLF15; motif: NCCMCGCCCMCN","TF:M12158","1","0","11371","20","15","20044","PRDM16,HSPG2,NOS1AP,SP3,KAT2B,CACNA2D2,MECOM,UBA6,PTP4A3,PTK2,TMEM245,MYPN,CRYAB,PKP2,NFATC3"
"TF","Factor: KLF15; motif: RCCACGCCCCCC; match class: 1","TF:M12157_1","1","0","838","20","4","20044","HSPG2,PTP4A3,PTK2,NFATC3"
"TF","Factor: KLF15; motif: RCCACGCCCCCC","TF:M12157","1","0","3725","20","5","20044","HSPG2,KAT2B,PTP4A3,PTK2,NFATC3"
"TF","Factor: KLF15; motif: RGGGMGGRGNNGGGGGNGG; match class: 1","TF:M09968_1","1","0","1032","20","4","20044","PRDM16,KAT2B,MECOM,PTP4A3"
"TF","Factor: KLF14; motif: NRCCACGCCCMCN","TF:M12184","1","0","2585","20","4","20044","HSPG2,KAT2B,PTP4A3,PTK2"
"TF","Factor: KLF14; motif: NRCCACRCCCMCN; match class: 1","TF:M12183_1","1","0","2575","20","8","20044","HSPG2,KAT2B,CACNA2D2,MECOM,PTP4A3,PTK2,PKP2,NFATC3"
"TF","Factor: KLF14; motif: NRCCACRCCCMCN","TF:M12183","1","0","7057","20","12","20044","PRDM16,HSPG2,KAT2B,CACNA2D2,MECOM,UBA6,PTP4A3,PTK2,ADM,CRYAB,PKP2,NFATC3"
"TF","Factor: KLF14; motif: NRCCACGCCCMCYN","TF:M03913","1","0","649","20","1","20044","PTP4A3"
"TF","Factor: Kid3; motif: CCACN; match class: 1","TF:M01160_1","1","0","19767","20","19","20044","PRDM16,HSPG2,NOS1AP,SP3,KAT2B,CACNA2D2,SEC62,MECOM,UBA6,PTP4A3,PTK2,TMEM245,MYPN,LDB3,ADM,CRYAB,PKP2,NFATC3,MYO18B"
"TF","Factor: Kid3; motif: CCACN","TF:M01160","1","0","19956","20","20","20044","PRDM16,HSPG2,NOS1AP,SP3,KAT2B,CACNA2D2,SEC62,MECOM,GNRHR,UBA6,PTP4A3,PTK2,TMEM245,MYPN,LDB3,ADM,CRYAB,PKP2,NFATC3,MYO18B"
"TF","Factor: Kaiso; motif: GCMGGGRGCRGS; match class: 1","TF:M03876_1","1","0","9369","20","11","20044","PRDM16,HSPG2,NOS1AP,SP3,KAT2B,CACNA2D2,PTP4A3,PTK2,TMEM245,LDB3,PKP2"
"TF","Factor: Kaiso; motif: GCMGGGRGCRGS","TF:M03876","1","0","13970","20","16","20044","PRDM16,HSPG2,NOS1AP,SP3,KAT2B,CACNA2D2,SEC62,MECOM,UBA6,PTP4A3,PTK2,TMEM245,LDB3,ADM,PKP2,MYO18B"
"TF","Factor: KLF15; motif: GCCACGCCCMCN; match class: 1","TF:M12159_1","1","0","178","20","2","20044","PTP4A3,NFATC3"
"TF","Factor: GABP-alpha; motif: CTTCCK","TF:M01660","1","0","11340","20","11","20044","NOS1AP,SP3,KAT2B,MECOM,UBA6,PTK2,LDB3,ADM,PKP2,NFATC3,MYO18B"
"TF","Factor: GABPA; motif: NNCACTTCCTGTNN","TF:M12494","1","0","2059","20","2","20044","PTK2,MYPN"
"TF","Factor: GABP-alpha; motif: NRCCGGAAGTN","TF:M11415","1","0","3341","20","1","20044","UBA6"
"TF","Factor: E2F; motif: TTTSGCGS","TF:M00427","1","0","9802","20","11","20044","PRDM16,HSPG2,SP3,CACNA2D2,MECOM,UBA6,PTK2,TMEM245,ADM,NFATC3,MYO18B"
"TF","Factor: E2F; motif: NNTTTCGCGCN; match class: 1","TF:M08875_1","1","0","1784","20","3","20044","SP3,MECOM,UBA6"
"TF","Factor: E2F; motif: NNTTTCGCGCN","TF:M08875","1","0","6409","20","5","20044","SP3,MECOM,UBA6,TMEM245,NFATC3"
"TF","Factor: E2F; motif: TTTSGCGSG; match class: 1","TF:M00939_1","1","0","1732","20","3","20044","HSPG2,MECOM,TMEM245"
"TF","Factor: E2F; motif: TTTSGCGSG","TF:M00939","1","0","6626","20","9","20044","HSPG2,SP3,SEC62,MECOM,UBA6,PTK2,TMEM245,ADM,NFATC3"
"TF","Factor: E2F; motif: NCSCGCSAAAN; match class: 1","TF:M00919_1","1","0","1576","20","3","20044","HSPG2,MECOM,TMEM245"
"TF","Factor: E2F; motif: NCSCGCSAAAN","TF:M00919","1","0","6339","20","8","20044","HSPG2,SEC62,MECOM,UBA6,PTK2,TMEM245,ADM,NFATC3"
"TF","Factor: E2F; motif: TTTSGCGS; match class: 1","TF:M00426_1","1","0","6004","20","8","20044","PRDM16,SP3,MECOM,UBA6,PTK2,TMEM245,ADM,MYO18B"
"TF","Factor: E2F; motif: TTTSGCGS","TF:M00426","1","0","12230","20","12","20044","PRDM16,HSPG2,SP3,KAT2B,CACNA2D2,MECOM,UBA6,PTK2,TMEM245,ADM,NFATC3,MYO18B"
"TF","Factor: E2F; motif: TTTSGCGSG; match class: 1","TF:M00918_1","1","0","1288","20","1","20044","TMEM245"
"TF","Factor: E2F; motif: TTTSGCGSG","TF:M00918","1","0","5753","20","10","20044","PRDM16,HSPG2,KAT2B,SEC62,MECOM,UBA6,PTK2,TMEM245,ADM,NFATC3"
"TF","Factor: E2F; motif: TTTCGCGC; match class: 1","TF:M00425_1","1","0","5515","20","7","20044","PRDM16,HSPG2,CACNA2D2,MECOM,TMEM245,ADM,NFATC3"
"TF","Factor: E2F; motif: TTTCGCGC","TF:M00425","1","0","11392","20","12","20044","PRDM16,HSPG2,SP3,CACNA2D2,MECOM,UBA6,PTK2,TMEM245,LDB3,ADM,NFATC3,MYO18B"
"TF","Factor: E2F; motif: GGCGSG; match class: 1","TF:M00803_1","1","0","10535","20","12","20044","PRDM16,HSPG2,NOS1AP,SP3,KAT2B,CACNA2D2,SEC62,PTK2,TMEM245,ADM,PKP2,NFATC3"
"TF","Factor: E2F; motif: GGCGSG","TF:M00803","1","0","13566","20","17","20044","PRDM16,HSPG2,NOS1AP,SP3,KAT2B,CACNA2D2,SEC62,MECOM,UBA6,PTP4A3,PTK2,TMEM245,LDB3,ADM,PKP2,NFATC3,MYO18B"
"TF","Factor: E2F-1; motif: TTTSGCGCGMNR; match class: 1","TF:M00516_1","1","0","2125","20","4","20044","HSPG2,MECOM,TMEM245,NFATC3"
"TF","Factor: E2F-1; motif: TTTSGCGCGMNR","TF:M00516","1","0","7114","20","8","20044","PRDM16,HSPG2,SP3,MECOM,UBA6,TMEM245,ADM,NFATC3"
"TF","Factor: E2F; motif: TTTSGCGC; match class: 1","TF:M00050_1","1","0","1933","20","2","20044","UBA6,TMEM245"
"TF","Factor: E2F; motif: TTTSGCGC","TF:M00050","1","0","7246","20","11","20044","PRDM16,HSPG2,SP3,KAT2B,CACNA2D2,SEC62,MECOM,UBA6,TMEM245,PKP2,NFATC3"
"TF","Factor: E2F-1; motif: TWSGCGCGAAAAYKR; match class: 1","TF:M00024_1","1","0","2728","20","2","20044","SP3,NFATC3"
"TF","Factor: E2F-1; motif: TWSGCGCGAAAAYKR","TF:M00024","1","0","9080","20","8","20044","PRDM16,HSPG2,SP3,MECOM,UBA6,MYPN,CRYAB,NFATC3"
"TF","Factor: E2F8; motif: TTCCCGCCANNA","TF:M13044","1","0","1888","20","2","20044","HSPG2,PTK2"
"TF","Factor: E2F-8; motif: NNTTCCCGCCAAAW","TF:M11537","1","0","542","20","2","20044","HSPG2,PTK2"
"TF","Factor: E2F-7; motif: GRGGCGGGAANNN; match class: 1","TF:M09896_1","1","0","4903","20","8","20044","PRDM16,NOS1AP,SP3,KAT2B,UBA6,PTP4A3,PTK2,TMEM245"
"TF","Factor: E2F-7; motif: GRGGCGGGAANNN","TF:M09896","1","0","10463","20","14","20044","PRDM16,HSPG2,NOS1AP,SP3,KAT2B,SEC62,MECOM,UBA6,PTP4A3,PTK2,TMEM245,PKP2,NFATC3,MYO18B"
"TF","Factor: E2F6; motif: NNNGGCGGGAANN; match class: 1","TF:M12516_1","1","0","626","20","1","20044","KAT2B"
"TF","Factor: E2F6; motif: NNNGGCGGGAANN","TF:M12516","1","0","3888","20","5","20044","KAT2B,UBA6,PTP4A3,PTK2,TMEM245"
"TF","Factor: E2F-6; motif: NGGGCGGGARRNN; match class: 1","TF:M09895_1","1","0","2815","20","5","20044","PRDM16,NOS1AP,SP3,KAT2B,TMEM245"
"TF","Factor: E2F-6; motif: NGGGCGGGARRNN","TF:M09895","1","0","8045","20","11","20044","PRDM16,HSPG2,NOS1AP,SP3,KAT2B,UBA6,PTP4A3,PTK2,TMEM245,PKP2,MYO18B"
"TF","Factor: E2F; motif: TTTSGCGS; match class: 1","TF:M00427_1","1","0","3946","20","5","20044","PRDM16,SP3,MECOM,UBA6,TMEM245"
"TF","Factor: E2F; motif: NKCGCGCSAAAN","TF:M00920","1","0","5848","20","7","20044","HSPG2,MECOM,UBA6,PTK2,TMEM245,ADM,NFATC3"
"TF","Factor: E2F; motif: NKCGCGCSAAAN; match class: 1","TF:M00920_1","1","0","1339","20","3","20044","HSPG2,MECOM,TMEM245"
"TF","Factor: E47; motif: VSNGCAGGTGKNCNN","TF:M00002","1","0","2448","20","4","20044","CACNA2D2,UBA6,PTP4A3,NFATC3"
"TF","Factor: EGR1; motif: NGNGKGGGYGGNGS; match class: 1","TF:M09761_1","1","0","1618","20","6","20044","HSPG2,KAT2B,CACNA2D2,MECOM,PKP2,NFATC3"
"TF","Factor: EGR1; motif: NGNGKGGGYGGNGS","TF:M09761","1","0","5323","20","10","20044","HSPG2,KAT2B,CACNA2D2,SEC62,MECOM,PTP4A3,PTK2,CRYAB,PKP2,NFATC3"
"TF","Factor: Egr-1; motif: NNNNNGYGKGGGNGGGNN","TF:M09603","1","0","4787","20","9","20044","HSPG2,SP3,KAT2B,CACNA2D2,MECOM,PTP4A3,PTK2,CRYAB,PKP2"
"TF","Factor: Egr-1; motif: GCGTGGGCGT; match class: 1","TF:M07597_1","1","0","1363","20","2","20044","HSPG2,PTK2"
"TF","Factor: Egr-1; motif: GCGTGGGCGT","TF:M07597","1","0","5988","20","6","20044","HSPG2,KAT2B,PTP4A3,PTK2,PKP2,MYO18B"
"TF","Factor: EGR1; motif: NCNCCGCCCCCGCN; match class: 1","TF:M07208_1","1","0","2259","20","7","20044","HSPG2,KAT2B,CACNA2D2,MECOM,CRYAB,PKP2,NFATC3"
"TF","Factor: EGR1; motif: NCNCCGCCCCCGCN","TF:M07208","1","0","6380","20","13","20044","HSPG2,NOS1AP,SP3,KAT2B,CACNA2D2,SEC62,MECOM,UBA6,PTP4A3,PTK2,CRYAB,PKP2,NFATC3"
"TF","Factor: Egr-1; motif: NGCGTGCGY; match class: 1","TF:M04950_1","1","0","5721","20","6","20044","HSPG2,KAT2B,PTP4A3,PTK2,ADM,PKP2"
"TF","Factor: Egr-1; motif: NGCGTGCGY","TF:M04950","1","0","11211","20","9","20044","PRDM16,HSPG2,SP3,KAT2B,PTP4A3,PTK2,ADM,PKP2,NFATC3"
"TF","Factor: Egr-1; motif: ACCGCCC; match class: 1","TF:M04918_1","1","0","1340","20","4","20044","HSPG2,CACNA2D2,SEC62,TMEM245"
"TF","Factor: Egr-1; motif: ACCGCCC","TF:M04918","1","0","5765","20","8","20044","PRDM16,HSPG2,NOS1AP,CACNA2D2,SEC62,PTP4A3,TMEM245,ADM"
"TF","Factor: Egr-1; motif: GCGCATGCG; match class: 1","TF:M04869_1","1","0","10557","20","13","20044","PRDM16,HSPG2,NOS1AP,SP3,KAT2B,CACNA2D2,MECOM,UBA6,PTK2,TMEM245,ADM,PKP2,NFATC3"
"TF","Factor: Egr-1; motif: GCGCATGCG","TF:M04869","1","0","11568","20","14","20044","PRDM16,HSPG2,NOS1AP,SP3,KAT2B,CACNA2D2,MECOM,UBA6,PTK2,TMEM245,LDB3,ADM,PKP2,NFATC3"
"TF","Factor: Egr-1; motif: CCGCCCMCG; match class: 1","TF:M04797_1","1","0","1637","20","4","20044","HSPG2,CACNA2D2,TMEM245,PKP2"
"TF","Factor: E2F-6; motif: RGGCGGGARRN","TF:M07085","1","0","1082","20","1","20044","UBA6"
"TF","Factor: Egr-1; motif: CCGCCCMCG","TF:M04797","1","0","5263","20","8","20044","HSPG2,NOS1AP,KAT2B,CACNA2D2,PTK2,TMEM245,PKP2,NFATC3"
"TF","Factor: EGR1; motif: NACGCCCACGCANW","TF:M03896","1","0","6303","20","10","20044","PRDM16,HSPG2,NOS1AP,SP3,KAT2B,CACNA2D2,MECOM,PTP4A3,PTK2,PKP2"
"TF","Factor: EGR-1; motif: TGCGTGGGCGK; match class: 1","TF:M01972_1","1","0","1533","20","4","20044","HSPG2,KAT2B,PTK2,PKP2"
"TF","Factor: EGR-1; motif: TGCGTGGGCGK","TF:M01972","1","0","5543","20","7","20044","HSPG2,NOS1AP,KAT2B,CACNA2D2,MECOM,PTK2,PKP2"
"TF","Factor: Egr-1; motif: WTGCGTGGGCGK; match class: 1","TF:M00243_1","1","0","1319","20","3","20044","HSPG2,KAT2B,PTK2"
"TF","Factor: Egr-1; motif: WTGCGTGGGCGK","TF:M00243","1","0","5511","20","8","20044","HSPG2,SP3,KAT2B,SEC62,MECOM,PTK2,CRYAB,NFATC3"
"TF","Factor: RFX1; motif: MRWYRCYAKGSAAM","TF:M00626","1","0","1352","20","2","20044","CACNA2D2,GNRHR"
"TF","Factor: Ebox; motif: NCACSTGNCN","TF:M01034","1","0","4911","20","2","20044","PTP4A3,PTK2"
"TF","Factor: EBF; motif: KTCCCYWGRGA; match class: 1","TF:M00977_1","1","0","224","20","1","20044","LDB3"
"TF","Factor: EBF; motif: KTCCCYWGRGA","TF:M00977","1","0","2340","20","2","20044","SEC62,LDB3"
"TF","Factor: EBF1; motif: NNTCCCCAGGGGANN","TF:M12507","1","0","486","20","1","20044","LDB3"
"TF","Factor: COE1; motif: NRNYCCCWGGGGANN","TF:M09598","1","0","481","20","1","20044","LDB3"
"TF","Factor: EAR2; motif: NCTYTGACCTN","TF:M08805","1","0","1039","20","1","20044","SEC62"
"TF","Factor: EAR2; motif: YGNNCTTTGNCCTK","TF:M01728","1","0","6436","20","2","20044","SEC62,ADM"
"TF","Factor: E47; motif: NNNMRCAGGTGTTMNN","TF:M00071","1","0","1319","20","1","20044","CRYAB"
"TF","Factor: EGR1; motif: NACGCCCACGCANW; match class: 1","TF:M03896_1","1","0","2189","20","7","20044","PRDM16,HSPG2,KAT2B,CACNA2D2,MECOM,PTK2,PKP2"
"TF","Factor: E2F-6; motif: CNTTTCNT","TF:M01252","1","0","2588","20","2","20044","PKP2,NFATC3"
"TF","Factor: E2F-4; motif: GCGGGAAANA; match class: 1","TF:M02090_1","1","0","6572","20","9","20044","PRDM16,HSPG2,NOS1AP,SP3,KAT2B,CACNA2D2,UBA6,TMEM245,ADM"
"TF","Factor: E2F-4; motif: GCGGGAAANA","TF:M02090","1","0","12283","20","16","20044","PRDM16,HSPG2,NOS1AP,SP3,KAT2B,CACNA2D2,SEC62,MECOM,UBA6,PTP4A3,PTK2,TMEM245,ADM,PKP2,NFATC3,MYO18B"
"TF","Factor: E2F-3:FOXO6; motif: NAATGACACGCGCCCMC; match class: 1","TF:M08209_1","1","0","8021","20","13","20044","PRDM16,HSPG2,NOS1AP,SP3,KAT2B,CACNA2D2,PTP4A3,PTK2,LDB3,ADM,CRYAB,PKP2,NFATC3"
"TF","Factor: E2F-3:FOXO6; motif: NAATGACACGCGCCCMC","TF:M08209","1","0","13976","20","16","20044","PRDM16,HSPG2,NOS1AP,SP3,KAT2B,CACNA2D2,MECOM,PTP4A3,PTK2,TMEM245,LDB3,ADM,CRYAB,PKP2,NFATC3,MYO18B"
"TF","Factor: E2F-3:FOXI1; motif: NGACACCGCGCCCAC; match class: 1","TF:M08208_1","1","0","7332","20","8","20044","PRDM16,HSPG2,NOS1AP,CACNA2D2,SEC62,MECOM,PTK2,MYO18B"
"TF","Factor: E2F-3:FOXI1; motif: NGACACCGCGCCCAC","TF:M08208","1","0","12874","20","17","20044","PRDM16,HSPG2,NOS1AP,SP3,KAT2B,CACNA2D2,SEC62,MECOM,UBA6,PTP4A3,PTK2,TMEM245,LDB3,ADM,CRYAB,PKP2,MYO18B"
"TF","Factor: E2F-3:TBR2; motif: ANGTGYKANGGCGCSTTNNCRNNT; match class: 1","TF:M08207_1","1","0","15845","20","16","20044","PRDM16,HSPG2,NOS1AP,SP3,KAT2B,CACNA2D2,SEC62,UBA6,PTP4A3,PTK2,TMEM245,LDB3,ADM,PKP2,NFATC3,MYO18B"
"TF","Factor: E2F-3:TBR2; motif: ANGTGYKANGGCGCSTTNNCRNNT","TF:M08207","1","0","17409","20","17","20044","PRDM16,HSPG2,NOS1AP,SP3,KAT2B,CACNA2D2,SEC62,MECOM,UBA6,PTP4A3,PTK2,TMEM245,LDB3,ADM,PKP2,NFATC3,MYO18B"
"TF","Factor: E2F-3:Prrxl1; motif: SGCGCTAATTNN; match class: 1","TF:M08206_1","1","0","5158","20","3","20044","KAT2B,SEC62,ADM"
"TF","Factor: E2F-3:Prrxl1; motif: SGCGCTAATTNN","TF:M08206","1","0","12014","20","11","20044","HSPG2,NOS1AP,SP3,KAT2B,CACNA2D2,SEC62,MECOM,PTK2,TMEM245,ADM,MYO18B"
"TF","Factor: E2F-2; motif: GCGCGCGCGYW; match class: 1","TF:M11531_1","1","0","12708","20","14","20044","PRDM16,HSPG2,NOS1AP,SP3,KAT2B,CACNA2D2,MECOM,UBA6,PTK2,TMEM245,LDB3,ADM,PKP2,NFATC3"
"TF","Factor: E2F-2; motif: GCGCGCGCGYW","TF:M11531","1","0","13659","20","15","20044","PRDM16,HSPG2,NOS1AP,SP3,KAT2B,CACNA2D2,MECOM,UBA6,PTP4A3,PTK2,TMEM245,LDB3,ADM,PKP2,NFATC3"
"TF","Factor: E2F-2; motif: NWTTTGGCGCCAWWNN; match class: 1","TF:M11530_1","1","0","13806","20","16","20044","PRDM16,HSPG2,NOS1AP,SP3,KAT2B,CACNA2D2,SEC62,MECOM,UBA6,PTP4A3,PTK2,TMEM245,ADM,PKP2,NFATC3,MYO18B"
"TF","Factor: E2F-2; motif: NWTTTGGCGCCAWWNN","TF:M11530","1","0","14979","20","16","20044","PRDM16,HSPG2,NOS1AP,SP3,KAT2B,CACNA2D2,SEC62,MECOM,UBA6,PTP4A3,PTK2,TMEM245,ADM,PKP2,NFATC3,MYO18B"
"TF","Factor: E2F-2; motif: GCGCGCGCNCS; match class: 1","TF:M11529_1","1","0","14893","20","17","20044","PRDM16,HSPG2,NOS1AP,SP3,KAT2B,CACNA2D2,SEC62,MECOM,UBA6,PTP4A3,PTK2,TMEM245,LDB3,ADM,CRYAB,PKP2,NFATC3"
"TF","Factor: E2F-2; motif: GCGCGCGCNCS","TF:M11529","1","0","16673","20","17","20044","PRDM16,HSPG2,NOS1AP,SP3,KAT2B,CACNA2D2,SEC62,MECOM,UBA6,PTP4A3,PTK2,TMEM245,LDB3,ADM,CRYAB,PKP2,NFATC3"
"TF","Factor: E2F-3:HES-7; motif: NNNSGCGCSNNNNNCRCGYGNN","TF:M08526","1","0","17225","20","19","20044","PRDM16,HSPG2,NOS1AP,SP3,KAT2B,CACNA2D2,SEC62,MECOM,UBA6,PTP4A3,PTK2,TMEM245,MYPN,LDB3,ADM,CRYAB,PKP2,NFATC3,MYO18B"
"TF","Factor: E2F-2; motif: NTTTTGGCGCCAWWWN; match class: 1","TF:M11528_1","1","0","4902","20","9","20044","PRDM16,HSPG2,NOS1AP,KAT2B,MECOM,PTP4A3,TMEM245,ADM,NFATC3"
"TF","Factor: E2F2; motif: AAAATGGCGCCATTTT; match class: 1","TF:M04517_1","1","0","3597","20","3","20044","MECOM,TMEM245,ADM"
"TF","Factor: E2F2; motif: AAAATGGCGCCATTTT","TF:M04517","1","0","9312","20","10","20044","PRDM16,NOS1AP,SP3,MECOM,UBA6,TMEM245,ADM,CRYAB,PKP2,NFATC3"
"TF","Factor: E2F2; motif: NNTTTTGGCGCCAAAAWN; match class: 1","TF:M03959_1","1","0","3004","20","2","20044","MECOM,TMEM245"
"TF","Factor: E2F2; motif: NNTTTTGGCGCCAAAAWN","TF:M03959","1","0","8275","20","6","20044","NOS1AP,SP3,MECOM,PTP4A3,TMEM245,PKP2"
"TF","Factor: E2F2; motif: AAAAATGGCGCCAAAAWG; match class: 1","TF:M03958_1","1","0","4268","20","3","20044","NOS1AP,SP3,ADM"
"TF","Factor: E2F2; motif: AAAAATGGCGCCAAAAWG","TF:M03958","1","0","11046","20","9","20044","PRDM16,HSPG2,NOS1AP,SP3,UBA6,PTP4A3,TMEM245,MYPN,ADM"
"TF","Factor: E2F-1; motif: NTTTCGCGCS; match class: 1","TF:M00940_1","1","0","2709","20","4","20044","SP3,MECOM,UBA6,TMEM245"
"TF","Factor: E2F-1; motif: NTTTCGCGCS","TF:M00940","1","0","8031","20","10","20044","PRDM16,SP3,CACNA2D2,MECOM,UBA6,PTK2,TMEM245,ADM,NFATC3,MYO18B"
"TF","Factor: E2F-1; motif: TTTSGCGS; match class: 1","TF:M00431_1","1","0","2325","20","4","20044","SP3,MECOM,UBA6,TMEM245"
"TF","Factor: E2F-1; motif: TTTSGCGS","TF:M00431","1","0","7483","20","8","20044","PRDM16,HSPG2,SP3,MECOM,UBA6,TMEM245,ADM,MYO18B"
"TF","Factor: E2F1; motif: NNNNNGCGSSAAAN; match class: 1","TF:M08874_1","1","0","2225","20","3","20044","SP3,MECOM,TMEM245"
"TF","Factor: E2F1; motif: NNNNNGCGSSAAAN","TF:M08874","1","0","7417","20","6","20044","PRDM16,SP3,MECOM,UBA6,TMEM245,NFATC3"
"TF","Factor: E2F-1; motif: NNNSSCGCSAANN; match class: 1","TF:M07250_1","1","0","5691","20","7","20044","PRDM16,HSPG2,SP3,CACNA2D2,MECOM,PTK2,TMEM245"
"TF","Factor: E2F-1; motif: NNNSSCGCSAANN","TF:M07250","1","0","11048","20","13","20044","PRDM16,HSPG2,NOS1AP,SP3,CACNA2D2,MECOM,UBA6,PTK2,TMEM245,ADM,PKP2,NFATC3,MYO18B"
"TF","Factor: E2F-2; motif: NTTTTGGCGCCAWWWN","TF:M11528","1","0","10646","20","14","20044","PRDM16,HSPG2,NOS1AP,SP3,KAT2B,SEC62,MECOM,PTP4A3,PTK2,TMEM245,MYPN,ADM,NFATC3,MYO18B"
"TF","Factor: Egr-1; motif: NNNNGCGKGGGYGGNRN","TF:M09897","1","0","4362","20","9","20044","HSPG2,KAT2B,CACNA2D2,MECOM,PTP4A3,PTK2,CRYAB,PKP2,NFATC3"
"TF","Factor: E2F-3:HES-7; motif: NNNSGCGCSNNNNNCRCGYGNN; match class: 1","TF:M08526_1","1","0","15386","20","17","20044","PRDM16,HSPG2,NOS1AP,SP3,KAT2B,CACNA2D2,SEC62,MECOM,UBA6,PTP4A3,PTK2,TMEM245,LDB3,ADM,PKP2,NFATC3,MYO18B"
"TF","Factor: E2F-3:T-bet; motif: AGGTGTNANGGCGCST; match class: 1","TF:M08529_1","1","0","4954","20","5","20044","HSPG2,NOS1AP,KAT2B,PKP2,NFATC3"
"TF","Factor: E2F-4; motif: NTTTCSCGCC; match class: 1","TF:M07380_1","1","0","8243","20","11","20044","PRDM16,NOS1AP,SP3,KAT2B,UBA6,PTK2,TMEM245,ADM,PKP2,NFATC3,MYO18B"
"TF","Factor: E2F-4; motif: NTTTCSCGCC","TF:M07380","1","0","13369","20","15","20044","PRDM16,HSPG2,NOS1AP,SP3,KAT2B,CACNA2D2,MECOM,UBA6,PTP4A3,PTK2,TMEM245,ADM,PKP2,NFATC3,MYO18B"
"TF","Factor: E2F4; motif: YCCCGCCNCNNSSNNSNN; match class: 1","TF:M12599_1","1","0","16076","20","16","20044","PRDM16,HSPG2,NOS1AP,SP3,KAT2B,CACNA2D2,SEC62,MECOM,UBA6,PTP4A3,PTK2,TMEM245,ADM,CRYAB,PKP2,NFATC3"
"TF","Factor: E2F4; motif: YCCCGCCNCNNSSNNSNN","TF:M12599","1","0","17574","20","18","20044","PRDM16,HSPG2,NOS1AP,SP3,KAT2B,CACNA2D2,SEC62,MECOM,UBA6,PTP4A3,PTK2,TMEM245,MYPN,ADM,CRYAB,PKP2,NFATC3,MYO18B"
"TF","Factor: E2F-4; motif: TTTTGGCGCCAWWN; match class: 1","TF:M11535_1","1","0","6705","20","8","20044","HSPG2,CACNA2D2,MECOM,PTP4A3,TMEM245,ADM,NFATC3,MYO18B"
"TF","Factor: E2F-4; motif: TTTTGGCGCCAWWN","TF:M11535","1","0","11179","20","14","20044","PRDM16,HSPG2,NOS1AP,SP3,KAT2B,CACNA2D2,SEC62,MECOM,UBA6,PTP4A3,TMEM245,ADM,NFATC3,MYO18B"
"TF","Factor: E2F-4; motif: SNGGGCGGGAANN; match class: 1","TF:M09894_1","1","0","14345","20","15","20044","PRDM16,HSPG2,NOS1AP,SP3,KAT2B,CACNA2D2,SEC62,MECOM,UBA6,PTP4A3,PTK2,TMEM245,ADM,PKP2,NFATC3"
"TF","Factor: E2F-4; motif: SNGGGCGGGAANN","TF:M09894","1","0","16606","20","18","20044","PRDM16,HSPG2,NOS1AP,SP3,KAT2B,CACNA2D2,SEC62,MECOM,UBA6,PTP4A3,PTK2,TMEM245,MYPN,ADM,CRYAB,PKP2,NFATC3,MYO18B"
"TF","Factor: E2F-4; motif: NGGCGGGAARN; match class: 1","TF:M07084_1","1","0","5606","20","6","20044","PRDM16,NOS1AP,SP3,KAT2B,PTK2,TMEM245"
"TF","Factor: E2F-4; motif: NGGCGGGAARN","TF:M07084","1","0","11167","20","13","20044","PRDM16,HSPG2,NOS1AP,SP3,KAT2B,CACNA2D2,SEC62,UBA6,PTP4A3,PTK2,TMEM245,PKP2,MYO18B"
"TF","Factor: E2F-4; motif: NNTTCCCGCCNN; match class: 1","TF:M04823_1","1","0","8085","20","9","20044","PRDM16,HSPG2,NOS1AP,SP3,KAT2B,UBA6,PTP4A3,PTK2,TMEM245"
"TF","Factor: E2F-4; motif: NNTTCCCGCCNN","TF:M04823","1","0","13114","20","16","20044","PRDM16,HSPG2,NOS1AP,SP3,KAT2B,CACNA2D2,SEC62,MECOM,UBA6,PTP4A3,PTK2,TMEM245,ADM,PKP2,NFATC3,MYO18B"
"TF","Factor: E2F-4; motif: TTTGGCGCCAAA; match class: 1","TF:M04519_1","1","0","2587","20","3","20044","PTP4A3,TMEM245,NFATC3"
"TF","Factor: E2F-4; motif: TTTGGCGCCAAA","TF:M04519","1","0","4941","20","6","20044","NOS1AP,SP3,PTP4A3,TMEM245,ADM,NFATC3"
"TF","Factor: E2F-3:T-bet; motif: AGGTGTNANGGCGCST","TF:M08529","1","0","11708","20","9","20044","HSPG2,NOS1AP,SP3,KAT2B,SEC62,MECOM,LDB3,PKP2,NFATC3"
"TF","Factor: E2F-4; motif: AATGGCGCCAAA; match class: 1","TF:M04518_1","1","0","1078","20","2","20044","NOS1AP,MECOM"
"TF","Factor: E2F-4:DP-2; motif: TTTCSCGC","TF:M00739","1","0","5756","20","5","20044","SP3,SEC62,UBA6,PTK2,TMEM245"
"TF","Factor: E2F-4:DP-1; motif: TTTSGCGC; match class: 1","TF:M00738_1","1","0","4123","20","5","20044","SP3,MECOM,UBA6,TMEM245,NFATC3"
"TF","Factor: E2F-4:DP-1; motif: TTTSGCGC","TF:M00738","1","0","10099","20","12","20044","PRDM16,HSPG2,SP3,KAT2B,CACNA2D2,SEC62,MECOM,UBA6,TMEM245,ADM,PKP2,NFATC3"
"TF","Factor: E2F-3; motif: GGCGGGN; match class: 1","TF:M02089_1","1","0","9682","20","14","20044","PRDM16,HSPG2,NOS1AP,SP3,KAT2B,CACNA2D2,SEC62,MECOM,PTP4A3,PTK2,TMEM245,ADM,PKP2,NFATC3"
"TF","Factor: E2F-3; motif: GGCGGGN","TF:M02089","1","0","13559","20","16","20044","PRDM16,HSPG2,NOS1AP,SP3,KAT2B,CACNA2D2,SEC62,MECOM,PTP4A3,PTK2,TMEM245,MYPN,ADM,CRYAB,PKP2,NFATC3"
"TF","Factor: E2F3; motif: NNRGMKGGAR; match class: 1","TF:M12598_1","1","0","7152","20","9","20044","PRDM16,HSPG2,NOS1AP,SP3,KAT2B,MECOM,PTP4A3,PTK2,TMEM245"
"TF","Factor: E2F3; motif: NNRGMKGGAR","TF:M12598","1","0","12788","20","12","20044","PRDM16,HSPG2,NOS1AP,SP3,KAT2B,CACNA2D2,MECOM,UBA6,PTP4A3,PTK2,TMEM245,MYO18B"
"TF","Factor: E2F-3; motif: NTTTTGGCGCCAAAAN; match class: 1","TF:M11527_1","1","0","6817","20","9","20044","PRDM16,HSPG2,SP3,MECOM,UBA6,PTP4A3,TMEM245,ADM,NFATC3"
"TF","Factor: E2F-3; motif: NTTTTGGCGCCAAAAN","TF:M11527","1","0","7050","20","9","20044","PRDM16,HSPG2,SP3,MECOM,UBA6,PTP4A3,TMEM245,ADM,NFATC3"
"TF","Factor: E2F-3; motif: NTTTTGGCGCCAAAAN; match class: 1","TF:M11526_1","1","0","6903","20","8","20044","HSPG2,SP3,MECOM,UBA6,PTP4A3,TMEM245,ADM,NFATC3"
"TF","Factor: E2F-3; motif: NTTTTGGCGCCAAAAN","TF:M11526","1","0","7287","20","8","20044","HSPG2,SP3,MECOM,UBA6,PTP4A3,TMEM245,ADM,NFATC3"
"TF","Factor: E2F-3; motif: NNGGCGGGAAA","TF:M09893","1","0","6216","20","3","20044","SP3,UBA6,PTK2"
"TF","Factor: E2F-3; motif: NNTTTTGGCGCCAAAACT; match class: 1","TF:M03962_1","1","0","6670","20","8","20044","HSPG2,SP3,MECOM,UBA6,PTP4A3,TMEM245,ADM,NFATC3"
"TF","Factor: E2F-3; motif: NNTTTTGGCGCCAAAACT","TF:M03962","1","0","11293","20","10","20044","PRDM16,HSPG2,SP3,MECOM,UBA6,PTP4A3,TMEM245,ADM,PKP2,NFATC3"
"TF","Factor: E2F-4; motif: AATGGCGCCAAA","TF:M04518","1","0","5648","20","5","20044","NOS1AP,SP3,MECOM,TMEM245,ADM"
"TF","Factor: E2F-1; motif: NTTSGCGG; match class: 1","TF:M00430_1","1","0","2574","20","1","20044","HSPG2"
"TF","Factor: Egr-1; motif: NNNNGCGKGGGYGGNRN; match class: 1","TF:M09897_1","1","0","1041","20","5","20044","HSPG2,KAT2B,PTP4A3,PTK2,PKP2"
"TF","Factor: Egr-1; motif: NMCRCCCMCNCNN; match class: 1","TF:M12139_1","1","0","726","20","2","20044","KAT2B,PKP2"
"TF","Factor: elf5; motif: NNNANSAGGAAGTNN; match class: 1","TF:M09903_1","1","0","57","20","1","20044","PTK2"
"TF","Factor: elf5; motif: NNNANSAGGAAGTNN","TF:M09903","1","0","1277","20","2","20044","PTK2,MYPN"
"TF","Factor: ELF5; motif: ANSMGGAAGTN","TF:M03969","1","0","3407","20","3","20044","UBA6,PTK2,MYPN"
"TF","Factor: Elf5; motif: CSMGGAARNN; match class: 1","TF:M02057_1","1","0","3622","20","4","20044","SEC62,UBA6,PTK2,PKP2"
"TF","Factor: Elf5; motif: CSMGGAARNN","TF:M02057","1","0","10595","20","13","20044","PRDM16,SP3,KAT2B,CACNA2D2,SEC62,MECOM,UBA6,PTK2,TMEM245,ADM,CRYAB,PKP2,NFATC3"
"TF","Factor: Elf5; motif: WNAAGGAARTW","TF:M01197","1","0","2096","20","2","20044","MYPN,NFATC3"
"TF","Factor: ELF4; motif: NCCACTTCCGGNNNN; match class: 1","TF:M12601_1","1","0","1556","20","1","20044","KAT2B"
"TF","Factor: ELF4; motif: NCCACTTCCGGNNNN","TF:M12601","1","0","5795","20","4","20044","KAT2B,MECOM,UBA6,PKP2"
"TF","Factor: ELFR; motif: NANGMGGAAGTN","TF:M11454","1","0","1099","20","1","20044","UBA6"
"TF","Factor: ELFR; motif: AAMCAGGAAGTR","TF:M11453","1","0","483","20","2","20044","PTK2,MYPN"
"TF","Factor: ELF4; motif: NCCGGAARTN; match class: 1","TF:M02056_1","1","0","1322","20","1","20044","UBA6"
"TF","Factor: ELF4; motif: NCCGGAARTN","TF:M02056","1","0","5450","20","5","20044","NOS1AP,SP3,KAT2B,UBA6,PKP2"
"TF","Factor: ELF3; motif: NNCCACTTCCTGNN","TF:M12544","1","0","3840","20","2","20044","PTK2,MYPN"
"TF","Factor: ESE-1; motif: NTGTGCGGATGCN; match class: 1","TF:M11385_1","1","0","5615","20","6","20044","PRDM16,HSPG2,NOS1AP,CACNA2D2,ADM,PKP2"
"TF","Factor: ESE-1; motif: NTGTGCGGATGCN","TF:M11385","1","0","12522","20","14","20044","PRDM16,HSPG2,NOS1AP,SP3,KAT2B,CACNA2D2,SEC62,UBA6,PTP4A3,PTK2,ADM,PKP2,NFATC3,MYO18B"
"TF","Factor: ESE-1; motif: ACCCGGAAGTRNNNNNNNWWWWW","TF:M11384","1","0","3311","20","3","20044","UBA6,PTK2,MYPN"
"TF","Factor: ESE-1; motif: ACCAGGAAGTANNNNNNNAAWAA; match class: 1","TF:M11383_1","1","0","580","20","2","20044","UBA6,MYPN"
"TF","Factor: ESE-1; motif: ACCAGGAAGTANNNNNNNAAWAA","TF:M11383","1","0","3897","20","4","20044","UBA6,PTK2,MYPN,NFATC3"
"TF","Factor: ESE-1; motif: NWTRCGGAWGCN; match class: 1","TF:M11382_1","1","0","4233","20","2","20044","KAT2B,UBA6"
"TF","Factor: ESE-1; motif: NWTRCGGAWGCN","TF:M11382","1","0","10545","20","9","20044","NOS1AP,SP3,KAT2B,MECOM,UBA6,PTK2,LDB3,ADM,NFATC3"
"TF","Factor: ESE-1; motif: SATKGCGGATGCN; match class: 1","TF:M11381_1","1","0","9991","20","11","20044","PRDM16,NOS1AP,SP3,KAT2B,SEC62,MECOM,UBA6,PTK2,TMEM245,ADM,MYO18B"
"TF","Factor: ESE-1; motif: SATKGCGGATGCN","TF:M11381","1","0","16021","20","17","20044","PRDM16,HSPG2,NOS1AP,SP3,KAT2B,CACNA2D2,SEC62,MECOM,GNRHR,UBA6,PTP4A3,PTK2,TMEM245,ADM,PKP2,NFATC3,MYO18B"
"TF","Factor: ESE-1; motif: ACCCGGAAGTRNNNNNNNNWWWW","TF:M11379","1","0","3240","20","4","20044","UBA6,PTK2,MYPN,NFATC3"
"TF","Factor: ESE-1; motif: ACMAGGAAGTANNNNNNNWWAWW","TF:M11378","1","0","3035","20","5","20044","UBA6,PTK2,MYPN,ADM,NFATC3"
"TF","Factor: ELF3; motif: WACCCGGAAGTAN; match class: 1","TF:M03967_1","1","0","2006","20","3","20044","KAT2B,UBA6,MYPN"
"TF","Factor: ELF3; motif: WACCCGGAAGTAN","TF:M03967","1","0","7751","20","6","20044","NOS1AP,KAT2B,UBA6,PTK2,MYPN,NFATC3"
"TF","Factor: nerf; motif: AANCMGGAAGTR","TF:M11458","1","0","500","20","2","20044","PTK2,MYPN"
"TF","Factor: nerf; motif: NANGCGGAAGTR","TF:M11457","1","0","1093","20","1","20044","UBA6"
"TF","Factor: nerf; motif: NRRNSCGGAAGNRNNNN; match class: 1","TF:M09606_1","1","0","1749","20","1","20044","MECOM"
"TF","Factor: elf5; motif: AANNAGGAAGTR","TF:M11386","1","0","684","20","2","20044","PTK2,MYPN"
"TF","Factor: elf5; motif: NNNNMGGAAGTN","TF:M11387","1","0","2640","20","3","20044","UBA6,PTK2,MYPN"
"TF","Factor: elf5; motif: AANRAGGAAGTR","TF:M11388","1","0","665","20","1","20044","PTK2"
"TF","Factor: elf5; motif: GAMCCGGAAGTN","TF:M11389","1","0","1333","20","1","20044","UBA6"
"TF","Factor: Elk-1:TEF; motif: RCCGGAAGTTACGTAAN; match class: 1","TF:M08232_1","1","0","1331","20","1","20044","UBA6"
"TF","Factor: Elk-1:TEF; motif: RCCGGAAGTTACGTAAN","TF:M08232","1","0","6284","20","8","20044","NOS1AP,UBA6,PTK2,TMEM245,MYPN,ADM,PKP2,NFATC3"
"TF","Factor: Elk-1:T-bet; motif: TCACACCGGAAGNN; match class: 1","TF:M08231_1","1","0","1622","20","1","20044","UBA6"
"TF","Factor: Elk-1:T-bet; motif: TCACACCGGAAGNN","TF:M08231","1","0","6763","20","3","20044","KAT2B,UBA6,PTK2"
"TF","Factor: Elk-1:SREBP-2; motif: RTCACGTGACCGGAAGN; match class: 1","TF:M08229_1","1","0","3167","20","2","20044","UBA6,MYO18B"
"TF","Factor: Elk-1:SREBP-2; motif: RTCACGTGACCGGAAGN","TF:M08229","1","0","9701","20","6","20044","MECOM,GNRHR,UBA6,LDB3,ADM,MYO18B"
"TF","Factor: Elk-1:PDEF; motif: NCMGGAMGGANATCCGGN; match class: 1","TF:M08227_1","1","0","2700","20","4","20044","PRDM16,SP3,PTK2,NFATC3"
"TF","Factor: Elk-1:PDEF; motif: NCMGGAMGGANATCCGGN","TF:M08227","1","0","8575","20","9","20044","PRDM16,HSPG2,SP3,PTK2,TMEM245,LDB3,ADM,PKP2,NFATC3"
"TF","Factor: Elk-1:Pax-9; motif: ACCGGAACYACGCWYSANTG; match class: 1","TF:M08226_1","1","0","5756","20","2","20044","SEC62,PKP2"
"TF","Factor: Elk-1:Pax-9; motif: ACCGGAACYACGCWYSANTG","TF:M08226","1","0","12294","20","13","20044","NOS1AP,SP3,KAT2B,CACNA2D2,SEC62,GNRHR,PTK2,TMEM245,MYPN,ADM,PKP2,NFATC3,MYO18B"
"TF","Factor: Elk-1:Pax-5; motif: ACCGGAACYACGCWTSANYG; match class: 1","TF:M08225_1","1","0","8211","20","8","20044","NOS1AP,SP3,CACNA2D2,SEC62,MECOM,PTK2,TMEM245,PKP2"
"TF","Factor: Elk-1:Pax-5; motif: ACCGGAACYACGCWTSANYG","TF:M08225","1","0","14314","20","13","20044","PRDM16,NOS1AP,SP3,KAT2B,CACNA2D2,SEC62,MECOM,GNRHR,PTK2,TMEM245,ADM,PKP2,MYO18B"
"TF","Factor: Elk-1:Pax-1; motif: ACCGGAACTACGCWTSANTG","TF:M08224","1","0","9087","20","9","20044","NOS1AP,KAT2B,SEC62,MECOM,PTK2,TMEM245,MYPN,PKP2,MYO18B"
"TF","Factor: Elk-1:OC-2; motif: RCCGGAASCGATCGATNN; match class: 1","TF:M08223_1","1","0","5971","20","4","20044","NOS1AP,KAT2B,PTK2,MYO18B"
"TF","Factor: nerf; motif: NRRNSCGGAAGNRNNNN","TF:M09606","1","0","6435","20","4","20044","KAT2B,MECOM,ADM,PKP2"
"TF","Factor: Elk-1:OC-2; motif: RCCGGAASCGATCGATNN","TF:M08223","1","0","12970","20","12","20044","PRDM16,NOS1AP,KAT2B,MECOM,UBA6,PTK2,LDB3,ADM,CRYAB,PKP2,NFATC3,MYO18B"
"TF","Factor: Elk-1:HOXB13; motif: ACCGGAAGTNGTAAAN","TF:M08222","1","0","7770","20","8","20044","KAT2B,MECOM,UBA6,PTP4A3,PTK2,MYPN,ADM,MYO18B"
"TF","Factor: Elk-1:HOXA3; motif: ACCGGWAATKRNNTNWCNNATTAN; match class: 1","TF:M08220_1","1","0","5433","20","3","20044","NOS1AP,UBA6,NFATC3"
"TF","Factor: Elk-1:HOXA3; motif: ACCGGWAATKRNNTNWCNNATTAN","TF:M08220","1","0","12356","20","8","20044","NOS1AP,SEC62,UBA6,PTK2,ADM,CRYAB,NFATC3,MYO18B"
"TF","Factor: Elk-1:HOXA1; motif: ACCGGAAGTAATTA; match class: 1","TF:M08451_1","1","0","2624","20","3","20044","NOS1AP,KAT2B,UBA6"
"TF","Factor: Elk-1:HOXA1; motif: ACCGGAAGTAATTA","TF:M08451","1","0","8567","20","8","20044","NOS1AP,KAT2B,UBA6,PTK2,TMEM245,PKP2,NFATC3,MYO18B"
"TF","Factor: Elk-1:FOXI1; motif: ACCGGAAGTRTMAACAN; match class: 1","TF:M08216_1","1","0","1774","20","3","20044","MECOM,GNRHR,MYO18B"
"TF","Factor: Elk-1:FOXI1; motif: ACCGGAAGTRTMAACAN","TF:M08216","1","0","7236","20","10","20044","HSPG2,NOS1AP,MECOM,GNRHR,UBA6,TMEM245,MYPN,PKP2,NFATC3,MYO18B"
"TF","Factor: Elk-1:EVX1; motif: NNCGGWAATNNYMATTA","TF:M08215","1","0","6664","20","5","20044","UBA6,TMEM245,ADM,PKP2,NFATC3"
"TF","Factor: Elk-1:ETV7; motif: ANSCGGACGGATDTCCGGNT; match class: 1","TF:M08214_1","1","0","2371","20","4","20044","PRDM16,SP3,PTK2,NFATC3"
"TF","Factor: Elk-1:ETV7; motif: ANSCGGACGGATDTCCGGNT","TF:M08214","1","0","8128","20","9","20044","PRDM16,HSPG2,SP3,PTK2,TMEM245,LDB3,ADM,PKP2,NFATC3"
"TF","Factor: Elk-1:TBR2; motif: TNRCACCGGAAGN; match class: 1","TF:M08213_1","1","0","1448","20","1","20044","UBA6"
"TF","Factor: Elk-1:TBR2; motif: TNRCACCGGAAGN","TF:M08213","1","0","6394","20","3","20044","KAT2B,UBA6,PTK2"
"TF","Factor: ELF1; motif: NCCGGAARTN; match class: 1","TF:M02053_1","1","0","1587","20","2","20044","UBA6,PKP2"
"TF","Factor: ELF1; motif: NCCGGAARTN","TF:M02053","1","0","6166","20","5","20044","NOS1AP,SP3,KAT2B,UBA6,PKP2"
"TF","Factor: Elk-1:HOXB13; motif: ACCGGAAGTNGTAAAN; match class: 1","TF:M08222_1","1","0","2097","20","4","20044","KAT2B,MECOM,UBA6,MYPN"
"TF","Factor: ELF2; motif: CCCGGAARYN","TF:M02054","1","0","3119","20","1","20044","UBA6"
"TF","Factor: Elf-1; motif: RNWMBAGGAART","TF:M00746","1","0","3360","20","3","20044","HSPG2,SP3,UBA6"
"TF","Factor: Elf-1; motif: AGGAAG; match class: 1","TF:M01266_1","1","0","13997","20","16","20044","PRDM16,NOS1AP,SP3,KAT2B,SEC62,GNRHR,UBA6,PTK2,TMEM245,MYPN,LDB3,ADM,CRYAB,PKP2,NFATC3,MYO18B"
"TF","Factor: ehf; motif: NRANNAGGAARNRRNNN; match class: 1","TF:M09604_1","1","0","251","20","1","20044","PTK2"
"TF","Factor: ehf; motif: NRANNAGGAARNRRNNN","TF:M09604","1","0","2360","20","1","20044","PTK2"
"TF","Factor: EHF; motif: CSCGGAARTN; match class: 1","TF:M02052_1","1","0","4145","20","3","20044","KAT2B,UBA6,PKP2"
"TF","Factor: EHF; motif: CSCGGAARTN","TF:M02052","1","0","10305","20","9","20044","NOS1AP,KAT2B,SEC62,MECOM,UBA6,PTK2,ADM,PKP2,NFATC3"
"TF","Factor: Egr; motif: GTGGGSGCRRS; match class: 1","TF:M00807_1","1","0","852","20","1","20044","CACNA2D2"
"TF","Factor: Egr; motif: GTGGGSGCRRS","TF:M00807","1","0","4529","20","7","20044","PRDM16,CACNA2D2,MECOM,PTK2,CRYAB,PKP2,NFATC3"
"TF","Factor: EGR; motif: CGCCCCCGCNN; match class: 1","TF:M08878_1","1","0","3326","20","9","20044","PRDM16,HSPG2,KAT2B,CACNA2D2,SEC62,PTP4A3,PTK2,PKP2,NFATC3"
"TF","Factor: EGR; motif: CGCCCCCGCNN","TF:M08878","1","0","7724","20","13","20044","PRDM16,HSPG2,NOS1AP,SP3,KAT2B,CACNA2D2,SEC62,UBA6,PTP4A3,PTK2,CRYAB,PKP2,NFATC3"
"TF","Factor: EGR4; motif: NNMCGCCCACGCANNN; match class: 1","TF:M03899_1","1","0","230","20","2","20044","KAT2B,PTK2"
"TF","Factor: EGR4; motif: NNMCGCCCACGCANNN","TF:M03899","1","0","2094","20","5","20044","HSPG2,NOS1AP,KAT2B,MECOM,PTK2"
"TF","Factor: EGR3; motif: NCMCRCCCACTNMN","TF:M08877","1","0","6288","20","7","20044","HSPG2,KAT2B,UBA6,MYPN,PKP2,NFATC3,MYO18B"
"TF","Factor: egr-3; motif: GTGGGY; match class: 1","TF:M03818_1","1","0","6867","20","7","20044","HSPG2,UBA6,PTP4A3,TMEM245,MYPN,CRYAB,NFATC3"
"TF","Factor: egr-3; motif: GTGGGY","TF:M03818","1","0","13660","20","13","20044","PRDM16,HSPG2,KAT2B,CACNA2D2,UBA6,PTP4A3,TMEM245,MYPN,ADM,CRYAB,PKP2,NFATC3,MYO18B"
"TF","Factor: Egr-3; motif: NTGCGTGGGCGK; match class: 1","TF:M00245_1","1","0","2441","20","3","20044","HSPG2,PTK2,ADM"
"TF","Factor: ehf; motif: NNANSAGGAAGTNNN","TF:M09899","1","0","460","20","2","20044","PTK2,MYPN"
"TF","Factor: Egr-3; motif: NTGCGTGGGCGK","TF:M00245","1","0","7516","20","8","20044","PRDM16,HSPG2,KAT2B,MECOM,PTP4A3,PTK2,ADM,NFATC3"
"TF","Factor: Egr-2; motif: CCCMCNCN","TF:M02092","1","0","5093","20","7","20044","KAT2B,CACNA2D2,MECOM,PTP4A3,TMEM245,PKP2,MYO18B"
"TF","Factor: Egr-2; motif: NGTGGGNGGG; match class: 1","TF:M08806_1","1","0","31","20","1","20044","PTP4A3"
"TF","Factor: Egr-2; motif: NGTGGGNGGG","TF:M08806","1","0","1108","20","1","20044","PTP4A3"
"TF","Factor: Egr-2; motif: GNGRRNGWGKGGGNGGRG","TF:M09898","1","0","6690","20","13","20044","PRDM16,HSPG2,SP3,KAT2B,CACNA2D2,MECOM,PTP4A3,TMEM245,MYPN,CRYAB,PKP2,NFATC3,MYO18B"
"TF","Factor: Egr-2; motif: NTGCGTRGGCGK; match class: 1","TF:M00246_1","1","0","1665","20","2","20044","HSPG2,PTK2"
"TF","Factor: Egr-2; motif: NTGCGTRGGCGK","TF:M00246","1","0","6401","20","7","20044","HSPG2,KAT2B,MECOM,PTK2,CRYAB,PKP2,NFATC3"
"TF","Factor: Egr-1; motif: GCGGGGGCGG; match class: 1","TF:M01873_1","1","0","2766","20","8","20044","HSPG2,KAT2B,CACNA2D2,SEC62,PTP4A3,PTK2,PKP2,NFATC3"
"TF","Factor: Egr-1; motif: GCGGGGGCGG","TF:M01873","1","0","6934","20","14","20044","PRDM16,HSPG2,NOS1AP,SP3,KAT2B,CACNA2D2,SEC62,MECOM,UBA6,PTP4A3,PTK2,CRYAB,PKP2,NFATC3"
"TF","Factor: Egr-1; motif: GCGGGGGCGG; match class: 1","TF:M07354_1","1","0","3787","20","9","20044","PRDM16,HSPG2,KAT2B,CACNA2D2,SEC62,PTP4A3,PTK2,PKP2,NFATC3"
"TF","Factor: Egr-1; motif: GCGGGGGCGG","TF:M07354","1","0","8150","20","14","20044","PRDM16,HSPG2,NOS1AP,SP3,KAT2B,CACNA2D2,SEC62,MECOM,UBA6,PTP4A3,PTK2,CRYAB,PKP2,NFATC3"
"TF","Factor: EGR1; motif: NNMCGCCCACGCNN; match class: 1","TF:M12508_1","1","0","2316","20","5","20044","HSPG2,KAT2B,CACNA2D2,PTK2,PKP2"
"TF","Factor: EGR1; motif: NNMCGCCCACGCNN","TF:M12508","1","0","6620","20","10","20044","PRDM16,HSPG2,NOS1AP,SP3,KAT2B,CACNA2D2,PTP4A3,PTK2,PKP2,NFATC3"
"TF","Factor: Egr-1; motif: NNCRCCCMCGCNN; match class: 1","TF:M12140_1","1","0","1629","20","4","20044","HSPG2,KAT2B,PTK2,PKP2"
"TF","Factor: Egr-1; motif: NNCRCCCMCGCNN","TF:M12140","1","0","5556","20","6","20044","HSPG2,NOS1AP,KAT2B,CACNA2D2,PTK2,PKP2"
"TF","Factor: Egr-2; motif: CCCMCNCN; match class: 1","TF:M02092_1","1","0","929","20","3","20044","CACNA2D2,PTP4A3,PKP2"
"TF","Factor: Egr-1; motif: NMCRCCCMCNCNN","TF:M12139","1","0","3907","20","3","20044","KAT2B,PTP4A3,PKP2"
"TF","Factor: EHF; motif: NNCACTTCCTGNTNN","TF:M12540","1","0","1202","20","2","20044","PTK2,MYPN"
"TF","Factor: EHF; motif: BTTCCTGC; match class: 1","TF:M07251_1","1","0","1197","20","1","20044","TMEM245"
"TF","Factor: Elf-1; motif: AGGAAG","TF:M01266","1","0","18138","20","17","20044","PRDM16,NOS1AP,SP3,KAT2B,CACNA2D2,SEC62,GNRHR,UBA6,PTK2,TMEM245,MYPN,LDB3,ADM,CRYAB,PKP2,NFATC3,MYO18B"
"TF","Factor: Elf-1; motif: NNCAGGAAGNNN","TF:M07417","1","0","1806","20","4","20044","NOS1AP,SP3,PTK2,MYPN"
"TF","Factor: ELF1; motif: NNNASCCGGAAGTGGNNNN; match class: 1","TF:M12600_1","1","0","3262","20","3","20044","KAT2B,MECOM,UBA6"
"TF","Factor: ELF1; motif: NNNASCCGGAAGTGGNNNN","TF:M12600","1","0","8859","20","7","20044","KAT2B,MECOM,UBA6,PTK2,ADM,PKP2,NFATC3"
"TF","Factor: ELF1; motif: NNNCAGGAAGTGNN","TF:M12517","1","0","1793","20","2","20044","PTK2,MYPN"
"TF","Factor: Elf-1; motif: NANGCGGAAGTR; match class: 1","TF:M11452_1","1","0","1736","20","2","20044","KAT2B,UBA6"
"TF","Factor: Elf-1; motif: NANGCGGAAGTR","TF:M11452","1","0","6415","20","5","20044","SP3,KAT2B,MECOM,UBA6,LDB3"
"TF","Factor: Elf-1; motif: NANCCGGAAGTN; match class: 1","TF:M11451_1","1","0","2165","20","1","20044","UBA6"
"TF","Factor: Elf-1; motif: NANCCGGAAGTN","TF:M11451","1","0","7063","20","5","20044","KAT2B,MECOM,UBA6,PKP2,NFATC3"
"TF","Factor: Elf-1; motif: NANSCGGAAGTR; match class: 1","TF:M11450_1","1","0","1335","20","2","20044","KAT2B,UBA6"
"TF","Factor: Elf-1; motif: NANSCGGAAGTR","TF:M11450","1","0","5718","20","5","20044","KAT2B,MECOM,UBA6,PTK2,NFATC3"
"TF","Factor: Elf-1; motif: NANCCGGAAGTN; match class: 1","TF:M11449_1","1","0","713","20","2","20044","UBA6,MYPN"
"TF","Factor: Elf-1; motif: NANCCGGAAGTN","TF:M11449","1","0","4376","20","3","20044","UBA6,PTK2,MYPN"
"TF","Factor: Elf-1; motif: NANGCGGAAGTN; match class: 1","TF:M11448_1","1","0","2383","20","2","20044","KAT2B,UBA6"
"TF","Factor: EHF; motif: BTTCCTGC","TF:M07251","1","0","6263","20","6","20044","NOS1AP,PTK2,TMEM245,LDB3,CRYAB,MYO18B"
"TF","Factor: Elf-1; motif: NANGCGGAAGTN","TF:M11448","1","0","7777","20","7","20044","NOS1AP,SP3,KAT2B,MECOM,UBA6,PTK2,LDB3"
"TF","Factor: Elf-1; motif: NAMCCGGAAGTN","TF:M11447","1","0","7902","20","6","20044","NOS1AP,KAT2B,MECOM,UBA6,PKP2,NFATC3"
"TF","Factor: Elf-1; motif: RANSMGGAAGTR","TF:M11446","1","0","2963","20","4","20044","KAT2B,UBA6,PTK2,MYPN"
"TF","Factor: Elf-1; motif: NANCAGGAAGTR","TF:M11445","1","0","1692","20","2","20044","PTK2,MYPN"
"TF","Factor: Elf-1; motif: NNANCCGGAAGTGS","TF:M09900","1","0","5333","20","5","20044","KAT2B,UBA6,PTK2,MYPN,PKP2"
"TF","Factor: Elf-1; motif: NAANCMGGAAGTGN","TF:M09605","1","0","5925","20","6","20044","SP3,MECOM,UBA6,PTK2,MYPN,PKP2"
"TF","Factor: Elf-1; motif: AWCCCGGAAGTN; match class: 1","TF:M07415_1","1","0","2436","20","1","20044","MYPN"
"TF","Factor: Elf-1; motif: AWCCCGGAAGTN","TF:M07415","1","0","8149","20","9","20044","NOS1AP,SP3,MECOM,UBA6,PTP4A3,PTK2,MYPN,PKP2,NFATC3"
"TF","Factor: Elf-1; motif: NRANCMGGAAGTG","TF:M07087","1","0","2262","20","3","20044","SP3,PTK2,MYPN"
"TF","Factor: Elf-1; motif: ACTTCCGGG; match class: 1","TF:M04714_1","1","0","2725","20","1","20044","UBA6"
"TF","Factor: Elf-1; motif: ACTTCCGGG","TF:M04714","1","0","7992","20","8","20044","NOS1AP,SP3,KAT2B,MECOM,UBA6,PTK2,PKP2,NFATC3"
"TF","Factor: ELF1; motif: AACCCGGAAGTR; match class: 1","TF:M03966_1","1","0","1609","20","3","20044","NOS1AP,UBA6,MYPN"
"TF","Factor: ELF1; motif: AACCCGGAAGTR","TF:M03966","1","0","6750","20","7","20044","HSPG2,NOS1AP,KAT2B,UBA6,PTK2,MYPN,MYO18B"
"TF","Factor: EKLF; motif: NGGGYGKGGCNNGG; match class: 1","TF:M09969_1","1","0","1542","20","4","20044","HSPG2,PTP4A3,ADM,NFATC3"
"TF","Factor: EKLF; motif: NGGGYGKGGCNNGG","TF:M09969","1","0","4736","20","5","20044","HSPG2,PTP4A3,ADM,PKP2,NFATC3"
"TF","Factor: Elf-1; motif: NAMCCGGAAGTN; match class: 1","TF:M11447_1","1","0","2653","20","3","20044","KAT2B,MECOM,UBA6"
"TF","Factor: E2F-1; motif: NTTSGCGG","TF:M00430","1","0","8242","20","9","20044","PRDM16,HSPG2,CACNA2D2,SEC62,MECOM,UBA6,PTK2,TMEM245,MYO18B"
"TF","Factor: E2F-1; motif: TTGGCGCGRAANNGNM; match class: 1","TF:M00938_1","1","0","2672","20","7","20044","HSPG2,NOS1AP,KAT2B,MECOM,PTK2,TMEM245,NFATC3"
"TF","Factor: E2F-1; motif: TTGGCGCGRAANNGNM","TF:M00938","1","0","7512","20","12","20044","PRDM16,HSPG2,NOS1AP,KAT2B,MECOM,PTP4A3,PTK2,TMEM245,LDB3,ADM,NFATC3,MYO18B"
"TF","Factor: CTCF; motif: YNRCCASYAGRKGGCRSYN","TF:M02242","1","0","5983","20","4","20044","KAT2B,UBA6,NFATC3,MYO18B"
"TF","Factor: CTCF; motif: NNNNNNCCASNAGRKGGCRS","TF:M01259","1","0","2002","20","1","20044","MYO18B"
"TF","Factor: CTCF; motif: NNNGCCASCAGRKGGCRSNN","TF:M01200","1","0","4046","20","5","20044","PRDM16,KAT2B,UBA6,NFATC3,MYO18B"
"TF","Factor: CTCFL; motif: NSCAGGGGGCGS","TF:M12569","1","0","1678","20","4","20044","KAT2B,PTP4A3,PTK2,PKP2"
"TF","Factor: CTCFL; motif: NCCNSCAGGGGGCGCYN","TF:M09889","1","0","1258","20","1","20044","KAT2B"
"TF","Factor: CTCFL; motif: CNSCAGGGGGCRSN","TF:M09769","1","0","892","20","1","20044","KAT2B"
"TF","Factor: Crx; motif: NYTAATCNN","TF:M07352","1","0","1164","20","1","20044","PTK2"
"TF","Factor: CRX; motif: YTAATC; match class: 1","TF:M01712_1","1","0","5069","20","2","20044","GNRHR,ADM"
"TF","Factor: CRX; motif: YTAATC","TF:M01712","1","0","11298","20","10","20044","HSPG2,KAT2B,SEC62,GNRHR,PTK2,TMEM245,MYPN,ADM,PKP2,MYO18B"
"TF","Factor: Crx; motif: NTAATCCN","TF:M10904","1","0","1107","20","1","20044","PTK2"
"TF","Factor: Crx; motif: NTAATCCN","TF:M10903","1","0","930","20","1","20044","PTK2"
"TF","Factor: Crx; motif: NAAGRGGATTARN","TF:M09888","1","0","721","20","1","20044","SEC62"
"TF","Factor: Crx; motif: YNWNGGGGATTARCCN","TF:M01436","1","0","2383","20","1","20044","SEC62"
"TF","Factor: CREM; motif: NNTGACGT","TF:M08803","1","0","1154","20","1","20044","UBA6"
"TF","Factor: CREM; motif: TGACGTCASYN; match class: 1","TF:M01820_1","1","0","1932","20","1","20044","ADM"
"TF","Factor: CREM; motif: TGACGTCASYN","TF:M01820","1","0","6432","20","4","20044","UBA6,ADM,PKP2,MYO18B"
"TF","Factor: CREM; motif: NRTGACGYMA; match class: 1","TF:M12592_1","1","0","2104","20","2","20044","UBA6,ADM"
"TF","Factor: CREM; motif: NRTGACGYMA","TF:M12592","1","0","6556","20","3","20044","GNRHR,UBA6,ADM"
"TF","Factor: CREM; motif: NNNGTGACGTCACNNN; match class: 1","TF:M12541_1","1","0","1907","20","1","20044","CRYAB"
"TF","Factor: CREM; motif: NNNGTGACGTCACNNN","TF:M12541","1","0","1943","20","1","20044","CRYAB"
"TF","Factor: CREM; motif: NNTGACGTCANN; match class: 1","TF:M11225_1","1","0","2531","20","2","20044","ADM,NFATC3"
"TF","Factor: CREM; motif: NNTGACGTCANN","TF:M11225","1","0","2766","20","2","20044","ADM,NFATC3"
"TF","Factor: CREM; motif: NRTGATGTCAYN","TF:M11224","1","0","3423","20","2","20044","PTP4A3,CRYAB"
"TF","Factor: c-Rel; motif: NGGGAATYTCCN","TF:M03545","1","0","5646","20","5","20044","SEC62,MECOM,GNRHR,PTK2,CRYAB"
"TF","Factor: c-Rel; motif: NRNRGGGRAATKCCA; match class: 1","TF:M10046_1","1","0","745","20","2","20044","SEC62,PTK2"
"TF","Factor: c-Rel; motif: NRNRGGGRAATKCCA","TF:M10046","1","0","4771","20","4","20044","CACNA2D2,SEC62,MECOM,PTK2"
"TF","Factor: c-Rel; motif: SGGRNTTTCC","TF:M00053","1","0","3720","20","2","20044","SEC62,MYO18B"
"TF","Factor: CREB; motif: CNNTGACGTMA","TF:M00917","1","0","5663","20","6","20044","SEC62,GNRHR,UBA6,ADM,PKP2,MYO18B"
"TF","Factor: CREB; motif: NSTGACGTMANN","TF:M00178","1","0","5341","20","5","20044","GNRHR,UBA6,ADM,PKP2,MYO18B"
"TF","Factor: CTCF; motif: YNRCCASYAGRKGGCRSYN; match class: 1","TF:M02242_1","1","0","1294","20","1","20044","UBA6"
"TF","Factor: CTCF; motif: WGCGCCMYCTAGYGGYN","TF:M03895","1","0","9488","20","9","20044","HSPG2,SP3,KAT2B,CACNA2D2,SEC62,UBA6,PTP4A3,PTK2,NFATC3"
"TF","Factor: CTCF; motif: WGCGCCMYCTAGYGGYN; match class: 1","TF:M03895_1","1","0","3622","20","6","20044","HSPG2,KAT2B,SEC62,UBA6,PTP4A3,PTK2"
"TF","Factor: CTCF; motif: NNNNANASYGCCMYCTAGTGG","TF:M04689","1","0","5682","20","4","20044","UBA6,PTP4A3,NFATC3,MYO18B"
"TF","Factor: CDP:HOXB13; motif: SYMRTAAANATYGATY","TF:M08202","1","0","4090","20","3","20044","MYPN,PKP2,NFATC3"
"TF","Factor: CDP:HOXA13; motif: ATCGATYAYSYCRTAAA; match class: 1","TF:M08201_1","1","0","3133","20","2","20044","GNRHR,UBA6"
"TF","Factor: CDP:HOXA13; motif: ATCGATYAYSYCRTAAA","TF:M08201","1","0","8083","20","6","20044","GNRHR,UBA6,PTK2,TMEM245,MYPN,NFATC3"
"TF","Factor: CTIP-2; motif: RTMGTACAA","TF:M05956","1","0","816","20","1","20044","PKP2"
"TF","Factor: CTF/NF1; motif: TTGGCN; match class: 1","TF:M02050_1","1","0","4262","20","3","20044","HSPG2,UBA6,ADM"
"TF","Factor: CTF/NF1; motif: TTGGCN","TF:M02050","1","0","11204","20","12","20044","HSPG2,NOS1AP,SP3,SEC62,GNRHR,UBA6,TMEM245,MYPN,LDB3,ADM,CRYAB,PKP2"
"TF","Factor: CTF1; motif: TGGCASCNNGCCAA; match class: 1","TF:M01196_1","1","0","1590","20","2","20044","HSPG2,NFATC3"
"TF","Factor: CTF1; motif: TGGCASCNNGCCAA","TF:M01196","1","0","4907","20","4","20044","HSPG2,PTP4A3,CRYAB,NFATC3"
"TF","Factor: ctcf; motif: CCNCNAGRKGGCRSTN; match class: 1","TF:M07249_1","1","0","2143","20","4","20044","PRDM16,HSPG2,SP3,PTP4A3"
"TF","Factor: ctcf; motif: CCNCNAGRKGGCRSTN","TF:M07249","1","0","6901","20","7","20044","PRDM16,HSPG2,SP3,KAT2B,SEC62,PTP4A3,TMEM245"
"TF","Factor: CTCF; motif: CTGCAGTNCNNNNNNNNNNCCASYAGRKGGCRSYN; match class: 1","TF:M12964_1","1","0","778","20","1","20044","MYO18B"
"TF","Factor: CTCF; motif: CTGCAGTNCNNNNNNNNNNCCASYAGRKGGCRSYN","TF:M12964","1","0","4957","20","6","20044","HSPG2,CACNA2D2,PTP4A3,TMEM245,NFATC3,MYO18B"
"TF","Factor: CTCF; motif: CTGCANTNCCNNNNNNNNCCASNAGRKGGCRSNN; match class: 1","TF:M12963_1","1","0","1821","20","2","20044","MECOM,TMEM245"
"TF","Factor: CTCF; motif: CTGCANTNCCNNNNNNNNCCASNAGRKGGCRSNN","TF:M12963","1","0","7033","20","10","20044","NOS1AP,SP3,KAT2B,CACNA2D2,MECOM,PTP4A3,PTK2,TMEM245,LDB3,NFATC3"
"TF","Factor: CREB; motif: CGTCAN","TF:M00801","1","0","4404","20","2","20044","UBA6,MYO18B"
"TF","Factor: CTCF; motif: NNRSYGCCMCCTGSTGGCCN; match class: 1","TF:M12593_1","1","0","3435","20","5","20044","PRDM16,HSPG2,SP3,KAT2B,SEC62"
"TF","Factor: ctcf; motif: CCRSCAGGGGGCGCN; match class: 1","TF:M10426_1","1","0","4526","20","3","20044","HSPG2,SP3,KAT2B"
"TF","Factor: ctcf; motif: CCRSCAGGGGGCGCN","TF:M10426","1","0","9595","20","13","20044","PRDM16,HSPG2,NOS1AP,SP3,KAT2B,CACNA2D2,SEC62,MECOM,UBA6,PTP4A3,TMEM245,PKP2,NFATC3"
"TF","Factor: ctcf; motif: YGGCCACCAGRKGGCRSYN; match class: 1","TF:M09890_1","1","0","2982","20","4","20044","SP3,KAT2B,UBA6,PTP4A3"
"TF","Factor: ctcf; motif: YGGCCACCAGRKGGCRSYN","TF:M09890","1","0","8665","20","10","20044","PRDM16,HSPG2,SP3,KAT2B,SEC62,UBA6,PTP4A3,PTK2,NFATC3,MYO18B"
"TF","Factor: CTCF; motif: RSYGCCMYCTRSTGGN","TF:M09828","1","0","3970","20","3","20044","KAT2B,NFATC3,MYO18B"
"TF","Factor: CTCF; motif: NNYGCCCYCTRSTGGN","TF:M09744","1","0","3887","20","5","20044","PRDM16,KAT2B,UBA6,NFATC3,MYO18B"
"TF","Factor: ctcf; motif: NNNCCASYAGRKGGCRSYNN; match class: 1","TF:M09602_1","1","0","2193","20","1","20044","KAT2B"
"TF","Factor: ctcf; motif: NNNCCASYAGRKGGCRSYNN","TF:M09602","1","0","7603","20","7","20044","PRDM16,HSPG2,KAT2B,SEC62,UBA6,NFATC3,MYO18B"
"TF","Factor: CTCF; motif: NCCRSTAGGGGGCGC; match class: 1","TF:M08911_1","1","0","4089","20","5","20044","PRDM16,HSPG2,KAT2B,CACNA2D2,TMEM245"
"TF","Factor: CTCF; motif: NCCRSTAGGGGGCGC","TF:M08911","1","0","9382","20","14","20044","PRDM16,HSPG2,NOS1AP,SP3,KAT2B,CACNA2D2,SEC62,MECOM,UBA6,PTP4A3,PTK2,TMEM245,PKP2,NFATC3"
"TF","Factor: CTCF; motif: CANNWRRTGGCAG; match class: 1","TF:M04745_1","1","0","2315","20","2","20044","HSPG2,TMEM245"
"TF","Factor: CTCF; motif: CANNWRRTGGCAG","TF:M04745","1","0","8323","20","7","20044","HSPG2,MECOM,PTP4A3,TMEM245,LDB3,CRYAB,MYO18B"
"TF","Factor: CTCF; motif: ACCAGGKGGC; match class: 1","TF:M04727_1","1","0","1599","20","1","20044","PTP4A3"
"TF","Factor: CTCF; motif: ACCAGGKGGC","TF:M04727","1","0","6683","20","7","20044","PRDM16,NOS1AP,SP3,KAT2B,PTP4A3,TMEM245,LDB3"
"TF","Factor: CTCF; motif: NNRSYGCCMCCTGSTGGCCN","TF:M12593","1","0","8854","20","10","20044","PRDM16,HSPG2,SP3,KAT2B,SEC62,UBA6,PTP4A3,TMEM245,NFATC3,MYO18B"
"TF","Factor: CREB; motif: NNTKACGTCANNNS","TF:M00916","1","0","5980","20","7","20044","SEC62,GNRHR,UBA6,PTP4A3,ADM,PKP2,MYO18B"
"TF","Factor: CREB; motif: NSTGACGTAANN; match class: 1","TF:M00177_1","1","0","1407","20","1","20044","ADM"
"TF","Factor: CREB; motif: NSTGACGTAANN","TF:M00177","1","0","5315","20","4","20044","PRDM16,GNRHR,ADM,MYO18B"
"TF","Factor: CREB1; motif: NRRTGACGTMA","TF:M09887","1","0","6049","20","4","20044","GNRHR,UBA6,ADM,MYO18B"
"TF","Factor: CREB1; motif: NGRTGAYGWNNN","TF:M09827","1","0","2894","20","3","20044","PTP4A3,CRYAB,NFATC3"
"TF","Factor: CREB1; motif: NNTGACGTCANN; match class: 1","TF:M09804_1","1","0","4678","20","2","20044","PTP4A3,CRYAB"
"TF","Factor: CREB1; motif: NNTGACGTCANN","TF:M09804","1","0","4678","20","2","20044","PTP4A3,CRYAB"
"TF","Factor: CREB1; motif: TKACGTCAYNN","TF:M09600","1","0","5399","20","4","20044","GNRHR,UBA6,ADM,MYO18B"
"TF","Factor: CREB1; motif: TGACGTCA","TF:M02279","1","0","1769","20","1","20044","ADM"
"TF","Factor: CPEB1; motif: AATAAAAA","TF:M04514","1","0","4647","20","1","20044","NFATC3"
"TF","Factor: CPBP; motif: SNCCCNN; match class: 1","TF:M01822_1","1","0","18998","20","20","20044","PRDM16,HSPG2,NOS1AP,SP3,KAT2B,CACNA2D2,SEC62,MECOM,GNRHR,UBA6,PTP4A3,PTK2,TMEM245,MYPN,LDB3,ADM,CRYAB,PKP2,NFATC3,MYO18B"
"TF","Factor: CPBP; motif: SNCCCNN","TF:M01822","1","0","19673","20","20","20044","PRDM16,HSPG2,NOS1AP,SP3,KAT2B,CACNA2D2,SEC62,MECOM,GNRHR,UBA6,PTP4A3,PTK2,TMEM245,MYPN,LDB3,ADM,CRYAB,PKP2,NFATC3,MYO18B"
"TF","Factor: CPBP; motif: NGCCACGCCCN","TF:M12166","1","0","1362","20","2","20044","PTP4A3,PTK2"
"TF","Factor: CPBP; motif: GNNRGGGHGGGGNNGGGRN; match class: 1","TF:M09973_1","1","0","6847","20","13","20044","PRDM16,HSPG2,SP3,KAT2B,CACNA2D2,SEC62,MECOM,PTP4A3,TMEM245,ADM,CRYAB,PKP2,NFATC3"
"TF","Factor: CPBP; motif: GNNRGGGHGGGGNNGGGRN","TF:M09973","1","0","11183","20","15","20044","PRDM16,HSPG2,NOS1AP,SP3,KAT2B,CACNA2D2,SEC62,MECOM,PTP4A3,TMEM245,ADM,CRYAB,PKP2,NFATC3,MYO18B"
"TF","Factor: CPBP; motif: NGGGCGG; match class: 1","TF:M05444_1","1","0","3433","20","4","20044","PRDM16,PTP4A3,PTK2,TMEM245"
"TF","Factor: CPBP; motif: NGGGCGG","TF:M05444","1","0","8793","20","10","20044","PRDM16,NOS1AP,KAT2B,CACNA2D2,MECOM,PTP4A3,PTK2,TMEM245,ADM,PKP2"
"TF","Factor: CREB1; motif: NRRTGACGTMA; match class: 1","TF:M09887_1","1","0","1875","20","1","20044","ADM"
"TF","Factor: CP2; motif: NTGNCTGGNN","TF:M03868","1","0","4781","20","4","20044","GNRHR,UBA6,CRYAB,NFATC3"
"TF","Factor: CP2; motif: NNNNCCAGNCNN","TF:M07602","1","0","11291","20","13","20044","PRDM16,HSPG2,SEC62,MECOM,GNRHR,UBA6,PTP4A3,PTK2,MYPN,LDB3,ADM,CRYAB,MYO18B"
"TF","Factor: CP2/LBP-1c/LSF; motif: GCTGGNTNGNNCYNG; match class: 1","TF:M00947_1","1","0","2687","20","2","20044","CACNA2D2,CRYAB"
"TF","Factor: CP2/LBP-1c/LSF; motif: GCTGGNTNGNNCYNG","TF:M00947","1","0","8542","20","8","20044","KAT2B,CACNA2D2,GNRHR,UBA6,PTP4A3,MYPN,CRYAB,MYO18B"
"TF","Factor: CP2; motif: GCHCDAMCCAG; match class: 1","TF:M00072_1","1","0","2779","20","3","20044","CACNA2D2,PTP4A3,CRYAB"
"TF","Factor: CP2; motif: GCHCDAMCCAG","TF:M00072","1","0","9034","20","7","20044","HSPG2,NOS1AP,CACNA2D2,SEC62,PTP4A3,LDB3,CRYAB"
"TF","Factor: COUP-TF,; motif: TGAMCTTTGMMCYT; match class: 1","TF:M00158_1","1","0","177","20","1","20044","ADM"
"TF","Factor: COUP-TF,; motif: TGAMCTTTGMMCYT","TF:M00158","1","0","2296","20","1","20044","ADM"
"TF","Factor: COUPTF; motif: NNNNNTGACCYTTGNMCNYNGMN","TF:M01036","1","0","3835","20","3","20044","PTP4A3,LDB3,PKP2"
"TF","Factor: COUP-TF2; motif: GNCARAGGTCANRRN","TF:M03543","1","0","2072","20","1","20044","GNRHR"
"TF","Factor: COUP-TF1; motif: TGACCTY; match class: 1","TF:M03542_1","1","0","871","20","2","20044","GNRHR,LDB3"
"TF","Factor: COUP-TF1; motif: TGACCTY","TF:M03542","1","0","5276","20","5","20044","SEC62,GNRHR,MYPN,LDB3,ADM"
"TF","Factor: COUP; motif: TGACCTTTGACCC","TF:M00765","1","0","2752","20","2","20044","LDB3,ADM"
"TF","Factor: COE1; motif: NNTCCCYTGRGNN; match class: 1","TF:M07351_1","1","0","113","20","1","20044","LDB3"
"TF","Factor: COE1; motif: NNTCCCYTGRGNN","TF:M07351","1","0","1767","20","2","20044","SEC62,LDB3"
"TF","Factor: CP2; motif: NNNNCCAGNCNN; match class: 1","TF:M07602_1","1","0","4761","20","5","20044","PTP4A3,PTK2,LDB3,ADM,CRYAB"
"TF","Factor: CDP:HOXB13; motif: SYMRTAAANATYGATY; match class: 1","TF:M08202_1","1","0","742","20","1","20044","MYPN"
"TF","Factor: CREB1; motif: NRTGATGTCAYN","TF:M11216","1","0","4327","20","2","20044","PTP4A3,CRYAB"
"TF","Factor: CREB1; motif: NRTGAYGCGTN","TF:M11218","1","0","8640","20","7","20044","NOS1AP,CACNA2D2,UBA6,PTK2,TMEM245,ADM,NFATC3"
"TF","Factor: CREB; motif: NNGNTGACGTNN; match class: 1","TF:M00113_1","1","0","946","20","2","20044","UBA6,ADM"
"TF","Factor: CREB; motif: NNGNTGACGTNN","TF:M00113","1","0","5100","20","4","20044","UBA6,TMEM245,ADM,MYO18B"
"TF","Factor: CREB; motif: TGACGTMA","TF:M00039","1","0","5321","20","7","20044","SEC62,GNRHR,UBA6,PTP4A3,ADM,PKP2,MYO18B"
"TF","Factor: ATF2; motif: VGTGACGTMACN","TF:M00179","1","0","6186","20","6","20044","PRDM16,GNRHR,UBA6,ADM,PKP2,MYO18B"
"TF","Factor: ATF-2; motif: TTACGTAA; match class: 1","TF:M00040_1","1","0","6522","20","7","20044","SP3,SEC62,GNRHR,UBA6,PTK2,ADM,NFATC3"
"TF","Factor: ATF-2; motif: TTACGTAA","TF:M00040","1","0","6960","20","9","20044","NOS1AP,SP3,SEC62,GNRHR,UBA6,PTK2,TMEM245,ADM,NFATC3"
"TF","Factor: ATF2:c-Jun; motif: TGACGTYA; match class: 1","TF:M00041_1","1","0","1259","20","1","20044","TMEM245"
"TF","Factor: ATF2:c-Jun; motif: TGACGTYA","TF:M00041","1","0","4360","20","6","20044","GNRHR,UBA6,TMEM245,ADM,CRYAB,MYO18B"
"TF","Factor: CREB,; motif: NTGACGTNA; match class: 1","TF:M00981_1","1","0","2960","20","1","20044","ADM"
"TF","Factor: CREB,; motif: NTGACGTNA","TF:M00981","1","0","8502","20","7","20044","SEC62,GNRHR,UBA6,PTP4A3,ADM,PKP2,MYO18B"
"TF","Factor: CREBPA; motif: NRTGACGTMANN; match class: 1","TF:M11313_1","1","0","2057","20","1","20044","ADM"
"TF","Factor: CREBPA; motif: NRTGACGTMANN","TF:M11313","1","0","3728","20","2","20044","ADM,CRYAB"
"TF","Factor: AIBZIP; motif: NGMCACGTGGCN","TF:M11258","1","0","517","20","1","20044","HSPG2"
"TF","Factor: AIBZIP; motif: NGCCACGTCAYN","TF:M11256","1","0","1334","20","1","20044","SEC62"
"TF","Factor: CREB1; motif: NRTGACGYN","TF:M11217","1","0","2822","20","1","20044","GNRHR"
"TF","Factor: AIBZIP; motif: YGCCACGTGGCN; match class: 1","TF:M11255_1","1","0","410","20","1","20044","HSPG2"
"TF","Factor: AIBZIP; motif: GRTGAYGTCAYC","TF:M11254","1","0","1160","20","1","20044","CRYAB"
"TF","Factor: CREB1; motif: NNNNACGTCANN","TF:M03544","1","0","4164","20","5","20044","SEC62,UBA6,ADM,PKP2,MYO18B"
"TF","Factor: CREB1; motif: NNNNTGACGTNANNN","TF:M07248","1","0","4341","20","4","20044","SEC62,UBA6,ADM,MYO18B"
"TF","Factor: CREB1; motif: NNNNSSGGCGCSSNNNNRTGACGTCAC; match class: 1","TF:M12591_1","1","0","9546","20","7","20044","UBA6,PTP4A3,PTK2,LDB3,ADM,NFATC3,MYO18B"
"TF","Factor: CREB1; motif: NNNNSSGGCGCSSNNNNRTGACGTCAC","TF:M12591","1","0","14200","20","12","20044","PRDM16,CACNA2D2,SEC62,MECOM,GNRHR,UBA6,PTP4A3,PTK2,LDB3,ADM,NFATC3,MYO18B"
"TF","Factor: CREB1; motif: NNNTGATGTCANN","TF:M12486","1","0","3775","20","2","20044","PTP4A3,CRYAB"
"TF","Factor: CREB1; motif: NRTGACGTCANN; match class: 1","TF:M11223_1","1","0","2825","20","2","20044","UBA6,ADM"
"TF","Factor: CREB1; motif: NRTGACGTCANN","TF:M11223","1","0","2939","20","2","20044","UBA6,ADM"
"TF","Factor: CREB1; motif: NRTGAYGTCAYN","TF:M11222","1","0","3727","20","2","20044","PTP4A3,CRYAB"
"TF","Factor: CREB1; motif: RTGACGYGTCAN; match class: 1","TF:M11221_1","1","0","5779","20","6","20044","UBA6,TMEM245,ADM,CRYAB,PKP2,NFATC3"
"TF","Factor: CREB1; motif: RTGACGYGTCAN","TF:M11221","1","0","9847","20","7","20044","UBA6,PTK2,TMEM245,ADM,CRYAB,PKP2,NFATC3"
"TF","Factor: CREB1; motif: NNTGACGTCANN; match class: 1","TF:M11220_1","1","0","1749","20","1","20044","ADM"
"TF","Factor: CREB1; motif: NNTGACGTCANN","TF:M11220","1","0","1761","20","1","20044","ADM"
"TF","Factor: CREB1; motif: NRTGAYGCGTN; match class: 1","TF:M11218_1","1","0","2502","20","3","20044","UBA6,PTK2,NFATC3"
"TF","Factor: AIBZIP; motif: YGCCACGTGGCN","TF:M11255","1","0","719","20","1","20044","HSPG2"
"TF","Factor: CDP:SRF; motif: NCCWTAYAAGGTMNKRATCRATN","TF:M08520","1","0","10674","20","10","20044","HSPG2,SEC62,MECOM,GNRHR,UBA6,MYPN,LDB3,ADM,CRYAB,PKP2"
"TF","Factor: CDP:SRF; motif: NCCWTAYAAGGTMNKRATCRATN; match class: 1","TF:M08520_1","1","0","4041","20","6","20044","HSPG2,MECOM,GNRHR,UBA6,ADM,PKP2"
"TF","Factor: CDP:T-bet; motif: NTCACACNYYRATCRATM","TF:M08203","1","0","6192","20","5","20044","GNRHR,UBA6,TMEM245,LDB3,PKP2"
"TF","Factor: DUXA; motif: TRAYYTAATCA","TF:M10958","1","0","99","20","1","20044","MYPN"
"TF","Factor: DUXA; motif: NTRAYYTAATCAN; match class: 1","TF:M04309_1","1","0","12","20","1","20044","MYPN"
"TF","Factor: DUXA; motif: NTRAYYTAATCAN","TF:M04309","1","0","274","20","1","20044","MYPN"
"TF","Factor: DUX4; motif: TAAYYYAATCA","TF:M07082","1","0","112","20","1","20044","MYPN"
"TF","Factor: DRRS; motif: GNNGGGWGGG; match class: 1","TF:M10056_1","1","0","1010","20","1","20044","KAT2B"
"TF","Factor: DRRS; motif: GNNGGGWGGG","TF:M10056","1","0","4923","20","7","20044","PRDM16,HSPG2,SP3,KAT2B,CRYAB,NFATC3,MYO18B"
"TF","Factor: DRI1; motif: AATTAA; match class: 1","TF:M01654_1","1","0","5870","20","7","20044","SEC62,GNRHR,UBA6,MYPN,PKP2,NFATC3,MYO18B"
"TF","Factor: DRI1; motif: AATTAA","TF:M01654","1","0","10971","20","11","20044","NOS1AP,SP3,KAT2B,SEC62,MECOM,GNRHR,UBA6,MYPN,PKP2,NFATC3,MYO18B"
"TF","Factor: Prrxl1; motif: YYAATTAN","TF:M10869","1","0","2491","20","2","20044","NOS1AP,UBA6"
"TF","Factor: DRGX; motif: NTAATYNAATTAN","TF:M04308","1","0","265","20","1","20044","KAT2B"
"TF","Factor: DREF; motif: CTYYCWCTTCCY; match class: 1","TF:M09725_1","1","0","2090","20","5","20044","CACNA2D2,MECOM,GNRHR,PTK2,LDB3"
"TF","Factor: DREF; motif: CTYYCWCTTCCY","TF:M09725","1","0","7601","20","9","20044","HSPG2,CACNA2D2,MECOM,GNRHR,PTK2,TMEM245,LDB3,ADM,MYO18B"
"TF","Factor: LXR,; motif: YGAMCTNNASTRACCYN","TF:M00965","1","0","3813","20","4","20044","UBA6,PTK2,TMEM245,CRYAB"
"TF","Factor: VDR,; motif: RRTGNMCYTNNTGAMCCNYNT; match class: 1","TF:M00966_1","1","0","3288","20","2","20044","LDB3,PKP2"
"TF","Factor: E12; motif: RRCAGGTGNCV","TF:M00693","1","0","2608","20","3","20044","CACNA2D2,LDB3,PKP2"
"TF","Factor: VDR,; motif: RRTGNMCYTNNTGAMCCNYNT","TF:M00966","1","0","9904","20","7","20044","NOS1AP,SP3,SEC62,LDB3,ADM,PKP2,NFATC3"
"TF","Factor: DPRX; motif: AGATAATCCN","TF:M11017","1","0","942","20","1","20044","HSPG2"
"TF","Factor: DPRX; motif: NNGGATTANN","TF:M04306","1","0","4940","20","3","20044","HSPG2,GNRHR,PTK2"
"TF","Factor: DPF2; motif: NYCACYTCCYCNYYCY; match class: 1","TF:M09760_1","1","0","3106","20","7","20044","NOS1AP,SP3,KAT2B,MECOM,PTP4A3,PTK2,NFATC3"
"TF","Factor: DPF2; motif: NYCACYTCCYCNYYCY","TF:M09760","1","0","8375","20","13","20044","PRDM16,HSPG2,NOS1AP,SP3,KAT2B,SEC62,MECOM,PTP4A3,PTK2,LDB3,CRYAB,PKP2,NFATC3"
"TF","Factor: DP2; motif: NNGGCGGGARN","TF:M12596","1","0","2499","20","2","20044","UBA6,PTK2"
"TF","Factor: DMRT7; motif: AWTTGMTACATN","TF:M11524","1","0","671","20","2","20044","GNRHR,MYPN"
"TF","Factor: DMRT7; motif: AWTTGMTACATN","TF:M11522","1","0","556","20","1","20044","GNRHR"
"TF","Factor: DMRT7; motif: AATTGMTACATT","TF:M11520","1","0","303","20","1","20044","GNRHR"
"TF","Factor: DMRT7; motif: AATTGMTACATN","TF:M11519","1","0","244","20","1","20044","GNRHR"
"TF","Factor: DMRT7; motif: TTGTTACAWTKTKG","TF:M01151","1","0","994","20","2","20044","SP3,PKP2"
"TF","Factor: DMRT5; motif: NNTTGWTACANT","TF:M11514","1","0","1398","20","2","20044","GNRHR,UBA6"
"TF","Factor: DMRT5; motif: NNNNGWTACANT","TF:M11513","1","0","2139","20","2","20044","GNRHR,UBA6"
"TF","Factor: DMRT4; motif: AATGTADCAAWTT","TF:M01149","1","0","1849","20","2","20044","SP3,GNRHR"
"TF","Factor: DMRT1; motif: NNTNGHTACATN","TF:M11516","1","0","815","20","1","20044","GNRHR"
"TF","Factor: PPAR,; motif: RGGNCAAAGGTCA","TF:M00762","1","0","1913","20","2","20044","ADM,MYO18B"
"TF","Factor: DMRT1; motif: NNNNGCTACATN; match class: 1","TF:M11515_1","1","0","560","20","1","20044","UBA6"
"TF","Factor: E12; motif: RRCAGGTGNCV; match class: 1","TF:M00693_1","1","0","278","20","1","20044","LDB3"
"TF","Factor: E2A; motif: CACCTGNY","TF:M00973","1","0","5514","20","6","20044","CACNA2D2,UBA6,PTP4A3,PTK2,LDB3,PKP2"
"TF","Factor: E2F-1; motif: NKTSSCGC; match class: 1","TF:M00428_1","1","0","3732","20","5","20044","PRDM16,HSPG2,NOS1AP,TMEM245,NFATC3"
"TF","Factor: E2F-1; motif: NKTSSCGC","TF:M00428","1","0","9219","20","11","20044","PRDM16,HSPG2,NOS1AP,SP3,SEC62,MECOM,UBA6,TMEM245,ADM,PKP2,NFATC3"
"TF","Factor: E2F1; motif: GSGCGGGAAN; match class: 1","TF:M12597_1","1","0","10180","20","14","20044","PRDM16,HSPG2,NOS1AP,SP3,KAT2B,SEC62,MECOM,UBA6,PTP4A3,PTK2,TMEM245,ADM,PKP2,NFATC3"
"TF","Factor: E2F1; motif: GSGCGGGAAN","TF:M12597","1","0","14407","20","16","20044","PRDM16,HSPG2,NOS1AP,SP3,KAT2B,CACNA2D2,SEC62,MECOM,UBA6,PTP4A3,PTK2,TMEM245,ADM,PKP2,NFATC3,MYO18B"
"TF","Factor: E2F-1; motif: NTTTTGGCGCCAWWWN; match class: 1","TF:M11533_1","1","0","8953","20","12","20044","PRDM16,HSPG2,NOS1AP,KAT2B,CACNA2D2,SEC62,MECOM,PTP4A3,TMEM245,ADM,NFATC3,MYO18B"
"TF","Factor: E2F-1; motif: NTTTTGGCGCCAWWWN","TF:M11533","1","0","13454","20","15","20044","PRDM16,HSPG2,NOS1AP,SP3,KAT2B,CACNA2D2,SEC62,MECOM,UBA6,PTP4A3,PTK2,TMEM245,ADM,NFATC3,MYO18B"
"TF","Factor: E2F-1; motif: NNNNGGCGGGAARN; match class: 1","TF:M09892_1","1","0","9460","20","13","20044","PRDM16,HSPG2,NOS1AP,SP3,KAT2B,SEC62,MECOM,UBA6,PTP4A3,PTK2,TMEM245,ADM,PKP2"
"TF","Factor: E2F-1; motif: NNNNGGCGGGAARN","TF:M09892","1","0","13916","20","16","20044","PRDM16,HSPG2,NOS1AP,SP3,KAT2B,CACNA2D2,SEC62,MECOM,UBA6,PTP4A3,PTK2,TMEM245,ADM,PKP2,NFATC3,MYO18B"
"TF","Factor: E2F-1; motif: NGGGCGGGARV; match class: 1","TF:M07206_1","1","0","11184","20","13","20044","PRDM16,HSPG2,NOS1AP,SP3,KAT2B,CACNA2D2,MECOM,UBA6,PTP4A3,PTK2,TMEM245,PKP2,NFATC3"
"TF","Factor: E2F-1; motif: NGGGCGGGARV","TF:M07206","1","0","14970","20","17","20044","PRDM16,HSPG2,NOS1AP,SP3,KAT2B,CACNA2D2,SEC62,MECOM,UBA6,PTP4A3,PTK2,TMEM245,LDB3,ADM,PKP2,NFATC3,MYO18B"
"TF","Factor: E2F-1; motif: TTTGGCGCCAAA; match class: 1","TF:M04516_1","1","0","10538","20","14","20044","PRDM16,HSPG2,SP3,KAT2B,CACNA2D2,SEC62,MECOM,UBA6,PTK2,TMEM245,ADM,PKP2,NFATC3,MYO18B"
"TF","Factor: E2F-1; motif: TTTGGCGCCAAA","TF:M04516","1","0","11711","20","16","20044","PRDM16,HSPG2,NOS1AP,SP3,KAT2B,CACNA2D2,SEC62,MECOM,UBA6,PTP4A3,PTK2,TMEM245,ADM,PKP2,NFATC3,MYO18B"
"TF","Factor: E2F-1; motif: WWTGGCGCCAAA; match class: 1","TF:M04515_1","1","0","12531","20","16","20044","PRDM16,HSPG2,NOS1AP,SP3,KAT2B,CACNA2D2,SEC62,MECOM,UBA6,PTP4A3,PTK2,TMEM245,ADM,PKP2,NFATC3,MYO18B"
"TF","Factor: E2F-1; motif: WWTGGCGCCAAA","TF:M04515","1","0","13705","20","16","20044","PRDM16,HSPG2,NOS1AP,SP3,KAT2B,CACNA2D2,SEC62,MECOM,UBA6,PTP4A3,PTK2,TMEM245,ADM,PKP2,NFATC3,MYO18B"
"TF","Factor: E2A; motif: NMCAGCTGCWN","TF:M10099","1","0","1234","20","2","20044","TMEM245,ADM"
"TF","Factor: E2F-1:HES-7; motif: GGCRCGTGSYNNWNGGCGCSM; match class: 1","TF:M08525_1","1","0","15662","20","18","20044","PRDM16,HSPG2,NOS1AP,SP3,KAT2B,CACNA2D2,SEC62,MECOM,UBA6,PTP4A3,PTK2,TMEM245,LDB3,ADM,CRYAB,PKP2,NFATC3,MYO18B"
"TF","Factor: E2F-1:TBR2; motif: NGGTGNNANGGCGCNNTNNCRNNN; match class: 1","TF:M08523_1","1","0","7606","20","7","20044","HSPG2,NOS1AP,CACNA2D2,SEC62,PTK2,ADM,NFATC3"
"TF","Factor: E2F-1:TBR2; motif: NGGTGNNANGGCGCNNTNNCRNNN","TF:M08523","1","0","12481","20","14","20044","PRDM16,HSPG2,NOS1AP,CACNA2D2,SEC62,MECOM,PTP4A3,PTK2,TMEM245,LDB3,ADM,PKP2,NFATC3,MYO18B"
"TF","Factor: E2F-1:Elk-1; motif: SGCGCSNNAMCGGAAGT; match class: 1","TF:M08205_1","1","0","10744","20","13","20044","PRDM16,HSPG2,NOS1AP,SP3,KAT2B,CACNA2D2,SEC62,MECOM,UBA6,PTK2,TMEM245,ADM,PKP2"
"TF","Factor: E2F-1:Elk-1; motif: SGCGCSNNAMCGGAAGT","TF:M08205","1","0","14824","20","13","20044","PRDM16,HSPG2,NOS1AP,SP3,KAT2B,CACNA2D2,SEC62,MECOM,UBA6,PTK2,TMEM245,ADM,PKP2"
"TF","Factor: E2F-1:DP-2; motif: TTTSSCGC; match class: 1","TF:M00737_1","1","0","3025","20","3","20044","KAT2B,SEC62,PTK2"
"TF","Factor: E2F-1:DP-2; motif: TTTSSCGC","TF:M00737","1","0","8963","20","9","20044","SP3,KAT2B,SEC62,UBA6,PTK2,TMEM245,CRYAB,PKP2,MYO18B"
"TF","Factor: E2F-1:DP-1; motif: TTTCSCGC; match class: 1","TF:M00736_1","1","0","4779","20","5","20044","SP3,KAT2B,SEC62,UBA6,PTP4A3"
"TF","Factor: E2F-1:DP-1; motif: TTTCSCGC","TF:M00736","1","0","10652","20","11","20044","SP3,KAT2B,CACNA2D2,SEC62,MECOM,UBA6,PTP4A3,PTK2,TMEM245,NFATC3,MYO18B"
"TF","Factor: Rb:E2F-1:DP-1; motif: TTTSGCGC; match class: 1","TF:M00740_1","1","0","4731","20","5","20044","SP3,MECOM,UBA6,TMEM245,NFATC3"
"TF","Factor: Rb:E2F-1:DP-1; motif: TTTSGCGC","TF:M00740","1","0","10724","20","13","20044","PRDM16,HSPG2,SP3,KAT2B,CACNA2D2,SEC62,MECOM,UBA6,TMEM245,LDB3,ADM,PKP2,NFATC3"
"TF","Factor: E2A; motif: CAGNTGNN","TF:M07353","1","0","2706","20","4","20044","PRDM16,UBA6,PTP4A3,LDB3"
"TF","Factor: E2A; motif: NRMCASCTGCNNN; match class: 1","TF:M02088_1","1","0","318","20","1","20044","PTP4A3"
"TF","Factor: E2A; motif: NRMCASCTGCNNN","TF:M02088","1","0","2924","20","5","20044","KAT2B,UBA6,PTP4A3,TMEM245,PKP2"
"TF","Factor: E2A; motif: CACCTGNY; match class: 1","TF:M00973_1","1","0","1073","20","1","20044","PTP4A3"
"TF","Factor: E2F-1:HES-7; motif: GGCRCGTGSYNNWNGGCGCSM","TF:M08525","1","0","17480","20","18","20044","PRDM16,HSPG2,NOS1AP,SP3,KAT2B,CACNA2D2,SEC62,MECOM,UBA6,PTP4A3,PTK2,TMEM245,LDB3,ADM,CRYAB,PKP2,NFATC3,MYO18B"
"TF","Factor: Elk-1; motif: NAAACMGGAAGTNCVH","TF:M00007","1","0","5911","20","6","20044","SP3,CACNA2D2,GNRHR,UBA6,PTK2,MYPN"
"TF","Factor: DMRT1; motif: NNNNGCTACATN","TF:M11515","1","0","3865","20","4","20044","GNRHR,UBA6,MYPN,PKP2"
"TF","Factor: Otx3; motif: NTAATCCN","TF:M10919","1","0","866","20","1","20044","SEC62"
"TF","Factor: DEC1; motif: NCNCACRTGNSC; match class: 1","TF:M08870_1","1","0","2473","20","2","20044","PTP4A3,LDB3"
"TF","Factor: DEC1; motif: NCNCACRTGNSC","TF:M08870","1","0","8063","20","4","20044","PRDM16,MECOM,PTP4A3,LDB3"
"TF","Factor: DEC1; motif: CNCACRTGASC; match class: 1","TF:M03572_1","1","0","1889","20","1","20044","HSPG2"
"TF","Factor: DEC1; motif: CNCACRTGASC","TF:M03572","1","0","6837","20","10","20044","PRDM16,HSPG2,NOS1AP,SP3,MECOM,LDB3,CRYAB,PKP2,NFATC3,MYO18B"
"TF","Factor: DEC1; motif: NGCACGTGAS; match class: 1","TF:M09876_1","1","0","6348","20","4","20044","HSPG2,PTP4A3,LDB3,NFATC3"
"TF","Factor: DEC1; motif: NGCACGTGAS","TF:M09876","1","0","8863","20","5","20044","HSPG2,CACNA2D2,PTP4A3,LDB3,NFATC3"
"TF","Factor: DEAF1; motif: RNNNRTTCGGGNRTTTCCGGRRNKN","TF:M01002","1","0","1109","20","1","20044","GNRHR"
"TF","Factor: DBP; motif: TTRCATAANN; match class: 1","TF:M07038_1","1","0","1191","20","1","20044","UBA6"
"TF","Factor: DBP; motif: TTRCATAANN","TF:M07038","1","0","5557","20","4","20044","NOS1AP,SEC62,UBA6,PKP2"
"TF","Factor: DBP; motif: TTWTGYAA; match class: 1","TF:M01872_1","1","0","307","20","2","20044","UBA6,PKP2"
"TF","Factor: DBP; motif: TTWTGYAA","TF:M01872","1","0","2700","20","3","20044","SEC62,UBA6,PKP2"
"TF","Factor: DBP; motif: NRTTAYGTAAYN","TF:M11326","1","0","156","20","1","20044","SEC62"
"TF","Factor: DB1; motif: GGRRRRGRRGGAGGGGGNGRRR; match class: 1","TF:M10107_1","1","0","2764","20","6","20044","PRDM16,SP3,KAT2B,MECOM,PTP4A3,ADM"
"TF","Factor: DB1; motif: GGRRRRGRRGGAGGGGGNGRRR","TF:M10107","1","0","6014","20","12","20044","PRDM16,NOS1AP,SP3,KAT2B,CACNA2D2,MECOM,UBA6,PTP4A3,PTK2,ADM,CRYAB,NFATC3"
"TF","Factor: DEC2; motif: SNTCACGTGS","TF:M01843","1","0","3829","20","4","20044","NOS1AP,UBA6,MYPN,NFATC3"
"TF","Factor: DAX1; motif: NNRNNNNAAGGTCANNNNNN","TF:M01248","1","0","832","20","1","20044","SEC62"
"TF","Factor: DATF1; motif: SNGGRRGCWGNGGG","TF:M09724","1","0","8605","20","11","20044","PRDM16,HSPG2,SP3,CACNA2D2,MECOM,PTP4A3,PTK2,TMEM245,LDB3,ADM,CRYAB"
"TF","Factor: CUTL2; motif: CTGATCGATTRN","TF:M11510","1","0","607","20","1","20044","KAT2B"
"TF","Factor: CUX1; motif: TAATCGATAN; match class: 1","TF:M13028_1","1","0","1021","20","1","20044","GNRHR"
"TF","Factor: CUX1; motif: TAATCGATAN","TF:M13028","1","0","4448","20","4","20044","KAT2B,MECOM,GNRHR,PTP4A3"
"TF","Factor: CDP; motif: NNATYGATYN; match class: 1","TF:M11508_1","1","0","1600","20","1","20044","KAT2B"
"TF","Factor: CDP; motif: NNATYGATYN","TF:M11508","1","0","3782","20","3","20044","KAT2B,SEC62,GNRHR"
"TF","Factor: CDP; motif: NTATTGATYR; match class: 1","TF:M11507_1","1","0","470","20","1","20044","GNRHR"
"TF","Factor: CDP; motif: NTATTGATYR","TF:M11507","1","0","3183","20","3","20044","SEC62,GNRHR,MYPN"
"TF","Factor: CDP; motif: TRATCRATAN; match class: 1","TF:M03952_1","1","0","1118","20","1","20044","GNRHR"
"TF","Factor: CDP; motif: TRATCRATAN","TF:M03952","1","0","4435","20","4","20044","KAT2B,SEC62,GNRHR,ADM"
"TF","Factor: CDP; motif: ATCGATNNNNNATCRAT; match class: 1","TF:M03950_1","1","0","1561","20","3","20044","GNRHR,MYPN,PKP2"
"TF","Factor: CDP; motif: ATCGATNNNNNATCRAT","TF:M03950","1","0","4231","20","6","20044","MECOM,GNRHR,TMEM245,MYPN,PKP2,NFATC3"
"TF","Factor: CDP; motif: ATCGATNNNNNNATCRAT","TF:M03951","1","0","4060","20","4","20044","MECOM,UBA6,MYPN,PKP2"
"TF","Factor: CDP:T-bet; motif: NTCACACNYYRATCRATM; match class: 1","TF:M08203_1","1","0","1491","20","1","20044","GNRHR"
"TF","Factor: DATF1; motif: SNGGRRGCWGNGGG; match class: 1","TF:M09724_1","1","0","2981","20","6","20044","PRDM16,HSPG2,SP3,PTP4A3,PTK2,ADM"
"TF","Factor: DMRT1; motif: TTGMTACAWTGTTKC","TF:M01146","1","0","727","20","1","20044","GNRHR"
"TF","Factor: DEC2; motif: SNTCACGTGS; match class: 1","TF:M01843_1","1","0","921","20","1","20044","NFATC3"
"TF","Factor: DEC; motif: SCCCAMGTGAAGN","TF:M00997","1","0","9169","20","5","20044","SP3,UBA6,MYPN,LDB3,NFATC3"
"TF","Factor: DMBX1; motif: NNGGATTANN","TF:M04305","1","0","5197","20","4","20044","SEC62,PTK2,TMEM245,ADM"
"TF","Factor: DLX6; motif: NWRNGYAAWYA; match class: 1","TF:M12595_1","1","0","497","20","2","20044","MYPN,CRYAB"
"TF","Factor: DLX6; motif: NWRNGYAAWYA","TF:M12595","1","0","3928","20","3","20044","MYPN,LDB3,CRYAB"
"TF","Factor: Dlx-6; motif: NTCRTTAN; match class: 1","TF:M10593_1","1","0","1765","20","2","20044","TMEM245,MYPN"
"TF","Factor: Dlx-6; motif: NTCRTTAN","TF:M10593","1","0","7211","20","8","20044","NOS1AP,KAT2B,SEC62,UBA6,PTK2,TMEM245,MYPN,PKP2"
"TF","Factor: Dlx-5; motif: AATTAN; match class: 1","TF:M03546_1","1","0","5870","20","7","20044","SEC62,GNRHR,UBA6,MYPN,PKP2,NFATC3,MYO18B"
"TF","Factor: Dlx-5; motif: AATTAN","TF:M03546","1","0","10971","20","11","20044","NOS1AP,SP3,KAT2B,SEC62,MECOM,GNRHR,UBA6,MYPN,PKP2,NFATC3,MYO18B"
"TF","Factor: Dlx-5; motif: NTCRTTAN; match class: 1","TF:M10615_1","1","0","704","20","1","20044","MYPN"
"TF","Factor: Dlx-5; motif: NTCRTTAN","TF:M10615","1","0","4395","20","4","20044","NOS1AP,KAT2B,MYPN,PKP2"
"TF","Factor: Dlx-5; motif: NTCRTTAN; match class: 1","TF:M10612_1","1","0","2526","20","1","20044","MYPN"
"TF","Factor: Dlx-5; motif: NTCRTTAN","TF:M10612","1","0","8259","20","10","20044","NOS1AP,KAT2B,SEC62,MECOM,GNRHR,UBA6,PTK2,TMEM245,MYPN,PKP2"
"TF","Factor: Dlx-5; motif: NNRGYAATTRNYKNNN; match class: 1","TF:M01388_1","1","0","5760","20","6","20044","NOS1AP,KAT2B,SEC62,GNRHR,UBA6,PKP2"
"TF","Factor: Dlx-5; motif: NNRGYAATTRNYKNNN","TF:M01388","1","0","7698","20","7","20044","NOS1AP,KAT2B,SEC62,MECOM,GNRHR,UBA6,PKP2"
"TF","Factor: Dlx-7; motif: NTCRTTAN; match class: 1","TF:M10603_1","1","0","2526","20","1","20044","MYPN"
"TF","Factor: DEC2; motif: NNTCACNTGSNGN","TF:M08871","1","0","2469","20","2","20044","NOS1AP,UBA6"
"TF","Factor: Dlx-7; motif: NTCRTTAN","TF:M10603","1","0","8259","20","10","20044","NOS1AP,KAT2B,SEC62,MECOM,GNRHR,UBA6,PTK2,TMEM245,MYPN,PKP2"
"TF","Factor: Dlx-7; motif: NTCRTTAN","TF:M10600","1","0","7521","20","10","20044","NOS1AP,KAT2B,SEC62,MECOM,GNRHR,UBA6,PTK2,TMEM245,MYPN,PKP2"
"TF","Factor: Dlx-3; motif: NTAATTNVN","TF:M07278","1","0","3525","20","5","20044","SEC62,GNRHR,PKP2,NFATC3,MYO18B"
"TF","Factor: Dlx-3; motif: NNNYNAATTAAN","TF:M07603","1","0","826","20","1","20044","GNRHR"
"TF","Factor: Dlx-3; motif: NTCRTTAN; match class: 1","TF:M10609_1","1","0","907","20","1","20044","MYPN"
"TF","Factor: Dlx-3; motif: NTCRTTAN","TF:M10609","1","0","4690","20","5","20044","KAT2B,MECOM,GNRHR,MYPN,PKP2"
"TF","Factor: Dlx-3; motif: NNNNNATAATTACMNNN; match class: 1","TF:M01400_1","1","0","928","20","1","20044","GNRHR"
"TF","Factor: Dlx-3; motif: NNNNNATAATTACMNNN","TF:M01400","1","0","3251","20","3","20044","KAT2B,MECOM,GNRHR"
"TF","Factor: DLX2; motif: AMSMCTGACKG; match class: 1","TF:M08873_1","1","0","1799","20","3","20044","HSPG2,ADM,NFATC3"
"TF","Factor: DLX2; motif: AMSMCTGACKG","TF:M08873","1","0","7586","20","8","20044","HSPG2,SEC62,MECOM,TMEM245,ADM,PKP2,NFATC3,MYO18B"
"TF","Factor: Dlx-2; motif: NYAATTAN; match class: 1","TF:M04300_1","1","0","1194","20","2","20044","SEC62,NFATC3"
"TF","Factor: Dlx-2; motif: NYAATTAN","TF:M04300","1","0","5450","20","5","20044","KAT2B,SEC62,GNRHR,MYPN,NFATC3"
"TF","Factor: Dlx-1; motif: NNTAATTANN","TF:M04299","1","0","2531","20","6","20044","NOS1AP,KAT2B,SEC62,GNRHR,UBA6,PKP2"
"TF","Factor: DEC; motif: NNNSCACSTGAS","TF:M08872","1","0","7503","20","4","20044","CACNA2D2,SEC62,ADM,NFATC3"
"TF","Factor: DEC; motif: SCCCAMGTGAAGN; match class: 1","TF:M00997_1","1","0","2852","20","1","20044","UBA6"
"TF","Factor: Dlx-7; motif: NTCRTTAN; match class: 1","TF:M10600_1","1","0","2091","20","1","20044","MYPN"
"TF","Factor: CNOT3; motif: GGCCGCGSSS","TF:M01253","1","0","4074","20","7","20044","PRDM16,HSPG2,NOS1AP,PTK2,TMEM245,PKP2,NFATC3"
"TF","Factor: Elk-1; motif: NNNNCCGGAARTNN","TF:M00025","1","0","10256","20","11","20044","NOS1AP,SP3,KAT2B,SEC62,MECOM,UBA6,PTK2,LDB3,PKP2,NFATC3,MYO18B"
"TF","Factor: Elk-1; motif: AACCGGAAGTR","TF:M01163","1","0","5371","20","3","20044","UBA6,TMEM245,MYPN"
"TF","Factor: FOXA2; motif: NWGTAAACANN; match class: 1","TF:M12491_1","1","0","582","20","1","20044","MYO18B"
"TF","Factor: FOXA2; motif: NWGTAAACANN","TF:M12491","1","0","4096","20","3","20044","SEC62,CRYAB,MYO18B"
"TF","Factor: HNF-3beta; motif: TGTTTACWYWG","TF:M09619","1","0","2734","20","1","20044","CRYAB"
"TF","Factor: HNF3ALPHA; motif: TGTTTACWYWGN","TF:M12619","1","0","3273","20","3","20044","SEC62,CRYAB,MYO18B"
"TF","Factor: FOXA1; motif: NWGTAAACATNN; match class: 1","TF:M12506_1","1","0","565","20","1","20044","MYO18B"
"TF","Factor: FOXA1; motif: NWGTAAACATNN","TF:M12506","1","0","3733","20","3","20044","SEC62,CRYAB,MYO18B"
"TF","Factor: HNF-3alpha; motif: YTRWGTMAATATTTRCWYWN","TF:M11571","1","0","4316","20","2","20044","UBA6,MYPN"
"TF","Factor: HNF-3alpha; motif: CNYTAAGTAAACAAAN","TF:M11570","1","0","3692","20","1","20044","KAT2B"
"TF","Factor: HNF-3alpha; motif: NNYTAWGTAAACAAAN","TF:M11568","1","0","2283","20","1","20044","KAT2B"
"TF","Factor: HNF-3alpha; motif: NWRTGTAAAYAN","TF:M11567","1","0","5034","20","4","20044","SEC62,MYPN,CRYAB,MYO18B"
"TF","Factor: HNF-3alpha; motif: NWRWGTMAAYAW","TF:M11566","1","0","3535","20","3","20044","SEC62,CRYAB,MYO18B"
"TF","Factor: HNF-3alpha; motif: NTRTTTACWYWNN","TF:M09618","1","0","2388","20","1","20044","CRYAB"
"TF","Factor: HNF-3alpha; motif: WRWGTAAAYA","TF:M08764","1","0","3951","20","3","20044","SEC62,CRYAB,MYO18B"
"TF","Factor: HNF-3alpha; motif: WRWGTAAAC","TF:M04737","1","0","4869","20","2","20044","MYPN,CRYAB"
"TF","Factor: c-Fos; motif: NTGAGTCAN","TF:M09924","1","0","2446","20","2","20044","PTP4A3,LDB3"
"TF","Factor: c-Fos; motif: RTGAGTCAYNN","TF:M09617","1","0","2670","20","2","20044","PTP4A3,LDB3"
"TF","Factor: C-FOS; motif: NNNKATGACGTCATNNN; match class: 1","TF:M08947_1","1","0","2728","20","1","20044","ADM"
"TF","Factor: C-FOS; motif: NNNKATGACGTCATNNN","TF:M08947","1","0","7114","20","4","20044","UBA6,PTP4A3,ADM,MYO18B"
"TF","Factor: C-FOS; motif: NATGAGTCATN","TF:M08946","1","0","2644","20","3","20044","PTP4A3,LDB3,CRYAB"
"TF","Factor: c-Fos; motif: NNTGASTCATN; match class: 1","TF:M07090_1","1","0","1735","20","2","20044","PTP4A3,LDB3"
"TF","Factor: c-Fos; motif: NNTGASTCATN","TF:M07090","1","0","4428","20","4","20044","MECOM,UBA6,PTP4A3,LDB3"
"TF","Factor: c-Fos; motif: ACTCACCA; match class: 1","TF:M04802_1","1","0","1519","20","1","20044","CRYAB"
"TF","Factor: c-Fos; motif: ACTCACCA","TF:M04802","1","0","7509","20","9","20044","PRDM16,HSPG2,GNRHR,TMEM245,LDB3,ADM,CRYAB,PKP2,NFATC3"
"TF","Factor: c-Fos; motif: RTGASTCAY; match class: 1","TF:M04693_1","1","0","1892","20","1","20044","LDB3"
"TF","Factor: c-Fos; motif: RTGASTCAY","TF:M04693","1","0","2712","20","1","20044","LDB3"
"TF","Factor: Fra-2; motif: NRRTGASTCAB; match class: 1","TF:M07092_1","1","0","1156","20","1","20044","LDB3"
"TF","Factor: Fra-2; motif: NRRTGASTCAB","TF:M07092","1","0","3167","20","2","20044","PTP4A3,LDB3"
"TF","Factor: FOSL1; motif: NNATGACTCATNN; match class: 1","TF:M12518_1","1","0","1984","20","1","20044","LDB3"
"TF","Factor: FOSL1; motif: NNATGACTCATNN","TF:M12518","1","0","4716","20","3","20044","PTP4A3,LDB3,ADM"
"TF","Factor: HNF3BETA; motif: NWRWGTAAACA","TF:M12620","1","0","2917","20","1","20044","CRYAB"
"TF","Factor: FOXB1; motif: TGTAAAYAN","TF:M04231","1","0","408","20","1","20044","SEC62"
"TF","Factor: Foxc1; motif: TTVYTTTNW","TF:M07254","1","0","7801","20","8","20044","HSPG2,SP3,SEC62,GNRHR,UBA6,MYPN,NFATC3,MYO18B"
"TF","Factor: Foxc1; motif: TTVYTTTNW; match class: 1","TF:M07254_1","1","0","2604","20","2","20044","UBA6,MYPN"
"TF","Factor: FOXJ2; motif: RTAAACAA","TF:M04247","1","0","1191","20","2","20044","SEC62,MYO18B"
"TF","Factor: FOXJ2; motif: AYMATAATATTTKN; match class: 1","TF:M00423_1","1","0","2765","20","1","20044","MYPN"
"TF","Factor: FOXJ2; motif: AYMATAATATTTKN","TF:M00423","1","0","7042","20","7","20044","KAT2B,SEC62,GNRHR,TMEM245,MYPN,PKP2,MYO18B"
"TF","Factor: FOXJ2:pitx1; motif: YTAATCCCNAMAACA","TF:M08477","1","0","503","20","1","20044","TMEM245"
"TF","Factor: FOXJ2:HOXB13; motif: TTTTATNDGNMAACA","TF:M08473","1","0","1663","20","1","20044","UBA6"
"TF","Factor: FOXJ2:Elf-1; motif: NNAAACMGGAAGTN","TF:M08290","1","0","1623","20","3","20044","SP3,KAT2B,MYPN"
"TF","Factor: FOXI1; motif: AAYRTAAACAAT","TF:M11582","1","0","1180","20","1","20044","MYPN"
"TF","Factor: FOXI1; motif: NNNNNGTAAACAN","TF:M11581","1","0","1583","20","1","20044","SEC62"
"TF","Factor: FOXI1; motif: GTAAACA; match class: 1","TF:M04244_1","1","0","475","20","1","20044","MYO18B"
"TF","Factor: FOXI1; motif: GTAAACA","TF:M04244","1","0","3766","20","3","20044","SEC62,CRYAB,MYO18B"
"TF","Factor: FoxH1; motif: TGTGGATTS","TF:M09928","1","0","1079","20","1","20044","MECOM"
"TF","Factor: BF-1; motif: NACRYMMACAN","TF:M11577","1","0","1784","20","2","20044","GNRHR,CRYAB"
"TF","Factor: BF-1; motif: NACGYMAACAN","TF:M11576","1","0","1669","20","2","20044","NOS1AP,NFATC3"
"TF","Factor: FOXG1; motif: RTAAACAW","TF:M07989","1","0","1191","20","2","20044","SEC62,MYO18B"
"TF","Factor: Fra-1; motif: NATGAWTCAYN; match class: 1","TF:M11286_1","1","0","2370","20","3","20044","MECOM,UBA6,LDB3"
"TF","Factor: FOXE1; motif: NYTAAAYAAACAAN","TF:M13089","1","0","402","20","1","20044","GNRHR"
"TF","Factor: HFH2; motif: NNWAYRTAAACW","TF:M11555","1","0","4675","20","2","20044","GNRHR,MYO18B"
"TF","Factor: HFH2; motif: NYWAYRTAAACA","TF:M11554","1","0","4381","20","4","20044","KAT2B,GNRHR,UBA6,MYO18B"
"TF","Factor: FOXD3; motif: GTAAAYA","TF:M04241","1","0","1898","20","2","20044","SEC62,CRYAB"
"TF","Factor: FOXD3; motif: NAWTGTTTRTTT","TF:M00130","1","0","4215","20","5","20044","PRDM16,GNRHR,MYPN,PKP2,MYO18B"
"TF","Factor: FOXD2; motif: NYTAARYAAACA","TF:M13043","1","0","633","20","2","20044","GNRHR,NFATC3"
"TF","Factor: FOXD2; motif: NWACAATAAYATTN","TF:M11553","1","0","289","20","1","20044","MECOM"
"TF","Factor: FOXD2; motif: NWACAATAACAWTN","TF:M11551","1","0","334","20","2","20044","MECOM,UBA6"
"TF","Factor: FOXD2; motif: GYTRNGTMAACAN","TF:M11550","1","0","2272","20","2","20044","MYPN,CRYAB"
"TF","Factor: FOXD2; motif: GTAAACA; match class: 1","TF:M04239_1","1","0","475","20","1","20044","MYO18B"
"TF","Factor: FOXD2; motif: GTAAACA","TF:M04239","1","0","3766","20","3","20044","SEC62,CRYAB,MYO18B"
"TF","Factor: FKHL14; motif: NNANRYAAACAN","TF:M11560","1","0","2183","20","2","20044","GNRHR,MYO18B"
"TF","Factor: FKHL14; motif: NWNNGTMAACAN; match class: 1","TF:M11558_1","1","0","600","20","1","20044","MYO18B"
"TF","Factor: FKHL14; motif: NWNNGTMAACAN","TF:M11558","1","0","4191","20","4","20044","SEC62,GNRHR,CRYAB,MYO18B"
"TF","Factor: FOXC2; motif: WAWGTAAACAWW","TF:M04237","1","0","1497","20","1","20044","MYO18B"
"TF","Factor: FOXD3; motif: WANGNAAATAAACANN","TF:M12967","1","0","2503","20","1","20044","UBA6"
"TF","Factor: Fra-1; motif: NATGAWTCAYN","TF:M11286","1","0","3185","20","3","20044","MECOM,UBA6,LDB3"
"TF","Factor: Fra-1; motif: GRTGACGTCATC; match class: 1","TF:M11285_1","1","0","4646","20","2","20044","UBA6,ADM"
"TF","Factor: Fra-1; motif: GRTGACGTCATC","TF:M11285","1","0","7795","20","5","20044","UBA6,PTP4A3,LDB3,ADM,CRYAB"
"TF","Factor: Fli-1:E2A; motif: NCCGGAWRCASCTGN; match class: 1","TF:M08472_1","1","0","2293","20","4","20044","CACNA2D2,UBA6,PTP4A3,LDB3"
"TF","Factor: Fli-1:E2A; motif: NCCGGAWRCASCTGN","TF:M08472","1","0","8562","20","8","20044","CACNA2D2,SEC62,GNRHR,UBA6,PTP4A3,MYPN,LDB3,ADM"
"TF","Factor: Fli-1:Max; motif: NCCGGAAACACGTGN; match class: 1","TF:M08289_1","1","0","3388","20","3","20044","CACNA2D2,LDB3,CRYAB"
"TF","Factor: Fli-1:Max; motif: NCCGGAAACACGTGN","TF:M08289","1","0","10169","20","11","20044","PRDM16,CACNA2D2,MECOM,PTP4A3,PTK2,TMEM245,MYPN,LDB3,CRYAB,PKP2,MYO18B"
"TF","Factor: Fli-1:HOXB13; motif: NNCGGAARYNRTWAA; match class: 1","TF:M08471_1","1","0","924","20","1","20044","MYPN"
"TF","Factor: Fli-1:HOXB13; motif: NNCGGAARYNRTWAA","TF:M08471","1","0","5271","20","9","20044","PRDM16,KAT2B,MECOM,GNRHR,PTK2,MYPN,LDB3,NFATC3,MYO18B"
"TF","Factor: Fli-1:FIGLA; motif: NCCGGAARCASSTGN; match class: 1","TF:M08284_1","1","0","2041","20","2","20044","PTP4A3,LDB3"
"TF","Factor: Fli-1:FIGLA; motif: NCCGGAARCASSTGN","TF:M08284","1","0","8113","20","8","20044","PRDM16,CACNA2D2,SEC62,GNRHR,UBA6,PTP4A3,LDB3,CRYAB"
"TF","Factor: Fli-1:ETV7; motif: NSMGGAMGGATNTCCGNN; match class: 1","TF:M08283_1","1","0","305","20","2","20044","SP3,NFATC3"
"TF","Factor: Fli-1:ETV7; motif: NSMGGAMGGATNTCCGNN","TF:M08283","1","0","2991","20","5","20044","HSPG2,SP3,PTK2,PKP2,NFATC3"
"TF","Factor: Fli-1:Prrxl1; motif: ACCGGAAGTAATTAN","TF:M08282","1","0","2204","20","2","20044","KAT2B,PTK2"
"TF","Factor: Fli-1:Dlx-2; motif: RNCGGAARYAATTA; match class: 1","TF:M08470_1","1","0","1252","20","2","20044","UBA6,NFATC3"
"TF","Factor: Fli-1:Dlx-2; motif: RNCGGAARYAATTA","TF:M08470","1","0","5988","20","6","20044","NOS1AP,KAT2B,UBA6,PTK2,MYPN,NFATC3"
"TF","Factor: Fli-1:C/EBPdelta; motif: NNCGGAWATTGCGCAAT; match class: 1","TF:M08469_1","1","0","1499","20","2","20044","UBA6,TMEM245"
"TF","Factor: Fli-1; motif: ACCGGAAGYN","TF:M02073","1","0","5979","20","3","20044","NOS1AP,UBA6,PTK2"
"TF","Factor: Fli-1:C/EBPdelta; motif: NNCGGAWATTGCGCAAT","TF:M08469","1","0","6824","20","8","20044","CACNA2D2,SEC62,MECOM,UBA6,PTK2,TMEM245,ADM,MYO18B"
"TF","Factor: Fli-1:C/EBPbeta; motif: RNCGGAWRTTGCGCAAY","TF:M08281","1","0","7695","20","7","20044","CACNA2D2,SEC62,MECOM,UBA6,PTK2,TMEM245,PKP2"
"TF","Factor: FKLF; motif: BGGGNGGVMD; match class: 1","TF:M01837_1","1","0","1497","20","6","20044","PRDM16,SP3,KAT2B,CACNA2D2,MECOM,PTK2"
"TF","Factor: FKLF; motif: BGGGNGGVMD","TF:M01837","1","0","5608","20","12","20044","PRDM16,HSPG2,SP3,KAT2B,CACNA2D2,MECOM,UBA6,PTK2,TMEM245,CRYAB,NFATC3,MYO18B"
"TF","Factor: FKHL5; motif: ATGTTTAT","TF:M03573","1","0","1467","20","2","20044","UBA6,MYPN"
"TF","Factor: FKHL14; motif: TMNAAACARKAASA; match class: 1","TF:M08882_1","1","0","270","20","1","20044","NOS1AP"
"TF","Factor: FKHL14; motif: TMNAAACARKAASA","TF:M08882","1","0","2412","20","3","20044","NOS1AP,MECOM,GNRHR"
"TF","Factor: FIGLA; motif: NMCACCTGN","TF:M11201","1","0","379","20","1","20044","SEC62"
"TF","Factor: FIGLA; motif: NMCACCTGK","TF:M11200","1","0","379","20","1","20044","SEC62"
"TF","Factor: FIGLA; motif: NMCACCTGKN","TF:M04169","1","0","1211","20","2","20044","SEC62,CRYAB"
"TF","Factor: FEZF1; motif: NYTGYYCTTTTN; match class: 1","TF:M09919_1","1","0","205","20","1","20044","MYPN"
"TF","Factor: FEZF1; motif: NYTGYYCTTTTN","TF:M09919","1","0","2458","20","5","20044","SEC62,GNRHR,MYPN,CRYAB,MYO18B"
"TF","Factor: Pet-1; motif: NACCGGAAGTN","TF:M11407","1","0","787","20","1","20044","UBA6"
"TF","Factor: Pet-1; motif: NACCGGAAGTN","TF:M11406","1","0","1325","20","2","20044","UBA6,MYPN"
"TF","Factor: FEV; motif: ACCGGAAGTN","TF:M03987","1","0","1341","20","1","20044","UBA6"
"TF","Factor: Fli-1:C/EBPbeta; motif: RNCGGAWRTTGCGCAAY; match class: 1","TF:M08281_1","1","0","1962","20","2","20044","CACNA2D2,MECOM"
"TF","Factor: FOXJ2; motif: NNTGTTGTAAAYAN","TF:M11584","1","0","4845","20","6","20044","SP3,SEC62,TMEM245,MYPN,PKP2,MYO18B"
"TF","Factor: Fli-1; motif: ACCGGAAGYN; match class: 1","TF:M02073_1","1","0","1506","20","1","20044","UBA6"
"TF","Factor: FLI1; motif: ACCGGAARTN; match class: 1","TF:M03988_1","1","0","2999","20","2","20044","UBA6,PKP2"
"TF","Factor: Fra-1; motif: NATGASTCAYM","TF:M11284","1","0","3256","20","1","20044","LDB3"
"TF","Factor: Fra-1; motif: NNNTGAGTCAYN","TF:M09922","1","0","4625","20","3","20044","PTP4A3,LDB3,ADM"
"TF","Factor: Fra-1; motif: NRTGACTCATN","TF:M09615","1","0","4155","20","3","20044","PTP4A3,LDB3,ADM"
"TF","Factor: Fra-1; motif: RRTGASTCAKN","TF:M07091","1","0","1735","20","2","20044","PTP4A3,LDB3"
"TF","Factor: Fra-1; motif: ACTCATG","TF:M04897","1","0","2596","20","1","20044","MYO18B"
"TF","Factor: C-FOS:C-JUN; motif: ATGAGTCAYN; match class: 1","TF:M08942_1","1","0","792","20","1","20044","LDB3"
"TF","Factor: C-FOS:C-JUN; motif: ATGAGTCAYN","TF:M08942","1","0","3304","20","2","20044","PTP4A3,LDB3"
"TF","Factor: FOSB:JUND; motif: NNTNACTNATN","TF:M08928","1","0","6211","20","7","20044","PRDM16,SEC62,PTK2,TMEM245,MYPN,LDB3,MYO18B"
"TF","Factor: FLI-1; motif: CMGGAWGTSAN","TF:M01208","1","0","6363","20","6","20044","NOS1AP,KAT2B,GNRHR,UBA6,PTK2,MYPN"
"TF","Factor: Fli-1; motif: MGGAAGT; match class: 1","TF:M07382_1","1","0","1476","20","1","20044","MYPN"
"TF","Factor: Fli-1; motif: MGGAAGT","TF:M07382","1","0","6914","20","6","20044","PRDM16,KAT2B,GNRHR,PTK2,MYPN,NFATC3"
"TF","Factor: Fli-1; motif: NACCGGAARTN; match class: 1","TF:M11404_1","1","0","3238","20","2","20044","UBA6,PKP2"
"TF","Factor: Fli-1; motif: NACCGGAARTN","TF:M11404","1","0","8935","20","8","20044","NOS1AP,SP3,MECOM,UBA6,PTK2,MYPN,PKP2,NFATC3"
"TF","Factor: Fli-1; motif: NACCGGAARTN","TF:M11402","1","0","3954","20","3","20044","NOS1AP,UBA6,MYPN"
"TF","Factor: FLI1; motif: ACCGGAARTN","TF:M03988","1","0","8498","20","8","20044","NOS1AP,SP3,MECOM,UBA6,PTK2,MYPN,PKP2,NFATC3"
"TF","Factor: Fli-1; motif: NACCGGATATCCGGTN; match class: 1","TF:M11401_1","1","0","12044","20","13","20044","HSPG2,NOS1AP,SP3,CACNA2D2,SEC62,UBA6,PTK2,TMEM245,ADM,CRYAB,PKP2,NFATC3,MYO18B"
"TF","Factor: Fli-1; motif: NACCGGAARTN; match class: 1","TF:M11400_1","1","0","4300","20","3","20044","UBA6,PKP2,NFATC3"
"TF","Factor: Fli-1; motif: NACCGGAARTN","TF:M11400","1","0","10184","20","9","20044","NOS1AP,SP3,SEC62,MECOM,UBA6,PTK2,PKP2,NFATC3,MYO18B"
"TF","Factor: Fli-1; motif: NACCGGAWWTCCGGTY; match class: 1","TF:M11399_1","1","0","11766","20","12","20044","HSPG2,NOS1AP,SP3,CACNA2D2,SEC62,UBA6,PTK2,ADM,CRYAB,PKP2,NFATC3,MYO18B"
"TF","Factor: Fli-1; motif: NACCGGAWWTCCGGTY","TF:M11399","1","0","13218","20","13","20044","HSPG2,NOS1AP,SP3,CACNA2D2,SEC62,UBA6,PTK2,TMEM245,ADM,CRYAB,PKP2,NFATC3,MYO18B"
"TF","Factor: Fli-1; motif: NACMGGAARTN; match class: 1","TF:M11398_1","1","0","201","20","1","20044","UBA6"
"TF","Factor: Fli-1; motif: NACMGGAARTN","TF:M11398","1","0","2402","20","3","20044","NOS1AP,UBA6,MYPN"
"TF","Factor: Fli-1; motif: NNRGGMAGGAAGGRRRGR; match class: 1","TF:M09920_1","1","0","3463","20","5","20044","SEC62,PTK2,LDB3,CRYAB,NFATC3"
"TF","Factor: Fli-1; motif: NNRGGMAGGAAGGRRRGR","TF:M09920","1","0","9484","20","10","20044","NOS1AP,SP3,SEC62,UBA6,PTK2,LDB3,CRYAB,PKP2,NFATC3,MYO18B"
"TF","Factor: Fli-1; motif: RCMGGAAGYGNNN","TF:M09613","1","0","5273","20","5","20044","NOS1AP,SP3,UBA6,PTK2,MYPN"
"TF","Factor: FLI-1; motif: NAYTTCCGGT; match class: 1","TF:M08913_1","1","0","3115","20","2","20044","UBA6,PKP2"
"TF","Factor: FLI-1; motif: NAYTTCCGGT","TF:M08913","1","0","8512","20","6","20044","NOS1AP,SP3,MECOM,UBA6,PKP2,NFATC3"
"TF","Factor: Fli-1; motif: RCAGGAAGTGR","TF:M07089","1","0","5012","20","6","20044","NOS1AP,SP3,KAT2B,PTK2,MYPN,CRYAB"
"TF","Factor: FLI1; motif: ACCGGAAATCCGGT; match class: 1","TF:M03989_1","1","0","5761","20","7","20044","SP3,CACNA2D2,UBA6,PTK2,ADM,PKP2,MYO18B"
"TF","Factor: FLI1; motif: ACCGGAAATCCGGT","TF:M03989","1","0","10644","20","11","20044","HSPG2,SP3,CACNA2D2,SEC62,UBA6,PTK2,ADM,CRYAB,PKP2,NFATC3,MYO18B"
"TF","Factor: Fli-1; motif: NACCGGATATCCGGTN","TF:M11401","1","0","12199","20","13","20044","HSPG2,NOS1AP,SP3,CACNA2D2,SEC62,UBA6,PTK2,TMEM245,ADM,CRYAB,PKP2,NFATC3,MYO18B"
"TF","Factor: FEV; motif: CAGGAART","TF:M02269","1","0","2172","20","1","20044","NFATC3"
"TF","Factor: FOXJ2; motif: NNTGTTGTAAAYAN; match class: 1","TF:M11584_1","1","0","969","20","1","20044","MYPN"
"TF","Factor: FOXJ2; motif: NNTGTTGTAAAYAN; match class: 1","TF:M11585_1","1","0","1367","20","1","20044","MYPN"
"TF","Factor: FPM315; motif: SRGGGAGGAGGN; match class: 1","TF:M01587_1","1","0","564","20","1","20044","SP3"
"TF","Factor: FPM315; motif: SRGGGAGGAGGN","TF:M01587","1","0","3337","20","3","20044","SP3,MECOM,PTP4A3"
"TF","Factor: FOX; motif: KWTTGTTTRTTTW","TF:M00809","1","0","3783","20","2","20044","GNRHR,PKP2"
"TF","Factor: FOXQ1; motif: NYWRNGTAAACAN","TF:M13139","1","0","2841","20","2","20044","SEC62,CRYAB"
"TF","Factor: HFH-1; motif: YTAYRTAAACAN","TF:M11548","1","0","1650","20","1","20044","GNRHR"
"TF","Factor: FOXP4; motif: TGTTTRCTNW","TF:M12608","1","0","1282","20","1","20044","CRYAB"
"TF","Factor: FOXP3; motif: NNNVAAACANWD; match class: 1","TF:M07419_1","1","0","2146","20","3","20044","NOS1AP,GNRHR,MYPN"
"TF","Factor: FOXP3; motif: NNNVAAACANWD","TF:M07419","1","0","6330","20","9","20044","NOS1AP,SP3,GNRHR,PTK2,TMEM245,MYPN,ADM,PKP2,MYO18B"
"TF","Factor: FOXP3; motif: RTAAACA; match class: 1","TF:M04267_1","1","0","475","20","1","20044","MYO18B"
"TF","Factor: FOXP3; motif: RTAAACA","TF:M04267","1","0","3766","20","3","20044","SEC62,CRYAB,MYO18B"
"TF","Factor: FOXP2; motif: NTGTTTACN","TF:M09934","1","0","1420","20","2","20044","SEC62,CRYAB"
"TF","Factor: FOXP1; motif: NNGTAAACANN","TF:M12519","1","0","977","20","1","20044","MYO18B"
"TF","Factor: FOXP1; motif: TNTGTTTMY","TF:M09933","1","0","4192","20","2","20044","MECOM,GNRHR"
"TF","Factor: FOXP1; motif: CTGTTTNYTYTKN; match class: 1","TF:M09855_1","1","0","2182","20","3","20044","TMEM245,MYPN,CRYAB"
"TF","Factor: FOXP1; motif: CTGTTTNYTYTKN","TF:M09855","1","0","7729","20","9","20044","HSPG2,GNRHR,UBA6,TMEM245,MYPN,LDB3,CRYAB,PKP2,MYO18B"
"TF","Factor: FOXP1; motif: NNGTAAACAGNN","TF:M09806","1","0","758","20","1","20044","CRYAB"
"TF","Factor: FOXO6; motif: GTAAACA; match class: 1","TF:M04265_1","1","0","475","20","1","20044","MYO18B"
"TF","Factor: FOXO6; motif: GTAAACA","TF:M04265","1","0","3766","20","3","20044","SEC62,CRYAB,MYO18B"
"TF","Factor: foxo4; motif: NCGTMMACAN; match class: 1","TF:M11547_1","1","0","420","20","1","20044","MYO18B"
"TF","Factor: foxo4; motif: NCGTMMACAN","TF:M11547","1","0","3494","20","3","20044","SEC62,CRYAB,MYO18B"
"TF","Factor: foxo4; motif: NNGTMAACAN; match class: 1","TF:M11546_1","1","0","632","20","1","20044","MYO18B"
"TF","Factor: foxo4; motif: NNGTMAACAN","TF:M11546","1","0","4286","20","3","20044","SEC62,CRYAB,MYO18B"
"TF","Factor: FOXO4; motif: TTTCCCCACACG","TF:M04263","1","0","392","20","1","20044","LDB3"
"TF","Factor: FOXO4; motif: GTAAACA","TF:M04262","1","0","1898","20","2","20044","SEC62,CRYAB"
"TF","Factor: FOXO4; motif: NNGTTGTTTACNTN; match class: 1","TF:M00476_1","1","0","245","20","2","20044","GNRHR,MYO18B"
"TF","Factor: FOXO4; motif: NNGTTGTTTACNTN","TF:M00476","1","0","2778","20","4","20044","NOS1AP,SEC62,GNRHR,MYO18B"
"TF","Factor: FOXO3a; motif: NYTGTTTACN","TF:M09932","1","0","2929","20","3","20044","SEC62,CRYAB,MYO18B"
"TF","Factor: FOXO3; motif: GTAAACAW; match class: 1","TF:M04259_1","1","0","165","20","1","20044","MYO18B"
"TF","Factor: FOXO3; motif: GTAAACAW","TF:M04259","1","0","2073","20","2","20044","SEC62,MYO18B"
"TF","Factor: FPM315; motif: GGGAGGAGGRRGRGGRGGRR","TF:M10134","1","0","2569","20","5","20044","PRDM16,NOS1AP,SP3,CACNA2D2,MECOM"
"TF","Factor: Fra-1; motif: TGAGTCAN","TF:M01267","1","0","932","20","1","20044","LDB3"
"TF","Factor: Fra-1; motif: TGAGTCAN","TF:M02095","1","0","1585","20","1","20044","ADM"
"TF","Factor: Fra-1; motif: TGACTCAN","TF:M03869","1","0","3563","20","2","20044","PTP4A3,LDB3"
"TF","Factor: GABP-alpha; motif: NACCGGAAGTN","TF:M11414","1","0","2988","20","1","20044","UBA6"
"TF","Factor: GABP-alpha; motif: NNNRCCGGAAGTGN","TF:M09935","1","0","4535","20","2","20044","KAT2B,UBA6"
"TF","Factor: GABP-ALPHA; motif: RCCGGAARTNN","TF:M08917","1","0","2754","20","2","20044","NOS1AP,UBA6"
"TF","Factor: GABP-alpha; motif: AACCGGAAR; match class: 1","TF:M04748_1","1","0","10593","20","12","20044","HSPG2,SP3,CACNA2D2,SEC62,GNRHR,UBA6,TMEM245,ADM,CRYAB,PKP2,NFATC3,MYO18B"
"TF","Factor: GABP-alpha; motif: AACCGGAAR","TF:M04748","1","0","16329","20","19","20044","PRDM16,HSPG2,NOS1AP,SP3,KAT2B,CACNA2D2,SEC62,MECOM,GNRHR,UBA6,PTK2,TMEM245,MYPN,LDB3,ADM,CRYAB,PKP2,NFATC3,MYO18B"
"TF","Factor: GABP-alpha; motif: CACTTCCGG","TF:M04698","1","0","3276","20","2","20044","KAT2B,UBA6"
"TF","Factor: GABPA; motif: ACCGGAAGTN","TF:M03990","1","0","5374","20","3","20044","NOS1AP,UBA6,PKP2"
"TF","Factor: GABPalpha; motif: RCCGGAWRYN; match class: 1","TF:M02074_1","1","0","1020","20","1","20044","UBA6"
"TF","Factor: GABPalpha; motif: RCCGGAWRYN","TF:M02074","1","0","4702","20","3","20044","NOS1AP,UBA6,PKP2"
"TF","Factor: GABPalpha_GABPbeta; motif: CTTCCKGY","TF:M03791","1","0","3048","20","2","20044","MECOM,UBA6"
"TF","Factor: FXR:RXR-alpha; motif: CAAGGTSAWTAACC","TF:M00631","1","0","3560","20","4","20044","PRDM16,GNRHR,MYPN,CRYAB"
"TF","Factor: FXR; motif: NRGGKCANTGRCCNNNNGG; match class: 1","TF:M10014_1","1","0","1536","20","2","20044","SP3,CACNA2D2"
"TF","Factor: FXR; motif: NRGGKCANTGRCCNNNNGG","TF:M10014","1","0","5794","20","6","20044","PRDM16,SP3,CACNA2D2,PTP4A3,PTK2,LDB3"
"TF","Factor: FXR; motif: NAGGTCAWNKN","TF:M08953","1","0","4866","20","2","20044","GNRHR,PTK2"
"TF","Factor: FOXO3; motif: GTAAACATGTTTAC","TF:M04258","1","0","2900","20","2","20044","GNRHR,CRYAB"
"TF","Factor: FXR:RXR; motif: RGGTCANTGACCTN","TF:M07256","1","0","1650","20","1","20044","SEC62"
"TF","Factor: FXR:RXR-ALPHA; motif: NRGGTCANRGGKN","TF:M08955","1","0","9881","20","11","20044","HSPG2,NOS1AP,SP3,CACNA2D2,SEC62,GNRHR,UBA6,PTP4A3,PTK2,LDB3,ADM"
"TF","Factor: FXR:RXR-ALPHA; motif: NAGKTCATTGACCYN","TF:M08954","1","0","6537","20","6","20044","CACNA2D2,SEC62,GNRHR,PTP4A3,TMEM245,NFATC3"
"TF","Factor: Freac-7; motif: WNNANATAAAYANNNN; match class: 1","TF:M00293_1","1","0","966","20","1","20044","GNRHR"
"TF","Factor: Freac-7; motif: WNNANATAAAYANNNN","TF:M00293","1","0","4611","20","4","20044","NOS1AP,GNRHR,UBA6,MYPN"
"TF","Factor: Freac-4; motif: CTWAWGTAAACANWGN","TF:M00292","1","0","2751","20","3","20044","SEC62,CRYAB,MYO18B"
"TF","Factor: Freac-3; motif: NNNNNGTAAATAAACA; match class: 1","TF:M00291_1","1","0","1102","20","1","20044","MYO18B"
"TF","Factor: Freac-3; motif: NNNNNGTAAATAAACA","TF:M00291","1","0","5333","20","3","20044","NOS1AP,SEC62,MYO18B"
"TF","Factor: Freac-2; motif: NNANNGTAAACAANNN; match class: 1","TF:M00290_1","1","0","269","20","1","20044","MYO18B"
"TF","Factor: Freac-2; motif: NNANNGTAAACAANNN","TF:M00290","1","0","2826","20","2","20044","SEC62,MYO18B"
"TF","Factor: Fra-2; motif: TGASTCANCN","TF:M03870","1","0","3695","20","2","20044","HSPG2,SEC62"
"TF","Factor: FRA2; motif: RTGAGTCAYN","TF:M12610","1","0","1770","20","1","20044","LDB3"
"TF","Factor: Fra-2; motif: NNRTGAGTCAYN","TF:M09923","1","0","4381","20","3","20044","PTP4A3,LDB3,ADM"
"TF","Factor: Fra-2; motif: RTGACTCANNN","TF:M09616","1","0","4810","20","3","20044","PTP4A3,LDB3,ADM"
"TF","Factor: FRA-2; motif: RTGANTCA","TF:M08914","1","0","3965","20","4","20044","MECOM,UBA6,PTP4A3,LDB3"
"TF","Factor: FXR:RXR-ALPHA; motif: NRGGTCANRGGKN; match class: 1","TF:M08955_1","1","0","3381","20","1","20044","UBA6"
"TF","Factor: FOXO3; motif: KGTAAACA; match class: 1","TF:M02270_1","1","0","191","20","1","20044","MYO18B"
"TF","Factor: FOXO3; motif: KGTAAACA","TF:M02270","1","0","2271","20","2","20044","SEC62,MYO18B"
"TF","Factor: FOXO3; motif: TNNTTGTTTACNTW; match class: 1","TF:M00477_1","1","0","278","20","1","20044","GNRHR"
"TF","Factor: Foxm1; motif: NTGTTTRT","TF:M07255","1","0","5835","20","2","20044","UBA6,MYPN"
"TF","Factor: FOXM1; motif: TRTTTATNN","TF:M08883","1","0","6849","20","7","20044","NOS1AP,GNRHR,UBA6,MYPN,CRYAB,PKP2,MYO18B"
"TF","Factor: FOXM1; motif: NAGASTGATTA; match class: 1","TF:M04611_1","1","0","3510","20","4","20044","NOS1AP,GNRHR,MYPN,PKP2"
"TF","Factor: FOXM1; motif: NAGASTGATTA","TF:M04611","1","0","9516","20","9","20044","NOS1AP,MECOM,GNRHR,MYPN,LDB3,ADM,CRYAB,PKP2,MYO18B"
"TF","Factor: foxm1; motif: TGTTTRCTYWNN; match class: 1","TF:M09930_1","1","0","1565","20","3","20044","GNRHR,MYPN,CRYAB"
"TF","Factor: foxm1; motif: TGTTTRCTYWNN","TF:M09930","1","0","6893","20","9","20044","CACNA2D2,GNRHR,UBA6,TMEM245,MYPN,LDB3,CRYAB,PKP2,MYO18B"
"TF","Factor: FOXL2; motif: AGHCWAAAYAN; match class: 1","TF:M08811_1","1","0","868","20","1","20044","GNRHR"
"TF","Factor: FOXL2; motif: AGHCWAAAYAN","TF:M08811","1","0","4115","20","3","20044","NOS1AP,GNRHR,LDB3"
"TF","Factor: FOXL2; motif: TWAKACWAMTTT","TF:M03548","1","0","4782","20","6","20044","NOS1AP,KAT2B,GNRHR,MYPN,CRYAB,NFATC3"
"TF","Factor: foxl2; motif: NNYGTAAACAN; match class: 1","TF:M11579_1","1","0","1176","20","2","20044","GNRHR,MYO18B"
"TF","Factor: foxl2; motif: NNYGTAAACAN","TF:M11579","1","0","5972","20","6","20044","NOS1AP,SEC62,GNRHR,MYPN,CRYAB,MYO18B"
"TF","Factor: foxl2; motif: NACGTMAACAN; match class: 1","TF:M11578_1","1","0","997","20","2","20044","NOS1AP,UBA6"
"TF","Factor: foxl2; motif: NACGTMAACAN","TF:M11578","1","0","5596","20","6","20044","NOS1AP,SEC62,MECOM,UBA6,PKP2,NFATC3"
"TF","Factor: FOXL1; motif: RTAAACA; match class: 1","TF:M04253_1","1","0","475","20","1","20044","MYO18B"
"TF","Factor: Foxn2; motif: NGCATCRNNNYGATGCN","TF:M11540","1","0","411","20","1","20044","GNRHR"
"TF","Factor: FOXL1; motif: RTAAACA","TF:M04253","1","0","3766","20","3","20044","SEC62,CRYAB,MYO18B"
"TF","Factor: FOXK2; motif: NNGTAAACANN","TF:M09770","1","0","978","20","1","20044","MYO18B"
"TF","Factor: FOXK1; motif: GTAAACA; match class: 1","TF:M12606_1","1","0","475","20","1","20044","MYO18B"
"TF","Factor: FOXK1; motif: GTAAACA","TF:M12606","1","0","3766","20","3","20044","SEC62,CRYAB,MYO18B"
"TF","Factor: FOXK1; motif: NNNGTAAACAN; match class: 1","TF:M11589_1","1","0","712","20","1","20044","MYO18B"
"TF","Factor: FOXK1; motif: NNNGTAAACAN","TF:M11589","1","0","4538","20","4","20044","NOS1AP,SEC62,CRYAB,MYO18B"
"TF","Factor: FOXK1; motif: NWYGTAAAYAR; match class: 1","TF:M11588_1","1","0","1061","20","1","20044","MYO18B"
"TF","Factor: FOXK1; motif: NWYGTAAAYAR","TF:M11588","1","0","5388","20","4","20044","SEC62,MECOM,CRYAB,MYO18B"
"TF","Factor: FOXK1; motif: TGTTTNCNNT; match class: 1","TF:M09929_1","1","0","628","20","2","20044","GNRHR,MYO18B"
"TF","Factor: FOXK1; motif: TGTTTNCNNT","TF:M09929","1","0","4185","20","5","20044","CACNA2D2,GNRHR,UBA6,TMEM245,MYO18B"
"TF","Factor: FOXK1; motif: NNNGTAAACANGNN","TF:M09805","1","0","884","20","1","20044","CRYAB"
"TF","Factor: FOXJ3; motif: TGTTTACNYW","TF:M12605","1","0","2494","20","2","20044","CRYAB,MYO18B"
"TF","Factor: foxj3; motif: RCGTMAACAN","TF:M11587","1","0","930","20","2","20044","SEC62,MYO18B"
"TF","Factor: foxj3; motif: ACGTAAACAN","TF:M11586","1","0","1271","20","1","20044","MYO18B"
"TF","Factor: FOXJ3; motif: RTAAACAA","TF:M04249","1","0","3889","20","2","20044","SEC62,MYO18B"
"TF","Factor: FOXK2; motif: NNGTAAACANN","TF:M12570","1","0","709","20","1","20044","MYO18B"
"TF","Factor: FOXJ2; motif: NNTGTTGTAAAYAN","TF:M11585","1","0","5612","20","4","20044","SP3,SEC62,MYPN,PKP2"
"TF","Factor: Foxn2; motif: NGCATCRNNNYGATGCN; match class: 1","TF:M11540_1","1","0","330","20","1","20044","GNRHR"
"TF","Factor: Foxn2; motif: NNGCGTCNNNNNGACGCNN; match class: 1","TF:M11541_1","1","0","5687","20","4","20044","KAT2B,MECOM,GNRHR,ADM"
"TF","Factor: FOXO3; motif: TNNTTGTTTACNTW","TF:M00477","1","0","2619","20","5","20044","KAT2B,SEC62,GNRHR,MYPN,MYO18B"
"TF","Factor: FOXO3A; motif: TRTAAACAANWN","TF:M01137","1","0","3853","20","4","20044","KAT2B,SEC62,GNRHR,MYO18B"
"TF","Factor: FOXO1; motif: NWAAACAAN; match class: 1","TF:M01216_1","1","0","736","20","1","20044","NOS1AP"
"TF","Factor: FOXO1; motif: NWAAACAAN","TF:M01216","1","0","3239","20","4","20044","NOS1AP,PTK2,MYPN,MYO18B"
"TF","Factor: FOXO1A; motif: NGTAAACAN; match class: 1","TF:M12607_1","1","0","471","20","1","20044","MYO18B"
"TF","Factor: FOXO1A; motif: NGTAAACAN","TF:M12607","1","0","3763","20","3","20044","SEC62,CRYAB,MYO18B"
"TF","Factor: FOXO1A; motif: NNNYTGTTTNCN; match class: 1","TF:M09931_1","1","0","1398","20","1","20044","MYO18B"
"TF","Factor: FOXO1A; motif: NNNYTGTTTNCN","TF:M09931","1","0","6739","20","6","20044","SP3,SEC62,MYPN,CRYAB,PKP2,MYO18B"
"TF","Factor: FOXO1; motif: GTAAACATGTTTAC","TF:M04256","1","0","3961","20","3","20044","GNRHR,UBA6,MYPN"
"TF","Factor: FOXO1; motif: GTAAACAW; match class: 1","TF:M04255_1","1","0","472","20","1","20044","MYO18B"
"TF","Factor: FOXO1; motif: GTAAACAW","TF:M04255","1","0","3766","20","3","20044","SEC62,CRYAB,MYO18B"
"TF","Factor: FOXO1; motif: TGTTKAC","TF:M01968","1","0","2663","20","3","20044","UBA6,TMEM245,CRYAB"
"TF","Factor: FOXO1; motif: GNNTTGTTTACNTT; match class: 1","TF:M00474_1","1","0","280","20","1","20044","MYO18B"
"TF","Factor: FOXO1; motif: GNNTTGTTTACNTT","TF:M00474","1","0","2807","20","4","20044","NOS1AP,SEC62,GNRHR,MYO18B"
"TF","Factor: Foxn2; motif: NNGCGTCNNNNNGACGCNN","TF:M11541","1","0","5992","20","5","20044","KAT2B,MECOM,GNRHR,ADM,NFATC3"
"TF","Factor: FOXO1A:PDEF; motif: WNCCGGATGTTDN; match class: 1","TF:M08486_1","1","0","4621","20","2","20044","UBA6,ADM"
"TF","Factor: FOXO1A:HOXA10; motif: RWMAACANCRTWAA; match class: 1","TF:M08482_1","1","0","706","20","3","20044","UBA6,MYPN,PKP2"
"TF","Factor: FOXO1A:HOXA10; motif: RWMAACANCRTWAA","TF:M08482","1","0","4243","20","4","20044","UBA6,TMEM245,MYPN,PKP2"
"TF","Factor: FOXO1A:ETV7; motif: NWMAACAGGAMNNNCTTCCNN; match class: 1","TF:M08304_1","1","0","7746","20","5","20044","SP3,MYPN,PKP2,NFATC3,MYO18B"
"TF","Factor: FOXO1A:ETV7; motif: NWMAACAGGAMNNNCTTCCNN","TF:M08304","1","0","14410","20","14","20044","PRDM16,NOS1AP,SP3,KAT2B,CACNA2D2,SEC62,MECOM,GNRHR,UBA6,PTP4A3,MYPN,PKP2,NFATC3,MYO18B"
"TF","Factor: FOXO1A:Net; motif: RWMAACAGGAAGTN; match class: 1","TF:M08302_1","1","0","2796","20","2","20044","SP3,UBA6"
"TF","Factor: FOXO1A:Net; motif: RWMAACAGGAAGTN","TF:M08302","1","0","9452","20","11","20044","SP3,KAT2B,SEC62,MECOM,GNRHR,UBA6,PTP4A3,PTK2,MYPN,CRYAB,NFATC3"
"TF","Factor: FOXO1A:Elk-1; motif: RWMAACAGGAAGTN","TF:M08299","1","0","7313","20","10","20044","SP3,KAT2B,SEC62,MECOM,GNRHR,UBA6,PTP4A3,PTK2,MYPN,NFATC3"
"TF","Factor: FOXO1A:Elf-1; motif: NAGAAAACCGAANM; match class: 1","TF:M08295_1","1","0","5063","20","4","20044","PRDM16,MECOM,TMEM245,PKP2"
"TF","Factor: FOXO1A:Elf-1; motif: NAGAAAACCGAANM","TF:M08295","1","0","11924","20","11","20044","PRDM16,NOS1AP,SP3,CACNA2D2,SEC62,MECOM,PTP4A3,TMEM245,MYPN,PKP2,NFATC3"
"TF","Factor: FOXO1A; motif: AAACAA; match class: 1","TF:M03823_1","1","0","9184","20","8","20044","NOS1AP,KAT2B,SEC62,MECOM,GNRHR,MYPN,CRYAB,MYO18B"
"TF","Factor: FOXO1A; motif: AAACAA","TF:M03823","1","0","14328","20","14","20044","PRDM16,HSPG2,NOS1AP,SP3,KAT2B,SEC62,MECOM,GNRHR,PTP4A3,PTK2,TMEM245,MYPN,CRYAB,MYO18B"
"TF","Factor: FOXO1A; motif: TTGTTTWN; match class: 1","TF:M07286_1","1","0","1259","20","2","20044","NOS1AP,MYPN"
"TF","Factor: FOXO1A; motif: TTGTTTWN","TF:M07286","1","0","4922","20","7","20044","PRDM16,HSPG2,NOS1AP,MECOM,PTK2,MYPN,MYO18B"
"TF","Factor: FOXN3; motif: GTAAACAA","TF:M12402","1","0","1191","20","2","20044","SEC62,MYO18B"
"TF","Factor: FOXO1A:PDEF; motif: WNCCGGATGTTDN","TF:M08486","1","0","11804","20","12","20044","HSPG2,SP3,SEC62,GNRHR,UBA6,PTP4A3,PTK2,MYPN,ADM,PKP2,NFATC3,MYO18B"
"TF","Factor: FAC1; motif: NNNCAMAACACRNA; match class: 1","TF:M00456_1","1","0","2749","20","2","20044","GNRHR,MYPN"
"TF","Factor: FAC1; motif: NNNCAMAACACRNA","TF:M00456","1","0","8139","20","5","20044","NOS1AP,GNRHR,UBA6,MYPN,MYO18B"
"TF","Factor: EZI; motif: GGGGAGGGGRRGGRGRRGGRRR; match class: 1","TF:M10151_1","1","0","588","20","3","20044","PRDM16,SP3,KAT2B"
"TF","Factor: ERG; motif: ACCGGAARTN; match class: 1","TF:M03975_1","1","0","4100","20","3","20044","MECOM,UBA6,PKP2"
"TF","Factor: ERG; motif: ACCGGAARTN","TF:M03975","1","0","10198","20","8","20044","NOS1AP,SP3,MECOM,UBA6,PTK2,MYPN,PKP2,NFATC3"
"TF","Factor: Erg; motif: ACCGGAAGTN; match class: 1","TF:M02062_1","1","0","2768","20","3","20044","MECOM,UBA6,PKP2"
"TF","Factor: Erg; motif: ACCGGAAGTN","TF:M02062","1","0","8226","20","6","20044","NOS1AP,MECOM,UBA6,PTK2,PKP2,NFATC3"
"TF","Factor: ERG; motif: ACCGGAART; match class: 1","TF:M01752_1","1","0","3782","20","3","20044","MECOM,UBA6,PKP2"
"TF","Factor: ERG; motif: ACCGGAART","TF:M01752","1","0","9651","20","9","20044","NOS1AP,SP3,KAT2B,MECOM,UBA6,PTK2,MYPN,PKP2,NFATC3"
"TF","Factor: ERF; motif: ACCGGAAGTR","TF:M03974","1","0","979","20","1","20044","UBA6"
"TF","Factor: ERF; motif: ACCGGAARYN; match class: 1","TF:M02061_1","1","0","370","20","1","20044","UBA6"
"TF","Factor: ERF; motif: ACCGGAARYN","TF:M02061","1","0","2634","20","1","20044","UBA6"
"TF","Factor: ERF:SREBP-2; motif: NSCGGAARTCACGTGAT; match class: 1","TF:M08453_1","1","0","3766","20","2","20044","ADM,MYO18B"
"TF","Factor: ERF:SREBP-2; motif: NSCGGAARTCACGTGAT","TF:M08453","1","0","10255","20","9","20044","HSPG2,NOS1AP,SP3,SEC62,LDB3,ADM,CRYAB,NFATC3,MYO18B"
"TF","Factor: ERF:pitx1; motif: NNCGGAWGNNNRGNTTA","TF:M08692","1","0","5501","20","3","20044","HSPG2,SP3,KAT2B"
"TF","Factor: ERF:Max; motif: ACCGGAAACACGTGN","TF:M08243","1","0","1420","20","2","20044","TMEM245,LDB3"
"TF","Factor: ERF:FOXO1A; motif: RTMAACAGGAARNS; match class: 1","TF:M08241_1","1","0","2012","20","3","20044","SEC62,MECOM,MYPN"
"TF","Factor: ERF:FOXO1A; motif: RTMAACAGGAARNS","TF:M08241","1","0","7998","20","10","20044","SP3,KAT2B,SEC62,MECOM,UBA6,PTP4A3,MYPN,CRYAB,NFATC3,MYO18B"
"TF","Factor: ERF:FOXI1; motif: RNAAACMGGAARTN","TF:M08239","1","0","2293","20","4","20044","SP3,KAT2B,UBA6,MYPN"
"TF","Factor: ERF:Dlx-3; motif: NNCGGAANNNNNNNATTN; match class: 1","TF:M08534_1","1","0","506","20","2","20044","GNRHR,NFATC3"
"TF","Factor: ERF:Dlx-3; motif: NNCGGAANNNNNNNATTN","TF:M08534","1","0","3937","20","7","20044","PRDM16,SP3,KAT2B,GNRHR,UBA6,NFATC3,MYO18B"
"TF","Factor: ERF:Dlx-2; motif: NNMGGAARTNRNYMATTA","TF:M08532","1","0","359","20","1","20044","PRDM16"
"TF","Factor: ERF:C/EBPdelta; motif: NNCGGAWRTTGCGCAAY; match class: 1","TF:M08233_1","1","0","1104","20","1","20044","PTK2"
"TF","Factor: ERF:C/EBPdelta; motif: NNCGGAWRTTGCGCAAY","TF:M08233","1","0","5883","20","6","20044","CACNA2D2,MECOM,UBA6,PTK2,TMEM245,MYO18B"
"TF","Factor: ER-beta; motif: ANNSTGACCYRGNN; match class: 1","TF:M03821_1","1","0","1393","20","1","20044","LDB3"
"TF","Factor: ER-beta; motif: ANNSTGACCYRGNN","TF:M03821","1","0","6542","20","7","20044","HSPG2,KAT2B,GNRHR,UBA6,LDB3,CRYAB,NFATC3"
"TF","Factor: ER-beta; motif: GTCANASTGRCCYNR; match class: 1","TF:M01875_1","1","0","1419","20","3","20044","PTP4A3,LDB3,MYO18B"
"TF","Factor: ER-beta; motif: GTCANASTGRCCYNR","TF:M01875","1","0","6493","20","3","20044","PTP4A3,LDB3,MYO18B"
"TF","Factor: ER-alpha; motif: GGNNNNNNTGACCYN","TF:M03820","1","0","2792","20","1","20044","SEC62"
"TF","Factor: ER-alpha; motif: TGACCYN; match class: 1","TF:M03547_1","1","0","736","20","1","20044","NFATC3"
"TF","Factor: ER-alpha; motif: TGACCYN","TF:M03547","1","0","4779","20","4","20044","HSPG2,LDB3,CRYAB,NFATC3"
"TF","Factor: ER-alpha; motif: GNCNNNNTGACCYN","TF:M07283","1","0","2978","20","1","20044","SEC62"
"TF","Factor: ERG; motif: ACCGGAWATCCGGT","TF:M03976","1","0","13043","20","13","20044","HSPG2,NOS1AP,SP3,CACNA2D2,SEC62,UBA6,PTK2,TMEM245,ADM,CRYAB,PKP2,NFATC3,MYO18B"
"TF","Factor: ERG; motif: ACCGGAWATCCGGT; match class: 1","TF:M03976_1","1","0","7982","20","7","20044","SP3,CACNA2D2,UBA6,PTK2,ADM,PKP2,MYO18B"
"TF","Factor: Erg; motif: NNACCGGAARTSN","TF:M09608","1","0","8336","20","7","20044","NOS1AP,SP3,UBA6,PTK2,TMEM245,MYPN,PKP2"
"TF","Factor: Erg; motif: NNACCGGAARTSN; match class: 1","TF:M09608_1","1","0","2437","20","1","20044","UBA6"
"TF","Factor: ERR1; motif: CAAGGTCAMNN","TF:M02093","1","0","1397","20","2","20044","MYPN,LDB3"
"TF","Factor: ERM; motif: NNCACTTCCGGNN","TF:M12603","1","0","7238","20","5","20044","MECOM,UBA6,PTK2,MYPN,PKP2"
"TF","Factor: Erm; motif: NNSCGGAWGYN; match class: 1","TF:M11424_1","1","0","2907","20","4","20044","KAT2B,MECOM,UBA6,PKP2"
"TF","Factor: Erm; motif: NNSCGGAWGYN","TF:M11424","1","0","8353","20","6","20044","KAT2B,MECOM,UBA6,PTK2,PKP2,NFATC3"
"TF","Factor: Erm; motif: RSAGGAAGGAAGTN; match class: 1","TF:M11423_1","1","0","1035","20","1","20044","SEC62"
"TF","Factor: Erm; motif: RSAGGAAGGAAGTN","TF:M11423","1","0","4923","20","5","20044","SEC62,GNRHR,UBA6,CRYAB,NFATC3"
"TF","Factor: Erm; motif: NRCMGGAAGTN","TF:M11422","1","0","4774","20","5","20044","SP3,MECOM,UBA6,PTK2,MYPN"
"TF","Factor: Erm; motif: NRRSAGGAARNGRN; match class: 1","TF:M09916_1","1","0","1711","20","2","20044","PTK2,LDB3"
"TF","Factor: Erm; motif: NRRSAGGAARNGRN","TF:M09916","1","0","6860","20","4","20044","NOS1AP,PTK2,MYPN,LDB3"
"TF","Factor: Erm; motif: ACCGGAAGTN; match class: 1","TF:M02069_1","1","0","2008","20","2","20044","UBA6,PKP2"
"TF","Factor: Erm; motif: ACCGGAAGTN","TF:M02069","1","0","7049","20","5","20044","NOS1AP,SP3,MECOM,UBA6,PKP2"
"TF","Factor: ERG; motif: MNNSNGGAAG","TF:M08880","1","0","2696","20","1","20044","CACNA2D2"
"TF","Factor: Erg; motif: MCAGGAAA; match class: 1","TF:M07284_1","1","0","4454","20","4","20044","UBA6,PTK2,TMEM245,PKP2"
"TF","Factor: Erg; motif: MCAGGAAA","TF:M07284","1","0","11458","20","11","20044","HSPG2,SP3,KAT2B,MECOM,UBA6,PTK2,TMEM245,CRYAB,PKP2,NFATC3,MYO18B"
"TF","Factor: ER-alpha; motif: AGGTCACNGTGACCT; match class: 1","TF:M01801_1","1","0","1923","20","1","20044","SEC62"
"TF","Factor: Erg; motif: NACCGGATATCCGGTN; match class: 1","TF:M11397_1","1","0","11995","20","12","20044","HSPG2,NOS1AP,SP3,CACNA2D2,SEC62,UBA6,PTK2,ADM,CRYAB,PKP2,NFATC3,MYO18B"
"TF","Factor: Erg; motif: NACCGGAARTN; match class: 1","TF:M11396_1","1","0","5068","20","5","20044","SP3,MECOM,UBA6,PKP2,NFATC3"
"TF","Factor: Erg; motif: NACCGGAARTN","TF:M11396","1","0","11019","20","8","20044","NOS1AP,SP3,MECOM,UBA6,PTK2,PKP2,NFATC3,MYO18B"
"TF","Factor: Erg; motif: NACCGGAWWTCCGGTN; match class: 1","TF:M11395_1","1","0","8127","20","9","20044","SP3,CACNA2D2,SEC62,UBA6,PTK2,ADM,PKP2,NFATC3,MYO18B"
"TF","Factor: Erg; motif: NACCGGAWWTCCGGTN","TF:M11395","1","0","8881","20","9","20044","SP3,CACNA2D2,SEC62,UBA6,PTK2,ADM,PKP2,NFATC3,MYO18B"
"TF","Factor: Erg; motif: NACMGGAARTN","TF:M11394","1","0","4088","20","5","20044","NOS1AP,UBA6,PTK2,MYPN,NFATC3"
"TF","Factor: Erg; motif: NACCGGATATCCGGTN; match class: 1","TF:M11393_1","1","0","13933","20","13","20044","HSPG2,NOS1AP,SP3,CACNA2D2,SEC62,UBA6,PTK2,TMEM245,ADM,CRYAB,PKP2,NFATC3,MYO18B"
"TF","Factor: Erg; motif: NACCGGATATCCGGTN","TF:M11393","1","0","14393","20","13","20044","HSPG2,NOS1AP,SP3,CACNA2D2,SEC62,UBA6,PTK2,TMEM245,ADM,CRYAB,PKP2,NFATC3,MYO18B"
"TF","Factor: Erg; motif: NACCGGAARYN; match class: 1","TF:M11392_1","1","0","3307","20","3","20044","UBA6,PKP2,NFATC3"
"TF","Factor: Erg; motif: NACCGGAARYN","TF:M11392","1","0","8890","20","8","20044","NOS1AP,SEC62,MECOM,UBA6,PTK2,PKP2,NFATC3,MYO18B"
"TF","Factor: Erg; motif: NACCGGATATCCGGTN; match class: 1","TF:M11391_1","1","0","9303","20","11","20044","NOS1AP,SP3,CACNA2D2,SEC62,UBA6,PTK2,ADM,CRYAB,PKP2,NFATC3,MYO18B"
"TF","Factor: Erg; motif: NACCGGATATCCGGTN","TF:M11391","1","0","10309","20","12","20044","HSPG2,NOS1AP,SP3,CACNA2D2,SEC62,UBA6,PTK2,ADM,CRYAB,PKP2,NFATC3,MYO18B"
"TF","Factor: Erg; motif: NACAGGAARTN","TF:M11390","1","0","2795","20","3","20044","SP3,PTK2,MYPN"
"TF","Factor: Erg; motif: NRRSAGGAAGNGG; match class: 1","TF:M09907_1","1","0","5188","20","7","20044","SP3,KAT2B,SEC62,UBA6,PTK2,LDB3,CRYAB"
"TF","Factor: Erg; motif: NRRSAGGAAGNGG","TF:M09907","1","0","11905","20","11","20044","NOS1AP,SP3,KAT2B,SEC62,UBA6,PTK2,TMEM245,MYPN,LDB3,CRYAB,MYO18B"
"TF","Factor: Erg; motif: NACCGGATATCCGGTN","TF:M11397","1","0","12271","20","12","20044","HSPG2,NOS1AP,SP3,CACNA2D2,SEC62,UBA6,PTK2,ADM,CRYAB,PKP2,NFATC3,MYO18B"
"TF","Factor: ER-alpha; motif: AGGTCACNGTGACCT","TF:M01801","1","0","3398","20","2","20044","SEC62,MYO18B"
"TF","Factor: ER81; motif: NACCGGAAGTN","TF:M11421","1","0","2394","20","1","20044","UBA6"
"TF","Factor: ER81; motif: NACCGGAAGTN","TF:M11420","1","0","3291","20","2","20044","UBA6,MYPN"
"TF","Factor: SAP-1; motif: NRCCGGAWGYN","TF:M11437","1","0","2847","20","1","20044","UBA6"
"TF","Factor: SAP-1; motif: NRNCGGAWRYN","TF:M11436","1","0","1465","20","1","20044","UBA6"
"TF","Factor: SAP-1; motif: NNCCGGAAGTGN; match class: 1","TF:M09905_1","1","0","3055","20","1","20044","UBA6"
"TF","Factor: SAP-1; motif: NNCCGGAAGTGN","TF:M09905","1","0","8485","20","8","20044","NOS1AP,SP3,KAT2B,MECOM,UBA6,PKP2,NFATC3,MYO18B"
"TF","Factor: SAP-1; motif: ACCGGAAGTNN; match class: 1","TF:M09607_1","1","0","1006","20","1","20044","UBA6"
"TF","Factor: SAP-1; motif: ACCGGAAGTNN","TF:M09607","1","0","4797","20","4","20044","KAT2B,UBA6,PTK2,MYPN"
"TF","Factor: ELK4; motif: ACCGGAARTN","TF:M03973","1","0","710","20","1","20044","UBA6"
"TF","Factor: Net; motif: NACCGGAAGTN","TF:M11442","1","0","2055","20","1","20044","UBA6"
"TF","Factor: Net; motif: NRCCGGAAGTN","TF:M11440","1","0","454","20","1","20044","UBA6"
"TF","Factor: Net; motif: NRCCGGAAGTN","TF:M11439","1","0","2321","20","1","20044","UBA6"
"TF","Factor: ELK3; motif: ACCGGAAGTN","TF:M03972","1","0","1235","20","1","20044","UBA6"
"TF","Factor: Elk-1; motif: GGAAGN; match class: 1","TF:M03819_1","1","0","7574","20","7","20044","HSPG2,KAT2B,GNRHR,UBA6,PTP4A3,MYPN,NFATC3"
"TF","Factor: Elk-1; motif: GGAAGN","TF:M03819","1","0","14441","20","14","20044","PRDM16,HSPG2,NOS1AP,KAT2B,CACNA2D2,MECOM,GNRHR,UBA6,PTP4A3,PTK2,MYPN,CRYAB,NFATC3,MYO18B"
"TF","Factor: Elk-1; motif: CTTCCKG; match class: 1","TF:M07252_1","1","0","3675","20","4","20044","NOS1AP,SP3,TMEM245,LDB3"
"TF","Factor: SAP-1; motif: NTCGTAAATGCN","TF:M11438","1","0","5986","20","5","20044","NOS1AP,SP3,MECOM,ADM,PKP2"
"TF","Factor: Elk-1; motif: CTTCCKG","TF:M07252","1","0","10525","20","11","20044","NOS1AP,SP3,KAT2B,CACNA2D2,UBA6,PTK2,TMEM245,MYPN,LDB3,CRYAB,MYO18B"
"TF","Factor: Elk-1; motif: NNCCGGAAGTN","TF:M11435","1","0","11976","20","11","20044","NOS1AP,SP3,KAT2B,MECOM,UBA6,PTK2,LDB3,ADM,PKP2,NFATC3,MYO18B"
"TF","Factor: Elk-1; motif: NRSCGGAAGNN; match class: 1","TF:M11434_1","1","0","3008","20","2","20044","KAT2B,MECOM"
"TF","Factor: Elk-1; motif: NRSCGGAAGNN","TF:M11434","1","0","8430","20","5","20044","KAT2B,MECOM,UBA6,LDB3,PKP2"
"TF","Factor: Elk-1; motif: NRCCGGAAGTN","TF:M11433","1","0","7843","20","5","20044","MECOM,UBA6,TMEM245,MYPN,PKP2"
"TF","Factor: Elk-1; motif: NACMGGAAGTN","TF:M11432","1","0","6267","20","5","20044","SP3,MECOM,UBA6,PTK2,MYPN"
"TF","Factor: Elk-1; motif: RCCGGAAGTGN; match class: 1","TF:M09904_1","1","0","2818","20","1","20044","UBA6"
"TF","Factor: Elk-1; motif: RCCGGAAGTGN","TF:M09904","1","0","8347","20","7","20044","KAT2B,MECOM,UBA6,PTP4A3,PTK2,MYPN,PKP2"
"TF","Factor: ELK1; motif: NACTTCCGSCGGAAGYN; match class: 1","TF:M03971_1","1","0","7323","20","10","20044","PRDM16,SP3,KAT2B,CACNA2D2,SEC62,MECOM,UBA6,PTK2,LDB3,ADM"
"TF","Factor: ELK1; motif: NACTTCCGSCGGAAGYN","TF:M03971","1","0","11526","20","15","20044","PRDM16,NOS1AP,SP3,KAT2B,CACNA2D2,SEC62,MECOM,UBA6,PTK2,TMEM245,LDB3,ADM,CRYAB,PKP2,MYO18B"
"TF","Factor: ELK1; motif: ACCGGAAGTN","TF:M03970","1","0","4899","20","2","20044","UBA6,MYPN"
"TF","Factor: ELK-1; motif: ACCGGAAGTN; match class: 1","TF:M02059_1","1","0","3840","20","4","20044","KAT2B,MECOM,UBA6,PKP2"
"TF","Factor: ELK-1; motif: ACCGGAAGTN","TF:M02059","1","0","9628","20","7","20044","NOS1AP,SP3,KAT2B,MECOM,UBA6,PKP2,NFATC3"
"TF","Factor: Elk-1; motif: RACCGGAAGTR; match class: 1","TF:M01165_1","1","0","2217","20","2","20044","MECOM,UBA6"
"TF","Factor: Elk-1; motif: RACCGGAAGTR","TF:M01165","1","0","7907","20","6","20044","SP3,KAT2B,MECOM,UBA6,TMEM245,MYPN"
"TF","Factor: Elk-1; motif: NNCCGGAAGTN; match class: 1","TF:M11435_1","1","0","5881","20","6","20044","NOS1AP,SP3,KAT2B,MECOM,UBA6,PKP2"
"TF","Factor: ERR1; motif: CAAGGTCAMNN; match class: 1","TF:M02093_1","1","0","84","20","1","20044","LDB3"
"TF","Factor: SAP-1; motif: NTCGTAAATGCN; match class: 1","TF:M11438_1","1","0","1236","20","1","20044","NOS1AP"
"TF","Factor: EMX1; motif: NNTAATTANN; match class: 1","TF:M04312_1","1","0","1073","20","1","20044","NOS1AP"
"TF","Factor: ER81; motif: NNCCGGAWGYN; match class: 1","TF:M11419_1","1","0","1450","20","2","20044","MECOM,UBA6"
"TF","Factor: ER81; motif: NNCCGGAWGYN","TF:M11419","1","0","5831","20","3","20044","MECOM,UBA6,PKP2"
"TF","Factor: ER81; motif: NRCMGGAWGNN","TF:M11418","1","0","4040","20","5","20044","SP3,KAT2B,UBA6,PTK2,MYPN"
"TF","Factor: ER81; motif: NNCCGGAAGYG","TF:M09913","1","0","2950","20","2","20044","UBA6,PKP2"
"TF","Factor: ER81; motif: NNNGRCMGGAAGYRNNNNNNNS","TF:M09611","1","0","2746","20","1","20044","MECOM"
"TF","Factor: ER81; motif: RCCGGAARYN; match class: 1","TF:M02065_1","1","0","7184","20","7","20044","NOS1AP,KAT2B,MECOM,UBA6,PTK2,PKP2,MYO18B"
"TF","Factor: ER81; motif: RCCGGAARYN","TF:M02065","1","0","13076","20","13","20044","NOS1AP,SP3,KAT2B,CACNA2D2,SEC62,MECOM,UBA6,PTK2,LDB3,ADM,PKP2,NFATC3,MYO18B"
"TF","Factor: ER71; motif: AANAACAGGAARNN","TF:M08879","1","0","1021","20","1","20044","MYPN"
"TF","Factor: ER71; motif: CWTCCTGT","TF:M07282","1","0","2764","20","3","20044","SP3,KAT2B,MYPN"
"TF","Factor: ER71; motif: NNARRCAGGAARYRGN","TF:M09914","1","0","552","20","2","20044","SP3,MYPN"
"TF","Factor: ER71; motif: ACCGGAARYN; match class: 1","TF:M02067_1","1","0","1656","20","1","20044","UBA6"
"TF","Factor: ER71; motif: ACCGGAARYN","TF:M02067","1","0","6067","20","3","20044","NOS1AP,MECOM,UBA6"
"TF","Factor: p300; motif: ACNTCCG; match class: 1","TF:M04826_1","1","0","15605","20","15","20044","PRDM16,HSPG2,NOS1AP,SP3,KAT2B,CACNA2D2,SEC62,MECOM,UBA6,PTK2,TMEM245,ADM,PKP2,NFATC3,MYO18B"
"TF","Factor: p300; motif: ACNTCCG","TF:M04826","1","0","18155","20","18","20044","PRDM16,HSPG2,NOS1AP,SP3,KAT2B,CACNA2D2,SEC62,MECOM,GNRHR,UBA6,PTP4A3,PTK2,TMEM245,ADM,CRYAB,PKP2,NFATC3,MYO18B"
"TF","Factor: EMX1; motif: NNTAATTANN","TF:M04312","1","0","2766","20","1","20044","NOS1AP"
"TF","Factor: EOS; motif: TGGTTATM; match class: 1","TF:M05546_1","1","0","9","20","1","20044","MYO18B"
"TF","Factor: TBR2; motif: NAGGTGTGAN","TF:M12018","1","0","1150","20","1","20044","TMEM245"
"TF","Factor: TBR2; motif: NAGGTGTGAN","TF:M12017","1","0","1249","20","1","20044","TMEM245"
"TF","Factor: EN2; motif: NSYAATTA","TF:M13013","1","0","1735","20","2","20044","KAT2B,SEC62"
"TF","Factor: En-2; motif: NTCRTTARN; match class: 1","TF:M10858_1","1","0","2633","20","1","20044","TMEM245"
"TF","Factor: En-2; motif: NTCRTTARN","TF:M10858","1","0","8304","20","11","20044","NOS1AP,KAT2B,SEC62,MECOM,UBA6,PTK2,TMEM245,MYPN,ADM,PKP2,NFATC3"
"TF","Factor: EN2; motif: NNYAATTANN","TF:M04318","1","0","1969","20","2","20044","KAT2B,SEC62"
"TF","Factor: En-1; motif: VTCRTTAN; match class: 1","TF:M10861_1","1","0","470","20","1","20044","TMEM245"
"TF","Factor: En-1; motif: VTCRTTAN","TF:M10861","1","0","3704","20","4","20044","SEC62,UBA6,PTK2,TMEM245"
"TF","Factor: En-1; motif: NYAATTAN","TF:M10860","1","0","612","20","2","20044","KAT2B,NFATC3"
"TF","Factor: EN1; motif: TAATTRSNYAATTA","TF:M04317","1","0","2640","20","3","20044","PRDM16,KAT2B,GNRHR"
"TF","Factor: Emx-2; motif: YTAATTAN","TF:M10673","1","0","3225","20","3","20044","NOS1AP,MECOM,UBA6"
"TF","Factor: EMX2; motif: TAATTARNTAATKA","TF:M04315","1","0","705","20","1","20044","UBA6"
"TF","Factor: EMX1; motif: NNTAATKANN; match class: 1","TF:M07988_1","1","0","1634","20","1","20044","UBA6"
"TF","Factor: EMX1; motif: NNTAATKANN","TF:M07988","1","0","3510","20","3","20044","NOS1AP,MECOM,UBA6"
"TF","Factor: EOS; motif: TGGTTATM","TF:M05546","1","0","517","20","1","20044","MYO18B"
"TF","Factor: ERR3; motif: CAAGGTCA","TF:M02000","1","0","2341","20","3","20044","GNRHR,MYPN,LDB3"
"TF","Factor: ERR3; motif: CAAGGTCA; match class: 1","TF:M02000_1","1","0","183","20","1","20044","LDB3"
"TF","Factor: ER; motif: NNARGNCANNNTGACCYNN","TF:M00191","1","0","4910","20","4","20044","NOS1AP,SEC62,PTK2,PKP2"
"TF","Factor: ETV3; motif: ACCGGAAGTN","TF:M03981","1","0","2376","20","1","20044","UBA6"
"TF","Factor: etv3; motif: ACCGGAAGYN","TF:M02068","1","0","3547","20","2","20044","MECOM,UBA6"
"TF","Factor: ER71; motif: NACCGGAARTN","TF:M11413","1","0","2156","20","1","20044","UBA6"
"TF","Factor: ER71; motif: NRCAGGAARTN","TF:M11412","1","0","968","20","2","20044","PTK2,MYPN"
"TF","Factor: ER71:E2A; motif: CASSTGNACCGGAWRYN; match class: 1","TF:M08568_1","1","0","15419","20","16","20044","HSPG2,NOS1AP,SP3,KAT2B,CACNA2D2,SEC62,GNRHR,UBA6,PTK2,TMEM245,MYPN,LDB3,ADM,CRYAB,PKP2,NFATC3"
"TF","Factor: ER71:E2A; motif: CASSTGNACCGGAWRYN","TF:M08568","1","0","18544","20","19","20044","PRDM16,HSPG2,NOS1AP,SP3,KAT2B,CACNA2D2,SEC62,GNRHR,UBA6,PTP4A3,PTK2,TMEM245,MYPN,LDB3,ADM,CRYAB,PKP2,NFATC3,MYO18B"
"TF","Factor: ER71:SREBP-2; motif: NTSACGTGACGGAARY; match class: 1","TF:M08457_1","1","0","5719","20","5","20044","SP3,KAT2B,SEC62,PTK2,ADM"
"TF","Factor: ER71:SREBP-2; motif: NTSACGTGACGGAARY","TF:M08457","1","0","12342","20","13","20044","NOS1AP,SP3,KAT2B,CACNA2D2,SEC62,PTK2,TMEM245,MYPN,ADM,CRYAB,PKP2,NFATC3,MYO18B"
"TF","Factor: ER71:Pax-5; motif: ACCGGAACYACGCWTSANTG; match class: 1","TF:M08266_1","1","0","9206","20","9","20044","HSPG2,NOS1AP,SP3,CACNA2D2,SEC62,MECOM,UBA6,PTK2,PKP2"
"TF","Factor: ER71:Pax-5; motif: ACCGGAACYACGCWTSANTG","TF:M08266","1","0","14674","20","17","20044","PRDM16,HSPG2,NOS1AP,SP3,KAT2B,CACNA2D2,SEC62,MECOM,UBA6,PTK2,TMEM245,MYPN,LDB3,ADM,CRYAB,PKP2,MYO18B"
"TF","Factor: ER71:HOXA2; motif: RCCGGAAGNNNNNNNMATTA","TF:M08557","1","0","231","20","1","20044","NFATC3"
"TF","Factor: ER71:FOXI1; motif: RCCGGAARTRTMMACAN","TF:M08256","1","0","1027","20","2","20044","MECOM,NFATC3"
"TF","Factor: ER71:C/EBPdelta; motif: NNCGGAWRTTRCGYAAN; match class: 1","TF:M08246_1","1","0","2260","20","4","20044","CACNA2D2,MECOM,PTK2,MYO18B"
"TF","Factor: ER71:C/EBPdelta; motif: NNCGGAWRTTRCGYAAN","TF:M08246","1","0","8495","20","7","20044","CACNA2D2,MECOM,GNRHR,UBA6,PTK2,TMEM245,MYO18B"
"TF","Factor: ETV4; motif: ACCGGAAGTN","TF:M03982","1","0","6986","20","5","20044","NOS1AP,MECOM,UBA6,PKP2,NFATC3"
"TF","Factor: ETV1; motif: NNACAGGAAGTGNN","TF:M12555","1","0","1489","20","2","20044","PTK2,MYPN"
"TF","Factor: Ets; motif: ACTTCCTS","TF:M00971","1","0","2350","20","2","20044","KAT2B,MYPN"
"TF","Factor: Ets; motif: ANNCACTTCCTG","TF:M00771","1","0","3970","20","4","20044","NOS1AP,CACNA2D2,PTK2,MYPN"
"TF","Factor: c-Ets; motif: KRCAGGAARTRNKT","TF:M00340","1","0","5257","20","6","20044","NOS1AP,SP3,SEC62,PTK2,MYPN,MYO18B"
"TF","Factor: ETSLIKE; motif: NACTTCCTNN","TF:M08881","1","0","3176","20","2","20044","PTK2,MYPN"
"TF","Factor: c-Ets-2; motif: CTTCCTG; match class: 1","TF:M01207_1","1","0","3675","20","4","20044","NOS1AP,SP3,TMEM245,LDB3"
"TF","Factor: c-Ets-2; motif: CTTCCTG","TF:M01207","1","0","10525","20","11","20044","NOS1AP,SP3,KAT2B,CACNA2D2,UBA6,PTK2,TMEM245,MYPN,LDB3,CRYAB,MYO18B"
"TF","Factor: c-Ets-2; motif: NNCTTCCTNNN","TF:M07379","1","0","3504","20","4","20044","SP3,GNRHR,PTK2,MYPN"
"TF","Factor: c-Ets-2; motif: NACCGGAAGYRCTTCCGGTN; match class: 1","TF:M11417_1","1","0","14340","20","12","20044","PRDM16,NOS1AP,SP3,KAT2B,CACNA2D2,SEC62,TMEM245,LDB3,ADM,PKP2,NFATC3,MYO18B"
"TF","Factor: c-Ets-2; motif: NACCGGAAGYRCTTCCGGTN","TF:M11417","1","0","14639","20","13","20044","PRDM16,NOS1AP,SP3,KAT2B,CACNA2D2,SEC62,TMEM245,LDB3,ADM,CRYAB,PKP2,NFATC3,MYO18B"
"TF","Factor: c-Ets-2; motif: NNNRGGAARNRRR; match class: 1","TF:M09912_1","1","0","990","20","1","20044","SEC62"
"TF","Factor: c-Ets-2; motif: NNNRGGAARNRRR","TF:M09912","1","0","5138","20","4","20044","SEC62,MECOM,LDB3,MYO18B"
"TF","Factor: c-Ets-2; motif: NCCGGAAGTG; match class: 1","TF:M08759_1","1","0","2993","20","2","20044","UBA6,PKP2"
"TF","Factor: c-Ets-2; motif: NCCGGAAGTG","TF:M08759","1","0","8502","20","8","20044","NOS1AP,KAT2B,MECOM,UBA6,PTK2,MYPN,PKP2,NFATC3"
"TF","Factor: c-Ets-1; motif: RCAGGAAGTGNNTNS; match class: 1","TF:M00339_1","1","0","1448","20","1","20044","MYPN"
"TF","Factor: ETV1; motif: ACCGGAAGTN","TF:M03979","1","0","1038","20","1","20044","UBA6"
"TF","Factor: c-Ets-1; motif: RCAGGAAGTGNNTNS","TF:M00339","1","0","6901","20","7","20044","NOS1AP,SP3,KAT2B,SEC62,PTK2,MYPN,MYO18B"
"TF","Factor: ETV4; motif: ACCGGAAGTN; match class: 1","TF:M03982_1","1","0","2059","20","2","20044","UBA6,PKP2"
"TF","Factor: ETV4; motif: NCAGGAAGNN; match class: 1","TF:M12556_1","1","0","4036","20","4","20044","NOS1AP,SP3,TMEM245,LDB3"
"TF","Factor: EZF2; motif: NNCCNSNSCNMCTCCMYCTT","TF:M12604","1","0","3377","20","4","20044","NOS1AP,SP3,KAT2B,PTP4A3"
"TF","Factor: EVX2; motif: NNTTTATKRCYNN","TF:M09917","1","0","884","20","1","20044","LDB3"
"TF","Factor: EVX2; motif: TTTTATKRCNNN","TF:M09612","1","0","1075","20","1","20044","LDB3"
"TF","Factor: EVX2; motif: NNTNATTANN; match class: 1","TF:M04321_1","1","0","1451","20","1","20044","NOS1AP"
"TF","Factor: EVX2; motif: NNTNATTANN","TF:M04321","1","0","2971","20","1","20044","NOS1AP"
"TF","Factor: EVX1; motif: NTCATTAN; match class: 1","TF:M10864_1","1","0","1169","20","1","20044","MYPN"
"TF","Factor: EVX1; motif: NTCATTAN","TF:M10864","1","0","5386","20","4","20044","KAT2B,GNRHR,MYPN,PKP2"
"TF","Factor: EVX1; motif: NNTNATTANN; match class: 1","TF:M04320_1","1","0","1857","20","2","20044","NOS1AP,GNRHR"
"TF","Factor: EVX1; motif: NNTNATTANN","TF:M04320","1","0","3259","20","3","20044","NOS1AP,KAT2B,GNRHR"
"TF","Factor: ETV7; motif: NNSCGGAAGTR","TF:M08760","1","0","2410","20","1","20044","KAT2B"
"TF","Factor: ETV7; motif: NCCGGAANNN; match class: 1","TF:M02071_1","1","0","4586","20","4","20044","UBA6,PKP2,NFATC3,MYO18B"
"TF","Factor: ETV7; motif: NCCGGAANNN","TF:M02071","1","0","10370","20","11","20044","PRDM16,NOS1AP,SP3,SEC62,MECOM,UBA6,PTP4A3,PTK2,PKP2,NFATC3,MYO18B"
"TF","Factor: ETV6; motif: NSCGGAAGTR","TF:M03985","1","0","1159","20","1","20044","KAT2B"
"TF","Factor: ETV5; motif: ACCGGAAGTN; match class: 1","TF:M13032_1","1","0","3627","20","2","20044","UBA6,PKP2"
"TF","Factor: ETV4; motif: NCAGGAAGNN","TF:M12556","1","0","10985","20","11","20044","NOS1AP,SP3,KAT2B,CACNA2D2,UBA6,PTK2,TMEM245,MYPN,LDB3,CRYAB,MYO18B"
"TF","Factor: ETV5; motif: ACCGGAAGTN","TF:M13032","1","0","9651","20","8","20044","NOS1AP,SP3,CACNA2D2,MECOM,UBA6,MYPN,PKP2,NFATC3"
"TF","Factor: ETV5; motif: NNACTTCCGNN","TF:M12557","1","0","4528","20","4","20044","KAT2B,UBA6,PTK2,MYPN"
"TF","Factor: ETV5; motif: NCCGGAWGYN","TF:M03983","1","0","3226","20","1","20044","UBA6"
"TF","Factor: Erm:E2A; motif: CASGTGNNNCGGAAGNN; match class: 1","TF:M08571_1","1","0","4483","20","5","20044","NOS1AP,SP3,SEC62,UBA6,CRYAB"
"TF","Factor: Erm:E2A; motif: CASGTGNNNCGGAAGNN","TF:M08571","1","0","11465","20","14","20044","NOS1AP,SP3,CACNA2D2,SEC62,UBA6,PTP4A3,PTK2,TMEM245,MYPN,LDB3,ADM,CRYAB,PKP2,NFATC3"
"TF","Factor: Erm:HOXB13; motif: RSCGGAWGTNRTWAA","TF:M08467","1","0","729","20","1","20044","KAT2B"
"TF","Factor: Erm:HOXA13; motif: RNCGGAWGTCGTAAA","TF:M08466","1","0","1306","20","1","20044","PTK2"
"TF","Factor: Erm:HES-7; motif: NCGGANGNNNNNCRCGYG","TF:M08700","1","0","2115","20","4","20044","PRDM16,CACNA2D2,ADM,NFATC3"
"TF","Factor: Erm:FOXI1; motif: GTAAACAGGAWGN","TF:M08275","1","0","348","20","1","20044","SP3"
"TF","Factor: Erm:EVX1; motif: NNCGGAAATKR","TF:M08461","1","0","3458","20","4","20044","NOS1AP,SP3,TMEM245,PKP2"
"TF","Factor: Erm:C/EBPdelta; motif: RSCGGAWRTTGCGYAAY; match class: 1","TF:M08458_1","1","0","3209","20","5","20044","CACNA2D2,MECOM,PTK2,TMEM245,MYO18B"
"TF","Factor: Erm:C/EBPdelta; motif: RSCGGAWRTTGCGYAAY","TF:M08458","1","0","9858","20","6","20044","CACNA2D2,MECOM,UBA6,PTK2,TMEM245,MYO18B"
"TF","Factor: ETV4; motif: NNCCGGAAGYNNN","TF:M13138","1","0","8389","20","7","20044","SP3,MECOM,UBA6,PTK2,MYPN,PKP2,NFATC3"
"TF","Factor: ETV4; motif: ACCGGAAGTN; match class: 1","TF:M13031_1","1","0","5008","20","3","20044","MECOM,UBA6,PKP2"
"TF","Factor: ETV4; motif: ACCGGAAGTN","TF:M13031","1","0","11030","20","10","20044","NOS1AP,SP3,KAT2B,CACNA2D2,MECOM,UBA6,PTK2,PKP2,NFATC3,MYO18B"
"TF","Factor: ETV5; motif: NNACTTCCGNN; match class: 1","TF:M12557_1","1","0","880","20","1","20044","UBA6"
"TF","Factor: Elk-1; motif: NNNNCCGGAARTNN; match class: 1","TF:M00025_1","1","0","4534","20","2","20044","UBA6,NFATC3"
"TF","Factor: c-Ets-1; motif: NNRCMGGAAGTGG","TF:M09911","1","0","2530","20","2","20044","PTK2,MYPN"
"TF","Factor: c-ets-1; motif: GGAGTTG","TF:M04822","1","0","5580","20","3","20044","CACNA2D2,TMEM245,ADM"
"TF","Factor: ESRRA; motif: NTCAAGGTCAN","TF:M04456","1","0","1577","20","2","20044","MYPN,LDB3"
"TF","Factor: ER-beta; motif: RGGTCASCNTGMCCY; match class: 1","TF:M09910_1","1","0","4159","20","1","20044","PRDM16"
"TF","Factor: ER-beta; motif: RGGTCASCNTGMCCY","TF:M09910","1","0","9733","20","10","20044","PRDM16,HSPG2,KAT2B,CACNA2D2,SEC62,PTP4A3,PTK2,LDB3,CRYAB,MYO18B"
"TF","Factor: ER-beta; motif: NRGGTCANKSTGACCTNN; match class: 1","TF:M09610_1","1","0","1583","20","1","20044","SEC62"
"TF","Factor: ER-beta; motif: NRGGTCANKSTGACCTNN","TF:M09610","1","0","5945","20","6","20044","PRDM16,HSPG2,CACNA2D2,SEC62,PTP4A3,LDB3"
"TF","Factor: ESR2; motif: AGGTCASNNTGNCCY; match class: 1","TF:M07210_1","1","0","373","20","1","20044","SEC62"
"TF","Factor: ESR2; motif: AGGTCASNNTGNCCY","TF:M07210","1","0","3205","20","1","20044","SEC62"
"TF","Factor: ESR2; motif: NNRGGTCANNNTGMCCTN","TF:M02377","1","0","3524","20","1","20044","SEC62"
"TF","Factor: ESR1; motif: STGACCTN; match class: 1","TF:M12602_1","1","0","352","20","1","20044","NFATC3"
"TF","Factor: ESR1; motif: STGACCTN","TF:M12602","1","0","3395","20","3","20044","HSPG2,LDB3,NFATC3"
"TF","Factor: ER-alpha; motif: NAGGTCANSNTGACCYN","TF:M11845","1","0","3810","20","2","20044","SEC62,MYO18B"
"TF","Factor: ER-alpha; motif: NAGGTCACSGYGACCTN; match class: 1","TF:M11844_1","1","0","2488","20","1","20044","NFATC3"
"TF","Factor: ER-alpha; motif: NAGGTCACSGYGACCTN","TF:M11844","1","0","5526","20","5","20044","HSPG2,SEC62,PTP4A3,NFATC3,MYO18B"
"TF","Factor: ER-alpha; motif: NAGGTCACSGTGACCTN; match class: 1","TF:M11843_1","1","0","2593","20","1","20044","MYO18B"
"TF","Factor: ESRRA; motif: NTCAAGGTCAN; match class: 1","TF:M04456_1","1","0","108","20","1","20044","LDB3"
"TF","Factor: ER-alpha; motif: NAGGTCACSGTGACCTN","TF:M11843","1","0","3788","20","2","20044","SEC62,MYO18B"
"TF","Factor: ER-alpha; motif: AGGTCASMNTGACCY; match class: 1","TF:M09909_1","1","0","2421","20","1","20044","SEC62"
"TF","Factor: ER-alpha; motif: AGGTCASMNTGACCY","TF:M09909","1","0","6950","20","8","20044","PRDM16,HSPG2,CACNA2D2,SEC62,PTP4A3,LDB3,CRYAB,MYO18B"
"TF","Factor: ER-alpha; motif: ARGSTGACC; match class: 1","TF:M04881_1","1","0","594","20","1","20044","SEC62"
"TF","Factor: ER-alpha; motif: ARGSTGACC","TF:M04881","1","0","4049","20","2","20044","SEC62,PTP4A3"
"TF","Factor: ER-alpha; motif: AGGTCANMNTGACC","TF:M04738","1","0","4420","20","3","20044","PRDM16,SEC62,ADM"
"TF","Factor: ESR1; motif: NRGGTCACNRTGACCTK","TF:M04455","1","0","2992","20","2","20044","SEC62,MYO18B"
"TF","Factor: ESR1; motif: NNNNMAGGTCACCCTGACCY; match class: 1","TF:M02261_1","1","0","2444","20","1","20044","SEC62"
"TF","Factor: ESR1; motif: NNNNMAGGTCACCCTGACCY","TF:M02261","1","0","4847","20","3","20044","PRDM16,SEC62,MYO18B"
"TF","Factor: ESE-1; motif: CAGGAARNN","TF:M07285","1","0","2516","20","2","20044","PKP2,NFATC3"
"TF","Factor: ESE-1; motif: NSMGGAARTN; match class: 1","TF:M01214_1","1","0","2229","20","2","20044","UBA6,PTK2"
"TF","Factor: ESE-1; motif: NSMGGAARTN","TF:M01214","1","0","7715","20","5","20044","NOS1AP,KAT2B,UBA6,PTK2,MYPN"
"TF","Factor: ESE-1; motif: NNANVAGGAAGTNN","TF:M09902","1","0","3224","20","4","20044","SP3,PTK2,MYPN,NFATC3"
"TF","Factor: ESE-1; motif: NSMGGAARTN; match class: 1","TF:M02055_1","1","0","2229","20","2","20044","UBA6,PTK2"
"TF","Factor: ESE-1; motif: NSMGGAARTN","TF:M02055","1","0","7715","20","5","20044","NOS1AP,KAT2B,UBA6,PTK2,MYPN"
"TF","Factor: ER-alpha; motif: NAGGTCAYSGYGACCTN","TF:M11842","1","0","4059","20","2","20044","SEC62,MYO18B"
"TF","Factor: c-ets-1; motif: GGAGTTG; match class: 1","TF:M04822_1","1","0","950","20","2","20044","CACNA2D2,TMEM245"
"TF","Factor: ESRRA; motif: AAGGTCATNCAAGGTCA","TF:M04457","1","0","3563","20","7","20044","NOS1AP,SEC62,GNRHR,MYPN,LDB3,ADM,NFATC3"
"TF","Factor: ESRRA; motif: CAAGGTCANNYSAAGGTCA","TF:M04458","1","0","11495","20","8","20044","NOS1AP,SEC62,MECOM,GNRHR,LDB3,CRYAB,PKP2,MYO18B"
"TF","Factor: ETS1; motif: GCCGGAWGTACTTCCGGN; match class: 1","TF:M03978_1","1","0","6632","20","7","20044","PRDM16,NOS1AP,SP3,KAT2B,SEC62,TMEM245,PKP2"
"TF","Factor: ETS1; motif: GCCGGAWGTACTTCCGGN","TF:M03978","1","0","12330","20","12","20044","PRDM16,HSPG2,NOS1AP,SP3,KAT2B,SEC62,MECOM,TMEM245,LDB3,PKP2,NFATC3,MYO18B"
"TF","Factor: ETS1; motif: ACCGGAARYN; match class: 1","TF:M03977_1","1","0","4797","20","4","20044","UBA6,PKP2,NFATC3,MYO18B"
"TF","Factor: ETS1; motif: ACCGGAARYN","TF:M03977","1","0","10772","20","9","20044","NOS1AP,SP3,SEC62,MECOM,UBA6,PTK2,PKP2,NFATC3,MYO18B"
"TF","Factor: ETF; motif: CCCCGCCCCYN; match class: 1","TF:M07039_1","1","0","13994","20","17","20044","PRDM16,HSPG2,NOS1AP,SP3,KAT2B,CACNA2D2,SEC62,MECOM,UBA6,PTP4A3,PTK2,TMEM245,LDB3,ADM,CRYAB,PKP2,NFATC3"
"TF","Factor: ETF; motif: CCCCGCCCCYN","TF:M07039","1","0","16764","20","18","20044","PRDM16,HSPG2,NOS1AP,SP3,KAT2B,CACNA2D2,SEC62,MECOM,UBA6,PTP4A3,PTK2,TMEM245,LDB3,ADM,CRYAB,PKP2,NFATC3,MYO18B"
"TF","Factor: ETF; motif: GVGGMGG; match class: 1","TF:M00695_1","1","0","7249","20","12","20044","PRDM16,HSPG2,NOS1AP,SP3,KAT2B,CACNA2D2,SEC62,MECOM,PTK2,TMEM245,PKP2,NFATC3"
"TF","Factor: ETF; motif: GVGGMGG","TF:M00695","1","0","10744","20","16","20044","PRDM16,HSPG2,NOS1AP,SP3,KAT2B,CACNA2D2,SEC62,MECOM,UBA6,PTP4A3,PTK2,TMEM245,ADM,CRYAB,PKP2,NFATC3"
"TF","Factor: ESX1L; motif: NYAATTAN","TF:M10965","1","0","3211","20","5","20044","NOS1AP,KAT2B,SEC62,GNRHR,NFATC3"
"TF","Factor: ESX1; motif: NNYAATTANN","TF:M04319","1","0","3071","20","6","20044","NOS1AP,KAT2B,SEC62,GNRHR,UBA6,NFATC3"
"TF","Factor: ERR3; motif: NNSAAGGTCRN","TF:M11840","1","0","1131","20","2","20044","MYPN,LDB3"
"TF","Factor: ERR3; motif: NNSAAGGTCAN; match class: 1","TF:M11839_1","1","0","92","20","1","20044","LDB3"
"TF","Factor: ERR3; motif: NNSAAGGTCAN","TF:M11839","1","0","1375","20","2","20044","MYPN,LDB3"
"TF","Factor: ERR3; motif: NNSAAGGTCRN","TF:M11838","1","0","1080","20","2","20044","MYPN,LDB3"
"TF","Factor: ESRRA; motif: AAGGTCATNCAAGGTCA; match class: 1","TF:M04457_1","1","0","376","20","3","20044","SEC62,GNRHR,LDB3"
"TF","Factor: ESRRA; motif: NNTCAAGGTCANN; match class: 1","TF:M12538_1","1","0","104","20","1","20044","LDB3"
"TF","Factor: ERR1; motif: NNCAAGGTCAN; match class: 1","TF:M11835_1","1","0","116","20","1","20044","LDB3"
"TF","Factor: ERR1; motif: NNCAAGGTCAN","TF:M11835","1","0","1674","20","3","20044","GNRHR,MYPN,LDB3"
"TF","Factor: ERR1; motif: NTCAAGGTCAN; match class: 1","TF:M11834_1","1","0","90","20","1","20044","LDB3"
"TF","Factor: ERR1; motif: NTCAAGGTCAN","TF:M11834","1","0","1417","20","2","20044","MYPN,LDB3"
"TF","Factor: ERR1; motif: NNCAAGGTCAN; match class: 1","TF:M11833_1","1","0","81","20","1","20044","LDB3"
"TF","Factor: ERR1; motif: NNCAAGGTCAN","TF:M11833","1","0","1356","20","2","20044","MYPN,LDB3"
"TF","Factor: ERR1; motif: NNSAAGGTCRN; match class: 1","TF:M11832_1","1","0","130","20","1","20044","LDB3"
"TF","Factor: ERR1; motif: NNSAAGGTCRN","TF:M11832","1","0","1778","20","2","20044","MYPN,LDB3"
"TF","Factor: ERR1; motif: NYCAAGGTCANNNNN","TF:M09908","1","0","1061","20","2","20044","MYPN,LDB3"
"TF","Factor: ESRRA; motif: YCAAGGTCACN; match class: 1","TF:M07402_1","1","0","121","20","1","20044","LDB3"
"TF","Factor: ESRRA; motif: YCAAGGTCACN","TF:M07402","1","0","1716","20","2","20044","MYPN,LDB3"
"TF","Factor: ERR1; motif: NTGACCTTGRNN; match class: 1","TF:M04873_1","1","0","313","20","1","20044","LDB3"
"TF","Factor: ERR1; motif: NTGACCTTGRNN","TF:M04873","1","0","3205","20","4","20044","GNRHR,PTP4A3,MYPN,LDB3"
"TF","Factor: ESRRA; motif: CAAGGTCANNYSAAGGTCA; match class: 1","TF:M04458_1","1","0","4537","20","3","20044","SEC62,LDB3,CRYAB"
"TF","Factor: ESRRA; motif: NNTCAAGGTCANN","TF:M12538","1","0","1580","20","2","20044","MYPN,LDB3"
"MIRNA","hsa-miR-6811-5p","MIRNA:hsa-miR-6811-5p","0.09217110618311466","1.035405200333251","103","17","3","14822","HSPG2,TMEM245,MYPN"
"MIRNA","hsa-miR-6511b-5p","MIRNA:hsa-miR-6511b-5p","0.09484157383215815","1.0230012478090906","104","17","3","14822","HSPG2,TMEM245,MYPN"
"MIRNA","hsa-miR-660-5p","MIRNA:hsa-miR-660-5p","0.6044652971121646","0.21862862731820076","48","17","2","14822","UBA6,ADM"
"MIRNA","hsa-miR-523-5p","MIRNA:hsa-miR-523-5p","0.9720963511567032","0.012290687026553714","61","17","2","14822","TMEM245,NFATC3"
"MIRNA","hsa-miR-520c-5p","MIRNA:hsa-miR-520c-5p","0.9720963511567032","0.012290687026553714","61","17","2","14822","TMEM245,NFATC3"
"MIRNA","hsa-miR-519c-5p","MIRNA:hsa-miR-519c-5p","0.9720963511567032","0.012290687026553714","61","17","2","14822","TMEM245,NFATC3"
"MIRNA","hsa-miR-519b-5p","MIRNA:hsa-miR-519b-5p","0.9720963511567032","0.012290687026553714","61","17","2","14822","TMEM245,NFATC3"
"MIRNA","hsa-miR-519a-5p","MIRNA:hsa-miR-519a-5p","0.9720963511567032","0.012290687026553714","61","17","2","14822","TMEM245,NFATC3"
"MIRNA","hsa-miR-518f-5p","MIRNA:hsa-miR-518f-5p","0.9720963511567032","0.012290687026553714","61","17","2","14822","TMEM245,NFATC3"
"MIRNA","hsa-miR-518e-5p","MIRNA:hsa-miR-518e-5p","0.9720963511567032","0.012290687026553714","61","17","2","14822","TMEM245,NFATC3"
"MIRNA","hsa-miR-6509-5p","MIRNA:hsa-miR-6509-5p","0.9720963511567032","0.012290687026553714","61","17","2","14822","UBA6,ADM"
"MIRNA","hsa-miR-526a","MIRNA:hsa-miR-526a","0.9720963511567032","0.012290687026553714","61","17","2","14822","TMEM245,NFATC3"
"MIRNA","hsa-miR-518d-5p","MIRNA:hsa-miR-518d-5p","0.9720963511567032","0.012290687026553714","61","17","2","14822","TMEM245,NFATC3"
"MIRNA","hsa-miR-1238-3p","MIRNA:hsa-miR-1238-3p","1","0","132","17","2","14822","MYPN,ADM"
"MIRNA","hsa-miR-1234-3p","MIRNA:hsa-miR-1234-3p","1","0","152","17","1","14822","MYPN"
"MIRNA","hsa-miR-122-3p","MIRNA:hsa-miR-122-3p","1","0","74","17","1","14822","MYPN"
"MIRNA","hsa-miR-1197","MIRNA:hsa-miR-1197","1","0","74","17","1","14822","NOS1AP"
"MIRNA","hsa-miR-106b-5p","MIRNA:hsa-miR-106b-5p","1","0","1084","17","3","14822","KAT2B,TMEM245,MYPN"
"MIRNA","hsa-miR-106a-5p","MIRNA:hsa-miR-106a-5p","1","0","708","17","1","14822","MYPN"
"MIRNA","hsa-miR-103b","MIRNA:hsa-miR-103b","1","0","61","17","1","14822","TMEM245"
"MIRNA","hsa-miR-103a-2-5p","MIRNA:hsa-miR-103a-2-5p","1","0","81","17","1","14822","NFATC3"
"MIRNA","hsa-miR-101-3p","MIRNA:hsa-miR-101-3p","1","0","392","17","1","14822","PRDM16"
"MIRNA","hsa-miR-1-3p","MIRNA:hsa-miR-1-3p","1","0","921","17","3","14822","SEC62,GNRHR,UBA6"
"MIRNA","hsa-let-7e-5p","MIRNA:hsa-let-7e-5p","1","0","604","17","1","14822","PTK2"
"MIRNA","hsa-let-7c-5p","MIRNA:hsa-let-7c-5p","1","0","515","17","1","14822","PTK2"
"MIRNA","hsa-let-7b-5p","MIRNA:hsa-let-7b-5p","1","0","1209","17","1","14822","NFATC3"
"MIRNA","hsa-let-7a-5p","MIRNA:hsa-let-7a-5p","1","0","637","17","1","14822","UBA6"
"MIRNA","hsa-miR-124-3p","MIRNA:hsa-miR-124-3p","1","0","1456","17","3","14822","SP3,GNRHR,MYPN"
"MIRNA","MIRNA root","MIRNA:000000","1","0","14822","17","17","14822","PRDM16,HSPG2,NOS1AP,SP3,KAT2B,CACNA2D2,SEC62,MECOM,GNRHR,UBA6,PTP4A3,PTK2,TMEM245,MYPN,ADM,PKP2,NFATC3"
"MIRNA","hsa-miR-125b-2-3p","MIRNA:hsa-miR-125b-2-3p","1","0","112","17","1","14822","NOS1AP"
"MIRNA","hsa-miR-126-3p","MIRNA:hsa-miR-126-3p","1","0","57","17","1","14822","ADM"
"MIRNA","hsa-miR-181a-2-3p","MIRNA:hsa-miR-181a-2-3p","1","0","80","17","1","14822","NOS1AP"
"MIRNA","hsa-miR-17-5p","MIRNA:hsa-miR-17-5p","1","0","1175","17","3","14822","KAT2B,TMEM245,MYPN"
"MIRNA","hsa-miR-16-5p","MIRNA:hsa-miR-16-5p","1","0","1553","17","1","14822","TMEM245"
"MIRNA","hsa-miR-15b-5p","MIRNA:hsa-miR-15b-5p","1","0","760","17","1","14822","TMEM245"
"MIRNA","hsa-miR-15a-5p","MIRNA:hsa-miR-15a-5p","1","0","717","17","1","14822","TMEM245"
"MIRNA","hsa-miR-153-5p","MIRNA:hsa-miR-153-5p","1","0","247","17","1","14822","UBA6"
"MIRNA","hsa-miR-149-5p","MIRNA:hsa-miR-149-5p","1","0","394","17","1","14822","MYPN"
"MIRNA","hsa-miR-149-3p","MIRNA:hsa-miR-149-3p","1","0","825","17","1","14822","MYPN"
"MIRNA","hsa-miR-148b-5p","MIRNA:hsa-miR-148b-5p","1","0","52","17","1","14822","SEC62"
"MIRNA","hsa-miR-143-3p","MIRNA:hsa-miR-143-3p","1","0","229","17","1","14822","MYPN"
"MIRNA","hsa-miR-142-3p","MIRNA:hsa-miR-142-3p","1","0","387","17","2","14822","KAT2B,TMEM245"
"MIRNA","hsa-miR-138-5p","MIRNA:hsa-miR-138-5p","1","0","126","17","1","14822","PTK2"
"MIRNA","hsa-miR-138-2-3p","MIRNA:hsa-miR-138-2-3p","1","0","91","17","1","14822","NOS1AP"
"MIRNA","hsa-miR-135a-5p","MIRNA:hsa-miR-135a-5p","1","0","91","17","1","14822","PTK2"
"MIRNA","hsa-miR-125b-5p","MIRNA:hsa-miR-125b-5p","1","0","466","17","2","14822","UBA6,ADM"
"MIRNA","hsa-miR-133b","MIRNA:hsa-miR-133b","1","0","85","17","2","14822","PRDM16,MYPN"
"MIRNA","hsa-miR-1302","MIRNA:hsa-miR-1302","1","0","57","17","1","14822","TMEM245"
"MIRNA","hsa-miR-1297","MIRNA:hsa-miR-1297","1","0","192","17","1","14822","ADM"
"MIRNA","hsa-miR-129-5p","MIRNA:hsa-miR-129-5p","1","0","624","17","2","14822","UBA6,TMEM245"
"MIRNA","hsa-miR-1285-3p","MIRNA:hsa-miR-1285-3p","1","0","257","17","1","14822","MYPN"
"MIRNA","hsa-miR-1281","MIRNA:hsa-miR-1281","1","0","177","17","1","14822","MYPN"
"MIRNA","hsa-miR-128-3p","MIRNA:hsa-miR-128-3p","1","0","529","17","1","14822","MYPN"
"MIRNA","hsa-miR-1273h-5p","MIRNA:hsa-miR-1273h-5p","1","0","653","17","1","14822","MYPN"
"MIRNA","hsa-miR-1273g-3p","MIRNA:hsa-miR-1273g-3p","1","0","500","17","2","14822","NOS1AP,MYPN"
"MIRNA","hsa-miR-1273f","MIRNA:hsa-miR-1273f","1","0","294","17","2","14822","TMEM245,MYPN"
"MIRNA","hsa-miR-1272","MIRNA:hsa-miR-1272","1","0","88","17","1","14822","UBA6"
"MIRNA","hsa-miR-1270","MIRNA:hsa-miR-1270","1","0","102","17","1","14822","MYPN"
"MIRNA","hsa-miR-127-5p","MIRNA:hsa-miR-127-5p","1","0","115","17","2","14822","KAT2B,ADM"
"MIRNA","hsa-miR-1261","MIRNA:hsa-miR-1261","1","0","58","17","1","14822","MYPN"
"MIRNA","hsa-miR-1260b","MIRNA:hsa-miR-1260b","1","0","271","17","1","14822","SP3"
"MIRNA","hsa-miR-133a-3p","MIRNA:hsa-miR-133a-3p","1","0","132","17","2","14822","PRDM16,MYPN"
"MIRNA","hsa-miR-181a-5p","MIRNA:hsa-miR-181a-5p","1","0","551","17","1","14822","KAT2B"
"MIRNA","hsa-miR-181b-5p","MIRNA:hsa-miR-181b-5p","1","0","374","17","1","14822","KAT2B"
"MIRNA","hsa-miR-3187-5p","MIRNA:hsa-miR-3187-5p","1","0","253","17","1","14822","MYPN"
"MIRNA","hsa-miR-183-5p","MIRNA:hsa-miR-183-5p","1","0","349","17","1","14822","TMEM245"
"MIRNA","hsa-miR-6812-5p","MIRNA:hsa-miR-6812-5p","1","0","101","17","1","14822","ADM"
"MIRNA","hsa-miR-6809-3p","MIRNA:hsa-miR-6809-3p","1","0","319","17","1","14822","SEC62"
"MIRNA","hsa-miR-6807-5p","MIRNA:hsa-miR-6807-5p","1","0","573","17","1","14822","MYPN"
"MIRNA","hsa-miR-6804-5p","MIRNA:hsa-miR-6804-5p","1","0","126","17","1","14822","CACNA2D2"
"MIRNA","hsa-miR-6801-5p","MIRNA:hsa-miR-6801-5p","1","0","113","17","1","14822","TMEM245"
"MIRNA","hsa-miR-6799-5p","MIRNA:hsa-miR-6799-5p","1","0","671","17","2","14822","NOS1AP,MYPN"
"MIRNA","hsa-miR-6798-3p","MIRNA:hsa-miR-6798-3p","1","0","27","17","1","14822","TMEM245"
"MIRNA","hsa-miR-6794-5p","MIRNA:hsa-miR-6794-5p","1","0","163","17","1","14822","HSPG2"
"MIRNA","hsa-miR-6793-3p","MIRNA:hsa-miR-6793-3p","1","0","146","17","1","14822","TMEM245"
"MIRNA","hsa-miR-6791-3p","MIRNA:hsa-miR-6791-3p","1","0","318","17","1","14822","MYPN"
"MIRNA","hsa-miR-6788-3p","MIRNA:hsa-miR-6788-3p","1","0","22","17","1","14822","MYPN"
"MIRNA","hsa-miR-6785-5p","MIRNA:hsa-miR-6785-5p","1","0","816","17","1","14822","MYPN"
"MIRNA","hsa-miR-6780a-5p","MIRNA:hsa-miR-6780a-5p","1","0","654","17","1","14822","MYPN"
"MIRNA","hsa-miR-6780a-3p","MIRNA:hsa-miR-6780a-3p","1","0","188","17","2","14822","MYPN,ADM"
"MIRNA","hsa-miR-6779-5p","MIRNA:hsa-miR-6779-5p","1","0","661","17","1","14822","MYPN"
"MIRNA","hsa-miR-6774-5p","MIRNA:hsa-miR-6774-5p","1","0","65","17","1","14822","CACNA2D2"
"MIRNA","hsa-miR-6771-3p","MIRNA:hsa-miR-6771-3p","1","0","250","17","1","14822","MYPN"
"MIRNA","hsa-miR-6769b-5p","MIRNA:hsa-miR-6769b-5p","1","0","166","17","1","14822","ADM"
"MIRNA","hsa-miR-6769b-3p","MIRNA:hsa-miR-6769b-3p","1","0","208","17","1","14822","MYPN"
"MIRNA","hsa-miR-6769a-5p","MIRNA:hsa-miR-6769a-5p","1","0","160","17","1","14822","ADM"
"MIRNA","hsa-miR-6768-5p","MIRNA:hsa-miR-6768-5p","1","0","148","17","1","14822","NOS1AP"
"MIRNA","hsa-miR-6766-5p","MIRNA:hsa-miR-6766-5p","1","0","247","17","1","14822","CACNA2D2"
"MIRNA","hsa-miR-6764-5p","MIRNA:hsa-miR-6764-5p","1","0","228","17","1","14822","MYPN"
"MIRNA","hsa-miR-676-5p","MIRNA:hsa-miR-676-5p","1","0","109","17","1","14822","TMEM245"
"MIRNA","hsa-miR-676-3p","MIRNA:hsa-miR-676-3p","1","0","51","17","1","14822","UBA6"
"MIRNA","hsa-miR-6756-5p","MIRNA:hsa-miR-6756-5p","1","0","247","17","1","14822","CACNA2D2"
"MIRNA","hsa-miR-6756-3p","MIRNA:hsa-miR-6756-3p","1","0","181","17","1","14822","UBA6"
"MIRNA","hsa-miR-6747-5p","MIRNA:hsa-miR-6747-5p","1","0","116","17","1","14822","ADM"
"MIRNA","hsa-miR-6747-3p","MIRNA:hsa-miR-6747-3p","1","0","496","17","1","14822","MYPN"
"MIRNA","hsa-miR-6817-5p","MIRNA:hsa-miR-6817-5p","1","0","75","17","1","14822","HSPG2"
"MIRNA","hsa-miR-6743-5p","MIRNA:hsa-miR-6743-5p","1","0","103","17","1","14822","NOS1AP"
"MIRNA","hsa-miR-6819-5p","MIRNA:hsa-miR-6819-5p","1","0","103","17","1","14822","ADM"
"MIRNA","hsa-miR-6825-5p","MIRNA:hsa-miR-6825-5p","1","0","379","17","1","14822","NOS1AP"
"MIRNA","hsa-miR-7107-5p","MIRNA:hsa-miR-7107-5p","1","0","153","17","1","14822","MYPN"
"MIRNA","hsa-miR-7106-5p","MIRNA:hsa-miR-7106-5p","1","0","777","17","1","14822","MYPN"
"MIRNA","hsa-miR-708-5p","MIRNA:hsa-miR-708-5p","1","0","103","17","1","14822","NOS1AP"
"MIRNA","hsa-miR-7-5p","MIRNA:hsa-miR-7-5p","1","0","575","17","1","14822","PTK2"
"MIRNA","hsa-miR-6890-5p","MIRNA:hsa-miR-6890-5p","1","0","124","17","2","14822","TMEM245,MYPN"
"MIRNA","hsa-miR-6888-5p","MIRNA:hsa-miR-6888-5p","1","0","155","17","1","14822","NOS1AP"
"MIRNA","hsa-miR-6886-3p","MIRNA:hsa-miR-6886-3p","1","0","66","17","1","14822","ADM"
"MIRNA","hsa-miR-6885-3p","MIRNA:hsa-miR-6885-3p","1","0","142","17","1","14822","NFATC3"
"MIRNA","hsa-miR-6884-5p","MIRNA:hsa-miR-6884-5p","1","0","519","17","1","14822","ADM"
"MIRNA","hsa-miR-6883-5p","MIRNA:hsa-miR-6883-5p","1","0","816","17","1","14822","MYPN"
"MIRNA","hsa-miR-6881-3p","MIRNA:hsa-miR-6881-3p","1","0","220","17","2","14822","MYPN,ADM"
"MIRNA","hsa-miR-6874-3p","MIRNA:hsa-miR-6874-3p","1","0","48","17","1","14822","SEC62"
"MIRNA","hsa-miR-6870-5p","MIRNA:hsa-miR-6870-5p","1","0","254","17","1","14822","HSPG2"
"MIRNA","hsa-miR-6868-3p","MIRNA:hsa-miR-6868-3p","1","0","181","17","1","14822","UBA6"
"MIRNA","hsa-miR-6864-3p","MIRNA:hsa-miR-6864-3p","1","0","317","17","1","14822","TMEM245"
"MIRNA","hsa-miR-6860","MIRNA:hsa-miR-6860","1","0","256","17","1","14822","MYPN"
"MIRNA","hsa-miR-6855-5p","MIRNA:hsa-miR-6855-5p","1","0","142","17","2","14822","TMEM245,MYPN"
"MIRNA","hsa-miR-6851-5p","MIRNA:hsa-miR-6851-5p","1","0","335","17","1","14822","NOS1AP"
"MIRNA","hsa-miR-6849-5p","MIRNA:hsa-miR-6849-5p","1","0","61","17","1","14822","MYPN"
"MIRNA","hsa-miR-6849-3p","MIRNA:hsa-miR-6849-3p","1","0","724","17","1","14822","MYPN"
"MIRNA","hsa-miR-6845-3p","MIRNA:hsa-miR-6845-3p","1","0","261","17","1","14822","MYPN"
"MIRNA","hsa-miR-6844","MIRNA:hsa-miR-6844","1","0","110","17","1","14822","TMEM245"
"MIRNA","hsa-miR-6840-3p","MIRNA:hsa-miR-6840-3p","1","0","449","17","1","14822","MYPN"
"MIRNA","hsa-miR-6838-5p","MIRNA:hsa-miR-6838-5p","1","0","431","17","1","14822","TMEM245"
"MIRNA","hsa-miR-6832-5p","MIRNA:hsa-miR-6832-5p","1","0","267","17","1","14822","TMEM245"
"MIRNA","hsa-miR-6831-5p","MIRNA:hsa-miR-6831-5p","1","0","183","17","1","14822","SEC62"
"MIRNA","hsa-miR-6829-3p","MIRNA:hsa-miR-6829-3p","1","0","318","17","1","14822","MYPN"
"MIRNA","hsa-miR-6827-3p","MIRNA:hsa-miR-6827-3p","1","0","120","17","1","14822","MYPN"
"MIRNA","hsa-miR-6826-3p","MIRNA:hsa-miR-6826-3p","1","0","154","17","1","14822","UBA6"
"MIRNA","hsa-miR-6823-3p","MIRNA:hsa-miR-6823-3p","1","0","70","17","1","14822","MYPN"
"MIRNA","hsa-miR-6742-5p","MIRNA:hsa-miR-6742-5p","1","0","95","17","1","14822","ADM"
"MIRNA","hsa-miR-6739-5p","MIRNA:hsa-miR-6739-5p","1","0","202","17","1","14822","CACNA2D2"
"MIRNA","hsa-miR-6738-5p","MIRNA:hsa-miR-6738-5p","1","0","134","17","1","14822","NOS1AP"
"MIRNA","hsa-miR-6086","MIRNA:hsa-miR-6086","1","0","539","17","1","14822","MYPN"
"MIRNA","hsa-miR-608","MIRNA:hsa-miR-608","1","0","194","17","1","14822","ADM"
"MIRNA","hsa-miR-6071","MIRNA:hsa-miR-6071","1","0","63","17","1","14822","TMEM245"
"MIRNA","hsa-miR-603","MIRNA:hsa-miR-603","1","0","503","17","1","14822","TMEM245"
"MIRNA","hsa-miR-600","MIRNA:hsa-miR-600","1","0","51","17","1","14822","TMEM245"
"MIRNA","hsa-miR-593-3p","MIRNA:hsa-miR-593-3p","1","0","164","17","1","14822","TMEM245"
"MIRNA","hsa-miR-577","MIRNA:hsa-miR-577","1","0","128","17","1","14822","SEC62"
"MIRNA","hsa-miR-573","MIRNA:hsa-miR-573","1","0","121","17","1","14822","ADM"
"MIRNA","hsa-miR-5698","MIRNA:hsa-miR-5698","1","0","492","17","1","14822","HSPG2"
"MIRNA","hsa-miR-5697","MIRNA:hsa-miR-5697","1","0","170","17","2","14822","NOS1AP,ADM"
"MIRNA","hsa-miR-5690","MIRNA:hsa-miR-5690","1","0","222","17","1","14822","UBA6"
"MIRNA","hsa-miR-562","MIRNA:hsa-miR-562","1","0","125","17","1","14822","TMEM245"
"MIRNA","hsa-miR-5591-3p","MIRNA:hsa-miR-5591-3p","1","0","47","17","1","14822","UBA6"
"MIRNA","hsa-miR-5589-5p","MIRNA:hsa-miR-5589-5p","1","0","331","17","2","14822","TMEM245,MYPN"
"MIRNA","hsa-miR-5584-3p","MIRNA:hsa-miR-5584-3p","1","0","78","17","1","14822","SEC62"
"MIRNA","hsa-miR-5583-5p","MIRNA:hsa-miR-5583-5p","1","0","56","17","1","14822","TMEM245"
"MIRNA","hsa-miR-5582-3p","MIRNA:hsa-miR-5582-3p","1","0","246","17","1","14822","TMEM245"
"MIRNA","hsa-miR-557","MIRNA:hsa-miR-557","1","0","185","17","1","14822","TMEM245"
"MIRNA","hsa-miR-551a","MIRNA:hsa-miR-551a","1","0","10","17","1","14822","PTP4A3"
"MIRNA","hsa-miR-548t-5p","MIRNA:hsa-miR-548t-5p","1","0","268","17","1","14822","NFATC3"
"MIRNA","hsa-miR-548n","MIRNA:hsa-miR-548n","1","0","259","17","1","14822","NFATC3"
"MIRNA","hsa-miR-548l","MIRNA:hsa-miR-548l","1","0","171","17","1","14822","NFATC3"
"MIRNA","hsa-miR-548f-3p","MIRNA:hsa-miR-548f-3p","1","0","165","17","1","14822","TMEM245"
"MIRNA","hsa-miR-548e-5p","MIRNA:hsa-miR-548e-5p","1","0","204","17","2","14822","MYPN,NFATC3"
"MIRNA","hsa-miR-548e-3p","MIRNA:hsa-miR-548e-3p","1","0","166","17","1","14822","TMEM245"
"MIRNA","hsa-miR-548c-3p","MIRNA:hsa-miR-548c-3p","1","0","520","17","2","14822","ADM,NFATC3"
"MIRNA","hsa-miR-548az-5p","MIRNA:hsa-miR-548az-5p","1","0","268","17","1","14822","NFATC3"
"MIRNA","hsa-miR-548az-3p","MIRNA:hsa-miR-548az-3p","1","0","166","17","1","14822","TMEM245"
"MIRNA","hsa-miR-548ar-3p","MIRNA:hsa-miR-548ar-3p","1","0","166","17","1","14822","TMEM245"
"MIRNA","hsa-miR-6088","MIRNA:hsa-miR-6088","1","0","172","17","1","14822","MYPN"
"MIRNA","hsa-miR-612","MIRNA:hsa-miR-612","1","0","256","17","1","14822","MYPN"
"MIRNA","hsa-miR-615-3p","MIRNA:hsa-miR-615-3p","1","0","890","17","2","14822","PRDM16,UBA6"
"MIRNA","hsa-miR-619-5p","MIRNA:hsa-miR-619-5p","1","0","418","17","1","14822","MYPN"
"MIRNA","hsa-miR-6737-5p","MIRNA:hsa-miR-6737-5p","1","0","102","17","1","14822","ADM"
"MIRNA","hsa-miR-6734-5p","MIRNA:hsa-miR-6734-5p","1","0","129","17","1","14822","NOS1AP"
"MIRNA","hsa-miR-6734-3p","MIRNA:hsa-miR-6734-3p","1","0","219","17","1","14822","UBA6"
"MIRNA","hsa-miR-6733-5p","MIRNA:hsa-miR-6733-5p","1","0","196","17","1","14822","CACNA2D2"
"MIRNA","hsa-miR-6730-3p","MIRNA:hsa-miR-6730-3p","1","0","67","17","1","14822","NOS1AP"
"MIRNA","hsa-miR-6728-5p","MIRNA:hsa-miR-6728-5p","1","0","82","17","1","14822","TMEM245"
"MIRNA","hsa-miR-6728-3p","MIRNA:hsa-miR-6728-3p","1","0","94","17","1","14822","TMEM245"
"MIRNA","hsa-miR-6721-5p","MIRNA:hsa-miR-6721-5p","1","0","234","17","1","14822","CACNA2D2"
"MIRNA","hsa-miR-6720-5p","MIRNA:hsa-miR-6720-5p","1","0","519","17","1","14822","MYPN"
"MIRNA","hsa-miR-670-3p","MIRNA:hsa-miR-670-3p","1","0","195","17","2","14822","MYPN,ADM"
"MIRNA","hsa-miR-665","MIRNA:hsa-miR-665","1","0","732","17","1","14822","HSPG2"
"MIRNA","hsa-miR-663a","MIRNA:hsa-miR-663a","1","0","143","17","1","14822","HSPG2"
"MIRNA","hsa-miR-661","MIRNA:hsa-miR-661","1","0","453","17","2","14822","TMEM245,MYPN"
"MIRNA","hsa-miR-657","MIRNA:hsa-miR-657","1","0","100","17","1","14822","TMEM245"
"MIRNA","hsa-miR-7111-3p","MIRNA:hsa-miR-7111-3p","1","0","217","17","2","14822","MYPN,ADM"
"MIRNA","hsa-miR-655-3p","MIRNA:hsa-miR-655-3p","1","0","101","17","1","14822","ADM"
"MIRNA","hsa-miR-6516-5p","MIRNA:hsa-miR-6516-5p","1","0","642","17","2","14822","TMEM245,MYPN"
"MIRNA","hsa-miR-6513-5p","MIRNA:hsa-miR-6513-5p","1","0","390","17","1","14822","TMEM245"
"MIRNA","hsa-miR-6512-5p","MIRNA:hsa-miR-6512-5p","1","0","70","17","1","14822","TMEM245"
"MIRNA","hsa-miR-6512-3p","MIRNA:hsa-miR-6512-3p","1","0","518","17","1","14822","MYPN"
"MIRNA","hsa-miR-6511a-5p","MIRNA:hsa-miR-6511a-5p","1","0","497","17","1","14822","MYPN"
"MIRNA","hsa-miR-6509-3p","MIRNA:hsa-miR-6509-3p","1","0","86","17","1","14822","NOS1AP"
"MIRNA","hsa-miR-6508-5p","MIRNA:hsa-miR-6508-5p","1","0","71","17","1","14822","NFATC3"
"MIRNA","hsa-miR-6507-5p","MIRNA:hsa-miR-6507-5p","1","0","131","17","1","14822","TMEM245"
"MIRNA","hsa-miR-6506-5p","MIRNA:hsa-miR-6506-5p","1","0","384","17","1","14822","MYPN"
"MIRNA","hsa-miR-650","MIRNA:hsa-miR-650","1","0","421","17","1","14822","MYPN"
"MIRNA","hsa-miR-6499-3p","MIRNA:hsa-miR-6499-3p","1","0","872","17","1","14822","MYPN"
"MIRNA","hsa-miR-646","MIRNA:hsa-miR-646","1","0","251","17","1","14822","TMEM245"
"MIRNA","hsa-miR-633","MIRNA:hsa-miR-633","1","0","80","17","1","14822","ADM"
"MIRNA","hsa-miR-620","MIRNA:hsa-miR-620","1","0","103","17","1","14822","MYPN"
"MIRNA","hsa-miR-654-5p","MIRNA:hsa-miR-654-5p","1","0","158","17","1","14822","ADM"
"MIRNA","hsa-miR-548ao-3p","MIRNA:hsa-miR-548ao-3p","1","0","21","17","1","14822","UBA6"
"MIRNA","hsa-miR-7111-5p","MIRNA:hsa-miR-7111-5p","1","0","257","17","1","14822","HSPG2"
"MIRNA","hsa-miR-744-5p","MIRNA:hsa-miR-744-5p","1","0","434","17","1","14822","PKP2"
"MIRNA","hsa-miR-96-5p","MIRNA:hsa-miR-96-5p","1","0","206","17","1","14822","PRDM16"
"MIRNA","hsa-miR-95-3p","MIRNA:hsa-miR-95-3p","1","0","12","17","1","14822","TMEM245"
"MIRNA","hsa-miR-939-3p","MIRNA:hsa-miR-939-3p","1","0","433","17","1","14822","MYPN"
"MIRNA","hsa-miR-938","MIRNA:hsa-miR-938","1","0","61","17","1","14822","ADM"
"MIRNA","hsa-miR-93-5p","MIRNA:hsa-miR-93-5p","1","0","1210","17","3","14822","KAT2B,TMEM245,MYPN"
"MIRNA","hsa-miR-93-3p","MIRNA:hsa-miR-93-3p","1","0","266","17","1","14822","TMEM245"
"MIRNA","hsa-miR-92b-3p","MIRNA:hsa-miR-92b-3p","1","0","708","17","1","14822","KAT2B"
"MIRNA","hsa-miR-92a-3p","MIRNA:hsa-miR-92a-3p","1","0","1401","17","1","14822","KAT2B"
"MIRNA","hsa-miR-92a-2-5p","MIRNA:hsa-miR-92a-2-5p","1","0","245","17","1","14822","ADM"
"MIRNA","hsa-miR-921","MIRNA:hsa-miR-921","1","0","68","17","1","14822","ADM"
"MIRNA","hsa-miR-9-5p","MIRNA:hsa-miR-9-5p","1","0","348","17","2","14822","TMEM245,NFATC3"
"MIRNA","hsa-miR-888-3p","MIRNA:hsa-miR-888-3p","1","0","64","17","1","14822","NOS1AP"
"MIRNA","hsa-miR-887-5p","MIRNA:hsa-miR-887-5p","1","0","469","17","1","14822","TMEM245"
"MIRNA","hsa-miR-877-3p","MIRNA:hsa-miR-877-3p","1","0","598","17","1","14822","ADM"
"MIRNA","hsa-miR-873-3p","MIRNA:hsa-miR-873-3p","1","0","153","17","1","14822","TMEM245"
"MIRNA","hsa-miR-8485","MIRNA:hsa-miR-8485","1","0","868","17","2","14822","NOS1AP,TMEM245"
"MIRNA","hsa-miR-8073","MIRNA:hsa-miR-8073","1","0","137","17","1","14822","MYPN"
"MIRNA","hsa-miR-8069","MIRNA:hsa-miR-8069","1","0","58","17","1","14822","UBA6"
"MIRNA","hsa-miR-8068","MIRNA:hsa-miR-8068","1","0","101","17","1","14822","MYPN"
"MIRNA","hsa-miR-8067","MIRNA:hsa-miR-8067","1","0","72","17","1","14822","NFATC3"
"MIRNA","hsa-miR-7977","MIRNA:hsa-miR-7977","1","0","654","17","1","14822","NOS1AP"
"MIRNA","hsa-miR-7975","MIRNA:hsa-miR-7975","1","0","40","17","1","14822","NFATC3"
"MIRNA","hsa-miR-7854-3p","MIRNA:hsa-miR-7854-3p","1","0","153","17","1","14822","NOS1AP"
"MIRNA","hsa-miR-7850-5p","MIRNA:hsa-miR-7850-5p","1","0","96","17","1","14822","ADM"
"MIRNA","hsa-miR-7844-5p","MIRNA:hsa-miR-7844-5p","1","0","75","17","1","14822","TMEM245"
"MIRNA","hsa-miR-7703","MIRNA:hsa-miR-7703","1","0","467","17","1","14822","MYPN"
"MIRNA","hsa-miR-769-3p","MIRNA:hsa-miR-769-3p","1","0","164","17","1","14822","TMEM245"
"MIRNA","hsa-miR-7154-3p","MIRNA:hsa-miR-7154-3p","1","0","135","17","1","14822","HSPG2"
"MIRNA","hsa-miR-548ah-5p","MIRNA:hsa-miR-548ah-5p","1","0","317","17","1","14822","MYPN"
"MIRNA","hsa-miR-544a","MIRNA:hsa-miR-544a","1","0","151","17","1","14822","ADM"
"MIRNA","hsa-miR-3591-5p","MIRNA:hsa-miR-3591-5p","1","0","96","17","1","14822","MYPN"
"MIRNA","hsa-miR-34a-5p","MIRNA:hsa-miR-34a-5p","1","0","728","17","1","14822","PKP2"
"MIRNA","hsa-miR-346","MIRNA:hsa-miR-346","1","0","93","17","2","14822","PRDM16,HSPG2"
"MIRNA","hsa-miR-342-5p","MIRNA:hsa-miR-342-5p","1","0","128","17","1","14822","ADM"
"MIRNA","hsa-miR-340-5p","MIRNA:hsa-miR-340-5p","1","0","340","17","2","14822","TMEM245,MYPN"
"MIRNA","hsa-miR-340-3p","MIRNA:hsa-miR-340-3p","1","0","132","17","1","14822","MYPN"
"MIRNA","hsa-miR-33a-3p","MIRNA:hsa-miR-33a-3p","1","0","144","17","1","14822","SEC62"
"MIRNA","hsa-miR-338-5p","MIRNA:hsa-miR-338-5p","1","0","104","17","1","14822","ADM"
"MIRNA","hsa-miR-337-3p","MIRNA:hsa-miR-337-3p","1","0","81","17","1","14822","NFATC3"
"MIRNA","hsa-miR-335-5p","MIRNA:hsa-miR-335-5p","1","0","2562","17","2","14822","HSPG2,MYPN"
"MIRNA","hsa-miR-329-5p","MIRNA:hsa-miR-329-5p","1","0","103","17","1","14822","ADM"
"MIRNA","hsa-miR-329-3p","MIRNA:hsa-miR-329-3p","1","0","534","17","1","14822","NOS1AP"
"MIRNA","hsa-miR-328-5p","MIRNA:hsa-miR-328-5p","1","0","117","17","1","14822","CACNA2D2"
"MIRNA","hsa-miR-324-3p","MIRNA:hsa-miR-324-3p","1","0","336","17","1","14822","NFATC3"
"MIRNA","hsa-miR-323b-3p","MIRNA:hsa-miR-323b-3p","1","0","44","17","1","14822","SEC62"
"MIRNA","hsa-miR-320a","MIRNA:hsa-miR-320a","1","0","580","17","2","14822","NOS1AP,NFATC3"
"MIRNA","hsa-miR-32-5p","MIRNA:hsa-miR-32-5p","1","0","564","17","1","14822","KAT2B"
"MIRNA","hsa-miR-3192-5p","MIRNA:hsa-miR-3192-5p","1","0","271","17","1","14822","MYPN"
"MIRNA","hsa-miR-3189-3p","MIRNA:hsa-miR-3189-3p","1","0","73","17","1","14822","TMEM245"
"MIRNA","hsa-miR-3188","MIRNA:hsa-miR-3188","1","0","86","17","1","14822","ADM"
"MIRNA","hsa-miR-3184-5p","MIRNA:hsa-miR-3184-5p","1","0","185","17","1","14822","NOS1AP"
"MIRNA","hsa-miR-3183","MIRNA:hsa-miR-3183","1","0","209","17","1","14822","MYPN"
"MIRNA","hsa-miR-3174","MIRNA:hsa-miR-3174","1","0","106","17","1","14822","ADM"
"MIRNA","hsa-miR-3170","MIRNA:hsa-miR-3170","1","0","142","17","2","14822","TMEM245,MYPN"
"MIRNA","hsa-miR-3168","MIRNA:hsa-miR-3168","1","0","31","17","1","14822","SEC62"
"MIRNA","hsa-miR-3163","MIRNA:hsa-miR-3163","1","0","340","17","2","14822","MYPN,NFATC3"
"MIRNA","hsa-miR-3160-3p","MIRNA:hsa-miR-3160-3p","1","0","194","17","1","14822","NOS1AP"
"MIRNA","hsa-miR-3157-5p","MIRNA:hsa-miR-3157-5p","1","0","121","17","1","14822","TMEM245"
"MIRNA","hsa-miR-3606-3p","MIRNA:hsa-miR-3606-3p","1","0","187","17","1","14822","TMEM245"
"MIRNA","hsa-miR-3156-5p","MIRNA:hsa-miR-3156-5p","1","0","64","17","1","14822","MYPN"
"MIRNA","hsa-miR-3609","MIRNA:hsa-miR-3609","1","0","318","17","1","14822","MYPN"
"MIRNA","hsa-miR-3612","MIRNA:hsa-miR-3612","1","0","418","17","1","14822","MYPN"
"MIRNA","hsa-miR-374b-5p","MIRNA:hsa-miR-374b-5p","1","0","234","17","1","14822","TMEM245"
"MIRNA","hsa-miR-374a-5p","MIRNA:hsa-miR-374a-5p","1","0","281","17","1","14822","TMEM245"
"MIRNA","hsa-miR-373-3p","MIRNA:hsa-miR-373-3p","1","0","526","17","1","14822","MYPN"
"MIRNA","hsa-miR-372-3p","MIRNA:hsa-miR-372-3p","1","0","457","17","1","14822","MYPN"
"MIRNA","hsa-miR-3692-5p","MIRNA:hsa-miR-3692-5p","1","0","70","17","1","14822","TMEM245"
"MIRNA","hsa-miR-3692-3p","MIRNA:hsa-miR-3692-3p","1","0","127","17","1","14822","NOS1AP"
"MIRNA","hsa-miR-3689d","MIRNA:hsa-miR-3689d","1","0","351","17","1","14822","NOS1AP"
"MIRNA","hsa-miR-3689c","MIRNA:hsa-miR-3689c","1","0","651","17","1","14822","MYPN"
"MIRNA","hsa-miR-3689b-3p","MIRNA:hsa-miR-3689b-3p","1","0","651","17","1","14822","MYPN"
"MIRNA","hsa-miR-3689a-3p","MIRNA:hsa-miR-3689a-3p","1","0","651","17","1","14822","MYPN"
"MIRNA","hsa-miR-3682-3p","MIRNA:hsa-miR-3682-3p","1","0","47","17","1","14822","UBA6"
"MIRNA","hsa-miR-3681-5p","MIRNA:hsa-miR-3681-5p","1","0","61","17","1","14822","MYPN"
"MIRNA","hsa-miR-3680-3p","MIRNA:hsa-miR-3680-3p","1","0","173","17","1","14822","TMEM245"
"MIRNA","hsa-miR-3679-3p","MIRNA:hsa-miR-3679-3p","1","0","148","17","1","14822","UBA6"
"MIRNA","hsa-miR-3674","MIRNA:hsa-miR-3674","1","0","106","17","1","14822","TMEM245"
"MIRNA","hsa-miR-3672","MIRNA:hsa-miR-3672","1","0","317","17","1","14822","TMEM245"
"MIRNA","hsa-miR-3667-5p","MIRNA:hsa-miR-3667-5p","1","0","53","17","1","14822","UBA6"
"MIRNA","hsa-miR-3667-3p","MIRNA:hsa-miR-3667-3p","1","0","223","17","1","14822","UBA6"
"MIRNA","hsa-miR-3665","MIRNA:hsa-miR-3665","1","0","172","17","1","14822","TMEM245"
"MIRNA","hsa-miR-3662","MIRNA:hsa-miR-3662","1","0","253","17","1","14822","ADM"
"MIRNA","hsa-miR-365b-3p","MIRNA:hsa-miR-365b-3p","1","0","86","17","1","14822","ADM"
"MIRNA","hsa-miR-365a-3p","MIRNA:hsa-miR-365a-3p","1","0","123","17","1","14822","ADM"
"MIRNA","hsa-miR-3653-5p","MIRNA:hsa-miR-3653-5p","1","0","617","17","1","14822","MYPN"
"MIRNA","hsa-miR-3622b-3p","MIRNA:hsa-miR-3622b-3p","1","0","120","17","1","14822","NOS1AP"
"MIRNA","hsa-miR-3622a-3p","MIRNA:hsa-miR-3622a-3p","1","0","123","17","1","14822","NOS1AP"
"MIRNA","hsa-miR-362-3p","MIRNA:hsa-miR-362-3p","1","0","532","17","1","14822","NOS1AP"
"MIRNA","hsa-miR-3617-3p","MIRNA:hsa-miR-3617-3p","1","0","52","17","1","14822","UBA6"
"MIRNA","hsa-miR-3616-5p","MIRNA:hsa-miR-3616-5p","1","0","117","17","1","14822","ADM"
"MIRNA","hsa-miR-3613-3p","MIRNA:hsa-miR-3613-3p","1","0","501","17","1","14822","ADM"
"MIRNA","hsa-miR-361-3p","MIRNA:hsa-miR-361-3p","1","0","144","17","2","14822","TMEM245,NFATC3"
"MIRNA","hsa-miR-3154","MIRNA:hsa-miR-3154","1","0","147","17","1","14822","NFATC3"
"MIRNA","hsa-miR-3153","MIRNA:hsa-miR-3153","1","0","196","17","1","14822","CACNA2D2"
"MIRNA","hsa-miR-3151-5p","MIRNA:hsa-miR-3151-5p","1","0","84","17","1","14822","CACNA2D2"
"MIRNA","hsa-miR-22-3p","MIRNA:hsa-miR-22-3p","1","0","161","17","1","14822","MECOM"
"MIRNA","hsa-miR-218-5p","MIRNA:hsa-miR-218-5p","1","0","815","17","3","14822","HSPG2,SP3,NFATC3"
"MIRNA","hsa-miR-216b-3p","MIRNA:hsa-miR-216b-3p","1","0","116","17","1","14822","TMEM245"
"MIRNA","hsa-miR-215-5p","MIRNA:hsa-miR-215-5p","1","0","753","17","1","14822","KAT2B"
"MIRNA","hsa-miR-212-5p","MIRNA:hsa-miR-212-5p","1","0","157","17","1","14822","TMEM245"
"MIRNA","hsa-miR-2117","MIRNA:hsa-miR-2117","1","0","57","17","1","14822","SEC62"
"MIRNA","hsa-miR-2114-3p","MIRNA:hsa-miR-2114-3p","1","0","73","17","1","14822","MYPN"
"MIRNA","hsa-miR-21-5p","MIRNA:hsa-miR-21-5p","1","0","636","17","2","14822","PTK2,TMEM245"
"MIRNA","hsa-miR-20b-5p","MIRNA:hsa-miR-20b-5p","1","0","907","17","2","14822","TMEM245,MYPN"
"MIRNA","hsa-miR-20a-5p","MIRNA:hsa-miR-20a-5p","1","0","1062","17","2","14822","TMEM245,MYPN"
"MIRNA","hsa-miR-205-3p","MIRNA:hsa-miR-205-3p","1","0","141","17","1","14822","TMEM245"
"MIRNA","hsa-miR-202-5p","MIRNA:hsa-miR-202-5p","1","0","87","17","1","14822","NFATC3"
"MIRNA","hsa-miR-19b-3p","MIRNA:hsa-miR-19b-3p","1","0","712","17","1","14822","KAT2B"
"MIRNA","hsa-miR-19b-2-5p","MIRNA:hsa-miR-19b-2-5p","1","0","106","17","1","14822","TMEM245"
"MIRNA","hsa-miR-19b-1-5p","MIRNA:hsa-miR-19b-1-5p","1","0","113","17","1","14822","TMEM245"
"MIRNA","hsa-miR-19a-5p","MIRNA:hsa-miR-19a-5p","1","0","109","17","1","14822","TMEM245"
"MIRNA","hsa-miR-19a-3p","MIRNA:hsa-miR-19a-3p","1","0","570","17","1","14822","KAT2B"
"MIRNA","hsa-miR-1972","MIRNA:hsa-miR-1972","1","0","124","17","1","14822","HSPG2"
"MIRNA","hsa-miR-195-5p","MIRNA:hsa-miR-195-5p","1","0","639","17","1","14822","TMEM245"
"MIRNA","hsa-miR-193b-5p","MIRNA:hsa-miR-193b-5p","1","0","212","17","2","14822","TMEM245,MYPN"
"MIRNA","hsa-miR-193a-5p","MIRNA:hsa-miR-193a-5p","1","0","56","17","1","14822","TMEM245"
"MIRNA","hsa-miR-193a-3p","MIRNA:hsa-miR-193a-3p","1","0","127","17","1","14822","PTK2"
"MIRNA","hsa-miR-192-5p","MIRNA:hsa-miR-192-5p","1","0","987","17","2","14822","KAT2B,PTP4A3"
"MIRNA","hsa-miR-1915-3p","MIRNA:hsa-miR-1915-3p","1","0","231","17","1","14822","MYPN"
"MIRNA","hsa-miR-1914-3p","MIRNA:hsa-miR-1914-3p","1","0","141","17","1","14822","NOS1AP"
"MIRNA","hsa-miR-1910-3p","MIRNA:hsa-miR-1910-3p","1","0","494","17","1","14822","MYPN"
"MIRNA","hsa-miR-187-5p","MIRNA:hsa-miR-187-5p","1","0","84","17","2","14822","UBA6,TMEM245"
"MIRNA","hsa-miR-186-5p","MIRNA:hsa-miR-186-5p","1","0","748","17","2","14822","TMEM245,PKP2"
"MIRNA","hsa-miR-185-5p","MIRNA:hsa-miR-185-5p","1","0","356","17","1","14822","NFATC3"
"MIRNA","hsa-miR-221-3p","MIRNA:hsa-miR-221-3p","1","0","366","17","2","14822","PRDM16,TMEM245"
"MIRNA","hsa-miR-221-5p","MIRNA:hsa-miR-221-5p","1","0","143","17","1","14822","MYPN"
"MIRNA","hsa-miR-222-3p","MIRNA:hsa-miR-222-3p","1","0","392","17","2","14822","TMEM245,PKP2"
"MIRNA","hsa-miR-223-3p","MIRNA:hsa-miR-223-3p","1","0","99","17","1","14822","SP3"
"MIRNA","hsa-miR-3151-3p","MIRNA:hsa-miR-3151-3p","1","0","35","17","1","14822","NOS1AP"
"MIRNA","hsa-miR-3140-3p","MIRNA:hsa-miR-3140-3p","1","0","124","17","1","14822","ADM"
"MIRNA","hsa-miR-3139","MIRNA:hsa-miR-3139","1","0","67","17","1","14822","NOS1AP"
"MIRNA","hsa-miR-3129-3p","MIRNA:hsa-miR-3129-3p","1","0","55","17","1","14822","TMEM245"
"MIRNA","hsa-miR-3127-3p","MIRNA:hsa-miR-3127-3p","1","0","163","17","1","14822","UBA6"
"MIRNA","hsa-miR-3122","MIRNA:hsa-miR-3122","1","0","369","17","1","14822","TMEM245"
"MIRNA","hsa-miR-3121-3p","MIRNA:hsa-miR-3121-3p","1","0","141","17","1","14822","ADM"
"MIRNA","hsa-miR-3120-3p","MIRNA:hsa-miR-3120-3p","1","0","127","17","1","14822","ADM"
"MIRNA","hsa-miR-31-5p","MIRNA:hsa-miR-31-5p","1","0","222","17","1","14822","UBA6"
"MIRNA","hsa-miR-30b-3p","MIRNA:hsa-miR-30b-3p","1","0","661","17","1","14822","MYPN"
"MIRNA","hsa-miR-30a-5p","MIRNA:hsa-miR-30a-5p","1","0","729","17","1","14822","SEC62"
"MIRNA","hsa-miR-30a-3p","MIRNA:hsa-miR-30a-3p","1","0","193","17","1","14822","NFATC3"
"MIRNA","hsa-miR-302f","MIRNA:hsa-miR-302f","1","0","225","17","2","14822","MYPN,ADM"
"MIRNA","hsa-miR-302e","MIRNA:hsa-miR-302e","1","0","443","17","1","14822","MYPN"
"MIRNA","hsa-miR-374c-5p","MIRNA:hsa-miR-374c-5p","1","0","95","17","1","14822","ADM"
"MIRNA","hsa-miR-302d-3p","MIRNA:hsa-miR-302d-3p","1","0","455","17","1","14822","MYPN"
"MIRNA","hsa-miR-302b-3p","MIRNA:hsa-miR-302b-3p","1","0","456","17","1","14822","MYPN"
"MIRNA","hsa-miR-302a-3p","MIRNA:hsa-miR-302a-3p","1","0","460","17","1","14822","MYPN"
"MIRNA","hsa-miR-29b-2-5p","MIRNA:hsa-miR-29b-2-5p","1","0","118","17","1","14822","ADM"
"MIRNA","hsa-miR-28-5p","MIRNA:hsa-miR-28-5p","1","0","104","17","1","14822","NOS1AP"
"MIRNA","hsa-miR-27b-5p","MIRNA:hsa-miR-27b-5p","1","0","64","17","1","14822","TMEM245"
"MIRNA","hsa-miR-27a-3p","MIRNA:hsa-miR-27a-3p","1","0","429","17","1","14822","SP3"
"MIRNA","hsa-miR-26b-5p","MIRNA:hsa-miR-26b-5p","1","0","1848","17","3","14822","KAT2B,GNRHR,ADM"
"MIRNA","hsa-miR-26a-5p","MIRNA:hsa-miR-26a-5p","1","0","457","17","1","14822","ADM"
"MIRNA","hsa-miR-25-3p","MIRNA:hsa-miR-25-3p","1","0","518","17","1","14822","KAT2B"
"MIRNA","hsa-miR-2467-5p","MIRNA:hsa-miR-2467-5p","1","0","89","17","1","14822","ADM"
"MIRNA","hsa-miR-2467-3p","MIRNA:hsa-miR-2467-3p","1","0","440","17","1","14822","MYPN"
"MIRNA","hsa-miR-24-3p","MIRNA:hsa-miR-24-3p","1","0","852","17","1","14822","MYPN"
"MIRNA","hsa-miR-2355-3p","MIRNA:hsa-miR-2355-3p","1","0","58","17","1","14822","UBA6"
"MIRNA","hsa-miR-2277-3p","MIRNA:hsa-miR-2277-3p","1","0","59","17","1","14822","ADM"
"MIRNA","hsa-miR-302c-3p","MIRNA:hsa-miR-302c-3p","1","0","502","17","1","14822","MYPN"
"MIRNA","hsa-miR-548a-3p","MIRNA:hsa-miR-548a-3p","1","0","169","17","1","14822","TMEM245"
"MIRNA","hsa-miR-376a-3p","MIRNA:hsa-miR-376a-3p","1","0","112","17","1","14822","TMEM245"
"MIRNA","hsa-miR-377-5p","MIRNA:hsa-miR-377-5p","1","0","562","17","1","14822","MYPN"
"MIRNA","hsa-miR-497-5p","MIRNA:hsa-miR-497-5p","1","0","460","17","1","14822","TMEM245"
"MIRNA","hsa-miR-497-3p","MIRNA:hsa-miR-497-3p","1","0","100","17","1","14822","SEC62"
"MIRNA","hsa-miR-495-3p","MIRNA:hsa-miR-495-3p","1","0","178","17","1","14822","PTP4A3"
"MIRNA","hsa-miR-493-3p","MIRNA:hsa-miR-493-3p","1","0","87","17","1","14822","NFATC3"
"MIRNA","hsa-miR-490-5p","MIRNA:hsa-miR-490-5p","1","0","41","17","1","14822","MYPN"
"MIRNA","hsa-miR-486-3p","MIRNA:hsa-miR-486-3p","1","0","201","17","1","14822","CACNA2D2"
"MIRNA","hsa-miR-485-5p","MIRNA:hsa-miR-485-5p","1","0","552","17","1","14822","ADM"
"MIRNA","hsa-miR-484","MIRNA:hsa-miR-484","1","0","891","17","1","14822","SP3"
"MIRNA","hsa-miR-4802-3p","MIRNA:hsa-miR-4802-3p","1","0","83","17","1","14822","MYPN"
"MIRNA","hsa-miR-4796-3p","MIRNA:hsa-miR-4796-3p","1","0","285","17","1","14822","MYPN"
"MIRNA","hsa-miR-4793-3p","MIRNA:hsa-miR-4793-3p","1","0","412","17","1","14822","MYPN"
"MIRNA","hsa-miR-4779","MIRNA:hsa-miR-4779","1","0","286","17","2","14822","HSPG2,CACNA2D2"
"MIRNA","hsa-miR-4777-5p","MIRNA:hsa-miR-4777-5p","1","0","55","17","1","14822","NFATC3"
"MIRNA","hsa-miR-4770","MIRNA:hsa-miR-4770","1","0","172","17","1","14822","MYPN"
"MIRNA","hsa-miR-4769-3p","MIRNA:hsa-miR-4769-3p","1","0","81","17","1","14822","HSPG2"
"MIRNA","hsa-miR-4763-5p","MIRNA:hsa-miR-4763-5p","1","0","74","17","1","14822","MYPN"
"MIRNA","hsa-miR-4756-3p","MIRNA:hsa-miR-4756-3p","1","0","138","17","1","14822","MYPN"
"MIRNA","hsa-miR-4753-3p","MIRNA:hsa-miR-4753-3p","1","0","314","17","1","14822","SEC62"
"MIRNA","hsa-miR-4748","MIRNA:hsa-miR-4748","1","0","87","17","1","14822","ADM"
"MIRNA","hsa-miR-4732-5p","MIRNA:hsa-miR-4732-5p","1","0","77","17","1","14822","TMEM245"
"MIRNA","hsa-miR-4731-5p","MIRNA:hsa-miR-4731-5p","1","0","371","17","2","14822","TMEM245,MYPN"
"MIRNA","hsa-miR-4728-5p","MIRNA:hsa-miR-4728-5p","1","0","829","17","1","14822","MYPN"
"MIRNA","hsa-miR-4727-5p","MIRNA:hsa-miR-4727-5p","1","0","72","17","1","14822","HSPG2"
"MIRNA","hsa-miR-4727-3p","MIRNA:hsa-miR-4727-3p","1","0","44","17","1","14822","MYPN"
"MIRNA","hsa-miR-4726-3p","MIRNA:hsa-miR-4726-3p","1","0","199","17","1","14822","MYPN"
"MIRNA","hsa-miR-4723-5p","MIRNA:hsa-miR-4723-5p","1","0","252","17","1","14822","HSPG2"
"MIRNA","hsa-miR-4723-3p","MIRNA:hsa-miR-4723-3p","1","0","209","17","1","14822","MYPN"
"MIRNA","hsa-miR-4716-3p","MIRNA:hsa-miR-4716-3p","1","0","165","17","1","14822","HSPG2"
"MIRNA","hsa-miR-4712-3p","MIRNA:hsa-miR-4712-3p","1","0","72","17","1","14822","TMEM245"
"MIRNA","hsa-miR-5009-3p","MIRNA:hsa-miR-5009-3p","1","0","66","17","1","14822","MYPN"
"MIRNA","hsa-miR-4710","MIRNA:hsa-miR-4710","1","0","153","17","1","14822","NOS1AP"
"MIRNA","hsa-miR-500b-3p","MIRNA:hsa-miR-500b-3p","1","0","203","17","1","14822","ADM"
"MIRNA","hsa-miR-502-5p","MIRNA:hsa-miR-502-5p","1","0","74","17","1","14822","TMEM245"
"MIRNA","hsa-miR-543","MIRNA:hsa-miR-543","1","0","105","17","1","14822","PTK2"
"MIRNA","hsa-miR-541-3p","MIRNA:hsa-miR-541-3p","1","0","165","17","1","14822","ADM"
"MIRNA","hsa-miR-539-5p","MIRNA:hsa-miR-539-5p","1","0","209","17","1","14822","KAT2B"
"MIRNA","hsa-miR-526b-3p","MIRNA:hsa-miR-526b-3p","1","0","633","17","1","14822","MYPN"
"MIRNA","hsa-miR-524-5p","MIRNA:hsa-miR-524-5p","1","0","172","17","1","14822","ADM"
"MIRNA","hsa-miR-522-5p","MIRNA:hsa-miR-522-5p","1","0","62","17","2","14822","TMEM245,NFATC3"
"MIRNA","hsa-miR-520g-5p","MIRNA:hsa-miR-520g-5p","1","0","37","17","1","14822","TMEM245"
"MIRNA","hsa-miR-520e","MIRNA:hsa-miR-520e","1","0","448","17","1","14822","MYPN"
"MIRNA","hsa-miR-520d-5p","MIRNA:hsa-miR-520d-5p","1","0","165","17","1","14822","ADM"
"MIRNA","hsa-miR-520d-3p","MIRNA:hsa-miR-520d-3p","1","0","444","17","1","14822","MYPN"
"MIRNA","hsa-miR-520c-3p","MIRNA:hsa-miR-520c-3p","1","0","450","17","1","14822","MYPN"
"MIRNA","hsa-miR-520b","MIRNA:hsa-miR-520b","1","0","450","17","1","14822","MYPN"
"MIRNA","hsa-miR-520a-3p","MIRNA:hsa-miR-520a-3p","1","0","450","17","1","14822","MYPN"
"MIRNA","hsa-miR-519d-3p","MIRNA:hsa-miR-519d-3p","1","0","896","17","2","14822","TMEM245,MYPN"
"MIRNA","hsa-miR-5194","MIRNA:hsa-miR-5194","1","0","135","17","1","14822","NOS1AP"
"MIRNA","hsa-miR-5189-5p","MIRNA:hsa-miR-5189-5p","1","0","255","17","1","14822","MYPN"
"MIRNA","hsa-miR-5187-5p","MIRNA:hsa-miR-5187-5p","1","0","65","17","1","14822","TMEM245"
"MIRNA","hsa-miR-5186","MIRNA:hsa-miR-5186","1","0","249","17","1","14822","MYPN"
"MIRNA","hsa-miR-513c-3p","MIRNA:hsa-miR-513c-3p","1","0","184","17","1","14822","TMEM245"
"MIRNA","hsa-miR-513b-5p","MIRNA:hsa-miR-513b-5p","1","0","144","17","1","14822","NOS1AP"
"MIRNA","hsa-miR-513b-3p","MIRNA:hsa-miR-513b-3p","1","0","69","17","1","14822","SEC62"
"MIRNA","hsa-miR-513a-3p","MIRNA:hsa-miR-513a-3p","1","0","186","17","1","14822","TMEM245"
"MIRNA","hsa-miR-512-3p","MIRNA:hsa-miR-512-3p","1","0","307","17","1","14822","MYPN"
"MIRNA","hsa-miR-5092","MIRNA:hsa-miR-5092","1","0","33","17","1","14822","UBA6"
"MIRNA","hsa-miR-5089-5p","MIRNA:hsa-miR-5089-5p","1","0","366","17","2","14822","TMEM245,MYPN"
"MIRNA","hsa-miR-5087","MIRNA:hsa-miR-5087","1","0","81","17","1","14822","ADM"
"MIRNA","hsa-miR-508-5p","MIRNA:hsa-miR-508-5p","1","0","469","17","1","14822","MYPN"
"MIRNA","hsa-miR-507","MIRNA:hsa-miR-507","1","0","185","17","1","14822","TMEM245"
"MIRNA","hsa-miR-503-5p","MIRNA:hsa-miR-503-5p","1","0","250","17","1","14822","TMEM245"
"MIRNA","hsa-miR-501-5p","MIRNA:hsa-miR-501-5p","1","0","157","17","1","14822","UBA6"
"MIRNA","hsa-miR-4695-5p","MIRNA:hsa-miR-4695-5p","1","0","366","17","1","14822","HSPG2"
"MIRNA","hsa-miR-4693-3p","MIRNA:hsa-miR-4693-3p","1","0","108","17","1","14822","TMEM245"
"MIRNA","hsa-miR-4691-3p","MIRNA:hsa-miR-4691-3p","1","0","123","17","1","14822","TMEM245"
"MIRNA","hsa-miR-4456","MIRNA:hsa-miR-4456","1","0","53","17","1","14822","ADM"
"MIRNA","hsa-miR-4436b-5p","MIRNA:hsa-miR-4436b-5p","1","0","91","17","1","14822","NOS1AP"
"MIRNA","hsa-miR-4316","MIRNA:hsa-miR-4316","1","0","107","17","1","14822","ADM"
"MIRNA","hsa-miR-4307","MIRNA:hsa-miR-4307","1","0","112","17","1","14822","SEC62"
"MIRNA","hsa-miR-4298","MIRNA:hsa-miR-4298","1","0","61","17","1","14822","TMEM245"
"MIRNA","hsa-miR-4294","MIRNA:hsa-miR-4294","1","0","170","17","1","14822","HSPG2"
"MIRNA","hsa-miR-4284","MIRNA:hsa-miR-4284","1","0","635","17","1","14822","MYPN"
"MIRNA","hsa-miR-4280","MIRNA:hsa-miR-4280","1","0","70","17","1","14822","TMEM245"
"MIRNA","hsa-miR-4279","MIRNA:hsa-miR-4279","1","0","485","17","1","14822","MYPN"
"MIRNA","hsa-miR-4266","MIRNA:hsa-miR-4266","1","0","94","17","1","14822","HSPG2"
"MIRNA","hsa-miR-4257","MIRNA:hsa-miR-4257","1","0","380","17","1","14822","MYPN"
"MIRNA","hsa-miR-4252","MIRNA:hsa-miR-4252","1","0","450","17","1","14822","MYPN"
"MIRNA","hsa-miR-425-5p","MIRNA:hsa-miR-425-5p","1","0","143","17","1","14822","MYPN"
"MIRNA","hsa-miR-424-5p","MIRNA:hsa-miR-424-5p","1","0","470","17","1","14822","TMEM245"
"MIRNA","hsa-miR-423-5p","MIRNA:hsa-miR-423-5p","1","0","343","17","1","14822","NOS1AP"
"MIRNA","hsa-miR-411-3p","MIRNA:hsa-miR-411-3p","1","0","72","17","1","14822","ADM"
"MIRNA","hsa-miR-409-3p","MIRNA:hsa-miR-409-3p","1","0","111","17","1","14822","SEC62"
"MIRNA","hsa-miR-3978","MIRNA:hsa-miR-3978","1","0","115","17","1","14822","ADM"
"MIRNA","hsa-miR-3977","MIRNA:hsa-miR-3977","1","0","76","17","2","14822","MYPN,NFATC3"
"MIRNA","hsa-miR-3975","MIRNA:hsa-miR-3975","1","0","80","17","1","14822","ADM"
"MIRNA","hsa-miR-3935","MIRNA:hsa-miR-3935","1","0","54","17","1","14822","SEC62"
"MIRNA","hsa-miR-3928-3p","MIRNA:hsa-miR-3928-3p","1","0","120","17","1","14822","MYPN"
"MIRNA","hsa-miR-3927-3p","MIRNA:hsa-miR-3927-3p","1","0","181","17","1","14822","SEC62"
"MIRNA","hsa-miR-3924","MIRNA:hsa-miR-3924","1","0","240","17","1","14822","ADM"
"MIRNA","hsa-miR-3913-5p","MIRNA:hsa-miR-3913-5p","1","0","368","17","1","14822","TMEM245"
"MIRNA","hsa-miR-382-5p","MIRNA:hsa-miR-382-5p","1","0","106","17","1","14822","ADM"
"MIRNA","hsa-miR-380-3p","MIRNA:hsa-miR-380-3p","1","0","76","17","1","14822","ADM"
"MIRNA","hsa-miR-379-5p","MIRNA:hsa-miR-379-5p","1","0","85","17","1","14822","PTK2"
"MIRNA","hsa-miR-379-3p","MIRNA:hsa-miR-379-3p","1","0","83","17","1","14822","ADM"
"MIRNA","hsa-miR-4457","MIRNA:hsa-miR-4457","1","0","110","17","1","14822","NOS1AP"
"MIRNA","hsa-miR-4459","MIRNA:hsa-miR-4459","1","0","686","17","2","14822","HSPG2,CACNA2D2"
"MIRNA","hsa-miR-4460","MIRNA:hsa-miR-4460","1","0","47","17","1","14822","MYPN"
"MIRNA","hsa-miR-4462","MIRNA:hsa-miR-4462","1","0","20","17","1","14822","ADM"
"MIRNA","hsa-miR-4688","MIRNA:hsa-miR-4688","1","0","104","17","1","14822","NOS1AP"
"MIRNA","hsa-miR-4686","MIRNA:hsa-miR-4686","1","0","53","17","1","14822","TMEM245"
"MIRNA","hsa-miR-4684-5p","MIRNA:hsa-miR-4684-5p","1","0","289","17","1","14822","MYPN"
"MIRNA","hsa-miR-4683","MIRNA:hsa-miR-4683","1","0","106","17","1","14822","MYPN"
"MIRNA","hsa-miR-4681","MIRNA:hsa-miR-4681","1","0","36","17","1","14822","HSPG2"
"MIRNA","hsa-miR-4673","MIRNA:hsa-miR-4673","1","0","145","17","1","14822","UBA6"
"MIRNA","hsa-miR-4670-3p","MIRNA:hsa-miR-4670-3p","1","0","89","17","1","14822","ADM"
"MIRNA","hsa-miR-4668-5p","MIRNA:hsa-miR-4668-5p","1","0","399","17","1","14822","CACNA2D2"
"MIRNA","hsa-miR-4666a-3p","MIRNA:hsa-miR-4666a-3p","1","0","107","17","1","14822","ADM"
"MIRNA","hsa-miR-4664-5p","MIRNA:hsa-miR-4664-5p","1","0","98","17","1","14822","ADM"
"MIRNA","hsa-miR-4662a-5p","MIRNA:hsa-miR-4662a-5p","1","0","150","17","2","14822","SEC62,TMEM245"
"MIRNA","hsa-miR-4651","MIRNA:hsa-miR-4651","1","0","191","17","1","14822","ADM"
"MIRNA","hsa-miR-4646-3p","MIRNA:hsa-miR-4646-3p","1","0","64","17","1","14822","UBA6"
"MIRNA","hsa-miR-4645-5p","MIRNA:hsa-miR-4645-5p","1","0","143","17","1","14822","UBA6"
"MIRNA","hsa-miR-376b-3p","MIRNA:hsa-miR-376b-3p","1","0","84","17","1","14822","TMEM245"
"MIRNA","hsa-miR-4640-3p","MIRNA:hsa-miR-4640-3p","1","0","48","17","1","14822","TMEM245"
"MIRNA","hsa-miR-455-3p","MIRNA:hsa-miR-455-3p","1","0","777","17","1","14822","MYPN"
"MIRNA","hsa-miR-4536-5p","MIRNA:hsa-miR-4536-5p","1","0","56","17","1","14822","HSPG2"
"MIRNA","hsa-miR-4524b-5p","MIRNA:hsa-miR-4524b-5p","1","0","189","17","1","14822","TMEM245"
"MIRNA","hsa-miR-4524a-5p","MIRNA:hsa-miR-4524a-5p","1","0","189","17","1","14822","TMEM245"
"MIRNA","hsa-miR-450b-5p","MIRNA:hsa-miR-450b-5p","1","0","201","17","1","14822","TMEM245"
"MIRNA","hsa-miR-450b-3p","MIRNA:hsa-miR-450b-3p","1","0","85","17","1","14822","TMEM245"
"MIRNA","hsa-miR-450a-1-3p","MIRNA:hsa-miR-450a-1-3p","1","0","391","17","1","14822","TMEM245"
"MIRNA","hsa-miR-4504","MIRNA:hsa-miR-4504","1","0","70","17","1","14822","MYPN"
"MIRNA","hsa-miR-4502","MIRNA:hsa-miR-4502","1","0","61","17","1","14822","UBA6"
"MIRNA","hsa-miR-4495","MIRNA:hsa-miR-4495","1","0","126","17","1","14822","ADM"
"MIRNA","hsa-miR-4484","MIRNA:hsa-miR-4484","1","0","61","17","1","14822","CACNA2D2"
"MIRNA","hsa-miR-4468","MIRNA:hsa-miR-4468","1","0","152","17","1","14822","MYPN"
"MIRNA","hsa-miR-4465","MIRNA:hsa-miR-4465","1","0","189","17","1","14822","ADM"
"MIRNA","hsa-miR-4464","MIRNA:hsa-miR-4464","1","0","86","17","1","14822","ADM"
"MIRNA","hsa-miR-4639-3p","MIRNA:hsa-miR-4639-3p","1","0","187","17","1","14822","MYPN"
"MIRNA","hsa-miR-1827","MIRNA:hsa-miR-1827","1","0","829","17","1","14822","MYPN"
"HPA","cerebellum; processes in molecular layer[≥Medium]","HPA:0091032","0.33539881911054675","0.47443847081364243","186","16","3","11019","CACNA2D2,CRYAB,PKP2"
"HPA","cerebellum; processes in molecular layer[≥Low]","HPA:0091031","0.40070240585987327","0.3971780500092007","198","16","3","11019","CACNA2D2,CRYAB,PKP2"
"HPA","caudate; neuronal cells[≥Medium]","HPA:0080132","1","0","4124","16","6","11019","NOS1AP,KAT2B,CACNA2D2,SEC62,MECOM,PKP2"
"HPA","caudate; neuronal cells[≥Low]","HPA:0080131","1","0","6163","16","8","11019","NOS1AP,KAT2B,CACNA2D2,SEC62,MECOM,PTK2,TMEM245,PKP2"
"HPA","caudate; glial cells[High]","HPA:0080123","1","0","683","16","2","11019","MECOM,CRYAB"
"HPA","caudate; glial cells[≥Medium]","HPA:0080122","1","0","2317","16","4","11019","KAT2B,SEC62,MECOM,CRYAB"
"HPA","caudate; glial cells[≥Low]","HPA:0080121","1","0","4577","16","9","11019","NOS1AP,SP3,KAT2B,SEC62,MECOM,PTK2,TMEM245,CRYAB,PKP2"
"HPA","caudate","HPA:0080000","1","0","6964","16","10","11019","NOS1AP,SP3,KAT2B,CACNA2D2,SEC62,MECOM,PTK2,TMEM245,CRYAB,PKP2"
"HPA","bronchus; respiratory epithelial cells[High]","HPA:0060103","1","0","1845","16","1","11019","MECOM"
"HPA","bronchus; respiratory epithelial cells[≥Medium]","HPA:0060102","1","0","4938","16","5","11019","SP3,KAT2B,SEC62,MECOM,PTK2"
"HPA","bronchus; respiratory epithelial cells[≥Low]","HPA:0060101","1","0","5938","16","6","11019","HSPG2,SP3,KAT2B,SEC62,MECOM,PTK2"
"HPA","bronchus; goblet cells[High]","HPA:0060893","1","0","153","16","1","11019","ADM"
"HPA","bronchus; goblet cells[≥Medium]","HPA:0060892","1","0","390","16","1","11019","ADM"
"HPA","bronchus; goblet cells[≥Low]","HPA:0060891","1","0","430","16","1","11019","ADM"
"HPA","bronchus; ciliated cells (tip of cilia)[High]","HPA:0060883","1","0","259","16","1","11019","ADM"
"HPA","bronchus; ciliated cells (tip of cilia)[≥Medium]","HPA:0060882","1","0","467","16","1","11019","ADM"
"HPA","bronchus; ciliated cells (tip of cilia)[≥Low]","HPA:0060881","1","0","562","16","1","11019","ADM"
"HPA","bronchus; ciliated cells (ciliary rootlets)[High]","HPA:0060873","1","0","152","16","1","11019","ADM"
"HPA","bronchus; ciliated cells (ciliary rootlets)[≥Medium]","HPA:0060872","1","0","408","16","1","11019","ADM"
"HPA","bronchus; ciliated cells (ciliary rootlets)[≥Low]","HPA:0060871","1","0","521","16","1","11019","ADM"
"HPA","bronchus; ciliated cells (cell body)[High]","HPA:0060853","1","0","292","16","1","11019","ADM"
"HPA","bronchus; ciliated cells (cell body)[≥Medium]","HPA:0060852","1","0","864","16","1","11019","ADM"
"HPA","bronchus; ciliated cells (cell body)[≥Low]","HPA:0060851","1","0","1158","16","1","11019","ADM"
"HPA","bronchus; basal cells[High]","HPA:0060843","1","0","152","16","1","11019","ADM"
"HPA","bronchus; basal cells[≥Medium]","HPA:0060842","1","0","469","16","1","11019","ADM"
"HPA","bronchus; basal cells[≥Low]","HPA:0060841","1","0","607","16","1","11019","ADM"
"HPA","bronchus","HPA:0060000","1","0","7428","16","7","11019","HSPG2,SP3,KAT2B,SEC62,MECOM,PTK2,ADM"
"HPA","breast; myoepithelial cells[High]","HPA:0050093","1","0","837","16","1","11019","SP3"
"HPA","breast; myoepithelial cells[≥Medium]","HPA:0050092","1","0","3779","16","4","11019","SP3,SEC62,MECOM,PTK2"
"HPA","breast; myoepithelial cells[≥Low]","HPA:0050091","1","0","5666","16","9","11019","HSPG2,NOS1AP,SP3,KAT2B,SEC62,MECOM,PTK2,TMEM245,ADM"
"HPA","breast; glandular cells[High]","HPA:0050053","1","0","1349","16","1","11019","MECOM"
"HPA","cerebellum","HPA:0090000","1","0","7202","16","10","11019","NOS1AP,SP3,KAT2B,CACNA2D2,SEC62,MECOM,PTK2,TMEM245,CRYAB,PKP2"
"HPA","breast; glandular cells[≥Medium]","HPA:0050052","1","0","5109","16","5","11019","SP3,SEC62,MECOM,PTK2,ADM"
"HPA","cerebellum; Bergmann glia - cytoplasm/membrane[≥Low]","HPA:0090901","1","0","106","16","1","11019","CRYAB"
"HPA","cerebellum; Bergmann glia - cytoplasm/membrane[High]","HPA:0090903","1","0","48","16","1","11019","CRYAB"
"HPA","cerebellum; processes in white matter[≥Medium]","HPA:0091042","1","0","178","16","2","11019","CRYAB,PKP2"
"HPA","cerebellum; processes in white matter[≥Low]","HPA:0091041","1","0","206","16","2","11019","CRYAB,PKP2"
"HPA","cerebellum; processes in molecular layer[High]","HPA:0091033","1","0","104","16","1","11019","PKP2"
"HPA","cerebellum; processes in granular layer[High]","HPA:0091023","1","0","114","16","1","11019","PKP2"
"HPA","cerebellum; processes in granular layer[≥Medium]","HPA:0091022","1","0","176","16","2","11019","CRYAB,PKP2"
"HPA","cerebellum; processes in granular layer[≥Low]","HPA:0091021","1","0","204","16","2","11019","CRYAB,PKP2"
"HPA","cerebellum; molecular layer - neuropil[≥Medium]","HPA:0090992","1","0","146","16","1","11019","CACNA2D2"
"HPA","cerebellum; molecular layer - neuropil[≥Low]","HPA:0090991","1","0","262","16","1","11019","CACNA2D2"
"HPA","cerebellum; granular cells - nucleus[High]","HPA:0090983","1","0","86","16","1","11019","CRYAB"
"HPA","cerebellum; granular cells - nucleus[≥Medium]","HPA:0090982","1","0","130","16","2","11019","SP3,CRYAB"
"HPA","cerebellum; granular cells - nucleus[≥Low]","HPA:0090981","1","0","146","16","2","11019","SP3,CRYAB"
"HPA","cerebellum; granular cells - cytoplasm/membrane[High]","HPA:0090973","1","0","130","16","1","11019","CRYAB"
"HPA","cerebellum; granular cells - cytoplasm/membrane[≥Medium]","HPA:0090972","1","0","231","16","1","11019","CRYAB"
"HPA","cerebellum; granular cells - cytoplasm/membrane[≥Low]","HPA:0090971","1","0","297","16","1","11019","CRYAB"
"HPA","cerebellum; cells in molecular layer[High]","HPA:0090193","1","0","918","16","2","11019","KAT2B,MECOM"
"HPA","cerebellum; cells in molecular layer[≥Medium]","HPA:0090192","1","0","2792","16","3","11019","KAT2B,SEC62,MECOM"
"HPA","cerebellum; cells in molecular layer[≥Low]","HPA:0090191","1","0","4460","16","4","11019","NOS1AP,KAT2B,SEC62,MECOM"
"HPA","cerebellum; cells in granular layer[High]","HPA:0090183","1","0","753","16","1","11019","MECOM"
"HPA","cerebellum; cells in granular layer[≥Medium]","HPA:0090182","1","0","2931","16","1","11019","MECOM"
"HPA","cerebellum; cells in granular layer[≥Low]","HPA:0090181","1","0","4549","16","3","11019","KAT2B,MECOM,PTK2"
"HPA","cerebellum; Purkinje cells - dendrites[High]","HPA:0090953","1","0","108","16","1","11019","PKP2"
"HPA","cerebellum; Purkinje cells - dendrites[≥Medium]","HPA:0090952","1","0","209","16","2","11019","CACNA2D2,PKP2"
"HPA","cerebellum; Purkinje cells - dendrites[≥Low]","HPA:0090951","1","0","229","16","2","11019","CACNA2D2,PKP2"
"HPA","cerebellum; Purkinje cells - cytoplasm/membrane[High]","HPA:0090943","1","0","188","16","1","11019","PKP2"
"HPA","cerebellum; Purkinje cells - cytoplasm/membrane[≥Medium]","HPA:0090942","1","0","365","16","2","11019","CACNA2D2,PKP2"
"HPA","cerebellum; Purkinje cells - cytoplasm/membrane[≥Low]","HPA:0090941","1","0","442","16","2","11019","CACNA2D2,PKP2"
"HPA","cerebellum; Purkinje cells[High]","HPA:0090163","1","0","1552","16","2","11019","SEC62,MECOM"
"HPA","cerebellum; Purkinje cells[≥Medium]","HPA:0090162","1","0","4126","16","4","11019","KAT2B,SEC62,MECOM,PTK2"
"HPA","cerebellum; Purkinje cells[≥Low]","HPA:0090161","1","0","5579","16","5","11019","KAT2B,SEC62,MECOM,PTK2,TMEM245"
"HPA","cerebellum; Bergmann glia - cytoplasm/membrane[≥Medium]","HPA:0090902","1","0","89","16","1","11019","CRYAB"
"HPA","breast; glandular cells[≥Low]","HPA:0050051","1","0","6813","16","10","11019","HSPG2,NOS1AP,SP3,KAT2B,SEC62,MECOM,PTK2,TMEM245,ADM,PKP2"
"HPA","breast; adipocytes[≥Medium]","HPA:0050012","1","0","1491","16","1","11019","SP3"
"HPA","breast; adipocytes[≥Low]","HPA:0050011","1","0","2781","16","3","11019","NOS1AP,SP3,MECOM"
"HPA","adipose tissue","HPA:0010000","1","0","3943","16","7","11019","HSPG2,SP3,KAT2B,MECOM,PTK2,ADM,CRYAB"
"HPA","HPA root","HPA:0000000","1","0","11019","16","16","11019","HSPG2,NOS1AP,SP3,KAT2B,CACNA2D2,SEC62,MECOM,GNRHR,UBA6,PTK2,TMEM245,MYPN,LDB3,ADM,CRYAB,PKP2"
"HPA","adipose tissue; adipocytes[≥Low]","HPA:0010011","1","0","3943","16","7","11019","HSPG2,SP3,KAT2B,MECOM,PTK2,ADM,CRYAB"
"HPA","adipose tissue; adipocytes[≥Medium]","HPA:0010012","1","0","2236","16","4","11019","SP3,MECOM,ADM,CRYAB"
"HPA","adipose tissue; adipocytes[High]","HPA:0010013","1","0","459","16","1","11019","MECOM"
"HPA","adrenal gland","HPA:0020000","1","0","7422","16","8","11019","KAT2B,SEC62,MECOM,GNRHR,PTK2,TMEM245,ADM,PKP2"
"HPA","breast","HPA:0050000","1","0","7185","16","10","11019","HSPG2,NOS1AP,SP3,KAT2B,SEC62,MECOM,PTK2,TMEM245,ADM,PKP2"
"HPA","bone marrow; hematopoietic cells[High]","HPA:0040083","1","0","1453","16","1","11019","SEC62"
"HPA","bone marrow; hematopoietic cells[≥Medium]","HPA:0040082","1","0","4256","16","4","11019","SP3,KAT2B,SEC62,ADM"
"HPA","bone marrow; hematopoietic cells[≥Low]","HPA:0040081","1","0","6496","16","7","11019","HSPG2,SP3,KAT2B,SEC62,MECOM,PTK2,ADM"
"HPA","bone marrow","HPA:0040000","1","0","6496","16","7","11019","HSPG2,SP3,KAT2B,SEC62,MECOM,PTK2,ADM"
"HPA","appendix; non-germinal center cells[High]","HPA:0030443","1","0","105","16","1","11019","MECOM"
"HPA","appendix; non-germinal center cells[≥Medium]","HPA:0030442","1","0","263","16","1","11019","MECOM"
"HPA","appendix; non-germinal center cells[≥Low]","HPA:0030441","1","0","336","16","1","11019","MECOM"
"HPA","appendix; lymphoid tissue[High]","HPA:0030073","1","0","763","16","1","11019","ADM"
"HPA","appendix; lymphoid tissue[≥Medium]","HPA:0030072","1","0","2987","16","3","11019","SP3,PTK2,ADM"
"HPA","appendix; lymphoid tissue[≥Low]","HPA:0030071","1","0","4734","16","6","11019","HSPG2,SP3,KAT2B,SEC62,PTK2,ADM"
"HPA","appendix; goblet cells[High]","HPA:0030893","1","0","180","16","1","11019","MECOM"
"HPA","appendix; goblet cells[≥Medium]","HPA:0030892","1","0","313","16","1","11019","MECOM"
"HPA","appendix; goblet cells[≥Low]","HPA:0030891","1","0","384","16","1","11019","MECOM"
"HPA","appendix; glandular cells[High]","HPA:0030053","1","0","1882","16","1","11019","ADM"
"HPA","appendix; glandular cells[≥Low]","HPA:0030051","1","0","6751","16","7","11019","HSPG2,SP3,SEC62,PTK2,TMEM245,ADM,PKP2"
"HPA","appendix; enterocytes - Microvilli[High]","HPA:0031323","1","0","93","16","1","11019","MECOM"
"HPA","appendix; enterocytes - Microvilli[≥Medium]","HPA:0031322","1","0","172","16","1","11019","MECOM"
"HPA","appendix; enterocytes - Microvilli[≥Low]","HPA:0031321","1","0","199","16","1","11019","MECOM"
"HPA","appendix; enterocytes[High]","HPA:0031303","1","0","189","16","1","11019","MECOM"
"HPA","appendix; enterocytes[≥Medium]","HPA:0031302","1","0","362","16","1","11019","MECOM"
"HPA","appendix; enterocytes[≥Low]","HPA:0031301","1","0","478","16","1","11019","MECOM"
"HPA","appendix; endocrine cells[High]","HPA:0031293","1","0","231","16","1","11019","MECOM"
"HPA","appendix; endocrine cells[≥Medium]","HPA:0031292","1","0","371","16","1","11019","MECOM"
"HPA","appendix; endocrine cells[≥Low]","HPA:0031291","1","0","422","16","1","11019","MECOM"
"HPA","appendix","HPA:0030000","1","0","7831","16","9","11019","HSPG2,SP3,KAT2B,SEC62,MECOM,PTK2,TMEM245,ADM,PKP2"
"HPA","adrenal gland; glandular cells[High]","HPA:0020053","1","0","2287","16","3","11019","MECOM,TMEM245,ADM"
"HPA","adrenal gland; glandular cells[≥Medium]","HPA:0020052","1","0","6018","16","5","11019","SEC62,MECOM,PTK2,TMEM245,ADM"
"HPA","adrenal gland; glandular cells[≥Low]","HPA:0020051","1","0","7415","16","8","11019","KAT2B,SEC62,MECOM,GNRHR,PTK2,TMEM245,ADM,PKP2"
"HPA","appendix; glandular cells[≥Medium]","HPA:0030052","1","0","5508","16","4","11019","SEC62,PTK2,ADM,PKP2"
"HPA","cerebellum; processes in white matter[High]","HPA:0091043","1","0","99","16","1","11019","PKP2"
"HPA","cerebellum; white matter cells - cytoplasm/membrane[≥Low]","HPA:0091071","1","0","289","16","1","11019","CRYAB"
"HPA","cerebellum; white matter cells - cytoplasm/membrane[High]","HPA:0091073","1","0","120","16","1","11019","CRYAB"
"HPA","stomach 1","HPA:0540000","1","0","7664","16","9","11019","HSPG2,SP3,KAT2B,SEC62,MECOM,PTK2,TMEM245,ADM,PKP2"
"HPA","spleen; cells in white pulp[High]","HPA:0530723","1","0","847","16","2","11019","MECOM,ADM"
"HPA","spleen; cells in white pulp[≥Medium]","HPA:0530722","1","0","2720","16","4","11019","SP3,SEC62,MECOM,ADM"
"HPA","spleen; cells in white pulp[≥Low]","HPA:0530721","1","0","4339","16","4","11019","SP3,SEC62,MECOM,ADM"
"HPA","spleen; cells in red pulp[High]","HPA:0530713","1","0","817","16","2","11019","MECOM,ADM"
"HPA","spleen; cells in red pulp[≥Medium]","HPA:0530712","1","0","3143","16","5","11019","SP3,KAT2B,SEC62,MECOM,ADM"
"HPA","spleen; cells in red pulp[≥Low]","HPA:0530711","1","0","5333","16","5","11019","SP3,KAT2B,SEC62,MECOM,ADM"
"HPA","spleen","HPA:0530000","1","0","5893","16","5","11019","SP3,KAT2B,SEC62,MECOM,ADM"
"HPA","soft tissue 2; peripheral nerve[High]","HPA:0510703","1","0","292","16","1","11019","MECOM"
"HPA","soft tissue 2; peripheral nerve[≥Medium]","HPA:0510702","1","0","1546","16","3","11019","SP3,MECOM,ADM"
"HPA","soft tissue 2; peripheral nerve[≥Low]","HPA:0510701","1","0","3199","16","6","11019","SP3,KAT2B,SEC62,MECOM,TMEM245,ADM"
"HPA","soft tissue 2; fibroblasts[High]","HPA:0510653","1","0","522","16","2","11019","MECOM,ADM"
"HPA","soft tissue 2; fibroblasts[≥Medium]","HPA:0510652","1","0","2619","16","5","11019","SP3,KAT2B,MECOM,TMEM245,ADM"
"HPA","soft tissue 2; fibroblasts[≥Low]","HPA:0510651","1","0","4130","16","5","11019","SP3,KAT2B,MECOM,TMEM245,ADM"
"HPA","soft tissue 2; chondrocytes[≥Medium]","HPA:0510112","1","0","738","16","1","11019","PTK2"
"HPA","soft tissue 2; chondrocytes[≥Low]","HPA:0510111","1","0","1090","16","1","11019","PTK2"
"HPA","soft tissue 2","HPA:0510000","1","0","5207","16","7","11019","SP3,KAT2B,SEC62,MECOM,PTK2,TMEM245,ADM"
"HPA","soft tissue 1; peripheral nerve[High]","HPA:0500703","1","0","241","16","1","11019","MECOM"
"HPA","soft tissue 1; peripheral nerve[≥Medium]","HPA:0500702","1","0","1354","16","2","11019","MECOM,TMEM245"
"HPA","soft tissue 1; peripheral nerve[≥Low]","HPA:0500701","1","0","2795","16","2","11019","MECOM,TMEM245"
"HPA","soft tissue 1; fibroblasts[High]","HPA:0500653","1","0","541","16","2","11019","MECOM,ADM"
"HPA","soft tissue 1; fibroblasts[≥Medium]","HPA:0500652","1","0","2728","16","3","11019","MECOM,TMEM245,ADM"
"HPA","soft tissue 1; fibroblasts[≥Low]","HPA:0500651","1","0","4238","16","3","11019","MECOM,TMEM245,ADM"
"HPA","soft tissue 1; chondrocytes[High]","HPA:0500113","1","0","322","16","2","11019","MECOM,ADM"
"HPA","soft tissue 1; chondrocytes[≥Medium]","HPA:0500112","1","0","1450","16","2","11019","MECOM,ADM"
"HPA","soft tissue 1; chondrocytes[≥Low]","HPA:0500111","1","0","2188","16","2","11019","MECOM,ADM"
"HPA","soft tissue 1","HPA:0500000","1","0","5363","16","3","11019","MECOM,TMEM245,ADM"
"HPA","smooth muscle; smooth muscle cells[High]","HPA:0490693","1","0","620","16","1","11019","MECOM"
"HPA","smooth muscle; smooth muscle cells[≥Medium]","HPA:0490692","1","0","3126","16","3","11019","SP3,MECOM,TMEM245"
"HPA","stomach 1; glandular cells[≥Low]","HPA:0540051","1","0","7664","16","9","11019","HSPG2,SP3,KAT2B,SEC62,MECOM,PTK2,TMEM245,ADM,PKP2"
"HPA","smooth muscle; smooth muscle cells[≥Low]","HPA:0490691","1","0","5454","16","6","11019","HSPG2,SP3,KAT2B,SEC62,MECOM,TMEM245"
"HPA","stomach 1; glandular cells[≥Medium]","HPA:0540052","1","0","6351","16","7","11019","KAT2B,SEC62,MECOM,PTK2,TMEM245,ADM,PKP2"
"HPA","stomach 2","HPA:0550000","1","0","7612","16","8","11019","HSPG2,KAT2B,SEC62,MECOM,PTK2,TMEM245,ADM,PKP2"
"HPA","thyroid gland; glandular cells[≥Medium]","HPA:0590052","1","0","5602","16","9","11019","SP3,KAT2B,SEC62,MECOM,PTK2,TMEM245,ADM,CRYAB,PKP2"
"HPA","thyroid gland; glandular cells[≥Low]","HPA:0590051","1","0","7131","16","9","11019","SP3,KAT2B,SEC62,MECOM,PTK2,TMEM245,ADM,CRYAB,PKP2"
"HPA","thyroid gland","HPA:0590000","1","0","7131","16","9","11019","SP3,KAT2B,SEC62,MECOM,PTK2,TMEM245,ADM,CRYAB,PKP2"
"HPA","testis; spermatogonia cells[High]","HPA:0570813","1","0","1467","16","1","11019","MECOM"
"HPA","testis; spermatogonia cells[≥Medium]","HPA:0570812","1","0","2570","16","3","11019","NOS1AP,MECOM,ADM"
"HPA","testis; spermatogonia cells[≥Low]","HPA:0570811","1","0","3062","16","4","11019","NOS1AP,SP3,MECOM,ADM"
"HPA","testis; round or early spermatids[≥Medium]","HPA:0570792","1","0","1913","16","1","11019","MECOM"
"HPA","testis; round or early spermatids[≥Low]","HPA:0570791","1","0","2328","16","1","11019","MECOM"
"HPA","testis; preleptotene spermatocytes[High]","HPA:0570783","1","0","751","16","1","11019","MECOM"
"HPA","testis; preleptotene spermatocytes[≥Medium]","HPA:0570782","1","0","1492","16","2","11019","MECOM,ADM"
"HPA","testis; preleptotene spermatocytes[≥Low]","HPA:0570781","1","0","1900","16","3","11019","SP3,MECOM,ADM"
"HPA","testis; peritubular cells[High]","HPA:0570773","1","0","217","16","1","11019","MECOM"
"HPA","testis; peritubular cells[≥Medium]","HPA:0570772","1","0","526","16","1","11019","MECOM"
"HPA","testis; peritubular cells[≥Low]","HPA:0570771","1","0","725","16","1","11019","MECOM"
"HPA","testis; pachytene spermatocytes[High]","HPA:0570763","1","0","950","16","1","11019","MECOM"
"HPA","testis; pachytene spermatocytes[≥Medium]","HPA:0570762","1","0","1898","16","2","11019","MECOM,ADM"
"HPA","testis; pachytene spermatocytes[≥Low]","HPA:0570761","1","0","2367","16","2","11019","MECOM,ADM"
"HPA","testis; elongated or late spermatids[High]","HPA:0570753","1","0","699","16","1","11019","UBA6"
"HPA","testis; elongated or late spermatids[≥Medium]","HPA:0570752","1","0","1638","16","3","11019","UBA6,LDB3,ADM"
"HPA","testis; elongated or late spermatids[≥Low]","HPA:0570751","1","0","2057","16","3","11019","UBA6,LDB3,ADM"
"HPA","testis; cells in seminiferous ducts[≥Medium]","HPA:0570742","1","0","2368","16","4","11019","SEC62,PTK2,TMEM245,PKP2"
"HPA","testis; cells in seminiferous ducts[≥Low]","HPA:0570741","1","0","3106","16","4","11019","SEC62,PTK2,TMEM245,PKP2"
"HPA","testis; Leydig cells[High]","HPA:0570733","1","0","1777","16","2","11019","MECOM,TMEM245"
"HPA","testis; Leydig cells[≥Medium]","HPA:0570732","1","0","5378","16","7","11019","NOS1AP,SEC62,MECOM,PTK2,TMEM245,ADM,PKP2"
"HPA","testis; Leydig cells[≥Low]","HPA:0570731","1","0","7157","16","9","11019","HSPG2,NOS1AP,KAT2B,SEC62,MECOM,PTK2,TMEM245,ADM,PKP2"
"HPA","testis","HPA:0570000","1","0","9036","16","12","11019","HSPG2,NOS1AP,SP3,KAT2B,SEC62,MECOM,UBA6,PTK2,TMEM245,LDB3,ADM,PKP2"
"HPA","stomach 2; glandular cells[High]","HPA:0550053","1","0","2431","16","1","11019","MECOM"
"HPA","stomach 2; glandular cells[≥Medium]","HPA:0550052","1","0","6284","16","7","11019","KAT2B,SEC62,MECOM,PTK2,TMEM245,ADM,PKP2"
"HPA","stomach 2; glandular cells[≥Low]","HPA:0550051","1","0","7612","16","8","11019","HSPG2,KAT2B,SEC62,MECOM,PTK2,TMEM245,ADM,PKP2"
"HPA","stomach 1; glandular cells[High]","HPA:0540053","1","0","2453","16","2","11019","KAT2B,MECOM"
"HPA","smooth muscle","HPA:0490000","1","0","5454","16","6","11019","HSPG2,SP3,KAT2B,SEC62,MECOM,TMEM245"
"HPA","small intestine; paneth cells[High]","HPA:0481353","1","0","150","16","1","11019","MECOM"
"HPA","small intestine; paneth cells[≥Medium]","HPA:0481352","1","0","226","16","1","11019","MECOM"
"HPA","skin 1; vascular mural cells[≥Low]","HPA:0461491","1","0","242","16","1","11019","KAT2B"
"HPA","skin 1; melanocytes[High]","HPA:0460673","1","0","986","16","3","11019","KAT2B,MECOM,ADM"
"HPA","skin 1; melanocytes[≥Medium]","HPA:0460672","1","0","3708","16","5","11019","KAT2B,SEC62,MECOM,PTK2,ADM"
"HPA","skin 1; melanocytes[≥Low]","HPA:0460671","1","0","5302","16","8","11019","HSPG2,SP3,KAT2B,SEC62,MECOM,PTK2,TMEM245,ADM"
"HPA","skin 1; lymphocytes[≥Medium]","HPA:0461472","1","0","574","16","1","11019","KAT2B"
"HPA","skin 1; lymphocytes[≥Low]","HPA:0461471","1","0","712","16","1","11019","KAT2B"
"HPA","skin 1; langerhans cells[≥Medium]","HPA:0461462","1","0","578","16","1","11019","KAT2B"
"HPA","skin 1; langerhans cells[≥Low]","HPA:0461461","1","0","716","16","1","11019","KAT2B"
"HPA","skin 1; keratinocytes[High]","HPA:0460663","1","0","646","16","1","11019","MECOM"
"HPA","skin 1; keratinocytes[≥Medium]","HPA:0460662","1","0","3289","16","4","11019","SP3,SEC62,MECOM,ADM"
"HPA","skin 1; keratinocytes[≥Low]","HPA:0460661","1","0","5165","16","7","11019","SP3,SEC62,MECOM,PTK2,TMEM245,ADM,PKP2"
"HPA","skin 1; fibrohistiocytic cells[≥Medium]","HPA:0461442","1","0","699","16","1","11019","KAT2B"
"HPA","skin 1; fibrohistiocytic cells[≥Low]","HPA:0461441","1","0","885","16","1","11019","KAT2B"
"HPA","skin 1; fibroblasts[High]","HPA:0460653","1","0","672","16","2","11019","MECOM,ADM"
"HPA","skin 1; fibroblasts[≥Medium]","HPA:0460652","1","0","2844","16","4","11019","SP3,MECOM,TMEM245,ADM"
"HPA","skin 1; fibroblasts[≥Low]","HPA:0460651","1","0","4082","16","7","11019","HSPG2,SP3,SEC62,MECOM,TMEM245,ADM,PKP2"
"HPA","skin 1; endothelial cells[≥Low]","HPA:0460201","1","0","841","16","1","11019","KAT2B"
"HPA","skin 1; eccrine glands[≥Low]","HPA:0461421","1","0","246","16","1","11019","KAT2B"
"HPA","skin 1; cells in spinous layer[≥Medium]","HPA:0461412","1","0","592","16","1","11019","KAT2B"
"HPA","skin 1; cells in spinous layer[≥Low]","HPA:0461411","1","0","760","16","1","11019","KAT2B"
"HPA","skin 1; cells in granular layer[≥Low]","HPA:0460181","1","0","711","16","1","11019","KAT2B"
"HPA","skin 1; Langerhans[High]","HPA:0460643","1","0","564","16","2","11019","MECOM,ADM"
"HPA","skin 1; Langerhans[≥Medium]","HPA:0460642","1","0","2632","16","2","11019","MECOM,ADM"
"HPA","skin 1; Langerhans[≥Low]","HPA:0460641","1","0","3962","16","3","11019","SP3,MECOM,ADM"
"HPA","skin 1","HPA:0460000","1","0","7246","16","9","11019","HSPG2,SP3,KAT2B,SEC62,MECOM,PTK2,TMEM245,ADM,PKP2"
"HPA","skeletal muscle; myocytes[High]","HPA:0440343","1","0","875","16","4","11019","MECOM,MYPN,ADM,CRYAB"
"HPA","skeletal muscle; myocytes[≥Medium]","HPA:0440342","1","0","3794","16","6","11019","KAT2B,MECOM,MYPN,LDB3,ADM,CRYAB"
"HPA","skeletal muscle; myocytes[≥Low]","HPA:0440341","1","0","5909","16","9","11019","SP3,KAT2B,MECOM,PTK2,MYPN,LDB3,ADM,CRYAB,PKP2"
"HPA","skeletal muscle","HPA:0440000","1","0","5909","16","9","11019","SP3,KAT2B,MECOM,PTK2,MYPN,LDB3,ADM,CRYAB,PKP2"
"HPA","skin 2","HPA:0470000","1","0","7036","16","9","11019","HSPG2,SP3,KAT2B,SEC62,MECOM,PTK2,TMEM245,ADM,PKP2"
"HPA","skin 2; cells in granular layer[≥Low]","HPA:0470181","1","0","719","16","1","11019","KAT2B"
"HPA","skin 2; cells in granular layer[≥Medium]","HPA:0470182","1","0","562","16","1","11019","KAT2B"
"HPA","skin 2; cells in spinous layer[≥Low]","HPA:0471411","1","0","871","16","1","11019","KAT2B"
"HPA","small intestine; paneth cells[≥Low]","HPA:0481351","1","0","260","16","1","11019","MECOM"
"HPA","small intestine; goblet cells[High]","HPA:0480893","1","0","208","16","1","11019","MECOM"
"HPA","small intestine; goblet cells[≥Medium]","HPA:0480892","1","0","342","16","1","11019","MECOM"
"HPA","small intestine; goblet cells[≥Low]","HPA:0480891","1","0","411","16","1","11019","MECOM"
"HPA","small intestine; glandular cells[High]","HPA:0480053","1","0","2546","16","1","11019","ADM"
"HPA","small intestine; glandular cells[≥Medium]","HPA:0480052","1","0","6067","16","4","11019","KAT2B,SEC62,PTK2,ADM"
"HPA","small intestine; glandular cells[≥Low]","HPA:0480051","1","0","7080","16","7","11019","SP3,KAT2B,SEC62,PTK2,TMEM245,ADM,PKP2"
"HPA","small intestine; enterocytes - Microvilli[≥Medium]","HPA:0481322","1","0","236","16","1","11019","MECOM"
"HPA","small intestine; enterocytes - Microvilli[≥Low]","HPA:0481321","1","0","268","16","1","11019","MECOM"
"HPA","small intestine; enterocytes[High]","HPA:0481303","1","0","244","16","1","11019","MECOM"
"HPA","small intestine; enterocytes[≥Medium]","HPA:0481302","1","0","440","16","1","11019","MECOM"
"HPA","small intestine; enterocytes[≥Low]","HPA:0481301","1","0","571","16","1","11019","MECOM"
"HPA","small intestine; endocrine cells[High]","HPA:0481293","1","0","291","16","1","11019","MECOM"
"HPA","small intestine; endocrine cells[≥Medium]","HPA:0481292","1","0","464","16","1","11019","MECOM"
"HPA","thyroid gland; glandular cells[High]","HPA:0590053","1","0","1881","16","5","11019","KAT2B,MECOM,TMEM245,ADM,CRYAB"
"HPA","small intestine; endocrine cells[≥Low]","HPA:0481291","1","0","498","16","1","11019","MECOM"
"HPA","skin 2; melanocytes[High]","HPA:0470673","1","0","357","16","1","11019","KAT2B"
"HPA","skin 2; melanocytes[≥Medium]","HPA:0470672","1","0","640","16","1","11019","KAT2B"
"HPA","skin 2; melanocytes[≥Low]","HPA:0470671","1","0","724","16","1","11019","KAT2B"
"HPA","skin 2; lymphocytes[≥Medium]","HPA:0471472","1","0","647","16","1","11019","KAT2B"
"HPA","skin 2; lymphocytes[≥Low]","HPA:0471471","1","0","802","16","1","11019","KAT2B"
"HPA","skin 2; langerhans cells[≥Medium]","HPA:0471462","1","0","662","16","1","11019","KAT2B"
"HPA","skin 2; langerhans cells[≥Low]","HPA:0471461","1","0","789","16","1","11019","KAT2B"
"HPA","skin 2; fibrohistiocytic cells[≥Medium]","HPA:0471442","1","0","833","16","1","11019","KAT2B"
"HPA","skin 2; fibrohistiocytic cells[≥Low]","HPA:0471441","1","0","1021","16","1","11019","KAT2B"
"HPA","skin 2; epidermal cells[High]","HPA:0470683","1","0","1049","16","3","11019","SEC62,MECOM,ADM"
"HPA","skin 2; epidermal cells[≥Medium]","HPA:0470682","1","0","4016","16","4","11019","SEC62,MECOM,PTK2,ADM"
"HPA","skin 2; epidermal cells[≥Low]","HPA:0470681","1","0","5693","16","8","11019","HSPG2,SP3,SEC62,MECOM,PTK2,TMEM245,ADM,PKP2"
"HPA","skin 2; endothelial cells[≥Low]","HPA:0470201","1","0","888","16","1","11019","KAT2B"
"HPA","skin 2; cells in spinous layer[≥Medium]","HPA:0471412","1","0","683","16","1","11019","KAT2B"
"HPA","small intestine","HPA:0480000","1","0","7877","16","8","11019","SP3,KAT2B,SEC62,MECOM,PTK2,TMEM245,ADM,PKP2"
"HPA","seminal vesicle; glandular cells[High]","HPA:0430053","1","0","1471","16","2","11019","MECOM,TMEM245"
"HPA","tonsil","HPA:0600000","1","0","7788","16","9","11019","HSPG2,SP3,KAT2B,SEC62,MECOM,PTK2,TMEM245,ADM,PKP2"
"HPA","tonsil; germinal center cells[≥Medium]","HPA:0600432","1","0","4100","16","6","11019","SP3,KAT2B,SEC62,MECOM,PTK2,ADM"
"HPA","vagina; squamous epithelial cells[High]","HPA:0620223","1","0","1138","16","1","11019","MECOM"
"HPA","vagina; squamous epithelial cells[≥Medium]","HPA:0620222","1","0","4050","16","2","11019","MECOM,ADM"
"HPA","vagina; squamous epithelial cells[≥Low]","HPA:0620221","1","0","6000","16","6","11019","KAT2B,SEC62,MECOM,PTK2,TMEM245,ADM"
"HPA","vagina","HPA:0620000","1","0","6000","16","6","11019","KAT2B,SEC62,MECOM,PTK2,TMEM245,ADM"
"HPA","urinary bladder; urothelial cells[High]","HPA:0610833","1","0","2038","16","3","11019","KAT2B,MECOM,TMEM245"
"HPA","urinary bladder; urothelial cells[≥Medium]","HPA:0610832","1","0","5958","16","6","11019","KAT2B,MECOM,PTK2,TMEM245,ADM,PKP2"
"HPA","urinary bladder; urothelial cells[≥Low]","HPA:0610831","1","0","7304","16","7","11019","HSPG2,KAT2B,MECOM,PTK2,TMEM245,ADM,PKP2"
"HPA","urinary bladder","HPA:0610000","1","0","7304","16","7","11019","HSPG2,KAT2B,MECOM,PTK2,TMEM245,ADM,PKP2"
"HPA","tonsil; squamous epithelial cells[High]","HPA:0600223","1","0","1472","16","1","11019","MECOM"
"HPA","tonsil; squamous epithelial cells[≥Medium]","HPA:0600222","1","0","4949","16","5","11019","SP3,SEC62,MECOM,PTK2,ADM"
"HPA","tonsil; squamous epithelial cells[≥Low]","HPA:0600221","1","0","6652","16","7","11019","HSPG2,SP3,KAT2B,SEC62,MECOM,PTK2,ADM"
"HPA","tonsil; non-germinal center cells[High]","HPA:0600443","1","0","1321","16","3","11019","SP3,MECOM,ADM"
"HPA","tonsil; non-germinal center cells[≥Medium]","HPA:0600442","1","0","4200","16","5","11019","SP3,KAT2B,SEC62,MECOM,ADM"
"HPA","tonsil; non-germinal center cells[≥Low]","HPA:0600441","1","0","6117","16","8","11019","HSPG2,SP3,KAT2B,SEC62,MECOM,TMEM245,ADM,PKP2"
"HPA","tonsil; germinal center cells[High]","HPA:0600433","1","0","1228","16","2","11019","SP3,ADM"
"HPA","tonsil; germinal center cells[≥Low]","HPA:0600431","1","0","5987","16","8","11019","HSPG2,SP3,KAT2B,SEC62,MECOM,PTK2,ADM,PKP2"
"HPA","cerebellum; white matter cells - cytoplasm/membrane[≥Medium]","HPA:0091072","1","0","223","16","1","11019","CRYAB"
"HPA","seminal vesicle; glandular cells[≥Medium]","HPA:0430052","1","0","5238","16","7","11019","SP3,SEC62,MECOM,PTK2,TMEM245,ADM,CRYAB"
"HPA","seminal vesicle","HPA:0430000","1","0","6828","16","8","11019","SP3,KAT2B,SEC62,MECOM,PTK2,TMEM245,ADM,CRYAB"
"HPA","fallopian tube; ciliated cells (cell body)[≥Low]","HPA:0210851","1","0","954","16","3","11019","NOS1AP,ADM,PKP2"
"HPA","fallopian tube","HPA:0210000","1","0","7466","16","9","11019","NOS1AP,SP3,KAT2B,SEC62,MECOM,PTK2,TMEM245,ADM,PKP2"
"HPA","eye; lens fiber cells[High]","HPA:0200293","1","0","16","16","1","11019","CRYAB"
"HPA","eye; lens fiber cells[≥Medium]","HPA:0200292","1","0","21","16","1","11019","CRYAB"
"HPA","eye; lens fiber cells[≥Low]","HPA:0200291","1","0","21","16","1","11019","CRYAB"
"HPA","eye","HPA:0200000","1","0","28","16","1","11019","CRYAB"
"HPA","esophagus; squamous epithelial cells[High]","HPA:0190223","1","0","1652","16","1","11019","MECOM"
"HPA","esophagus; squamous epithelial cells[≥Medium]","HPA:0190222","1","0","5058","16","4","11019","SEC62,MECOM,PTK2,ADM"
"HPA","esophagus; squamous epithelial cells[≥Low]","HPA:0190221","1","0","6679","16","8","11019","SP3,KAT2B,SEC62,MECOM,PTK2,TMEM245,ADM,PKP2"
"HPA","esophagus","HPA:0190000","1","0","6679","16","8","11019","SP3,KAT2B,SEC62,MECOM,PTK2,TMEM245,ADM,PKP2"
"HPA","epididymis; glandular cells[High]","HPA:0180053","1","0","1842","16","5","11019","SEC62,MECOM,TMEM245,ADM,CRYAB"
"HPA","epididymis; glandular cells[≥Medium]","HPA:0180052","1","0","5693","16","7","11019","KAT2B,SEC62,MECOM,PTK2,TMEM245,ADM,CRYAB"
"HPA","epididymis; glandular cells[≥Low]","HPA:0180051","1","0","7337","16","8","11019","KAT2B,SEC62,MECOM,PTK2,TMEM245,ADM,CRYAB,PKP2"
"HPA","epididymis","HPA:0180000","1","0","7337","16","8","11019","KAT2B,SEC62,MECOM,PTK2,TMEM245,ADM,CRYAB,PKP2"
"HPA","endometrium 2; glandular cells[High]","HPA:0170053","1","0","1333","16","2","11019","MECOM,ADM"
"HPA","endometrium 2; glandular cells[≥Medium]","HPA:0170052","1","0","4887","16","5","11019","SEC62,MECOM,TMEM245,ADM,PKP2"
"HPA","endometrium 2; glandular cells[≥Low]","HPA:0170051","1","0","6723","16","7","11019","KAT2B,SEC62,MECOM,PTK2,TMEM245,ADM,PKP2"
"HPA","endometrium 2; cells in endometrial stroma[≥Medium]","HPA:0170252","1","0","1801","16","3","11019","SP3,SEC62,MECOM"
"HPA","endometrium 2; cells in endometrial stroma[≥Low]","HPA:0170251","1","0","3517","16","3","11019","SP3,SEC62,MECOM"
"HPA","endometrium 2","HPA:0170000","1","0","6917","16","8","11019","SP3,KAT2B,SEC62,MECOM,PTK2,TMEM245,ADM,PKP2"
"HPA","endometrium 1; glandular cells[High]","HPA:0160053","1","0","1471","16","2","11019","MECOM,ADM"
"HPA","endometrium 1; glandular cells[≥Medium]","HPA:0160052","1","0","5155","16","5","11019","SEC62,MECOM,PTK2,TMEM245,ADM"
"HPA","endometrium 1; glandular cells[≥Low]","HPA:0160051","1","0","6818","16","7","11019","KAT2B,SEC62,MECOM,PTK2,TMEM245,ADM,PKP2"
"HPA","endometrium 1; cells in endometrial stroma[High]","HPA:0160253","1","0","435","16","2","11019","SP3,MECOM"
"HPA","endometrium 1; cells in endometrial stroma[≥Medium]","HPA:0160252","1","0","2234","16","2","11019","SP3,MECOM"
"HPA","endometrium 1; cells in endometrial stroma[≥Low]","HPA:0160251","1","0","4077","16","3","11019","SP3,SEC62,MECOM"
"HPA","endometrium 1","HPA:0160000","1","0","7055","16","8","11019","SP3,KAT2B,SEC62,MECOM,PTK2,TMEM245,ADM,PKP2"
"HPA","duodenum; paneth cells[High]","HPA:0151353","1","0","167","16","1","11019","MECOM"
"HPA","duodenum; paneth cells[≥Medium]","HPA:0151352","1","0","252","16","1","11019","MECOM"
"HPA","fallopian tube; ciliated cells (cell body)[≥Medium]","HPA:0210852","1","0","637","16","3","11019","NOS1AP,ADM,PKP2"
"HPA","duodenum; paneth cells[≥Low]","HPA:0151351","1","0","278","16","1","11019","MECOM"
"HPA","fallopian tube; ciliated cells (cell body)[High]","HPA:0210853","1","0","199","16","1","11019","PKP2"
"HPA","fallopian tube; ciliated cells (ciliary rootlets)[≥Medium]","HPA:0210872","1","0","735","16","2","11019","ADM,PKP2"
"HPA","kidney; bowman's capsule[High]","HPA:0271113","1","0","118","16","1","11019","CRYAB"
"HPA","kidney; bowman's capsule[≥Medium]","HPA:0271112","1","0","203","16","1","11019","CRYAB"
"HPA","kidney; bowman's capsule[≥Low]","HPA:0271111","1","0","268","16","1","11019","CRYAB"
"HPA","kidney","HPA:0270000","1","0","8237","16","10","11019","HSPG2,SP3,KAT2B,SEC62,MECOM,PTK2,TMEM245,ADM,CRYAB,PKP2"
"HPA","hippocampus; neuronal cells[High]","HPA:0250133","1","0","1258","16","1","11019","MECOM"
"HPA","hippocampus; neuronal cells[≥Medium]","HPA:0250132","1","0","4230","16","4","11019","NOS1AP,MECOM,PTK2,PKP2"
"HPA","hippocampus; neuronal cells[≥Low]","HPA:0250131","1","0","6228","16","7","11019","NOS1AP,KAT2B,SEC62,MECOM,PTK2,TMEM245,PKP2"
"HPA","hippocampus; glial cells[High]","HPA:0250123","1","0","552","16","1","11019","CRYAB"
"HPA","hippocampus; glial cells[≥Medium]","HPA:0250122","1","0","2004","16","3","11019","KAT2B,MECOM,CRYAB"
"HPA","hippocampus; glial cells[≥Low]","HPA:0250121","1","0","4142","16","4","11019","SP3,KAT2B,MECOM,CRYAB"
"HPA","hippocampus","HPA:0250000","1","0","6830","16","9","11019","NOS1AP,SP3,KAT2B,SEC62,MECOM,PTK2,TMEM245,CRYAB,PKP2"
"HPA","heart muscle; cardiomyocytes[High]","HPA:0241103","1","0","1171","16","4","11019","MECOM,LDB3,CRYAB,PKP2"
"HPA","heart muscle; cardiomyocytes[≥Medium]","HPA:0241102","1","0","4376","16","8","11019","HSPG2,SP3,MECOM,PTK2,LDB3,ADM,CRYAB,PKP2"
"HPA","heart muscle; cardiomyocytes[≥Low]","HPA:0241101","1","0","6332","16","12","11019","HSPG2,SP3,KAT2B,SEC62,MECOM,PTK2,TMEM245,MYPN,LDB3,ADM,CRYAB,PKP2"
"HPA","heart muscle","HPA:0240000","1","0","6332","16","12","11019","HSPG2,SP3,KAT2B,SEC62,MECOM,PTK2,TMEM245,MYPN,LDB3,ADM,CRYAB,PKP2"
"HPA","gallbladder; glandular cells[High]","HPA:0220053","1","0","2874","16","2","11019","MECOM,TMEM245"
"HPA","gallbladder; glandular cells[≥Medium]","HPA:0220052","1","0","6615","16","7","11019","SP3,KAT2B,SEC62,MECOM,PTK2,TMEM245,ADM"
"HPA","gallbladder; glandular cells[≥Low]","HPA:0220051","1","0","7664","16","9","11019","HSPG2,SP3,KAT2B,SEC62,MECOM,PTK2,TMEM245,ADM,PKP2"
"HPA","gallbladder","HPA:0220000","1","0","7664","16","9","11019","HSPG2,SP3,KAT2B,SEC62,MECOM,PTK2,TMEM245,ADM,PKP2"
"HPA","fallopian tube; non-ciliated cells[High]","HPA:0211093","1","0","163","16","1","11019","PKP2"
"HPA","fallopian tube; non-ciliated cells[≥Medium]","HPA:0211092","1","0","578","16","3","11019","NOS1AP,ADM,PKP2"
"HPA","fallopian tube; non-ciliated cells[≥Low]","HPA:0211091","1","0","746","16","3","11019","NOS1AP,ADM,PKP2"
"HPA","fallopian tube; glandular cells[High]","HPA:0210053","1","0","1668","16","1","11019","MECOM"
"HPA","fallopian tube; glandular cells[≥Medium]","HPA:0210052","1","0","4704","16","6","11019","SP3,KAT2B,SEC62,MECOM,PTK2,TMEM245"
"HPA","fallopian tube; glandular cells[≥Low]","HPA:0210051","1","0","5776","16","6","11019","SP3,KAT2B,SEC62,MECOM,PTK2,TMEM245"
"HPA","fallopian tube; ciliated cells (tip of cilia)[High]","HPA:0210883","1","0","341","16","1","11019","ADM"
"HPA","fallopian tube; ciliated cells (tip of cilia)[≥Medium]","HPA:0210882","1","0","620","16","1","11019","ADM"
"HPA","fallopian tube; ciliated cells (tip of cilia)[≥Low]","HPA:0210881","1","0","754","16","1","11019","ADM"
"HPA","fallopian tube; ciliated cells (ciliary rootlets)[High]","HPA:0210873","1","0","244","16","2","11019","ADM,PKP2"
"HPA","fallopian tube; ciliated cells (ciliary rootlets)[≥Low]","HPA:0210871","1","0","946","16","2","11019","ADM,PKP2"
"HPA","duodenum; goblet cells[High]","HPA:0150893","1","0","208","16","1","11019","MECOM"
"HPA","duodenum; goblet cells[≥Medium]","HPA:0150892","1","0","336","16","1","11019","MECOM"
"HPA","duodenum; goblet cells[≥Low]","HPA:0150891","1","0","405","16","1","11019","MECOM"
"HPA","colon; enterocytes[≥Low]","HPA:0131301","1","0","505","16","1","11019","MECOM"
"HPA","colon; endothelial cells[High]","HPA:0130203","1","0","854","16","2","11019","MECOM,ADM"
"HPA","colon; endothelial cells[≥Medium]","HPA:0130202","1","0","3715","16","6","11019","HSPG2,SP3,MECOM,PTK2,ADM,PKP2"
"HPA","colon; endothelial cells[≥Low]","HPA:0130201","1","0","5675","16","8","11019","HSPG2,SP3,KAT2B,MECOM,PTK2,TMEM245,ADM,PKP2"
"HPA","colon; endocrine cells[High]","HPA:0131293","1","0","253","16","1","11019","MECOM"
"HPA","colon; endocrine cells[≥Medium]","HPA:0131292","1","0","405","16","1","11019","MECOM"
"HPA","colon; endocrine cells[≥Low]","HPA:0131291","1","0","449","16","1","11019","MECOM"
"HPA","colon","HPA:0130000","1","0","8342","16","10","11019","HSPG2,SP3,KAT2B,SEC62,MECOM,PTK2,TMEM245,LDB3,ADM,PKP2"
"HPA","cervix; squamous epithelial cells[High]","HPA:0630223","1","0","1034","16","1","11019","MECOM"
"HPA","cervix; squamous epithelial cells[≥Medium]","HPA:0630222","1","0","3730","16","3","11019","SEC62,MECOM,ADM"
"HPA","cervix; squamous epithelial cells[≥Low]","HPA:0630221","1","0","5460","16","7","11019","SP3,KAT2B,SEC62,MECOM,PTK2,TMEM245,ADM"
"HPA","cervix; glandular cells[High]","HPA:0630053","1","0","1182","16","2","11019","SEC62,MECOM"
"HPA","cervix; glandular cells[≥Medium]","HPA:0630052","1","0","4036","16","2","11019","SEC62,MECOM"
"HPA","cervix; glandular cells[≥Low]","HPA:0630051","1","0","5692","16","5","11019","HSPG2,KAT2B,SEC62,MECOM,PTK2"
"HPA","cervix","HPA:0630000","1","0","6930","16","8","11019","HSPG2,SP3,KAT2B,SEC62,MECOM,PTK2,TMEM245,ADM"
"HPA","cerebral cortex; neuropil[≥Medium]","HPA:0100212","1","0","2618","16","2","11019","MECOM,CRYAB"
"HPA","cerebral cortex; neuropil[≥Low]","HPA:0100211","1","0","5010","16","7","11019","KAT2B,SEC62,MECOM,PTK2,TMEM245,CRYAB,PKP2"
"HPA","cerebral cortex; neuronal cells[High]","HPA:0100133","1","0","1848","16","1","11019","MECOM"
"HPA","cerebral cortex; neuronal cells[≥Medium]","HPA:0100132","1","0","4996","16","6","11019","NOS1AP,KAT2B,SEC62,MECOM,TMEM245,PKP2"
"HPA","cerebral cortex; neuronal cells[≥Low]","HPA:0100131","1","0","6712","16","8","11019","NOS1AP,KAT2B,CACNA2D2,SEC62,MECOM,PTK2,TMEM245,PKP2"
"HPA","cerebral cortex; glial cells[High]","HPA:0100123","1","0","744","16","1","11019","CRYAB"
"HPA","cerebral cortex; glial cells[≥Medium]","HPA:0100122","1","0","2681","16","4","11019","KAT2B,SEC62,MECOM,CRYAB"
"HPA","cerebral cortex; glial cells[≥Low]","HPA:0100121","1","0","4927","16","7","11019","NOS1AP,SP3,KAT2B,SEC62,MECOM,TMEM245,CRYAB"
"HPA","cerebral cortex; endothelial cells[≥Medium]","HPA:0100202","1","0","2489","16","3","11019","SP3,SEC62,MECOM"
"HPA","cerebral cortex; endothelial cells[≥Low]","HPA:0100201","1","0","4634","16","7","11019","HSPG2,SP3,KAT2B,SEC62,MECOM,PTK2,TMEM245"
"HPA","cerebral cortex","HPA:0100000","1","0","8106","16","11","11019","HSPG2,NOS1AP,SP3,KAT2B,CACNA2D2,SEC62,MECOM,PTK2,TMEM245,CRYAB,PKP2"
"HPA","cerebellum; white matter cells - nucleus[High]","HPA:0091083","1","0","75","16","1","11019","CRYAB"
"HPA","cerebellum; white matter cells - nucleus[≥Medium]","HPA:0091082","1","0","113","16","1","11019","CRYAB"
"HPA","cerebellum; white matter cells - nucleus[≥Low]","HPA:0091081","1","0","120","16","1","11019","CRYAB"
"HPA","colon; enterocytes[≥Medium]","HPA:0131302","1","0","379","16","1","11019","MECOM"
"HPA","colon; enterocytes[High]","HPA:0131303","1","0","217","16","1","11019","MECOM"
"HPA","colon; enterocytes - Microvilli[≥Low]","HPA:0131321","1","0","221","16","1","11019","MECOM"
"HPA","colon; enterocytes - Microvilli[≥Medium]","HPA:0131322","1","0","207","16","1","11019","MECOM"
"HPA","duodenum; glandular cells[High]","HPA:0150053","1","0","2604","16","1","11019","ADM"
"HPA","duodenum; glandular cells[≥Medium]","HPA:0150052","1","0","6106","16","7","11019","SP3,KAT2B,SEC62,PTK2,TMEM245,ADM,PKP2"
"HPA","duodenum; glandular cells[≥Low]","HPA:0150051","1","0","7108","16","7","11019","SP3,KAT2B,SEC62,PTK2,TMEM245,ADM,PKP2"
"HPA","duodenum; glands of Brunner[High]","HPA:0151343","1","0","104","16","1","11019","MECOM"
"HPA","duodenum; glands of Brunner[≥Medium]","HPA:0151342","1","0","204","16","1","11019","MECOM"
"HPA","duodenum; glands of Brunner[≥Low]","HPA:0151341","1","0","267","16","1","11019","MECOM"
"HPA","duodenum; enterocytes - Microvilli[≥Medium]","HPA:0151322","1","0","202","16","1","11019","MECOM"
"HPA","duodenum; enterocytes - Microvilli[≥Low]","HPA:0151321","1","0","240","16","1","11019","MECOM"
"HPA","duodenum; enterocytes[High]","HPA:0151303","1","0","234","16","1","11019","MECOM"
"HPA","duodenum; enterocytes[≥Medium]","HPA:0151302","1","0","426","16","1","11019","MECOM"
"HPA","duodenum; enterocytes[≥Low]","HPA:0151301","1","0","537","16","1","11019","MECOM"
"HPA","duodenum; endocrine cells[High]","HPA:0151293","1","0","307","16","1","11019","MECOM"
"HPA","duodenum; endocrine cells[≥Medium]","HPA:0151292","1","0","453","16","1","11019","MECOM"
"HPA","duodenum; endocrine cells[≥Low]","HPA:0151291","1","0","497","16","1","11019","MECOM"
"HPA","kidney; cells in glomeruli[≥Low]","HPA:0270351","1","0","5168","16","7","11019","SP3,KAT2B,SEC62,MECOM,PTK2,TMEM245,ADM"
"HPA","duodenum","HPA:0150000","1","0","7899","16","8","11019","SP3,KAT2B,SEC62,MECOM,PTK2,TMEM245,ADM,PKP2"
"HPA","colon; peripheral nerve/ganglion[≥Medium]","HPA:0130242","1","0","3432","16","4","11019","SEC62,MECOM,PTK2,TMEM245"
"HPA","colon; peripheral nerve/ganglion[≥Low]","HPA:0130241","1","0","5043","16","5","11019","KAT2B,SEC62,MECOM,PTK2,TMEM245"
"HPA","colon; mucosal lymphoid cells[High]","HPA:0131333","1","0","155","16","1","11019","MECOM"
"HPA","colon; mucosal lymphoid cells[≥Medium]","HPA:0131332","1","0","365","16","1","11019","MECOM"
"HPA","colon; mucosal lymphoid cells[≥Low]","HPA:0131331","1","0","509","16","2","11019","MECOM,LDB3"
"HPA","colon; goblet cells[High]","HPA:0130893","1","0","205","16","1","11019","MECOM"
"HPA","colon; goblet cells[≥Medium]","HPA:0130892","1","0","336","16","1","11019","MECOM"
"HPA","colon; goblet cells[≥Low]","HPA:0130891","1","0","413","16","1","11019","MECOM"
"HPA","colon; glandular cells[≥Medium]","HPA:0130052","1","0","5988","16","5","11019","SP3,KAT2B,PTK2,TMEM245,PKP2"
"HPA","colon; glandular cells[≥Low]","HPA:0130051","1","0","6999","16","8","11019","HSPG2,SP3,KAT2B,SEC62,PTK2,TMEM245,ADM,PKP2"
"HPA","colon; fibroblasts[High]","HPA:0130653","1","0","57","16","1","11019","MECOM"
"HPA","colon; fibroblasts[≥Medium]","HPA:0130652","1","0","96","16","1","11019","MECOM"
"HPA","colon; fibroblasts[≥Low]","HPA:0130651","1","0","106","16","1","11019","MECOM"
"HPA","colon; enterocytes - Microvilli[High]","HPA:0131323","1","0","104","16","1","11019","MECOM"
"HPA","colon; peripheral nerve/ganglion[High]","HPA:0130243","1","0","855","16","2","11019","MECOM,TMEM245"
"HPA","seminal vesicle; glandular cells[≥Low]","HPA:0430051","1","0","6828","16","8","11019","SP3,KAT2B,SEC62,MECOM,PTK2,TMEM245,ADM,CRYAB"
"HPA","kidney; cells in glomeruli[≥Medium]","HPA:0270352","1","0","3090","16","6","11019","SP3,KAT2B,SEC62,MECOM,TMEM245,ADM"
"HPA","kidney; cells in tubules[≥Low]","HPA:0270361","1","0","7027","16","8","11019","HSPG2,SP3,KAT2B,SEC62,MECOM,PTK2,TMEM245,ADM"
"HPA","prostate; glandular cells[≥Medium]","HPA:0390052","1","0","4809","16","5","11019","SP3,KAT2B,SEC62,MECOM,ADM"
"HPA","prostate; glandular cells[≥Low]","HPA:0390051","1","0","6677","16","7","11019","SP3,KAT2B,SEC62,MECOM,PTK2,TMEM245,ADM"
"HPA","prostate","HPA:0390000","1","0","6677","16","7","11019","SP3,KAT2B,SEC62,MECOM,PTK2,TMEM245,ADM"
"HPA","placenta; trophoblastic cells[High]","HPA:0380523","1","0","1935","16","3","11019","SP3,KAT2B,ADM"
"HPA","placenta; trophoblastic cells[≥Medium]","HPA:0380522","1","0","5050","16","6","11019","SP3,KAT2B,SEC62,PTK2,ADM,CRYAB"
"HPA","placenta; trophoblastic cells[≥Low]","HPA:0380521","1","0","6360","16","9","11019","SP3,KAT2B,SEC62,PTK2,TMEM245,LDB3,ADM,CRYAB,PKP2"
"HPA","placenta; syncytiotrophoblasts - microvilli[≥Low]","HPA:0381221","1","0","362","16","1","11019","MECOM"
"HPA","placenta; syncytiotrophoblasts - cell body[≥Medium]","HPA:0381212","1","0","482","16","1","11019","MECOM"
"HPA","placenta; syncytiotrophoblasts - cell body[≥Low]","HPA:0381211","1","0","551","16","1","11019","MECOM"
"HPA","placenta; hofbauer cells[High]","HPA:0381203","1","0","282","16","1","11019","MECOM"
"HPA","placenta; hofbauer cells[≥Medium]","HPA:0381202","1","0","381","16","1","11019","MECOM"
"HPA","placenta; hofbauer cells[≥Low]","HPA:0381201","1","0","436","16","1","11019","MECOM"
"HPA","placenta; endothelial cells[High]","HPA:0380203","1","0","244","16","1","11019","MECOM"
"HPA","placenta; endothelial cells[≥Medium]","HPA:0380202","1","0","334","16","1","11019","MECOM"
"HPA","placenta; endothelial cells[≥Low]","HPA:0380201","1","0","405","16","1","11019","MECOM"
"HPA","placenta; decidual cells[High]","HPA:0380513","1","0","1209","16","3","11019","SP3,KAT2B,PTK2"
"HPA","placenta; decidual cells[≥Medium]","HPA:0380512","1","0","3591","16","7","11019","SP3,KAT2B,SEC62,PTK2,TMEM245,ADM,CRYAB"
"HPA","placenta; decidual cells[≥Low]","HPA:0380511","1","0","4850","16","8","11019","HSPG2,SP3,KAT2B,SEC62,PTK2,TMEM245,ADM,CRYAB"
"HPA","placenta; cytotrophoblasts[≥Medium]","HPA:0381192","1","0","424","16","1","11019","MECOM"
"HPA","placenta; cytotrophoblasts[≥Low]","HPA:0381191","1","0","476","16","1","11019","MECOM"
"HPA","placenta","HPA:0380000","1","0","7517","16","11","11019","HSPG2,SP3,KAT2B,SEC62,MECOM,PTK2,TMEM245,LDB3,ADM,CRYAB,PKP2"
"HPA","pituitary gland; cells in anterior [≥Medium]","HPA:0370492","1","0","54","16","1","11019","GNRHR"
"HPA","pituitary gland; cells in anterior [≥Low]","HPA:0370491","1","0","57","16","1","11019","GNRHR"
"HPA","pituitary gland","HPA:0370000","1","0","57","16","1","11019","GNRHR"
"HPA","parathyroid gland; glandular cells[High]","HPA:0360053","1","0","1553","16","2","11019","TMEM245,ADM"
"HPA","parathyroid gland; glandular cells[≥Medium]","HPA:0360052","1","0","4414","16","7","11019","SP3,KAT2B,SEC62,MECOM,PTK2,TMEM245,ADM"
"HPA","parathyroid gland; glandular cells[≥Low]","HPA:0360051","1","0","5898","16","8","11019","HSPG2,SP3,KAT2B,SEC62,MECOM,PTK2,TMEM245,ADM"
"HPA","parathyroid gland","HPA:0360000","1","0","5898","16","8","11019","HSPG2,SP3,KAT2B,SEC62,MECOM,PTK2,TMEM245,ADM"
"HPA","pancreas; pancreatic endocrine cells[≥Medium]","HPA:0351182","1","0","3624","16","3","11019","KAT2B,MECOM,PTK2"
"HPA","prostate; glandular cells[High]","HPA:0390053","1","0","1337","16","1","11019","MECOM"
"HPA","pancreas; pancreatic endocrine cells[≥Low]","HPA:0351181","1","0","5628","16","7","11019","HSPG2,KAT2B,SEC62,MECOM,PTK2,TMEM245,PKP2"
"HPA","rectum","HPA:0400000","1","0","7973","16","10","11019","HSPG2,SP3,KAT2B,SEC62,MECOM,PTK2,TMEM245,LDB3,ADM,PKP2"
"HPA","rectum; endocrine cells[≥Medium]","HPA:0401292","1","0","408","16","1","11019","MECOM"
"HPA","salivary gland; glandular cells[High]","HPA:0420053","1","0","1483","16","3","11019","KAT2B,SEC62,MECOM"
"HPA","salivary gland; glandular cells[≥Medium]","HPA:0420052","1","0","4872","16","8","11019","SP3,KAT2B,SEC62,MECOM,PTK2,TMEM245,ADM,CRYAB"
"HPA","salivary gland; glandular cells[≥Low]","HPA:0420051","1","0","6902","16","9","11019","SP3,KAT2B,SEC62,MECOM,PTK2,TMEM245,ADM,CRYAB,PKP2"
"HPA","salivary gland","HPA:0420000","1","0","6902","16","9","11019","SP3,KAT2B,SEC62,MECOM,PTK2,TMEM245,ADM,CRYAB,PKP2"
"HPA","rectum; peripheral nerve/ganglion[High]","HPA:0400243","1","0","113","16","1","11019","MECOM"
"HPA","rectum; peripheral nerve/ganglion[≥Medium]","HPA:0400242","1","0","192","16","1","11019","MECOM"
"HPA","rectum; peripheral nerve/ganglion[≥Low]","HPA:0400241","1","0","260","16","1","11019","MECOM"
"HPA","rectum; mucosal lymphoid cells[High]","HPA:0401333","1","0","176","16","1","11019","MECOM"
"HPA","rectum; mucosal lymphoid cells[≥Medium]","HPA:0401332","1","0","398","16","1","11019","MECOM"
"HPA","rectum; mucosal lymphoid cells[≥Low]","HPA:0401331","1","0","543","16","2","11019","MECOM,LDB3"
"HPA","rectum; goblet cells[High]","HPA:0400893","1","0","212","16","1","11019","MECOM"
"HPA","rectum; goblet cells[≥Medium]","HPA:0400892","1","0","343","16","1","11019","MECOM"
"HPA","rectum; goblet cells[≥Low]","HPA:0400891","1","0","410","16","1","11019","MECOM"
"HPA","rectum; glandular cells[High]","HPA:0400053","1","0","2575","16","1","11019","PTK2"
"HPA","rectum; glandular cells[≥Medium]","HPA:0400052","1","0","6107","16","6","11019","SP3,KAT2B,SEC62,PTK2,ADM,PKP2"
"HPA","rectum; glandular cells[≥Low]","HPA:0400051","1","0","7067","16","8","11019","HSPG2,SP3,KAT2B,SEC62,PTK2,TMEM245,ADM,PKP2"
"HPA","rectum; fibroblasts[High]","HPA:0400653","1","0","63","16","1","11019","MECOM"
"HPA","rectum; fibroblasts[≥Medium]","HPA:0400652","1","0","108","16","1","11019","MECOM"
"HPA","rectum; fibroblasts[≥Low]","HPA:0400651","1","0","122","16","1","11019","MECOM"
"HPA","rectum; enterocytes - Microvilli[High]","HPA:0401323","1","0","104","16","1","11019","MECOM"
"HPA","rectum; enterocytes - Microvilli[≥Medium]","HPA:0401322","1","0","177","16","1","11019","MECOM"
"HPA","rectum; enterocytes - Microvilli[≥Low]","HPA:0401321","1","0","197","16","1","11019","MECOM"
"HPA","rectum; enterocytes[High]","HPA:0401303","1","0","227","16","1","11019","MECOM"
"HPA","rectum; enterocytes[≥Medium]","HPA:0401302","1","0","388","16","1","11019","MECOM"
"HPA","rectum; enterocytes[≥Low]","HPA:0401301","1","0","513","16","1","11019","MECOM"
"HPA","rectum; endothelial cells[High]","HPA:0400203","1","0","102","16","1","11019","MECOM"
"HPA","rectum; endothelial cells[≥Medium]","HPA:0400202","1","0","185","16","1","11019","MECOM"
"HPA","rectum; endothelial cells[≥Low]","HPA:0400201","1","0","254","16","1","11019","MECOM"
"HPA","rectum; endocrine cells[High]","HPA:0401293","1","0","272","16","1","11019","MECOM"
"HPA","rectum; endocrine cells[≥Low]","HPA:0401291","1","0","454","16","1","11019","MECOM"
"HPA","pancreas; exocrine glandular cells[High]","HPA:0350473","1","0","1960","16","2","11019","MECOM,ADM"
"HPA","pancreas; exocrine glandular cells[≥Medium]","HPA:0350472","1","0","5304","16","6","11019","KAT2B,SEC62,MECOM,PTK2,TMEM245,ADM"
"HPA","pancreas; exocrine glandular cells[≥Low]","HPA:0350471","1","0","6942","16","8","11019","HSPG2,KAT2B,SEC62,MECOM,PTK2,TMEM245,ADM,PKP2"
"HPA","lung; macrophages[High]","HPA:0300413","1","0","1371","16","1","11019","MECOM"
"HPA","lung; macrophages[≥Medium]","HPA:0300412","1","0","4898","16","5","11019","KAT2B,MECOM,PTK2,TMEM245,ADM"
"HPA","lung; macrophages[≥Low]","HPA:0300411","1","0","6787","16","8","11019","HSPG2,SP3,KAT2B,MECOM,PTK2,TMEM245,ADM,PKP2"
"HPA","lung; endothelial cells[High]","HPA:0300203","1","0","293","16","2","11019","SP3,MECOM"
"HPA","lung; endothelial cells[≥Medium]","HPA:0300202","1","0","651","16","2","11019","SP3,MECOM"
"HPA","lung; endothelial cells[≥Low]","HPA:0300201","1","0","798","16","2","11019","SP3,MECOM"
"HPA","lung; alveolar cells type II[High]","HPA:0301373","1","0","662","16","1","11019","MECOM"
"HPA","lung; alveolar cells type II[≥Medium]","HPA:0301372","1","0","1233","16","2","11019","CACNA2D2,MECOM"
"HPA","lung; alveolar cells type II[≥Low]","HPA:0301371","1","0","1533","16","2","11019","CACNA2D2,MECOM"
"HPA","lung; alveolar cells type I[High]","HPA:0301363","1","0","507","16","2","11019","SP3,MECOM"
"HPA","lung; alveolar cells type I[≥Medium]","HPA:0301362","1","0","887","16","3","11019","SP3,KAT2B,MECOM"
"HPA","lung; alveolar cells type I[≥Low]","HPA:0301361","1","0","1091","16","3","11019","SP3,KAT2B,MECOM"
"HPA","lung; alveolar cells[≥Medium]","HPA:0301172","1","0","1790","16","1","11019","TMEM245"
"HPA","lung; alveolar cells[≥Low]","HPA:0301171","1","0","3490","16","4","11019","SEC62,PTK2,TMEM245,ADM"
"HPA","lung","HPA:0300000","1","0","7379","16","10","11019","HSPG2,SP3,KAT2B,CACNA2D2,SEC62,MECOM,PTK2,TMEM245,ADM,PKP2"
"HPA","liver; hepatocytes[High]","HPA:0290403","1","0","869","16","1","11019","ADM"
"HPA","liver; hepatocytes[≥Medium]","HPA:0290402","1","0","3750","16","4","11019","MECOM,PTK2,TMEM245,ADM"
"HPA","liver; hepatocytes[≥Low]","HPA:0290401","1","0","5748","16","7","11019","HSPG2,KAT2B,SEC62,MECOM,PTK2,TMEM245,ADM"
"HPA","liver; cholangiocytes[≥Medium]","HPA:0291162","1","0","1964","16","2","11019","SP3,TMEM245"
"HPA","liver; cholangiocytes[≥Low]","HPA:0291161","1","0","3965","16","4","11019","SP3,SEC62,MECOM,TMEM245"
"HPA","liver","HPA:0290000","1","0","6298","16","8","11019","HSPG2,SP3,KAT2B,SEC62,MECOM,PTK2,TMEM245,ADM"
"HPA","kidney; proximal tubules (microvilli)[≥Medium]","HPA:0271152","1","0","143","16","1","11019","PKP2"
"HPA","kidney; proximal tubules (microvilli)[≥Low]","HPA:0271151","1","0","151","16","1","11019","PKP2"
"HPA","kidney; proximal tubules (cell body)[High]","HPA:0271143","1","0","288","16","1","11019","CRYAB"
"HPA","kidney; proximal tubules (cell body)[≥Medium]","HPA:0271142","1","0","567","16","1","11019","CRYAB"
"HPA","kidney; proximal tubules (cell body)[≥Low]","HPA:0271141","1","0","728","16","1","11019","CRYAB"
"HPA","kidney; distal tubules[≥Low]","HPA:0271131","1","0","705","16","2","11019","CRYAB,PKP2"
"HPA","kidney; cells in tubules[High]","HPA:0270363","1","0","2161","16","2","11019","MECOM,PTK2"
"HPA","kidney; cells in tubules[≥Medium]","HPA:0270362","1","0","5826","16","6","11019","SP3,SEC62,MECOM,PTK2,TMEM245,ADM"
"HPA","lymph node","HPA:0310000","1","0","6530","16","8","11019","HSPG2,SP3,KAT2B,SEC62,MECOM,PTK2,TMEM245,ADM"
"HPA","lymph node; germinal center cells[≥Low]","HPA:0310431","1","0","5061","16","4","11019","SP3,SEC62,MECOM,PTK2"
"HPA","lymph node; germinal center cells[≥Medium]","HPA:0310432","1","0","3302","16","3","11019","SP3,SEC62,MECOM"
"HPA","lymph node; germinal center cells[High]","HPA:0310433","1","0","944","16","1","11019","MECOM"
"HPA","pancreas","HPA:0350000","1","0","7409","16","8","11019","HSPG2,KAT2B,SEC62,MECOM,PTK2,TMEM245,ADM,PKP2"
"HPA","ovary; ovarian stroma cells[High]","HPA:0340463","1","0","378","16","1","11019","MECOM"
"HPA","ovary; ovarian stroma cells[≥Medium]","HPA:0340462","1","0","2067","16","4","11019","SP3,KAT2B,MECOM,TMEM245"
"HPA","ovary; ovarian stroma cells[≥Low]","HPA:0340461","1","0","3986","16","6","11019","HSPG2,SP3,KAT2B,SEC62,MECOM,TMEM245"
"HPA","ovary; follicle cells[High]","HPA:0340453","1","0","619","16","1","11019","MECOM"
"HPA","ovary; follicle cells[≥Medium]","HPA:0340452","1","0","2248","16","2","11019","MECOM,TMEM245"
"HPA","ovary; follicle cells[≥Low]","HPA:0340451","1","0","3306","16","3","11019","SEC62,MECOM,TMEM245"
"HPA","ovary","HPA:0340000","1","0","5429","16","6","11019","HSPG2,SP3,KAT2B,SEC62,MECOM,TMEM245"
"HPA","oral mucosa; squamous epithelial cells[High]","HPA:0330223","1","0","1152","16","1","11019","MECOM"
"HPA","oral mucosa; squamous epithelial cells[≥Medium]","HPA:0330222","1","0","4358","16","3","11019","MECOM,PTK2,ADM"
"HPA","oral mucosa; squamous epithelial cells[≥Low]","HPA:0330221","1","0","6257","16","7","11019","HSPG2,SP3,KAT2B,SEC62,MECOM,PTK2,ADM"
"HPA","oral mucosa","HPA:0330000","1","0","6257","16","7","11019","HSPG2,SP3,KAT2B,SEC62,MECOM,PTK2,ADM"
"HPA","nasopharynx; respiratory epithelial cells[High]","HPA:0320103","1","0","1798","16","1","11019","MECOM"
"HPA","nasopharynx; respiratory epithelial cells[≥Medium]","HPA:0320102","1","0","4773","16","6","11019","SP3,KAT2B,SEC62,MECOM,PTK2,TMEM245"
"HPA","kidney; cells in glomeruli[High]","HPA:0270353","1","0","851","16","4","11019","SP3,MECOM,TMEM245,ADM"
"HPA","nasopharynx; respiratory epithelial cells[≥Low]","HPA:0320101","1","0","5794","16","6","11019","SP3,KAT2B,SEC62,MECOM,PTK2,TMEM245"
"HPA","nasopharynx; goblet cells[≥Low]","HPA:0320891","1","0","360","16","1","11019","ADM"
"HPA","nasopharynx; ciliated cells (tip of cilia)[≥Medium]","HPA:0320882","1","0","327","16","1","11019","ADM"
"HPA","nasopharynx; ciliated cells (tip of cilia)[≥Low]","HPA:0320881","1","0","383","16","1","11019","ADM"
"HPA","nasopharynx; ciliated cells (ciliary rootlets)[High]","HPA:0320873","1","0","153","16","1","11019","PKP2"
"HPA","nasopharynx; ciliated cells (ciliary rootlets)[≥Medium]","HPA:0320872","1","0","328","16","2","11019","ADM,PKP2"
"HPA","nasopharynx; ciliated cells (ciliary rootlets)[≥Low]","HPA:0320871","1","0","391","16","2","11019","ADM,PKP2"
"HPA","nasopharynx; ciliated cells (cell body)[≥Medium]","HPA:0320852","1","0","879","16","1","11019","ADM"
"HPA","nasopharynx; ciliated cells (cell body)[≥Low]","HPA:0320851","1","0","1113","16","1","11019","ADM"
"HPA","nasopharynx; basal cells[≥Medium]","HPA:0320842","1","0","515","16","1","11019","ADM"
"HPA","nasopharynx; basal cells[≥Low]","HPA:0320841","1","0","634","16","1","11019","ADM"
"HPA","nasopharynx","HPA:0320000","1","0","7196","16","8","11019","SP3,KAT2B,SEC62,MECOM,PTK2,TMEM245,ADM,PKP2"
"HPA","lymph node; non-germinal center cells[High]","HPA:0310443","1","0","1209","16","3","11019","SP3,MECOM,ADM"
"HPA","lymph node; non-germinal center cells[≥Medium]","HPA:0310442","1","0","3989","16","4","11019","SP3,SEC62,MECOM,ADM"
"HPA","lymph node; non-germinal center cells[≥Low]","HPA:0310441","1","0","6061","16","8","11019","HSPG2,SP3,KAT2B,SEC62,MECOM,PTK2,TMEM245,ADM"
"HPA","nasopharynx; goblet cells[≥Medium]","HPA:0320892","1","0","331","16","1","11019","ADM"
"CORUM","CTTN-FER-PTK2 complex","CORUM:6916","0.09931580546909702","1.0029816308421318","2","4","1","3383","PTK2"
"CORUM","alphaB-crystallin-Nav1.5 complex","CORUM:6096","0.09931580546909702","1.0029816308421318","2","4","1","3383","CRYAB"
"CORUM","FAK-beta5 integrin complex, VEGF induced","CORUM:5712","0.09931580546909702","1.0029816308421318","2","4","1","3383","PTK2"
"CORUM","CAS-SRC-FAK complex","CORUM:5282","0.09931580546909702","1.0029816308421318","2","4","1","3383","PTK2"
"CORUM","GRB7-PTK2 complex","CORUM:7116","0.09931580546909702","1.0029816308421318","2","4","1","3383","PTK2"
"CORUM","GJB2-PTK2-NANOG complex","CORUM:7416","0.09931580546909702","1.0029816308421318","2","4","1","3383","PTK2"
"CORUM","CREBBP-KAT2B-MYOD1 complex","CORUM:2641","0.09931580546909702","1.0029816308421318","2","4","1","3383","KAT2B"
"CORUM","MAPK1-PTK2-PXN complex","CORUM:6925","0.09931580546909702","1.0029816308421318","2","4","1","3383","PTK2"
"CORUM","FOXO3-PCAF complex, oxidative stress stimulated","CORUM:1338","0.09931580546909702","1.0029816308421318","2","4","1","3383","KAT2B"
"CORUM","FAK–p130Cas–MT1 complex","CORUM:6921","0.14890763145812547","0.8270830442543852","3","4","1","3383","PTK2"
"CORUM","KAT2B-KIF11-MYSM1 complex","CORUM:7437","0.14890763145812547","0.8270830442543852","3","4","1","3383","KAT2B"
"CORUM","Chromatin remodeling complex (TACC2, TACC3, PCAF)","CORUM:5373","0.14890763145812547","0.8270830442543852","3","4","1","3383","KAT2B"
"CORUM","SCRIB-NOS1AP-VANGL1 complex","CORUM:6777","0.14890763145812547","0.8270830442543852","3","4","1","3383","NOS1AP"
"CORUM","RNA polymerase II complex, (CBP, RPBI, PCAF, BAF47), chromatin structure modifying","CORUM:3062","0.14890763145812547","0.8270830442543852","3","4","1","3383","KAT2B"
"CORUM","PXN-ITGB5-PTK2 complex","CORUM:2726","0.14890763145812547","0.8270830442543852","3","4","1","3383","PTK2"
"CORUM","Multisubunit ACTR coactivator complex","CORUM:4","0.198455441033554","0.702336989583954","4","4","1","3383","KAT2B"
"CORUM","EP300-KAT2B-TBX5-WWTR1 complex","CORUM:6653","0.198455441033554","0.702336989583954","4","4","1","3383","KAT2B"
"CORUM","THSD1-FAK-talin-vinculin complex","CORUM:6990","0.198455441033554","0.702336989583954","4","4","1","3383","PTK2"
"CORUM","RNA polymerase II complex (CBP, PCAF, RPB1, BAF47, CYCC, CDK8), chromatin structure modifying","CORUM:3061","0.198455441033554","0.702336989583954","4","4","1","3383","KAT2B"
"CORUM","ITGA2b-ITGB3-CD47-FAK complex","CORUM:2896","0.198455441033554","0.702336989583954","4","4","1","3383","PTK2"
"CORUM","MASH1 promoter-coactivator complex","CORUM:3137","0.24795926024829604","0.6056196679752561","5","4","1","3383","KAT2B"
"CORUM","CAMK2-delta-MASH1 promoter-coactivator complex","CORUM:3142","0.2974191151475679","0.5266311227799977","6","4","1","3383","KAT2B"
"CORUM","Polycystin-1 multiprotein complex (ACTN1, CDH1, SRC, JUP, VCL, CTNNB1, PXN, BCAR1, PKD1, PTK2, TLN1)","CORUM:5177","0.34683503176887986","0.4598770434462704","7","4","1","3383","PTK2"
"CORUM","PCAF complex","CORUM:477","0.4948194122242974","0.30555327093353724","10","4","1","3383","KAT2B"
"CORUM","PCAF complex","CORUM:471","0.4948194122242974","0.30555327093353724","10","4","1","3383","KAT2B"
"CORUM","LGR4-RSPO supercomplex","CORUM:7557","0.4948194122242974","0.30555327093353724","10","4","1","3383","PTK2"
"CORUM","RNA polymerase II complex, chromatin structure modifying","CORUM:3066","0.5440598359544565","0.26435333376544523","11","4","1","3383","KAT2B"
"CORUM","CORUM root","CORUM:0000000","1","0","3383","4","4","3383","NOS1AP,KAT2B,PTK2,CRYAB"
"HP","Increased left ventricular end-diastolic volume","HP:0033755","0.013229957281565423","1.8784415581110905","22","11","3","5080","MYPN,LDB3,CRYAB"
"HP","Abnormal left ventricular end-diastolic volume","HP:0033754","0.013229957281565423","1.8784415581110905","22","11","3","5080","MYPN,LDB3,CRYAB"
"HP","Thromboembolic stroke","HP:0001727","0.014740924776059448","1.831475270035901","74","11","4","5080","PRDM16,MYPN,LDB3,CRYAB"
"HP","Lipoatrophy","HP:0100578","0.018193057441655225","1.740094309267531","78","11","4","5080","PRDM16,MYPN,LDB3,CRYAB"
"HP","Dilated cardiomyopathy","HP:0001644","0.02023192850863284","1.693962718280156","174","11","5","5080","PRDM16,HSPG2,MYPN,LDB3,CRYAB"
"HP","Muscle stiffness","HP:0003552","0.024445524233753693","1.6118006448642392","84","11","4","5080","HSPG2,MYPN,LDB3,CRYAB"
"HP","Myopathy","HP:0003198","0.028703210873311888","1.5420695183683448","329","11","6","5080","PRDM16,HSPG2,MYPN,LDB3,CRYAB,MYO18B"
"HP","Left ventricular systolic dysfunction","HP:0025169","0.030761907129099323","1.5119867433189444","89","11","4","5080","PRDM16,MYPN,LDB3,CRYAB"
"HP","Arrhythmia","HP:0011675","0.03167434399600553","1.4992923709785428","524","11","7","5080","PRDM16,HSPG2,NOS1AP,MYPN,LDB3,CRYAB,PKP2"
"HP","Thromboembolism","HP:0001907","0.048800735310928996","1.3115736341638247","100","11","4","5080","PRDM16,MYPN,LDB3,CRYAB"
"HP","Cardiomyopathy","HP:0001638","0.05341593291022335","1.272329182242937","567","11","7","5080","PRDM16,HSPG2,MYPN,LDB3,CRYAB,PKP2,MYO18B"
"HP","Abnormality of cardiovascular system electrophysiology","HP:0030956","0.057261309546317606","1.242138724036457","573","11","7","5080","PRDM16,HSPG2,NOS1AP,MYPN,LDB3,CRYAB,PKP2"
"HP","Orthopnea","HP:0012764","0.061411426026852685","1.2117508178042415","106","11","4","5080","PRDM16,MYPN,LDB3,CRYAB"
"HP","Abnormal myocardium morphology","HP:0001637","0.07421831606857941","1.129488903536417","596","11","7","5080","PRDM16,HSPG2,MYPN,LDB3,CRYAB,PKP2,MYO18B"
"HP","Muscle fiber inclusion bodies","HP:0100299","0.08308656728396219","1.0804691835083344","40","11","3","5080","MYPN,CRYAB,MYO18B"
"HP","Lipodystrophy","HP:0009125","0.1136615150989045","0.9443865591419993","124","11","4","5080","PRDM16,MYPN,LDB3,CRYAB"
"HP","Autophagic vacuoles","HP:0003736","0.13782551784753794","0.8606703670844583","8","11","2","5080","LDB3,CRYAB"
"HP","Exertional dyspnea","HP:0002875","0.19809124956227728","0.70313470846323","143","11","4","5080","PRDM16,MYPN,LDB3,CRYAB"
"HP","EMG abnormality","HP:0003457","0.20037380314844047","0.6981590587118116","280","11","5","5080","PRDM16,HSPG2,MYPN,LDB3,CRYAB"
"HP","Abnormal left ventricular function","HP:0005162","0.21470942556931386","0.6681488899704098","146","11","4","5080","PRDM16,MYPN,LDB3,CRYAB"
"HP","Decreased Achilles reflex","HP:0009072","0.32334171602429507","0.4903382611464998","12","11","2","5080","LDB3,CRYAB"
"HP","Abnormal cardiac ventricular function","HP:0030872","0.33652789583836185","0.4729789299347162","164","11","4","5080","PRDM16,MYPN,LDB3,CRYAB"
"HP","Edema","HP:0000969","0.38622482795553637","0.41315981160917487","768","11","7","5080","PRDM16,HSPG2,NOS1AP,MECOM,MYPN,LDB3,CRYAB"
"HP","Progressive distal muscle weakness","HP:0009063","0.5851204270197691","0.23275474005863256","16","11","2","5080","LDB3,CRYAB"
"HP","Leg muscle stiffness","HP:0008969","0.5851204270197691","0.23275474005863256","16","11","2","5080","LDB3,CRYAB"
"HP","Bifid ribs","HP:0000892","0.6623529526404055","0.17891052334622343","17","11","2","5080","PRDM16,HSPG2"
"HP","Abnormal electrophysiology of sinoatrial node origin","HP:0011702","0.6834011724112254","0.16532428048122882","81","11","3","5080","NOS1AP,MYPN,PKP2"
"HP","Abnormality of fluid regulation","HP:0011032","0.7833057118839439","0.10606870656012048","858","11","7","5080","PRDM16,HSPG2,NOS1AP,MECOM,MYPN,LDB3,CRYAB"
"HP","Abnormal thrombosis","HP:0001977","0.8200003162637683","0.0861859801143529","207","11","4","5080","PRDM16,MYPN,LDB3,CRYAB"
"HP","Left ventricular noncompaction","HP:0030682","0.8308445776819281","0.08048021011249587","19","11","2","5080","PRDM16,LDB3"
"HP","Abnormal morphology of left ventricular trabeculae","HP:0031192","0.8308445776819281","0.08048021011249587","19","11","2","5080","PRDM16,LDB3"
"HP","Abnormal morphology of myocardial trabeculae","HP:0030681","0.922069883437347","0.03523616263283684","20","11","2","5080","PRDM16,LDB3"
"HP","Nemaline bodies","HP:0003798","0.922069883437347","0.03523616263283684","20","11","2","5080","MYPN,MYO18B"
"HP","Vascular dilatation","HP:0002617","0.9467407042727449","0.023768950377055814","215","11","4","5080","PRDM16,HSPG2,MYPN,PKP2"
"HP","Abnormality of urine homeostasis","HP:0003110","1","0","760","11","1","5080","NOS1AP"
"HP","Hypoproteinemia","HP:0003075","1","0","18","11","1","5080","NOS1AP"
"HP","Shoulder flexion contracture","HP:0003044","1","0","9","11","1","5080","HSPG2"
"HP","Abnormal shoulder morphology","HP:0003043","1","0","101","11","1","5080","HSPG2"
"HP","Elbow dislocation","HP:0003042","1","0","80","11","1","5080","HSPG2"
"HP","Short long bone","HP:0003026","1","0","279","11","1","5080","HSPG2"
"HP","Abnormality of the wrist","HP:0003019","1","0","168","11","1","5080","HSPG2"
"HP","Metaphyseal widening","HP:0003016","1","0","97","11","1","5080","HSPG2"
"HP","Abnormality of the musculature","HP:0003011","1","0","2901","11","8","5080","PRDM16,HSPG2,CACNA2D2,GNRHR,MYPN,LDB3,CRYAB,MYO18B"
"HP","Neuroblastoma","HP:0003006","1","0","61","11","2","5080","PRDM16,HSPG2"
"HP","Limited elbow movement","HP:0002996","1","0","166","11","1","5080","MECOM"
"HP","Micromelia","HP:0002983","1","0","94","11","1","5080","HSPG2"
"HP","Abnormality of the calf","HP:0002981","1","0","314","11","1","5080","HSPG2"
"HP","Bowing of the legs","HP:0002979","1","0","253","11","1","5080","HSPG2"
"HP","Aplasia/Hypoplasia involving the central nervous system","HP:0002977","1","0","1915","11","3","5080","PRDM16,HSPG2,MYO18B"
"HP","Radioulnar synostosis","HP:0002974","1","0","79","11","1","5080","MECOM"
"HP","Abnormal forearm morphology","HP:0002973","1","0","235","11","1","5080","MECOM"
"HP","Autoimmunity","HP:0002960","1","0","308","11","1","5080","CRYAB"
"HP","Fused cervical vertebrae","HP:0002949","1","0","35","11","1","5080","MYO18B"
"HP","Vertebral fusion","HP:0002948","1","0","73","11","1","5080","MYO18B"
"HP","Cervical kyphosis","HP:0002947","1","0","9","11","1","5080","HSPG2"
"HP","Thoracolumbar scoliosis","HP:0002944","1","0","43","11","1","5080","MYO18B"
"HP","Thoracic scoliosis","HP:0002943","1","0","60","11","1","5080","MYPN"
"HP","Lumbar hyperlordosis","HP:0002938","1","0","97","11","2","5080","HSPG2,MYPN"
"HP","Abnormality of thyroid physiology","HP:0002926","1","0","412","11","2","5080","PRDM16,HSPG2"
"HP","Abnormal cerebrospinal fluid morphology","HP:0002921","1","0","641","11","1","5080","HSPG2"
"HP","Microscopic hematuria","HP:0002907","1","0","33","11","1","5080","NOS1AP"
"HP","Hypokalemia","HP:0002900","1","0","79","11","1","5080","NOS1AP"
"HP","Anisospondyly","HP:0002879","1","0","4","11","1","5080","HSPG2"
"HP","Abnormal blood ion concentration","HP:0003111","1","0","385","11","1","5080","NOS1AP"
"HP","Respiratory failure","HP:0002878","1","0","258","11","1","5080","CRYAB"
"HP","Abnormal EKG","HP:0003115","1","0","141","11","2","5080","NOS1AP,PKP2"
"HP","Limb joint contracture","HP:0003121","1","0","468","11","2","5080","PRDM16,HSPG2"
"HP","Gowers sign","HP:0003391","1","0","82","11","1","5080","MYPN"
"HP","Easy fatigability","HP:0003388","1","0","90","11","1","5080","MYPN"
"HP","Abnormal femoral neck morphology","HP:0003367","1","0","159","11","1","5080","HSPG2"
"HP","Abnormal femoral neck/head morphology","HP:0003366","1","0","201","11","1","5080","HSPG2"
"HP","Abnormal enchondral ossification","HP:0003336","1","0","150","11","1","5080","HSPG2"
"HP","Abnormal bone structure","HP:0003330","1","0","839","11","2","5080","HSPG2,GNRHR"
"HP","Axial muscle weakness","HP:0003327","1","0","50","11","1","5080","CRYAB"
"HP","Myalgia","HP:0003326","1","0","184","11","1","5080","HSPG2"
"HP","Limb-girdle muscle weakness","HP:0003325","1","0","97","11","2","5080","LDB3,CRYAB"
"HP","Generalized muscle weakness","HP:0003324","1","0","132","11","1","5080","LDB3"
"HP","Progressive muscle weakness","HP:0003323","1","0","81","11","2","5080","LDB3,CRYAB"
"HP","Abnormality of the cervical spine","HP:0003319","1","0","441","11","2","5080","HSPG2,MYO18B"
"HP","Abnormal form of the vertebral bodies","HP:0003312","1","0","348","11","1","5080","HSPG2"
"HP","Hyperlordosis","HP:0003307","1","0","220","11","2","5080","HSPG2,MYPN"
"HP","Spinal rigidity","HP:0003306","1","0","60","11","2","5080","HSPG2,MYPN"
"HP","Hip contracture","HP:0003273","1","0","63","11","1","5080","HSPG2"
"HP","Abnormal hip bone morphology","HP:0003272","1","0","575","11","4","5080","PRDM16,HSPG2,MECOM,MYO18B"
"HP","Visceromegaly","HP:0003271","1","0","763","11","2","5080","MECOM,MYPN"
"HP","External genital hypoplasia","HP:0003241","1","0","534","11","3","5080","PRDM16,HSPG2,GNRHR"
"HP","Elevated circulating creatine kinase concentration","HP:0003236","1","0","304","11","4","5080","HSPG2,MYPN,LDB3,CRYAB"
"HP","Skeletal muscle atrophy","HP:0003202","1","0","576","11","3","5080","HSPG2,MYPN,LDB3"
"HP","Breast hypoplasia","HP:0003187","1","0","46","11","1","5080","GNRHR"
"HP","Protrusio acetabuli","HP:0003179","1","0","13","11","1","5080","HSPG2"
"HP","Squared iliac bones","HP:0003177","1","0","13","11","1","5080","HSPG2"
"HP","Hypoplastic ischia","HP:0003175","1","0","16","11","1","5080","HSPG2"
"HP","Abnormal ischium morphology","HP:0003174","1","0","26","11","1","5080","HSPG2"
"HP","Hypoplastic pubic bone","HP:0003173","1","0","20","11","1","5080","HSPG2"
"HP","Abnormal pubic bone morphology","HP:0003172","1","0","45","11","1","5080","HSPG2"
"HP","Abnormal acetabulum morphology","HP:0003170","1","0","92","11","2","5080","HSPG2,MYO18B"
"HP","Abnormal circulating hormone concentration","HP:0003117","1","0","505","11","1","5080","GNRHR"
"HP","Abnormal synaptic transmission at the neuromuscular junction","HP:0003398","1","0","121","11","2","5080","MYPN,LDB3"
"HP","Abnormal ilium morphology","HP:0002867","1","0","104","11","1","5080","HSPG2"
"HP","Hip dislocation","HP:0002827","1","0","262","11","1","5080","HSPG2"
"HP","Abnormal cerebral cortex morphology","HP:0002538","1","0","704","11","2","5080","PRDM16,HSPG2"
"HP","Areflexia of lower limbs","HP:0002522","1","0","92","11","1","5080","CRYAB"
"HP","Waddling gait","HP:0002515","1","0","129","11","2","5080","HSPG2,MYPN"
"HP","Loss of ambulation","HP:0002505","1","0","142","11","1","5080","LDB3"
"HP","Abnormal cerebral white matter morphology","HP:0002500","1","0","1124","11","2","5080","PRDM16,HSPG2"
"HP","Upper motor neuron dysfunction","HP:0002493","1","0","1214","11","2","5080","PRDM16,HSPG2"
"HP","Myotonia","HP:0002486","1","0","34","11","1","5080","HSPG2"
"HP","Bulbar signs","HP:0002483","1","0","39","11","1","5080","MYPN"
"HP","Poor speech","HP:0002465","1","0","195","11","2","5080","PRDM16,HSPG2"
"HP","Language impairment","HP:0002463","1","0","1185","11","3","5080","PRDM16,HSPG2,CACNA2D2"
"HP","Distal muscle weakness","HP:0002460","1","0","236","11","2","5080","LDB3,CRYAB"
"HP","Poor head control","HP:0002421","1","0","236","11","1","5080","MYPN"
"HP","Fasciculations","HP:0002380","1","0","134","11","1","5080","CRYAB"
"HP","Frequent falls","HP:0002359","1","0","139","11","1","5080","MYPN"
"HP","EEG abnormality","HP:0002353","1","0","541","11","2","5080","PRDM16,HSPG2"
"HP","Abnormal cerebellar vermis morphology","HP:0002334","1","0","378","11","1","5080","CACNA2D2"
"HP","Clumsiness","HP:0002312","1","0","86","11","1","5080","MYPN"
"HP","Incoordination","HP:0002311","1","0","284","11","1","5080","MYPN"
"HP","Poor motor coordination","HP:0002275","1","0","82","11","1","5080","MYPN"
"HP","Abnormality of the autonomic nervous system","HP:0002270","1","0","300","11","1","5080","NOS1AP"
"HP","Abnormal intestine morphology","HP:0002242","1","0","757","11","2","5080","PRDM16,HSPG2"
"HP","Hepatomegaly","HP:0002240","1","0","659","11","2","5080","MECOM,MYPN"
"HP","Sparse body hair","HP:0002231","1","0","62","11","1","5080","GNRHR"
"HP","Generalized hirsutism","HP:0002230","1","0","89","11","2","5080","PRDM16,HSPG2"
"HP","Sparse pubic hair","HP:0002225","1","0","50","11","1","5080","GNRHR"
"HP","Sparse axillary hair","HP:0002215","1","0","44","11","1","5080","GNRHR"
"HP","Recurrent respiratory infections","HP:0002205","1","0","668","11","1","5080","MYPN"
"HP","Abnormal speech pattern","HP:0002167","1","0","1718","11","3","5080","PRDM16,HSPG2,CACNA2D2"
"HP","Low posterior hairline","HP:0002162","1","0","119","11","1","5080","MYO18B"
"HP","Inability to walk","HP:0002540","1","0","386","11","2","5080","CACNA2D2,LDB3"
"HP","Genu valgum","HP:0002857","1","0","166","11","1","5080","HSPG2"
"HP","Abnormal stomach morphology","HP:0002577","1","0","275","11","2","5080","PRDM16,HSPG2"
"HP","Abnormality of the vasculature","HP:0002597","1","0","2003","11","5","5080","PRDM16,HSPG2,MECOM,MYPN,PKP2"
"HP","Abnormal femur morphology","HP:0002823","1","0","304","11","1","5080","HSPG2"
"HP","Abnormal morphology of the radius","HP:0002818","1","0","213","11","1","5080","MECOM"
"HP","Abnormality of the upper limb","HP:0002817","1","0","1748","11","6","5080","PRDM16,HSPG2,MECOM,MYPN,LDB3,CRYAB"
"HP","Abnormality of the knee","HP:0002815","1","0","429","11","1","5080","HSPG2"
"HP","Abnormality of the lower limb","HP:0002814","1","0","1872","11","6","5080","PRDM16,HSPG2,MYPN,LDB3,CRYAB,MYO18B"
"HP","Abnormal limb bone morphology","HP:0002813","1","0","1754","11","3","5080","PRDM16,HSPG2,MECOM"
"HP","Coxa vara","HP:0002812","1","0","68","11","1","5080","HSPG2"
"HP","Kyphosis","HP:0002808","1","0","471","11","2","5080","PRDM16,HSPG2"
"HP","Arthrogryposis multiplex congenita","HP:0002804","1","0","128","11","2","5080","HSPG2,MYPN"
"HP","Congenital contracture","HP:0002803","1","0","165","11","2","5080","HSPG2,MYPN"
"HP","Abnormal respiratory system physiology","HP:0002795","1","0","2149","11","6","5080","PRDM16,HSPG2,MYPN,LDB3,CRYAB,PKP2"
"HP","Abnormal pattern of respiration","HP:0002793","1","0","767","11","6","5080","PRDM16,HSPG2,MYPN,LDB3,CRYAB,PKP2"
"HP","Reduced vital capacity","HP:0002792","1","0","29","11","1","5080","MYPN"
"HP","Hypoventilation","HP:0002791","1","0","52","11","1","5080","MYPN"
"HP","Generalized joint hypermobility","HP:0002761","1","0","48","11","1","5080","GNRHR"
"HP","Kyphoscoliosis","HP:0002751","1","0","196","11","1","5080","HSPG2"
"HP","Delayed skeletal maturation","HP:0002750","1","0","352","11","2","5080","HSPG2,GNRHR"
"HP","Respiratory insufficiency due to muscle weakness","HP:0002747","1","0","99","11","2","5080","MYPN,CRYAB"
"HP","Recurrent infections","HP:0002719","1","0","1019","11","1","5080","MYPN"
"HP","Abnormality of the immune system","HP:0002715","1","0","2129","11","5","5080","PRDM16,HSPG2,MECOM,MYPN,CRYAB"
"HP","Abnormal calvaria morphology","HP:0002683","1","0","989","11","2","5080","PRDM16,HSPG2"
"HP","Coxa valga","HP:0002673","1","0","91","11","1","5080","HSPG2"
"HP","Neoplasm","HP:0002664","1","0","964","11","2","5080","PRDM16,HSPG2"
"HP","Skeletal dysplasia","HP:0002652","1","0","186","11","1","5080","HSPG2"
"HP","Scoliosis","HP:0002650","1","0","1123","11","4","5080","PRDM16,HSPG2,MYPN,MYO18B"
"HP","Wormian bones","HP:0002645","1","0","61","11","1","5080","HSPG2"
"HP","Abnormal pelvic girdle bone morphology","HP:0002644","1","0","636","11","4","5080","PRDM16,HSPG2,MECOM,MYO18B"
"HP","Aortic root aneurysm","HP:0002616","1","0","71","11","1","5080","MYPN"
"HP","Hyporeflexia of lower limbs","HP:0002600","1","0","39","11","2","5080","LDB3,CRYAB"
"HP","Polyphagia","HP:0002591","1","0","77","11","2","5080","PRDM16,HSPG2"
"HP","Spinal canal stenosis","HP:0003416","1","0","47","11","2","5080","PRDM16,HSPG2"
"HP","Coronal cleft vertebrae","HP:0003417","1","0","18","11","1","5080","HSPG2"
"HP","Vertebral segmentation defect","HP:0003422","1","0","161","11","1","5080","MYO18B"
"HP","Miscarriage","HP:0005268","1","0","34","11","1","5080","HSPG2"
"HP","Thoracic hypoplasia","HP:0005257","1","0","153","11","2","5080","HSPG2,MYPN"
"HP","Prolonged QTc interval","HP:0005184","1","0","33","11","1","5080","NOS1AP"
"HP","Tricuspid regurgitation","HP:0005180","1","0","77","11","1","5080","MYPN"
"HP","Abnormal atrioventricular conduction","HP:0005150","1","0","96","11","2","5080","MYPN,PKP2"
"HP","Ventricular septal hypertrophy","HP:0005144","1","0","13","11","1","5080","MYPN"
"HP","Abnormal T-wave","HP:0005135","1","0","37","11","1","5080","NOS1AP"
"HP","Abnormal cardiac atrium morphology","HP:0005120","1","0","616","11","1","5080","MYPN"
"HP","Supraventricular arrhythmia","HP:0005115","1","0","133","11","2","5080","MYPN,PKP2"
"HP","Aortic arch aneurysm","HP:0005113","1","0","42","11","2","5080","PRDM16,HSPG2"
"HP","Atrial fibrillation","HP:0005110","1","0","84","11","1","5080","MYPN"
"HP","Abnormal nasal morphology","HP:0005105","1","0","1509","11","4","5080","PRDM16,HSPG2,GNRHR,MYO18B"
"HP","Aortic aneurysm","HP:0004942","1","0","170","11","3","5080","PRDM16,HSPG2,MYPN"
"HP","Elevated pulmonary artery pressure","HP:0004890","1","0","162","11","1","5080","HSPG2"
"HP","Amegakaryocytic thrombocytopenia","HP:0004859","1","0","6","11","1","5080","MECOM"
"HP","Ventricular tachycardia","HP:0004756","1","0","69","11","2","5080","CRYAB,PKP2"
"HP","Supraventricular tachycardia","HP:0004755","1","0","58","11","1","5080","PKP2"
"HP","Paroxysmal ventricular tachycardia","HP:0004751","1","0","27","11","1","5080","PKP2"
"HP","Thickened glomerular basement membrane","HP:0004722","1","0","12","11","1","5080","NOS1AP"
"HP","Decreased facial expression","HP:0004673","1","0","150","11","1","5080","HSPG2"
"HP","Cervical C2/C3 vertebral fusion","HP:0004602","1","0","13","11","1","5080","MYO18B"
"HP","Abnormal cheek morphology","HP:0004426","1","0","281","11","1","5080","HSPG2"
"HP","Abnormality of the sense of smell","HP:0004408","1","0","127","11","1","5080","GNRHR"
"HP","Abnormal nipple morphology","HP:0004404","1","0","257","11","1","5080","GNRHR"
"HP","Abnormality of the pylorus","HP:0004400","1","0","111","11","2","5080","PRDM16,HSPG2"
"HP","Abnormality of the anus","HP:0004378","1","0","244","11","2","5080","PRDM16,HSPG2"
"HP","Neuroblastic tumor","HP:0004376","1","0","61","11","2","5080","PRDM16,HSPG2"
"HP","Neoplasm of the nervous system","HP:0004375","1","0","195","11","2","5080","PRDM16,HSPG2"
"HP","Hemiplegia/hemiparesis","HP:0004374","1","0","228","11","2","5080","PRDM16,HSPG2"
"HP","Depressed nasal bridge","HP:0005280","1","0","620","11","3","5080","PRDM16,HSPG2,GNRHR"
"HP","Focal dystonia","HP:0004373","1","0","139","11","1","5080","HSPG2"
"HP","Abnormal facial expression","HP:0005346","1","0","183","11","1","5080","HSPG2"
"HP","Positional foot deformity","HP:0005656","1","0","474","11","2","5080","HSPG2,MYPN"
"HP","Aplasia/Hypoplasia of the lungs","HP:0006703","1","0","162","11","1","5080","HSPG2"
"HP","Dilatation of the ventricular cavity","HP:0006698","1","0","11","11","1","5080","PKP2"
"HP","Endocardial fibrosis","HP:0006685","1","0","6","11","1","5080","LDB3"
"HP","Premature ventricular contraction","HP:0006682","1","0","29","11","1","5080","PKP2"
"HP","Prolonged QRS complex","HP:0006677","1","0","6","11","1","5080","PKP2"
"HP","Reduced systolic function","HP:0006673","1","0","23","11","1","5080","MYPN"
"HP","Wide intermamillary distance","HP:0006610","1","0","124","11","1","5080","GNRHR"
"HP","Lipid accumulation in hepatocytes","HP:0006561","1","0","182","11","2","5080","PRDM16,HSPG2"
"HP","Abnormal limb epiphysis morphology","HP:0006505","1","0","137","11","1","5080","HSPG2"
"HP","Abnormal lower limb epiphysis morphology","HP:0006500","1","0","94","11","1","5080","HSPG2"
"HP","Abnormal femoral epiphysis morphology","HP:0006499","1","0","86","11","1","5080","HSPG2"
"HP","Aplasia/hypoplasia involving bones of the upper limbs","HP:0006496","1","0","571","11","1","5080","MECOM"
"HP","Aplasia/Hypoplasia involving bones of the feet","HP:0006494","1","0","295","11","2","5080","PRDM16,HSPG2"
"HP","Aplasia/hypoplasia involving bones of the lower limbs","HP:0006493","1","0","392","11","2","5080","PRDM16,HSPG2"
"HP","Bowing of the long bones","HP:0006487","1","0","308","11","1","5080","HSPG2"
"HP","Abnormal number of teeth","HP:0006483","1","0","402","11","1","5080","HSPG2"
"HP","Anterior bowing of long bones","HP:0006473","1","0","1","11","1","5080","HSPG2"
"HP","Limited pronation/supination of forearm","HP:0006394","1","0","11","11","1","5080","MECOM"
"HP","Aplasia/Hypoplasia of fingers","HP:0006265","1","0","370","11","1","5080","MECOM"
"HP","Abnormal phalangeal joint morphology of the hand","HP:0006261","1","0","229","11","2","5080","PRDM16,HSPG2"
"HP","Finger syndactyly","HP:0006101","1","0","205","11","1","5080","MECOM"
"HP","Abnormal epiphysis morphology","HP:0005930","1","0","276","11","1","5080","HSPG2"
"HP","Aplasia/hypoplasia involving bones of the hand","HP:0005927","1","0","535","11","1","5080","MECOM"
"HP","Abnormal hand morphology","HP:0005922","1","0","1070","11","3","5080","PRDM16,HSPG2,MECOM"
"HP","Abnormal finger phalanx morphology","HP:0005918","1","0","679","11","3","5080","PRDM16,HSPG2,MECOM"
"HP","Abnormal cervical curvature","HP:0005905","1","0","12","11","1","5080","HSPG2"
"HP","Flexion contracture of toe","HP:0005830","1","0","33","11","1","5080","HSPG2"
"HP","Short middle phalanx of finger","HP:0005819","1","0","54","11","1","5080","MECOM"
"HP","Lower-limb joint contracture","HP:0005750","1","0","228","11","1","5080","HSPG2"
"HP","Broad long bones","HP:0005622","1","0","154","11","1","5080","HSPG2"
"HP","Abnormality of temperature regulation","HP:0004370","1","0","557","11","1","5080","HSPG2"
"HP","Reduced bone mineral density","HP:0004349","1","0","579","11","2","5080","HSPG2,GNRHR"
"HP","Abnormality of bone mineral density","HP:0004348","1","0","652","11","2","5080","HSPG2,GNRHR"
"HP","Pace of progression","HP:0003679","1","0","446","11","2","5080","MYPN,CRYAB"
"HP","Rapidly progressive","HP:0003678","1","0","37","11","1","5080","CRYAB"
"HP","Slowly progressive","HP:0003677","1","0","158","11","2","5080","MYPN,CRYAB"
"HP","Progressive","HP:0003676","1","0","426","11","2","5080","MYPN,CRYAB"
"HP","Onset","HP:0003674","1","0","3403","11","9","5080","PRDM16,HSPG2,NOS1AP,CACNA2D2,GNRHR,MYPN,LDB3,CRYAB,PKP2"
"HP","Neonatal onset","HP:0003623","1","0","513","11","3","5080","NOS1AP,CACNA2D2,CRYAB"
"HP","Juvenile onset","HP:0003621","1","0","703","11","3","5080","PRDM16,GNRHR,MYPN"
"HP","Middle age onset","HP:0003596","1","0","254","11","2","5080","MYPN,CRYAB"
"HP","Infantile onset","HP:0003593","1","0","1393","11","4","5080","HSPG2,NOS1AP,CACNA2D2,CRYAB"
"HP","Late onset","HP:0003584","1","0","136","11","2","5080","MYPN,LDB3"
"HP","Adult onset","HP:0003581","1","0","911","11","5","5080","PRDM16,MYPN,LDB3,CRYAB,PKP2"
"HP","Congenital onset","HP:0003577","1","0","1110","11","2","5080","HSPG2,CRYAB"
"HP","Muscular dystrophy","HP:0003560","1","0","80","11","1","5080","CRYAB"
"HP","Increased variability in muscle fiber diameter","HP:0003557","1","0","114","11","2","5080","MYPN,CRYAB"
"HP","Muscle fiber splitting","HP:0003555","1","0","23","11","2","5080","LDB3,CRYAB"
"HP","Difficulty climbing stairs","HP:0003551","1","0","68","11","1","5080","MYPN"
"HP","Abnormality of connective tissue","HP:0003549","1","0","1557","11","7","5080","PRDM16,HSPG2,GNRHR,MYPN,LDB3,CRYAB,MYO18B"
"HP","Shoulder girdle muscle weakness","HP:0003547","1","0","53","11","1","5080","CRYAB"
"HP","Exercise intolerance","HP:0003546","1","0","147","11","1","5080","MYPN"
"HP","Severe short stature","HP:0003510","1","0","108","11","1","5080","HSPG2"
"HP","Proportionate short stature","HP:0003508","1","0","152","11","1","5080","HSPG2"
"HP","Disproportionate short stature","HP:0003498","1","0","138","11","1","5080","HSPG2"
"HP","Antinuclear antibody positivity","HP:0003493","1","0","74","11","1","5080","CRYAB"
"HP","Upper limb muscle weakness","HP:0003484","1","0","149","11","1","5080","LDB3"
"HP","Fatigable weakness","HP:0003473","1","0","120","11","2","5080","MYPN,LDB3"
"HP","Abnormal vertebral morphology","HP:0003468","1","0","485","11","2","5080","HSPG2,MYO18B"
"HP","EMG: myopathic abnormalities","HP:0003458","1","0","133","11","3","5080","MYPN,LDB3,CRYAB"
"HP","EMG: neuropathic changes","HP:0003445","1","0","52","11","1","5080","LDB3"
"HP","Absent Achilles reflex","HP:0003438","1","0","46","11","1","5080","CRYAB"
"HP","Limb muscle weakness","HP:0003690","1","0","357","11","4","5080","HSPG2,MYPN,LDB3,CRYAB"
"HP","Scapular winging","HP:0003691","1","0","100","11","1","5080","MYPN"
"HP","Distal amyotrophy","HP:0003693","1","0","228","11","1","5080","LDB3"
"HP","Late-onset proximal muscle weakness","HP:0003694","1","0","8","11","1","5080","CRYAB"
"HP","Weakness of muscles of respiration","HP:0004347","1","0","112","11","2","5080","MYPN,CRYAB"
"HP","Abnormal posterior eye segment morphology","HP:0004329","1","0","1408","11","3","5080","PRDM16,HSPG2,CRYAB"
"HP","Abnormal anterior eye segment morphology","HP:0004328","1","0","1322","11","3","5080","PRDM16,HSPG2,CRYAB"
"HP","Cachexia","HP:0004326","1","0","98","11","1","5080","HSPG2"
"HP","Decreased body weight","HP:0004325","1","0","1588","11","4","5080","PRDM16,HSPG2,GNRHR,MYPN"
"HP","Increased body weight","HP:0004324","1","0","413","11","2","5080","PRDM16,HSPG2"
"HP","Abnormality of body weight","HP:0004323","1","0","1825","11","4","5080","PRDM16,HSPG2,GNRHR,MYPN"
"HP","Short stature","HP:0004322","1","0","1399","11","3","5080","PRDM16,HSPG2,MYO18B"
"HP","Ventricular arrhythmia","HP:0004308","1","0","129","11","3","5080","NOS1AP,LDB3,PKP2"
"HP","Abnormal endocardium morphology","HP:0004306","1","0","63","11","1","5080","LDB3"
"HP","Involuntary movements","HP:0004305","1","0","1067","11","2","5080","CACNA2D2,CRYAB"
"HP","Abnormal muscle fiber morphology","HP:0004303","1","0","273","11","4","5080","MYPN,LDB3,CRYAB,MYO18B"
"HP","Functional motor deficit","HP:0004302","1","0","322","11","1","5080","MYPN"
"HP","Hernia of the abdominal wall","HP:0004299","1","0","512","11","1","5080","HSPG2"
"HP","Cerebral cortical atrophy","HP:0002120","1","0","339","11","2","5080","PRDM16,HSPG2"
"HP","Abnormality of the abdominal wall","HP:0004298","1","0","553","11","1","5080","HSPG2"
"HP","Abnormal 5th finger morphology","HP:0004207","1","0","508","11","3","5080","PRDM16,HSPG2,MECOM"
"HP","Abnormal 4th finger morphology","HP:0004188","1","0","21","11","1","5080","MECOM"
"HP","Deviation of finger","HP:0004097","1","0","536","11","3","5080","PRDM16,HSPG2,MECOM"
"HP","Neonatal death","HP:0003811","1","0","93","11","1","5080","HSPG2"
"HP","Abnormal muscle tone","HP:0003808","1","0","2193","11","6","5080","PRDM16,HSPG2,CACNA2D2,MYPN,CRYAB,MYO18B"
"HP","Type 1 muscle fiber predominance","HP:0003803","1","0","65","11","1","5080","MYPN"
"HP","Eunuchoid habitus","HP:0003782","1","0","22","11","1","5080","GNRHR"
"HP","Stage 5 chronic kidney disease","HP:0003774","1","0","138","11","1","5080","NOS1AP"
"HP","Pelvic girdle muscle weakness","HP:0003749","1","0","47","11","1","5080","CRYAB"
"HP","Quadriceps muscle weakness","HP:0003731","1","0","23","11","2","5080","HSPG2,CRYAB"
"HP","Myofibrillar myopathy","HP:0003715","1","0","10","11","1","5080","LDB3"
"HP","Skeletal muscle hypertrophy","HP:0003712","1","0","219","11","1","5080","HSPG2"
"HP","Proximal muscle weakness","HP:0003701","1","0","262","11","4","5080","HSPG2,MYPN,LDB3,CRYAB"
"HP","Generalized amyotrophy","HP:0003700","1","0","89","11","1","5080","MYPN"
"HP","Clinodactyly of the 5th finger","HP:0004209","1","0","420","11","3","5080","PRDM16,HSPG2,MECOM"
"HP","Ventriculomegaly","HP:0002119","1","0","771","11","2","5080","PRDM16,HSPG2"
"HP","Abnormal cerebral ventricle morphology","HP:0002118","1","0","981","11","2","5080","PRDM16,HSPG2"
"HP","Apnea","HP:0002104","1","0","236","11","2","5080","HSPG2,CRYAB"
"HP","Syndactyly","HP:0001159","1","0","416","11","1","5080","MECOM"
"HP","Brachydactyly","HP:0001156","1","0","392","11","2","5080","PRDM16,HSPG2"
"HP","Abnormality of the hand","HP:0001155","1","0","1595","11","4","5080","PRDM16,HSPG2,MECOM,LDB3"
"HP","Lenticonus","HP:0001142","1","0","10","11","1","5080","CRYAB"
"HP","Abnormality of corneal size","HP:0001120","1","0","184","11","1","5080","HSPG2"
"HP","Posterior polar cataract","HP:0001115","1","0","8","11","1","5080","CRYAB"
"HP","Ocular albinism","HP:0001107","1","0","29","11","2","5080","PRDM16,HSPG2"
"HP","Abnormal fundus morphology","HP:0001098","1","0","1403","11","3","5080","PRDM16,HSPG2,CRYAB"
"HP","Ectopia lentis","HP:0001083","1","0","46","11","1","5080","HSPG2"
"HP","Thickened skin","HP:0001072","1","0","426","11","1","5080","CRYAB"
"HP","Pterygium","HP:0001059","1","0","49","11","1","5080","HSPG2"
"HP","Telangiectasia","HP:0001009","1","0","160","11","2","5080","PRDM16,HSPG2"
"HP","Hirsutism","HP:0001007","1","0","215","11","2","5080","PRDM16,HSPG2"
"HP","Abnormality of the skin","HP:0000951","1","0","2128","11","3","5080","PRDM16,HSPG2,CRYAB"
"HP","Hypoplastic ilia","HP:0000946","1","0","54","11","1","5080","HSPG2"
"HP","Abnormal metaphysis morphology","HP:0000944","1","0","233","11","1","5080","HSPG2"
"HP","Abnormal diaphysis morphology","HP:0000940","1","0","337","11","1","5080","HSPG2"
"HP","Osteoporosis","HP:0000939","1","0","321","11","2","5080","HSPG2,GNRHR"
"HP","Osteopenia","HP:0000938","1","0","322","11","1","5080","GNRHR"
"HP","Abnormal skull morphology","HP:0000929","1","0","2435","11","4","5080","PRDM16,HSPG2,MYPN,MYO18B"
"HP","Abnormality of skeletal maturation","HP:0000927","1","0","405","11","2","5080","HSPG2,GNRHR"
"HP","Platyspondyly","HP:0000926","1","0","126","11","1","5080","HSPG2"
"HP","Abnormality of the vertebral column","HP:0000925","1","0","1562","11","4","5080","PRDM16,HSPG2,MYPN,MYO18B"
"HP","Abnormality of the skeletal system","HP:0000924","1","0","3255","11","6","5080","PRDM16,HSPG2,MECOM,GNRHR,MYPN,MYO18B"
"HP","Missing ribs","HP:0000921","1","0","69","11","2","5080","PRDM16,HSPG2"
"HP","Sprengel anomaly","HP:0000912","1","0","54","11","1","5080","HSPG2"
"HP","Rib fusion","HP:0000902","1","0","47","11","2","5080","PRDM16,HSPG2"
"HP","11 pairs of ribs","HP:0000878","1","0","49","11","2","5080","PRDM16,HSPG2"
"HP","Secondary amenorrhea","HP:0000869","1","0","72","11","1","5080","GNRHR"
"HP","Abnormal finger morphology","HP:0001167","1","0","1229","11","3","5080","PRDM16,HSPG2,MECOM"
"HP","Delayed puberty","HP:0000823","1","0","208","11","1","5080","GNRHR"
"HP","Abnormalities of placenta or umbilical cord","HP:0001194","1","0","115","11","1","5080","HSPG2"
"HP","Abnormality of prenatal development or birth","HP:0001197","1","0","1037","11","4","5080","HSPG2,NOS1AP,MECOM,MYPN"
"HP","Muscle weakness","HP:0001324","1","0","1052","11","4","5080","HSPG2,MYPN,LDB3,CRYAB"
"HP","Abnormal cerebellum morphology","HP:0001317","1","0","1034","11","1","5080","CACNA2D2"
"HP","Reduced tendon reflexes","HP:0001315","1","0","608","11","4","5080","HSPG2,MYPN,LDB3,CRYAB"
"HP","Abnormal nervous system electrophysiology","HP:0001311","1","0","718","11","2","5080","PRDM16,HSPG2"
"HP","Dysmetria","HP:0001310","1","0","181","11","1","5080","CACNA2D2"
"HP","Encephalopathy","HP:0001298","1","0","337","11","1","5080","CACNA2D2"
"HP","Stroke","HP:0001297","1","0","181","11","1","5080","MYPN"
"HP","Generalized hypotonia","HP:0001290","1","0","665","11","3","5080","CACNA2D2,MYPN,MYO18B"
"HP","Gait disturbance","HP:0001288","1","0","1243","11","6","5080","PRDM16,HSPG2,CACNA2D2,MYPN,LDB3,CRYAB"
"HP","Areflexia","HP:0001284","1","0","312","11","2","5080","MYPN,CRYAB"
"HP","Syncope","HP:0001279","1","0","120","11","3","5080","NOS1AP,MYPN,PKP2"
"HP","Hypertonia","HP:0001276","1","0","1142","11","2","5080","HSPG2,CRYAB"
"HP","Agenesis of corpus callosum","HP:0001274","1","0","361","11","2","5080","PRDM16,HSPG2"
"HP","Abnormal corpus callosum morphology","HP:0001273","1","0","943","11","2","5080","PRDM16,HSPG2"
"HP","Cerebellar atrophy","HP:0001272","1","0","460","11","1","5080","CACNA2D2"
"HP","Polyneuropathy","HP:0001271","1","0","64","11","1","5080","LDB3"
"HP","Motor delay","HP:0001270","1","0","1041","11","2","5080","MYPN,MYO18B"
"HP","Hyporeflexia","HP:0001265","1","0","404","11","4","5080","HSPG2,MYPN,LDB3,CRYAB"
"HP","Global developmental delay","HP:0001263","1","0","1974","11","3","5080","PRDM16,HSPG2,CACNA2D2"
"HP","Dysarthria","HP:0001260","1","0","607","11","1","5080","CACNA2D2"
"HP","Intellectual disability, mild","HP:0001256","1","0","368","11","1","5080","MECOM"
"HP","Hypotonia","HP:0001252","1","0","1859","11","5","5080","PRDM16,HSPG2,CACNA2D2,MYPN,MYO18B"
"HP","Ataxia","HP:0001251","1","0","1062","11","1","5080","CACNA2D2"
"HP","Seizure","HP:0001250","1","0","2017","11","4","5080","PRDM16,HSPG2,NOS1AP,CACNA2D2"
"HP","Intellectual disability","HP:0001249","1","0","2002","11","3","5080","PRDM16,HSPG2,MECOM"
"HP","Wrist flexion contracture","HP:0001239","1","0","40","11","1","5080","HSPG2"
"HP","Interphalangeal joint contracture of finger","HP:0001220","1","0","219","11","2","5080","PRDM16,HSPG2"
"HP","Clubbing","HP:0001217","1","0","151","11","1","5080","HSPG2"
"HP","Abnormal fingertip morphology","HP:0001211","1","0","91","11","1","5080","HSPG2"
"HP","Single umbilical artery","HP:0001195","1","0","46","11","1","5080","HSPG2"
"HP","Hypothyroidism","HP:0000821","1","0","391","11","2","5080","PRDM16,HSPG2"
"HP","Abnormality of the thyroid gland","HP:0000820","1","0","522","11","2","5080","PRDM16,HSPG2"
"HP","Abnormality of the endocrine system","HP:0000818","1","0","1434","11","3","5080","PRDM16,HSPG2,GNRHR"
"HP","Dental malocclusion","HP:0000689","1","0","158","11","1","5080","HSPG2"
"HP","Optic atrophy","HP:0000648","1","0","610","11","2","5080","PRDM16,HSPG2"
"HP","Blepharospasm","HP:0000643","1","0","40","11","1","5080","HSPG2"
"HP","Nystagmus","HP:0000639","1","0","1101","11","3","5080","PRDM16,HSPG2,CACNA2D2"
"HP","Abnormality of the pharynx","HP:0000600","1","0","233","11","1","5080","HSPG2"
"HP","Abnormality of the frontal hairline","HP:0000599","1","0","218","11","1","5080","HSPG2"
"HP","Abnormality of the ear","HP:0000598","1","0","2450","11","9","5080","PRDM16,HSPG2,NOS1AP,MECOM,GNRHR,MYPN,LDB3,CRYAB,MYO18B"
"HP","Abnormal optic nerve morphology","HP:0000587","1","0","898","11","2","5080","PRDM16,HSPG2"
"HP","Blepharophimosis","HP:0000581","1","0","131","11","1","5080","HSPG2"
"HP","Retinal dystrophy","HP:0000556","1","0","362","11","1","5080","CRYAB"
"HP","Abnormal uvea morphology","HP:0000553","1","0","606","11","2","5080","PRDM16,HSPG2"
"HP","Abnormal conjugate eye movement","HP:0000549","1","0","1209","11","3","5080","PRDM16,HSPG2,CACNA2D2"
"HP","Myopia","HP:0000545","1","0","449","11","2","5080","HSPG2,CRYAB"
"HP","Hypermetropia","HP:0000540","1","0","304","11","2","5080","PRDM16,HSPG2"
"HP","Abnormality of refraction","HP:0000539","1","0","720","11","3","5080","PRDM16,HSPG2,CRYAB"
"HP","Abnormal eyebrow morphology","HP:0000534","1","0","680","11","2","5080","PRDM16,HSPG2"
"HP","Long eyelashes","HP:0000527","1","0","133","11","1","5080","HSPG2"
"HP","Abnormality iris morphology","HP:0000525","1","0","466","11","2","5080","PRDM16,HSPG2"
"HP","Proptosis","HP:0000520","1","0","283","11","1","5080","HSPG2"
"HP","Developmental cataract","HP:0000519","1","0","142","11","2","5080","HSPG2,CRYAB"
"HP","Cataract","HP:0000518","1","0","818","11","3","5080","PRDM16,HSPG2,CRYAB"
"HP","Abnormal lens morphology","HP:0000517","1","0","834","11","3","5080","PRDM16,HSPG2,CRYAB"
"HP","Ptosis","HP:0000508","1","0","760","11","3","5080","HSPG2,MYPN,MYO18B"
"HP","Visual impairment","HP:0000505","1","0","1154","11","2","5080","PRDM16,HSPG2"
"HP","Abnormality of vision","HP:0000504","1","0","1357","11","2","5080","PRDM16,HSPG2"
"HP","Abnormal eyelash morphology","HP:0000499","1","0","288","11","1","5080","HSPG2"
"HP","Abnormality of eye movement","HP:0000496","1","0","1831","11","3","5080","PRDM16,HSPG2,CACNA2D2"
"HP","Abnormal eyelid morphology","HP:0000492","1","0","1395","11","2","5080","PRDM16,HSPG2"
"HP","Deeply set eye","HP:0000490","1","0","269","11","2","5080","PRDM16,HSPG2"
"HP","Tooth malposition","HP:0000692","1","0","426","11","1","5080","HSPG2"
"HP","Abnormality of the nervous system","HP:0000707","1","0","4024","11","10","5080","PRDM16,HSPG2,NOS1AP,CACNA2D2,MECOM,GNRHR,MYPN,LDB3,CRYAB,MYO18B"
"HP","Atypical behavior","HP:0000708","1","0","1625","11","2","5080","PRDM16,HSPG2"
"HP","Depression","HP:0000716","1","0","431","11","1","5080","GNRHR"
"HP","Reduced eye contact","HP:0000817","1","0","112","11","1","5080","CACNA2D2"
"HP","Abnormal internal genitalia","HP:0000812","1","0","549","11","1","5080","GNRHR"
"HP","Abnormal external genitalia morphology","HP:0000811","1","0","1148","11","4","5080","PRDM16,HSPG2,MECOM,GNRHR"
"HP","Impotence","HP:0000802","1","0","54","11","1","5080","GNRHR"
"HP","Abnormality of the urethra","HP:0000795","1","0","466","11","2","5080","PRDM16,HSPG2"
"HP","Hematuria","HP:0000790","1","0","186","11","1","5080","NOS1AP"
"HP","Infertility","HP:0000789","1","0","315","11","1","5080","GNRHR"
"HP","Nephrolithiasis","HP:0000787","1","0","146","11","1","5080","HSPG2"
"HP","Primary amenorrhea","HP:0000786","1","0","128","11","1","5080","GNRHR"
"HP","Abnormal scapula morphology","HP:0000782","1","0","182","11","2","5080","HSPG2,MYPN"
"HP","Narrow chest","HP:0000774","1","0","133","11","2","5080","HSPG2,MYPN"
"HP","Short ribs","HP:0000773","1","0","71","11","1","5080","HSPG2"
"HP","Abnormal rib morphology","HP:0000772","1","0","335","11","2","5080","PRDM16,HSPG2"
"HP","Gynecomastia","HP:0000771","1","0","103","11","1","5080","GNRHR"
"HP","Dystonia","HP:0001332","1","0","541","11","1","5080","HSPG2"
"HP","Abnormality of the breast","HP:0000769","1","0","453","11","1","5080","GNRHR"
"HP","Pectus excavatum","HP:0000767","1","0","327","11","2","5080","HSPG2,MYPN"
"HP","Abnormal sternum morphology","HP:0000766","1","0","477","11","2","5080","HSPG2,MYPN"
"HP","Abnormal thorax morphology","HP:0000765","1","0","922","11","3","5080","PRDM16,HSPG2,MYPN"
"HP","Abnormal nonverbal communicative behavior","HP:0000758","1","0","119","11","1","5080","CACNA2D2"
"HP","Hyperactivity","HP:0000752","1","0","560","11","1","5080","HSPG2"
"HP","Delayed speech and language development","HP:0000750","1","0","1127","11","3","5080","PRDM16,HSPG2,CACNA2D2"
"HP","Abnormal diminished volition","HP:0000745","1","0","665","11","1","5080","GNRHR"
"HP","Anxiety","HP:0000739","1","0","479","11","2","5080","HSPG2,GNRHR"
"HP","Irritability","HP:0000737","1","0","276","11","1","5080","HSPG2"
"HP","Short attention span","HP:0000736","1","0","515","11","1","5080","HSPG2"
"HP","Disinhibition","HP:0000734","1","0","733","11","1","5080","HSPG2"
"HP","Motor stereotypy","HP:0000733","1","0","281","11","2","5080","PRDM16,HSPG2"
"HP","Autistic behavior","HP:0000729","1","0","628","11","2","5080","PRDM16,HSPG2"
"HP","Autism","HP:0000717","1","0","264","11","2","5080","PRDM16,HSPG2"
"HP","Pectus carinatum","HP:0000768","1","0","180","11","1","5080","HSPG2"
"HP","Abnormal atrioventricular valve morphology","HP:0006705","1","0","187","11","1","5080","MYPN"
"HP","Absent speech","HP:0001344","1","0","442","11","3","5080","PRDM16,HSPG2,CACNA2D2"
"HP","Calvarial skull defect","HP:0001362","1","0","28","11","1","5080","HSPG2"
"HP","Anemia","HP:0001903","1","0","637","11","1","5080","MECOM"
"HP","Talipes","HP:0001883","1","0","470","11","2","5080","HSPG2,MYPN"
"HP","Abnormal leukocyte morphology","HP:0001881","1","0","639","11","1","5080","MECOM"
"HP","Abnormal erythrocyte morphology","HP:0001877","1","0","700","11","1","5080","MECOM"
"HP","Neutropenia","HP:0001875","1","0","209","11","1","5080","MECOM"
"HP","Abnormality of neutrophils","HP:0001874","1","0","267","11","1","5080","MECOM"
"HP","Thrombocytopenia","HP:0001873","1","0","424","11","1","5080","MECOM"
"HP","Abnormality of thrombocytes","HP:0001872","1","0","487","11","1","5080","MECOM"
"HP","Abnormality of blood and blood-forming tissues","HP:0001871","1","0","1501","11","5","5080","PRDM16,MECOM,MYPN,LDB3,CRYAB"
"HP","Abnormal metatarsal morphology","HP:0001832","1","0","158","11","1","5080","HSPG2"
"HP","Foot polydactyly","HP:0001829","1","0","134","11","2","5080","PRDM16,HSPG2"
"HP","Weight loss","HP:0001824","1","0","393","11","1","5080","HSPG2"
"HP","Hydrops fetalis","HP:0001789","1","0","126","11","2","5080","HSPG2,MECOM"
"HP","Abnormal delivery","HP:0001787","1","0","102","11","1","5080","MYPN"
"HP","Abnormal toe morphology","HP:0001780","1","0","727","11","2","5080","PRDM16,HSPG2"
"HP","Short foot","HP:0001773","1","0","151","11","2","5080","PRDM16,HSPG2"
"HP","Pes planus","HP:0001763","1","0","369","11","2","5080","HSPG2,MYPN"
"HP","Talipes equinovarus","HP:0001762","1","0","402","11","2","5080","HSPG2,MYPN"
"HP","Pes cavus","HP:0001761","1","0","304","11","1","5080","MYPN"
"HP","Abnormal foot morphology","HP:0001760","1","0","1542","11","3","5080","PRDM16,HSPG2,MYPN"
"HP","Splenomegaly","HP:0001744","1","0","494","11","1","5080","MECOM"
"HP","Abnormality of the spleen","HP:0001743","1","0","635","11","3","5080","PRDM16,HSPG2,MECOM"
"HP","Annular pancreas","HP:0001734","1","0","26","11","2","5080","PRDM16,HSPG2"
"HP","Abnormality of the pancreas","HP:0001732","1","0","324","11","2","5080","PRDM16,HSPG2"
"HP","Ventricular hypertrophy","HP:0001714","1","0","166","11","2","5080","MYPN,LDB3"
"HP","Abnormal cardiac ventricle morphology","HP:0001713","1","0","717","11","3","5080","MYPN,LDB3,PKP2"
"HP","Left ventricular hypertrophy","HP:0001712","1","0","105","11","2","5080","MYPN,LDB3"
"HP","Abnormal left ventricle morphology","HP:0001711","1","0","130","11","2","5080","MYPN,LDB3"
"HP","Conotruncal defect","HP:0001710","1","0","265","11","2","5080","PRDM16,HSPG2"
"HP","Congenital thrombocytopenia","HP:0001905","1","0","6","11","1","5080","MECOM"
"HP","Abnormal right ventricle morphology","HP:0001707","1","0","76","11","1","5080","PKP2"
"HP","Abnormal granulocyte morphology","HP:0001911","1","0","316","11","1","5080","MECOM"
"HP","Palpitations","HP:0001962","1","0","108","11","1","5080","PKP2"
"HP","Dyspnea","HP:0002094","1","0","499","11","5","5080","PRDM16,MYPN,LDB3,CRYAB,PKP2"
"HP","Respiratory insufficiency","HP:0002093","1","0","648","11","3","5080","HSPG2,MYPN,CRYAB"
"HP","Pulmonary arterial hypertension","HP:0002092","1","0","157","11","1","5080","HSPG2"
"HP","Pulmonary hypoplasia","HP:0002089","1","0","137","11","1","5080","HSPG2"
"HP","Abnormal lung morphology","HP:0002088","1","0","1252","11","2","5080","HSPG2,MYPN"
"HP","Abnormality of the upper respiratory tract","HP:0002087","1","0","514","11","1","5080","HSPG2"
"HP","Abnormality of the respiratory system","HP:0002086","1","0","2159","11","6","5080","PRDM16,HSPG2,MYPN,LDB3,CRYAB,PKP2"
"HP","Occipital encephalocele","HP:0002085","1","0","38","11","1","5080","HSPG2"
"HP","Encephalocele","HP:0002084","1","0","121","11","1","5080","HSPG2"
"HP","Chorea","HP:0002072","1","0","245","11","1","5080","CACNA2D2"
"HP","Abnormality of extrapyramidal motor function","HP:0002071","1","0","304","11","1","5080","MYPN"
"HP","Neuromuscular dysphagia","HP:0002068","1","0","11","11","1","5080","MYPN"
"HP","Bradykinesia","HP:0002067","1","0","113","11","1","5080","MYPN"
"HP","Gait ataxia","HP:0002066","1","0","261","11","1","5080","CACNA2D2"
"HP","Rigidity","HP:0002063","1","0","211","11","1","5080","CRYAB"
"HP","Abnormal cerebral morphology","HP:0002060","1","0","2089","11","3","5080","PRDM16,HSPG2,MYO18B"
"HP","Cerebral atrophy","HP:0002059","1","0","679","11","2","5080","PRDM16,HSPG2"
"HP","Malignant hyperthermia","HP:0002047","1","0","27","11","1","5080","HSPG2"
"HP","Pyloric stenosis","HP:0002021","1","0","108","11","2","5080","PRDM16,HSPG2"
"HP","Gastroesophageal reflux","HP:0002020","1","0","518","11","2","5080","PRDM16,HSPG2"
"HP","Constipation","HP:0002019","1","0","467","11","2","5080","PRDM16,HSPG2"
"HP","Dysphagia","HP:0002015","1","0","550","11","4","5080","PRDM16,HSPG2,MYPN,CRYAB"
"HP","Abnormality of the abdominal organs","HP:0002012","1","0","1364","11","4","5080","PRDM16,HSPG2,MECOM,MYPN"
"HP","Morphological central nervous system abnormality","HP:0002011","1","0","2890","11","5","5080","PRDM16,HSPG2,CACNA2D2,MYPN,MYO18B"
"HP","Frontal bossing","HP:0002007","1","0","426","11","2","5080","PRDM16,HSPG2"
"HP","Deep philtrum","HP:0002002","1","0","76","11","1","5080","HSPG2"
"HP","Abnormal facial shape","HP:0001999","1","0","1109","11","3","5080","HSPG2,CACNA2D2,MYPN"
"HP","Fetal akinesia sequence","HP:0001989","1","0","33","11","1","5080","MYPN"
"HP","Abnormal scalp morphology","HP:0001965","1","0","452","11","2","5080","HSPG2,MYO18B"
"HP","Abnormality of metabolism/homeostasis","HP:0001939","1","0","2672","11","7","5080","PRDM16,HSPG2,NOS1AP,MECOM,MYPN,LDB3,CRYAB"
"HP","Sudden death","HP:0001699","1","0","130","11","3","5080","NOS1AP,LDB3,PKP2"
"HP","Cardiac arrest","HP:0001695","1","0","158","11","3","5080","NOS1AP,LDB3,PKP2"
"HP","Atrial arrhythmia","HP:0001692","1","0","92","11","1","5080","MYPN"
"HP","Decreased fetal movement","HP:0001558","1","0","232","11","1","5080","MYPN"
"HP","Prenatal movement abnormality","HP:0001557","1","0","245","11","2","5080","HSPG2,MYPN"
"HP","Abnormal umbilicus morphology","HP:0001551","1","0","320","11","1","5080","HSPG2"
"HP","Overgrowth","HP:0001548","1","0","46","11","1","5080","HSPG2"
"HP","Abnormal rib cage morphology","HP:0001547","1","0","397","11","2","5080","PRDM16,HSPG2"
"HP","Umbilical hernia","HP:0001537","1","0","314","11","1","5080","HSPG2"
"HP","Slender build","HP:0001533","1","0","30","11","1","5080","MYPN"
"HP","Death in infancy","HP:0001522","1","0","247","11","2","5080","HSPG2,CRYAB"
"HP","Obesity","HP:0001513","1","0","347","11","2","5080","PRDM16,HSPG2"
"HP","Growth delay","HP:0001510","1","0","1897","11","5","5080","PRDM16,HSPG2,GNRHR,MYPN,MYO18B"
"HP","Failure to thrive","HP:0001508","1","0","1119","11","2","5080","PRDM16,HSPG2"
"HP","Growth abnormality","HP:0001507","1","0","2652","11","5","5080","PRDM16,HSPG2,GNRHR,MYPN,MYO18B"
"HP","Abnormality of the musculature of the upper limbs","HP:0001446","1","0","284","11","3","5080","MYPN,LDB3,CRYAB"
"HP","Abnormal abdomen morphology","HP:0001438","1","0","861","11","2","5080","MECOM,MYPN"
"HP","Abnormality of the musculature of the lower limbs","HP:0001437","1","0","103","11","2","5080","LDB3,CRYAB"
"HP","Abnormality of the shoulder girdle musculature","HP:0001435","1","0","146","11","2","5080","MYPN,CRYAB"
"HP","Hepatosplenomegaly","HP:0001433","1","0","164","11","1","5080","MECOM"
"HP","Abnormality of the musculature of the hand","HP:0001421","1","0","127","11","1","5080","LDB3"
"HP","Hepatic steatosis","HP:0001397","1","0","180","11","2","5080","PRDM16,HSPG2"
"HP","Abnormality of the liver","HP:0001392","1","0","1114","11","4","5080","PRDM16,HSPG2,MECOM,MYPN"
"HP","Joint stiffness","HP:0001387","1","0","201","11","2","5080","PRDM16,HSPG2"
"HP","Hip dysplasia","HP:0001385","1","0","245","11","3","5080","PRDM16,HSPG2,MECOM"
"HP","Abnormal hip joint morphology","HP:0001384","1","0","387","11","2","5080","HSPG2,MYO18B"
"HP","Joint hypermobility","HP:0001382","1","0","556","11","1","5080","GNRHR"
"HP","Limitation of joint mobility","HP:0001376","1","0","419","11","3","5080","PRDM16,HSPG2,MECOM"
"HP","Congenital hip dislocation","HP:0001374","1","0","84","11","1","5080","HSPG2"
"HP","Joint dislocation","HP:0001373","1","0","388","11","1","5080","HSPG2"
"HP","Flexion contracture","HP:0001371","1","0","810","11","5","5080","PRDM16,HSPG2,GNRHR,MYPN,MYO18B"
"HP","Abnormal joint morphology","HP:0001367","1","0","1252","11","4","5080","PRDM16,HSPG2,MECOM,MYO18B"
"HP","Abnormality of the amniotic fluid","HP:0001560","1","0","492","11","2","5080","HSPG2,MYPN"
"HP","Polyhydramnios","HP:0001561","1","0","321","11","2","5080","HSPG2,MYPN"
"HP","Abnormality of the integument","HP:0001574","1","0","2593","11","5","5080","PRDM16,HSPG2,GNRHR,CRYAB,MYO18B"
"HP","Abnormal hair morphology","HP:0001595","1","0","1349","11","4","5080","PRDM16,HSPG2,GNRHR,MYO18B"
"HP","Sinus bradycardia","HP:0001688","1","0","30","11","1","5080","NOS1AP"
"HP","Myocardial fibrosis","HP:0001685","1","0","19","11","1","5080","MYPN"
"HP","Abnormal aortic morphology","HP:0001679","1","0","407","11","3","5080","PRDM16,HSPG2,MYPN"
"HP","Atrioventricular block","HP:0001678","1","0","91","11","2","5080","MYPN,PKP2"
"HP","Abnormal cardiac septum morphology","HP:0001671","1","0","780","11","3","5080","PRDM16,HSPG2,MYPN"
"HP","Torsade de pointes","HP:0001664","1","0","25","11","1","5080","NOS1AP"
"HP","Ventricular fibrillation","HP:0001663","1","0","56","11","1","5080","PKP2"
"HP","Bradycardia","HP:0001662","1","0","100","11","1","5080","NOS1AP"
"HP","Prolonged QT interval","HP:0001657","1","0","59","11","1","5080","NOS1AP"
"HP","Abnormal heart valve morphology","HP:0001654","1","0","369","11","3","5080","PRDM16,HSPG2,MYPN"
"HP","Mitral regurgitation","HP:0001653","1","0","162","11","3","5080","PRDM16,MYPN,CRYAB"
"HP","Tachycardia","HP:0001649","1","0","142","11","2","5080","CRYAB,PKP2"
"HP","Sudden cardiac death","HP:0001645","1","0","111","11","3","5080","NOS1AP,LDB3,PKP2"
"HP","Patent ductus arteriosus","HP:0001643","1","0","388","11","2","5080","PRDM16,HSPG2"
"HP","Facial diplegia","HP:0001349","1","0","44","11","2","5080","MYPN,CRYAB"
"HP","Hypertrophic cardiomyopathy","HP:0001639","1","0","280","11","2","5080","MYPN,CRYAB"
"HP","Congestive heart failure","HP:0001635","1","0","260","11","4","5080","PRDM16,MYPN,LDB3,CRYAB"
"HP","Mitral valve prolapse","HP:0001634","1","0","124","11","1","5080","MYPN"
"HP","Abnormal mitral valve morphology","HP:0001633","1","0","164","11","1","5080","MYPN"
"HP","Abnormal heart morphology","HP:0001627","1","0","1553","11","7","5080","PRDM16,HSPG2,MYPN,LDB3,CRYAB,PKP2,MYO18B"
"HP","Abnormality of the cardiovascular system","HP:0001626","1","0","2801","11","9","5080","PRDM16,HSPG2,NOS1AP,MECOM,MYPN,LDB3,CRYAB,PKP2,MYO18B"
"HP","Breech presentation","HP:0001623","1","0","56","11","1","5080","MYPN"
"HP","Weak voice","HP:0001621","1","0","29","11","1","5080","HSPG2"
"HP","Abnormally high-pitched voice","HP:0001620","1","0","47","11","1","5080","HSPG2"
"HP","Dysphonia","HP:0001618","1","0","158","11","2","5080","HSPG2,CRYAB"
"HP","Weak cry","HP:0001612","1","0","50","11","1","5080","CRYAB"
"HP","Hypernasal speech","HP:0001611","1","0","111","11","1","5080","MYPN"
"HP","Abnormality of the voice","HP:0001608","1","0","494","11","4","5080","HSPG2,GNRHR,MYPN,CRYAB"
"HP","Laryngomalacia","HP:0001601","1","0","84","11","1","5080","HSPG2"
"HP","Abnormality of the larynx","HP:0001600","1","0","226","11","1","5080","HSPG2"
"HP","Tetralogy of Fallot","HP:0001636","1","0","187","11","2","5080","PRDM16,HSPG2"
"HP","Aplasia/Hypoplasia involving bones of the thorax","HP:0006711","1","0","193","11","2","5080","PRDM16,HSPG2"
"HP","Aplasia/Hypoplasia of the ribs","HP:0006712","1","0","138","11","2","5080","PRDM16,HSPG2"
"HP","Cranial nerve paralysis","HP:0006824","1","0","288","11","4","5080","PRDM16,HSPG2,MYPN,CRYAB"
"HP","Joint contracture","HP:0034392","1","0","838","11","5","5080","PRDM16,HSPG2,GNRHR,MYPN,MYO18B"
"HP","Atrioventricular valve regurgitation","HP:0034376","1","0","195","11","3","5080","PRDM16,MYPN,CRYAB"
"HP","Abnormal muscle tissue metabolite concentration","HP:0034370","1","0","53","11","1","5080","MYPN"
"HP","Fibrofatty replacement of right ventricular myocardium","HP:0034364","1","0","1","11","1","5080","PKP2"
"HP","Mendelian inheritance","HP:0034345","1","0","4733","11","11","5080","PRDM16,HSPG2,NOS1AP,CACNA2D2,MECOM,GNRHR,MYPN,LDB3,CRYAB,PKP2,MYO18B"
"HP","Abnormal left ventricular ejection fraction","HP:0034314","1","0","59","11","1","5080","CRYAB"
"HP","Epsilon wave","HP:0034304","1","0","2","11","1","5080","PKP2"
"HP","Prenatal death","HP:0034241","1","0","67","11","1","5080","HSPG2"
"HP","Open neural tube defect","HP:0034237","1","0","152","11","1","5080","HSPG2"
"HP","Abnormal fetal physiology","HP:0034059","1","0","307","11","2","5080","HSPG2,MYPN"
"HP","Abnormal fetal morphology","HP:0034058","1","0","311","11","2","5080","HSPG2,MECOM"
"HP","Fetal anomaly","HP:0034057","1","0","576","11","3","5080","HSPG2,MECOM,MYPN"
"HP","Abnormal circulating sex hormone concentration","HP:0033799","1","0","120","11","1","5080","GNRHR"
"HP","Thin corpus callosum","HP:0033725","1","0","871","11","2","5080","PRDM16,HSPG2"
"HP","Abnormal muscle fiber-type distribution","HP:0033684","1","0","82","11","1","5080","MYPN"
"HP","Pre-capillary pulmonary hypertension","HP:0033578","1","0","157","11","1","5080","HSPG2"
"HP","Abnormal urine metabolite level","HP:0033354","1","0","606","11","1","5080","NOS1AP"
"HP","Abnormal blood vessel morphology","HP:0033353","1","0","993","11","4","5080","PRDM16,HSPG2,MYPN,PKP2"
"HP","Abnormal glomerular basement membrane morphology","HP:0033282","1","0","13","11","1","5080","NOS1AP"
"HP","Abnormality of the musculoskeletal system","HP:0033127","1","0","3791","11","9","5080","PRDM16,HSPG2,CACNA2D2,MECOM,GNRHR,MYPN,LDB3,CRYAB,MYO18B"
"HP","Increased placental thickness","HP:0032548","1","0","1","11","1","5080","HSPG2"
"HP","Abnormal granulocyte count","HP:0032309","1","0","271","11","1","5080","MECOM"
"HP","Abnormal immune system morphology","HP:0032251","1","0","666","11","1","5080","MECOM"
"HP","Abnormal tissue metabolite concentration","HP:0032243","1","0","271","11","3","5080","PRDM16,HSPG2,MYPN"
"HP","Abnormal circulating metabolite concentration","HP:0032180","1","0","1438","11","5","5080","HSPG2,NOS1AP,MYPN,LDB3,CRYAB"
"HP","Unusual infection","HP:0032101","1","0","1088","11","1","5080","MYPN"
"HP","Abnormal male urethral meatus morphology","HP:0032076","1","0","400","11","2","5080","PRDM16,HSPG2"
"HP","Abnormal ocular adnexa physiology","HP:0032040","1","0","43","11","1","5080","HSPG2"
"HP","Abnormality of the ocular adnexa","HP:0032039","1","0","1634","11","2","5080","PRDM16,HSPG2"
"HP","Abnormal joint physiology","HP:0034430","1","0","1348","11","6","5080","PRDM16,HSPG2,MECOM,GNRHR,MYPN,MYO18B"
"HP","Abnormal cranial nerve physiology","HP:0031910","1","0","291","11","4","5080","PRDM16,HSPG2,MYPN,CRYAB"
"HP","Abnormal communication","HP:0034434","1","0","1765","11","3","5080","PRDM16,HSPG2,CACNA2D2"
"HP","Abnormal liver metabolite concentration","HP:0034644","1","0","202","11","2","5080","PRDM16,HSPG2"
"HP","Posterior capsular cataract","HP:0100020","1","0","2","11","1","5080","CRYAB"
"HP","Capsular cataract","HP:0100017","1","0","2","11","1","5080","CRYAB"
"HP","Neoplasm of the central nervous system","HP:0100006","1","0","178","11","2","5080","PRDM16,HSPG2"
"HP","Abnormal cervical spine morphology","HP:0046508","1","0","22","11","1","5080","HSPG2"
"HP","Increased libido","HP:0046503","1","0","18","11","1","5080","GNRHR"
"HP","Aplasia/hypoplasia involving bones of the extremities","HP:0045060","1","0","680","11","3","5080","PRDM16,HSPG2,MECOM"
"HP","Abnormality of the testis size","HP:0045058","1","0","223","11","2","5080","HSPG2,GNRHR"
"HP","Narrow palpebral fissure","HP:0045025","1","0","74","11","1","5080","HSPG2"
"HP","Neural tube defect","HP:0045005","1","0","312","11","1","5080","HSPG2"
"HP","Male sexual dysfunction","HP:0040307","1","0","92","11","1","5080","GNRHR"
"HP","Abnormal consumption behavior","HP:0040202","1","0","285","11","2","5080","PRDM16,HSPG2"
"HP","Decreased head circumference","HP:0040195","1","0","1365","11","3","5080","PRDM16,HSPG2,MYO18B"
"HP","Decreased serum testosterone concentration","HP:0040171","1","0","66","11","1","5080","GNRHR"
"HP","Abnormal intermamillary distance","HP:0040157","1","0","124","11","1","5080","GNRHR"
"HP","Abnormal circulating creatine kinase concentration","HP:0040081","1","0","320","11","4","5080","HSPG2,MYPN,LDB3,CRYAB"
"HP","Abnormal forearm bone morphology","HP:0040072","1","0","232","11","1","5080","MECOM"
"HP","Abnormal morphology of ulna","HP:0040071","1","0","158","11","1","5080","MECOM"
"HP","Abnormal upper limb bone morphology","HP:0040070","1","0","460","11","1","5080","MECOM"
"HP","Abnormal lower limb bone morphology","HP:0040069","1","0","789","11","2","5080","PRDM16,HSPG2"
"HP","Abnormality of limb bone","HP:0040068","1","0","1754","11","3","5080","PRDM16,HSPG2,MECOM"
"HP","Abnormality of limbs","HP:0040064","1","0","2472","11","7","5080","PRDM16,HSPG2,MECOM,MYPN,LDB3,CRYAB,MYO18B"
"HP","Finger clinodactyly","HP:0040019","1","0","453","11","3","5080","PRDM16,HSPG2,MECOM"
"HP","Mortality/Aging","HP:0040006","1","0","451","11","2","5080","HSPG2,CRYAB"
"HP","Digestive system neoplasm","HP:0034930","1","0","360","11","1","5080","HSPG2"
"HP","Abnormal enzyme concentration or activity","HP:0034684","1","0","729","11","1","5080","HSPG2"
"HP","Finger joint contracture","HP:0034681","1","0","246","11","2","5080","PRDM16,HSPG2"
"HP","Toe joint contracture","HP:0034675","1","0","34","11","1","5080","HSPG2"
"HP","Abnormal knee morphology","HP:0034669","1","0","364","11","1","5080","HSPG2"
"HP","Shoulder contracture","HP:0034665","1","0","12","11","1","5080","HSPG2"
"HP","Abnormal eye contact","HP:0034435","1","0","113","11","1","5080","CACNA2D2"
"HP","Abnormal eyelid physiology","HP:0031879","1","0","43","11","1","5080","HSPG2"
"HP","Abnormal libido","HP:0031845","1","0","43","11","1","5080","GNRHR"
"HP","Abnormal reflex","HP:0031826","1","0","1176","11","4","5080","HSPG2,MYPN,LDB3,CRYAB"
"HP","Weakness of facial musculature","HP:0030319","1","0","239","11","2","5080","MYPN,CRYAB"
"HP","Lower extremity joint dislocation","HP:0030311","1","0","317","11","1","5080","HSPG2"
"HP","Upper extremity joint dislocation","HP:0030310","1","0","90","11","1","5080","HSPG2"
"HP","Hand muscle weakness","HP:0030237","1","0","49","11","1","5080","LDB3"
"HP","Abnormality of muscle size","HP:0030236","1","0","257","11","1","5080","HSPG2"
"HP","Accumulation of muscle fiber desmin","HP:0030225","1","0","1","11","1","5080","CRYAB"
"HP","Abnormal muscle fiber desmin","HP:0030224","1","0","1","11","1","5080","CRYAB"
"HP","Paradoxical respiration","HP:0030207","1","0","2","11","1","5080","CRYAB"
"HP","Fatiguable weakness of proximal limb muscles","HP:0030200","1","0","21","11","1","5080","MYPN"
"HP","Fatigable weakness of distal limb muscles","HP:0030198","1","0","8","11","1","5080","LDB3"
"HP","Fatigable weakness of skeletal muscles","HP:0030197","1","0","44","11","2","5080","MYPN,LDB3"
"HP","Fatigable weakness of bulbar muscles","HP:0030192","1","0","61","11","1","5080","MYPN"
"HP","Abnormal peripheral nervous system synaptic transmission","HP:0030191","1","0","121","11","2","5080","MYPN,LDB3"
"HP","Abnormality of central nervous system electrophysiology","HP:0030178","1","0","616","11","2","5080","PRDM16,HSPG2"
"HP","Abnormal vascular physiology","HP:0030163","1","0","343","11","2","5080","HSPG2,MYPN"
"HP","Abnormality of the posterior hairline","HP:0030141","1","0","119","11","1","5080","MYO18B"
"HP","Abnormal muscle fiber protein expression","HP:0030089","1","0","33","11","1","5080","CRYAB"
"HP","Abnormal circulating testosterone concentration","HP:0030087","1","0","84","11","1","5080","GNRHR"
"HP","Clinodactyly","HP:0030084","1","0","573","11","3","5080","PRDM16,HSPG2,MECOM"
"HP","Peripheral primitive neuroectodermal neoplasm","HP:0030067","1","0","62","11","2","5080","PRDM16,HSPG2"
"HP","Primitive neuroectodermal tumor","HP:0030065","1","0","67","11","2","5080","PRDM16,HSPG2"
"HP","Neuroepithelial neoplasm","HP:0030063","1","0","92","11","2","5080","PRDM16,HSPG2"
"HP","Neuroectodermal neoplasm","HP:0030061","1","0","93","11","2","5080","PRDM16,HSPG2"
"HP","Nervous tissue neoplasm","HP:0030060","1","0","93","11","2","5080","PRDM16,HSPG2"
"HP","Autoimmune antibody positivity","HP:0030057","1","0","176","11","1","5080","CRYAB"
"HP","Tip-toe gait","HP:0030051","1","0","90","11","1","5080","MYPN"
"HP","Flexion contracture of digit","HP:0030044","1","0","333","11","3","5080","PRDM16,HSPG2,GNRHR"
"HP","Increased female libido","HP:0030019","1","0","18","11","1","5080","GNRHR"
"HP","Female sexual dysfunction","HP:0030014","1","0","67","11","1","5080","GNRHR"
"HP","Abnormal circulating androgen level","HP:0030347","1","0","98","11","1","5080","GNRHR"
"HP","Decreased circulating androgen concentration","HP:0030349","1","0","69","11","1","5080","GNRHR"
"HP","Abnormal ocular adnexa morphology","HP:0030669","1","0","1612","11","2","5080","PRDM16,HSPG2"
"HP","Abnormal cardiovascular system morphology","HP:0030680","1","0","1969","11","7","5080","PRDM16,HSPG2,MYPN,LDB3,CRYAB,PKP2,MYO18B"
"HP","Abnormal oral morphology","HP:0031816","1","0","2280","11","6","5080","PRDM16,HSPG2,MECOM,GNRHR,MYPN,MYO18B"
"HP","Clinical course","HP:0031797","1","0","3540","11","9","5080","PRDM16,HSPG2,NOS1AP,CACNA2D2,GNRHR,MYPN,LDB3,CRYAB,PKP2"
"HP","Abnormal ear physiology","HP:0031704","1","0","1680","11","8","5080","PRDM16,HSPG2,NOS1AP,MECOM,GNRHR,MYPN,LDB3,CRYAB"
"HP","Abnormal ear morphology","HP:0031703","1","0","1675","11","3","5080","PRDM16,HSPG2,MYO18B"
"HP","Abnormal heart valve physiology","HP:0031653","1","0","394","11","3","5080","PRDM16,MYPN,CRYAB"
"HP","Abnormal tricuspid valve physiology","HP:0031651","1","0","80","11","1","5080","MYPN"
"HP","Abnormal atrioventricular valve physiology","HP:0031650","1","0","212","11","3","5080","PRDM16,MYPN,CRYAB"
"HP","Abnormal QT interval","HP:0031547","1","0","69","11","1","5080","NOS1AP"
"HP","Cardiac conduction abnormality","HP:0031546","1","0","156","11","3","5080","MYPN,LDB3,PKP2"
"HP","Abnormal mitral valve physiology","HP:0031481","1","0","177","11","3","5080","PRDM16,MYPN,CRYAB"
"HP","Abnormal prosody","HP:0031434","1","0","79","11","1","5080","HSPG2"
"HP","Restricted or repetitive behaviors or interests","HP:0031432","1","0","287","11","2","5080","PRDM16,HSPG2"
"HP","Ankle weakness","HP:0031374","1","0","17","11","1","5080","LDB3"
"HP","Interstitial cardiac fibrosis","HP:0031329","1","0","10","11","1","5080","MYPN"
"HP","Abnormality of movement","HP:0100022","1","0","2021","11","6","5080","PRDM16,HSPG2,CACNA2D2,MYPN,LDB3,CRYAB"
"HP","Left atrial enlargement","HP:0031295","1","0","23","11","1","5080","MYPN"
"HP","Abnormal glomerular visceral epithelial cell morphology","HP:0031265","1","0","10","11","1","5080","NOS1AP"
"HP","Abnormal Bowman capsule morphology","HP:0031264","1","0","11","11","1","5080","NOS1AP"
"HP","Abnormal renal corpuscle morphology","HP:0031263","1","0","207","11","1","5080","NOS1AP"
"HP","Wrist drop","HP:0031189","1","0","7","11","1","5080","LDB3"
"HP","Storage in hepatocytes","HP:0031137","1","0","191","11","2","5080","PRDM16,HSPG2"
"HP","Abnormal breast morphology","HP:0031093","1","0","447","11","1","5080","GNRHR"
"HP","Abnormal ovarian physiology","HP:0031066","1","0","94","11","1","5080","GNRHR"
"HP","Abnormal ovarian morphology","HP:0031065","1","0","179","11","1","5080","GNRHR"
"HP","Abnormal morphology of the great vessels","HP:0030962","1","0","746","11","3","5080","PRDM16,HSPG2,MYPN"
"HP","Pulmonary venous hypertension","HP:0030950","1","0","9","11","1","5080","MYPN"
"HP","Abnormality on pulmonary function testing","HP:0030878","1","0","217","11","1","5080","MYPN"
"HP","Abnormality of pulmonary circulation","HP:0030875","1","0","204","11","2","5080","HSPG2,MYPN"
"HP","Abnormal jaw morphology","HP:0030791","1","0","1185","11","3","5080","HSPG2,MYPN,MYO18B"
"HP","Right atrial enlargement","HP:0030718","1","0","25","11","1","5080","MYPN"
"HP","Podocyte foot process effacement","HP:0031266","1","0","10","11","1","5080","NOS1AP"
"HP","Abnormal female reproductive system physiology","HP:0030012","1","0","396","11","1","5080","GNRHR"
"HP","Abnormality of the scalp hair","HP:0100037","1","0","435","11","2","5080","HSPG2,MYO18B"
"HP","Abnormality of the axillary hair","HP:0100134","1","0","54","11","1","5080","GNRHR"
"HP","Abnormally straight spine","HP:0100795","1","0","1","11","1","5080","HSPG2"
"HP","Hernia","HP:0100790","1","0","596","11","1","5080","HSPG2"
"HP","Abnormal placenta morphology","HP:0100767","1","0","37","11","1","5080","HSPG2"
"HP","Abnormality of the lymphatic system","HP:0100763","1","0","787","11","3","5080","PRDM16,HSPG2,MECOM"
"HP","Clubbing of fingers","HP:0100759","1","0","38","11","1","5080","HSPG2"
"HP","Abnormal eating behavior","HP:0100738","1","0","128","11","2","5080","PRDM16,HSPG2"
"HP","Large face","HP:0100729","1","0","286","11","1","5080","MYPN"
"HP","Self-injurious behavior","HP:0100716","1","0","228","11","2","5080","PRDM16,HSPG2"
"HP","Abnormal thoracic spine morphology","HP:0100711","1","0","113","11","1","5080","MYPN"
"HP","Abnormal cerebral vascular morphology","HP:0100659","1","0","359","11","1","5080","MYPN"
"HP","Neoplasm of the oral cavity","HP:0100649","1","0","62","11","1","5080","HSPG2"
"HP","Erectile dysfunction","HP:0100639","1","0","71","11","1","5080","GNRHR"
"HP","Displacement of the urethral meatus","HP:0100627","1","0","398","11","2","5080","PRDM16,HSPG2"
"HP","Odontogenic neoplasm","HP:0100612","1","0","8","11","1","5080","HSPG2"
"HP","Pulmonary edema","HP:0100598","1","0","28","11","1","5080","MYPN"
"HP","Abnormally ossified vertebrae","HP:0100569","1","0","27","11","1","5080","HSPG2"
"HP","Lower limb asymmetry","HP:0100559","1","0","50","11","2","5080","PRDM16,HSPG2"
"HP","Asymmetric growth","HP:0100555","1","0","78","11","2","5080","PRDM16,HSPG2"
"HP","Abnormal forebrain morphology","HP:0100547","1","0","2120","11","3","5080","PRDM16,HSPG2,MYO18B"
"HP","Cognitive impairment","HP:0100543","1","0","1024","11","1","5080","HSPG2"
"HP","Abnormality of lower limb joint","HP:0100491","1","0","749","11","2","5080","HSPG2,MYO18B"
"HP","Camptodactyly of finger","HP:0100490","1","0","205","11","2","5080","PRDM16,HSPG2"
"HP","Upper-limb joint contracture","HP:0100360","1","0","357","11","2","5080","PRDM16,HSPG2"
"HP","Scleroderma","HP:0100324","1","0","11","11","1","5080","CRYAB"
"HP","Muscle fiber cytoplasmatic inclusion bodies","HP:0100303","1","0","32","11","2","5080","MYPN,MYO18B"
"HP","EMG: myotonic discharges","HP:0100284","1","0","9","11","1","5080","HSPG2"
"HP","Abnormal tendon morphology","HP:0100261","1","0","870","11","5","5080","PRDM16,HSPG2,GNRHR,MYPN,MYO18B"
"HP","Synostosis of joints","HP:0100240","1","0","200","11","2","5080","MECOM,MYO18B"
"HP","Synostosis involving bones of the upper limbs","HP:0100238","1","0","126","11","1","5080","MECOM"
"HP","Testicular torsion","HP:0100813","1","0","2","11","1","5080","HSPG2"
"HP","Malignant neoplasm of the central nervous system","HP:0100836","1","0","98","11","2","5080","PRDM16,HSPG2"
"HP","Abnormal emotional state","HP:0100851","1","0","692","11","2","5080","HSPG2,GNRHR"
"HP","Abnormality of globe location","HP:0100886","1","0","1129","11","4","5080","PRDM16,HSPG2,GNRHR,MYPN"
"HP","Craniofacial cleft","HP:5201015","1","0","658","11","3","5080","HSPG2,MECOM,GNRHR"
"HP","Abnormal experience of reality","HP:5200423","1","0","604","11","2","5080","HSPG2,GNRHR"
"HP","Abnormal judgment","HP:5200401","1","0","499","11","2","5080","HSPG2,GNRHR"
"HP","Abnormally increased volition","HP:5200263","1","0","781","11","1","5080","HSPG2"
"HP","Recurrent maladaptive behavior","HP:5200241","1","0","1083","11","2","5080","PRDM16,HSPG2"
"HP","Abnormality of the pubic hair","HP:0100133","1","0","56","11","1","5080","GNRHR"
"HP","Maladaptive fear-related cognitions","HP:5200230","1","0","479","11","2","5080","HSPG2,GNRHR"
"HP","Abnormal Intonation","HP:5200010","1","0","70","11","1","5080","HSPG2"
"HP","Abnormal pitch","HP:5200005","1","0","61","11","1","5080","HSPG2"
"HP","Abnormal language feature","HP:4000072","1","0","1718","11","3","5080","PRDM16,HSPG2,CACNA2D2"
"HP","Abnormal lung development","HP:4000059","1","0","244","11","1","5080","HSPG2"
"HP","Abnormal cardiac exercise stress test","HP:0500018","1","0","19","11","1","5080","NOS1AP"
"HP","Abnormal cardiac test","HP:0500015","1","0","25","11","1","5080","NOS1AP"
"HP","Abnormal frontal bone morphology","HP:0430000","1","0","430","11","2","5080","PRDM16,HSPG2"
"HP","Pediatric onset","HP:0410280","1","0","2129","11","7","5080","PRDM16,HSPG2,NOS1AP,CACNA2D2,GNRHR,MYPN,CRYAB"
"HP","Abnormal neural tube morphology","HP:0410043","1","0","312","11","1","5080","HSPG2"
"HP","Abnormal liver morphology","HP:0410042","1","0","894","11","4","5080","PRDM16,HSPG2,MECOM,MYPN"
"HP","Abnormality of the peripheral nervous system","HP:0410008","1","0","463","11","1","5080","NOS1AP"
"HP","Epileptic encephalopathy","HP:0200134","1","0","128","11","1","5080","CACNA2D2"
"HP","Decreased/absent ankle reflexes","HP:0200101","1","0","53","11","1","5080","CRYAB"
"HP","Abnormal size of the palpebral fissures","HP:0200007","1","0","304","11","1","5080","HSPG2"
"HP","Reduced attention regulation","HP:5200044","1","0","524","11","1","5080","HSPG2"
"HP","Strabismus","HP:0000486","1","0","1171","11","3","5080","PRDM16,HSPG2,CACNA2D2"
"HP","Abnormal cognitive process","HP:0025792","1","0","1802","11","3","5080","PRDM16,HSPG2,CACNA2D2"
"HP","Abnormal volitional state","HP:0025780","1","0","1192","11","2","5080","HSPG2,GNRHR"
"HP","Aplasia/Hypoplasia of the ovary","HP:0010462","1","0","95","11","1","5080","GNRHR"
"HP","Abnormality of the male genitalia","HP:0010461","1","0","1153","11","4","5080","PRDM16,HSPG2,MECOM,GNRHR"
"HP","Abnormality of the female genitalia","HP:0010460","1","0","567","11","3","5080","PRDM16,HSPG2,GNRHR"
"HP","Polydactyly","HP:0010442","1","0","269","11","2","5080","PRDM16,HSPG2"
"HP","Abnormal ventricular septum morphology","HP:0010438","1","0","524","11","1","5080","MYPN"
"HP","Aplasia/Hypoplasia of the breasts","HP:0010311","1","0","72","11","1","5080","GNRHR"
"HP","Aplasia/Hypoplasia involving the nose","HP:0009924","1","0","120","11","1","5080","MYO18B"
"HP","Abnormality of secondary sexual hair","HP:0009888","1","0","76","11","1","5080","GNRHR"
"HP","Aplasia/Hypoplasia of the middle phalanges of the hand","HP:0009843","1","0","61","11","1","5080","MECOM"
"HP","Abnormal middle phalanx morphology of the hand","HP:0009833","1","0","71","11","1","5080","MECOM"
"HP","Peripheral neuropathy","HP:0009830","1","0","483","11","1","5080","LDB3"
"HP","Limb undergrowth","HP:0009826","1","0","245","11","1","5080","HSPG2"
"HP","Aplasia/hypoplasia of the extremities","HP:0009815","1","0","723","11","3","5080","PRDM16,HSPG2,MECOM"
"HP","Abnormality of the elbow","HP:0009811","1","0","280","11","2","5080","HSPG2,MECOM"
"HP","Abnormality of upper limb joint","HP:0009810","1","0","567","11","3","5080","PRDM16,HSPG2,MECOM"
"HP","Short phalanx of finger","HP:0009803","1","0","199","11","1","5080","MECOM"
"HP","Aplasia/Hypoplasia of the phalanges of the hand","HP:0009767","1","0","232","11","1","5080","MECOM"
"HP","Distichiasis","HP:0009743","1","0","9","11","1","5080","HSPG2"
"HP","Abnormality of the hairline","HP:0009553","1","0","297","11","2","5080","HSPG2,MYO18B"
"HP","Deviation of the hand or of fingers of the hand","HP:0009484","1","0","563","11","3","5080","PRDM16,HSPG2,MECOM"
"HP","Joint contracture of the hand","HP:0009473","1","0","286","11","2","5080","PRDM16,HSPG2"
"HP","Aplasia/Hypoplasia of the phalanges of the 4th finger","HP:0009408","1","0","4","11","1","5080","MECOM"
"HP","Short finger","HP:0009381","1","0","324","11","1","5080","MECOM"
"HP","Aplasia/Hypoplasia of the middle phalanx of the 4th finger","HP:0009299","1","0","3","11","1","5080","MECOM"
"HP","Short middle phalanx of the 4th finger","HP:0009295","1","0","3","11","1","5080","MECOM"
"HP","Abnormality of the middle phalanx of the 4th finger","HP:0009283","1","0","3","11","1","5080","MECOM"
"HP","Short 4th finger","HP:0009280","1","0","4","11","1","5080","MECOM"
"HP","Aplasia/Hypoplasia of the 4th finger","HP:0009272","1","0","5","11","1","5080","MECOM"
"HP","Deviation of the 5th finger","HP:0009179","1","0","421","11","3","5080","PRDM16,HSPG2,MECOM"
"HP","Aplasia/Hypoplasia of the testes","HP:0010468","1","0","206","11","2","5080","HSPG2,GNRHR"
"HP","Abnormal 4th finger phalanx morphology","HP:0009172","1","0","4","11","1","5080","MECOM"
"HP","Metatarsus valgus","HP:0010508","1","0","21","11","1","5080","HSPG2"
"HP","Weakness due to upper motor neuron dysfunction","HP:0010549","1","0","538","11","2","5080","PRDM16,HSPG2"
"HP","Abnormal renal cortex morphology","HP:0011035","1","0","245","11","1","5080","NOS1AP"
"HP","Abnormal cardiovascular system physiology","HP:0011025","1","0","1455","11","7","5080","PRDM16,HSPG2,NOS1AP,MYPN,LDB3,CRYAB,PKP2"
"HP","Abnormality of the gastrointestinal tract","HP:0011024","1","0","1770","11","4","5080","PRDM16,HSPG2,MYPN,CRYAB"
"HP","Abnormal circulating enzyme concentration","HP:0011021","1","0","326","11","4","5080","HSPG2,MYPN,LDB3,CRYAB"
"HP","Abnormal systemic arterial morphology","HP:0011004","1","0","548","11","3","5080","PRDM16,HSPG2,MYPN"
"HP","High myopia","HP:0011003","1","0","97","11","1","5080","CRYAB"
"HP","Increased bone mineral density","HP:0011001","1","0","112","11","1","5080","HSPG2"
"HP","Abnormal cerebral subcortex morphology","HP:0010993","1","0","1212","11","2","5080","PRDM16,HSPG2"
"HP","Abnormal cellular immune system morphology","HP:0010987","1","0","639","11","1","5080","MECOM"
"HP","Abnormality of immune system physiology","HP:0010978","1","0","1812","11","3","5080","HSPG2,MYPN,CRYAB"
"HP","Abnormal myeloid leukocyte morphology","HP:0010974","1","0","343","11","1","5080","MECOM"
"HP","Abnormal fetal cardiovascular morphology","HP:0010948","1","0","53","11","1","5080","HSPG2"
"HP","Dilatation of the renal pelvis","HP:0010946","1","0","287","11","2","5080","PRDM16,HSPG2"
"HP","Abnormal renal pelvis morphology","HP:0010944","1","0","304","11","2","5080","PRDM16,HSPG2"
"HP","Abnormal external nose morphology","HP:0010938","1","0","916","11","3","5080","PRDM16,HSPG2,MYO18B"
"HP","Abnormality of the lower urinary tract","HP:0010936","1","0","870","11","2","5080","PRDM16,HSPG2"
"HP","Abnormality of the upper urinary tract","HP:0010935","1","0","1474","11","3","5080","PRDM16,HSPG2,NOS1AP"
"HP","Abnormal blood monovalent inorganic cation concentration","HP:0010930","1","0","153","11","1","5080","NOS1AP"
"HP","Abnormal blood cation concentration","HP:0010929","1","0","360","11","1","5080","NOS1AP"
"HP","Abnormality of the umbilical cord","HP:0010881","1","0","68","11","1","5080","HSPG2"
"HP","Abnormal circulating protein concentration","HP:0010876","1","0","696","11","5","5080","HSPG2,NOS1AP,MYPN,LDB3,CRYAB"
"HP","Abdominal wall defect","HP:0010866","1","0","517","11","1","5080","HSPG2"
"HP","Abnormal seventh cranial physiology","HP:0010827","1","0","189","11","2","5080","MYPN,CRYAB"
"HP","Abnormal hair pattern","HP:0010720","1","0","376","11","2","5080","HSPG2,MYO18B"
"HP","Polar cataract","HP:0010696","1","0","18","11","1","5080","CRYAB"
"HP","Abnormal curvature of the vertebral column","HP:0010674","1","0","1221","11","4","5080","PRDM16,HSPG2,MYPN,MYO18B"
"HP","Abnormal zygomatic bone morphology","HP:0010668","1","0","251","11","1","5080","HSPG2"
"HP","Facial palsy","HP:0010628","1","0","188","11","2","5080","MYPN,CRYAB"
"HP","Overlapping fingers","HP:0010557","1","0","36","11","1","5080","MECOM"
"HP","Percussion myotonia","HP:0010548","1","0","10","11","1","5080","HSPG2"
"HP","Duplication involving bones of the feet","HP:0009136","1","0","138","11","2","5080","PRDM16,HSPG2"
"HP","Hand muscle atrophy","HP:0009130","1","0","56","11","1","5080","LDB3"
"HP","Upper limb amyotrophy","HP:0009129","1","0","84","11","1","5080","LDB3"
"HP","High hypermetropia","HP:0008499","1","0","81","11","2","5080","PRDM16,HSPG2"
"HP","Multiple rows of eyelashes","HP:0008496","1","0","9","11","1","5080","HSPG2"
"HP","Vertebral clefting","HP:0008428","1","0","41","11","1","5080","HSPG2"
"HP","Puberty and gonadal disorders","HP:0008373","1","0","574","11","3","5080","PRDM16,HSPG2,GNRHR"
"HP","Foot joint contracture","HP:0008366","1","0","149","11","1","5080","HSPG2"
"HP","Absence of pubertal development","HP:0008197","1","0","31","11","1","5080","GNRHR"
"HP","Absence of secondary sex characteristics","HP:0008187","1","0","43","11","1","5080","GNRHR"
"HP","Mildly elevated creatine kinase","HP:0008180","1","0","61","11","1","5080","MYPN"
"HP","Pes valgus","HP:0008081","1","0","56","11","1","5080","MYPN"
"HP","Sparse hair","HP:0008070","1","0","381","11","1","5080","GNRHR"
"HP","Abnormal blistering of the skin","HP:0008066","1","0","115","11","2","5080","PRDM16,HSPG2"
"HP","Aplasia/Hypoplasia affecting the eye","HP:0008056","1","0","493","11","1","5080","HSPG2"
"HP","Abnormality of the palpebral fissures","HP:0008050","1","0","886","11","1","5080","HSPG2"
"HP","Abnormal iris pigmentation","HP:0008034","1","0","146","11","2","5080","PRDM16,HSPG2"
"HP","Long eyelashes in irregular rows","HP:0007740","1","0","2","11","1","5080","HSPG2"
"HP","Iris hypopigmentation","HP:0007730","1","0","62","11","2","5080","PRDM16,HSPG2"
"HP","Ocular anterior segment dysgenesis","HP:0007700","1","0","328","11","2","5080","HSPG2,CRYAB"
"HP","Generalized edema","HP:0007430","1","0","26","11","1","5080","NOS1AP"
"HP","Aplasia/Hypoplasia of the corpus callosum","HP:0007370","1","0","772","11","2","5080","PRDM16,HSPG2"
"HP","Atrophy/Degeneration affecting the cerebrum","HP:0007369","1","0","700","11","2","5080","PRDM16,HSPG2"
"HP","Atrophy/Degeneration affecting the central nervous system","HP:0007367","1","0","884","11","2","5080","PRDM16,HSPG2"
"HP","Aplasia/Hypoplasia of the cerebrum","HP:0007364","1","0","1606","11","3","5080","PRDM16,HSPG2,MYO18B"
"HP","Lower limb muscle weakness","HP:0007340","1","0","232","11","2","5080","MYPN,CRYAB"
"HP","Lower limb amyotrophy","HP:0007210","1","0","88","11","1","5080","MYPN"
"HP","Distal upper limb amyotrophy","HP:0007149","1","0","69","11","1","5080","LDB3"
"HP","Central hypoventilation","HP:0007110","1","0","12","11","1","5080","MYPN"
"HP","Attention deficit hyperactivity disorder","HP:0007018","1","0","416","11","1","5080","HSPG2"
"HP","Poor fine motor coordination","HP:0007010","1","0","66","11","1","5080","MYPN"
"HP","Cerebellar vermis atrophy","HP:0006855","1","0","61","11","1","5080","CACNA2D2"
"HP","Congenital sensorineural hearing impairment","HP:0008527","1","0","58","11","1","5080","GNRHR"
"HP","Abnormally folded helix","HP:0008544","1","0","93","11","1","5080","HSPG2"
"HP","Microtia","HP:0008551","1","0","191","11","2","5080","PRDM16,HSPG2"
"HP","Abnormal spermatogenesis","HP:0008669","1","0","179","11","1","5080","GNRHR"
"HP","Abnormality of the musculature of the limbs","HP:0009127","1","0","651","11","4","5080","HSPG2,MYPN,LDB3,CRYAB"
"HP","Abnormal adipose tissue morphology","HP:0009124","1","0","246","11","4","5080","PRDM16,MYPN,LDB3,CRYAB"
"HP","Aplasia/hypoplasia affecting bones of the axial skeleton","HP:0009122","1","0","960","11","4","5080","PRDM16,HSPG2,MYPN,MYO18B"
"HP","Abnormal axial skeleton morphology","HP:0009121","1","0","2730","11","4","5080","PRDM16,HSPG2,MYPN,MYO18B"
"HP","Aplasia/Hypoplasia of the mandible","HP:0009118","1","0","849","11","3","5080","HSPG2,MYPN,MYO18B"
"HP","Aplasia/Hypoplasia involving bones of the skull","HP:0009116","1","0","858","11","3","5080","HSPG2,MYPN,MYO18B"
"HP","Aplasia/hypoplasia involving the skeleton","HP:0009115","1","0","1233","11","5","5080","PRDM16,HSPG2,MECOM,MYPN,MYO18B"
"HP","Aplasia/Hypoplasia of the pubic bone","HP:0009104","1","0","21","11","1","5080","HSPG2"
"HP","Aplasia/Hypoplasia involving the pelvis","HP:0009103","1","0","75","11","1","5080","HSPG2"
"HP","Weakness of long finger extensor muscles","HP:0009077","1","0","20","11","1","5080","LDB3"
"HP","Progressive proximal muscle weakness","HP:0009073","1","0","23","11","2","5080","LDB3,CRYAB"
"HP","Increased muscle lipid content","HP:0009058","1","0","37","11","1","5080","MYPN"
"HP","Generalized limb muscle atrophy","HP:0009055","1","0","20","11","1","5080","MYPN"
"HP","Difficulty running","HP:0009046","1","0","55","11","1","5080","MYPN"
"HP","Abnormal helix morphology","HP:0011039","1","0","187","11","1","5080","HSPG2"
"HP","Foot dorsiflexor weakness","HP:0009027","1","0","141","11","2","5080","LDB3,CRYAB"
"HP","Proximal muscle weakness in upper limbs","HP:0008997","1","0","64","11","1","5080","LDB3"
"HP","Proximal muscle weakness in lower limbs","HP:0008994","1","0","72","11","2","5080","HSPG2,CRYAB"
"HP","Intrinsic hand muscle atrophy","HP:0008954","1","0","29","11","1","5080","LDB3"
"HP","Axial hypotonia","HP:0008936","1","0","338","11","1","5080","CACNA2D2"
"HP","Postnatal growth retardation","HP:0008897","1","0","260","11","1","5080","MYPN"
"HP","Disproportionate short-limb short stature","HP:0008873","1","0","110","11","1","5080","HSPG2"
"HP","Feeding difficulties in infancy","HP:0008872","1","0","606","11","2","5080","PRDM16,HSPG2"
"HP","Acetabular dysplasia","HP:0008807","1","0","24","11","1","5080","MYO18B"
"HP","Aplasia/Hypoplasia of the external ear","HP:0008772","1","0","208","11","2","5080","PRDM16,HSPG2"
"HP","Aplasia/Hypoplasia of the ear","HP:0008771","1","0","215","11","2","5080","PRDM16,HSPG2"
"HP","Hypoplasia of penis","HP:0008736","1","0","410","11","3","5080","PRDM16,HSPG2,GNRHR"
"HP","Decreased testicular size","HP:0008734","1","0","185","11","2","5080","HSPG2,GNRHR"
"HP","Hypoplasia of the ovary","HP:0008724","1","0","92","11","1","5080","GNRHR"
"HP","Aplasia/hypoplasia of the uterus","HP:0008684","1","0","81","11","1","5080","GNRHR"
"HP","Weakness of the intrinsic hand muscles","HP:0009005","1","0","25","11","1","5080","LDB3"
"HP","Diagnostic behavioral phenotype","HP:0025783","1","0","690","11","2","5080","PRDM16,HSPG2"
"HP","Abnormal blood potassium concentration","HP:0011042","1","0","114","11","1","5080","NOS1AP"
"HP","Abnormal nasal dorsum morphology","HP:0011119","1","0","260","11","2","5080","PRDM16,HSPG2"
"HP","Abnormal nervous system physiology","HP:0012638","1","0","3785","11","10","5080","PRDM16,HSPG2,NOS1AP,CACNA2D2,MECOM,GNRHR,MYPN,LDB3,CRYAB,MYO18B"
"HP","Chronic kidney disease","HP:0012622","1","0","196","11","1","5080","NOS1AP"
"HP","Abnormal urine cytology","HP:0012614","1","0","186","11","1","5080","NOS1AP"
"HP","Nephrotic range proteinuria","HP:0012593","1","0","4","11","1","5080","NOS1AP"
"HP","Abnormal nephron morphology","HP:0012575","1","0","265","11","1","5080","NOS1AP"
"HP","Abnormal involuntary eye movements","HP:0012547","1","0","1122","11","3","5080","PRDM16,HSPG2,CACNA2D2"
"HP","Elevated circulating aldolase concentration","HP:0012544","1","0","9","11","1","5080","HSPG2"
"HP","Abnormal synaptic transmission","HP:0012535","1","0","121","11","2","5080","MYPN,LDB3"
"HP","Pain","HP:0012531","1","0","852","11","1","5080","HSPG2"
"HP","Eclabion","HP:0012472","1","0","175","11","2","5080","HSPG2,MYO18B"
"HP","Brain atrophy","HP:0012444","1","0","797","11","2","5080","PRDM16,HSPG2"
"HP","Abnormal brain morphology","HP:0012443","1","0","2674","11","5","5080","PRDM16,HSPG2,CACNA2D2,MYPN,MYO18B"
"HP","Abnormal circulating aldolase concentration","HP:0012400","1","0","26","11","1","5080","HSPG2"
"HP","Peripheral edema","HP:0012398","1","0","11","11","1","5080","MYPN"
"HP","Camptodactyly","HP:0012385","1","0","327","11","3","5080","PRDM16,HSPG2,GNRHR"
"HP","Abnormal circulating enzyme concentration or activity","HP:0012379","1","0","646","11","1","5080","HSPG2"
"HP","Fatigue","HP:0012378","1","0","488","11","4","5080","PRDM16,MYPN,LDB3,CRYAB"
"HP","Abnormal eye physiology","HP:0012373","1","0","2526","11","6","5080","PRDM16,HSPG2,CACNA2D2,MYPN,CRYAB,MYO18B"
"HP","Abnormal eye morphology","HP:0012372","1","0","2534","11","5","5080","PRDM16,HSPG2,GNRHR,MYPN,CRYAB"
"HP","Flat face","HP:0012368","1","0","107","11","1","5080","HSPG2"
"HP","Abnormal homeostasis","HP:0012337","1","0","1751","11","7","5080","PRDM16,HSPG2,NOS1AP,MECOM,MYPN,LDB3,CRYAB"
"HP","Abnormal autonomic nervous system physiology","HP:0012332","1","0","130","11","1","5080","NOS1AP"
"HP","Abnormal respiratory system morphology","HP:0012252","1","0","1465","11","2","5080","HSPG2,MYPN"
"HP","ST segment elevation","HP:0012251","1","0","25","11","1","5080","PKP2"
"HP","Abnormal ST segment","HP:0012249","1","0","39","11","1","5080","PKP2"
"HP","Abnormal reproductive system morphology","HP:0012243","1","0","1393","11","4","5080","PRDM16,HSPG2,MECOM,GNRHR"
"HP","Abnormal renal physiology","HP:0012211","1","0","722","11","1","5080","NOS1AP"
"HP","Abnormal renal morphology","HP:0012210","1","0","1148","11","3","5080","PRDM16,HSPG2,NOS1AP"
"HP","Craniofacial dystonia","HP:0012179","1","0","122","11","1","5080","HSPG2"
"HP","Abnormal nervous system morphology","HP:0012639","1","0","2971","11","5","5080","PRDM16,HSPG2,CACNA2D2,MYPN,MYO18B"
"HP","Abnormal pancreas morphology","HP:0012090","1","0","107","11","2","5080","PRDM16,HSPG2"
"HP","Reduced left ventricular ejection fraction","HP:0012664","1","0","59","11","1","5080","CRYAB"
"HP","Abnormal gastrointestinal tract morphology","HP:0012718","1","0","964","11","2","5080","PRDM16,HSPG2"
"HP","Abnormal affect","HP:0025766","1","0","1340","11","2","5080","HSPG2,GNRHR"
"HP","Skeletal muscle autophagosome accumulation","HP:0025717","1","0","4","11","1","5080","CRYAB"
"HP","Abnormal neck morphology","HP:0025668","1","0","666","11","2","5080","HSPG2,MYO18B"
"HP","Abnormal right atrium morphology","HP:0025580","1","0","25","11","1","5080","MYPN"
"HP","Abnormal left atrium morphology","HP:0025579","1","0","25","11","1","5080","MYPN"
"HP","Abnormal cry","HP:0025429","1","0","62","11","1","5080","CRYAB"
"HP","Abnormal larynx morphology","HP:0025423","1","0","159","11","1","5080","HSPG2"
"HP","Abnormal spleen morphology","HP:0025408","1","0","608","11","1","5080","MECOM"
"HP","Abnormal esophagus physiology","HP:0025270","1","0","916","11","4","5080","PRDM16,HSPG2,MYPN,CRYAB"
"HP","Left ventricular diastolic dysfunction","HP:0025168","1","0","7","11","1","5080","PRDM16"
"HP","Constitutional symptom","HP:0025142","1","0","1275","11","7","5080","PRDM16,HSPG2,NOS1AP,MYPN,LDB3,CRYAB,PKP2"
"HP","Abnormal QRS complex","HP:0025074","1","0","11","11","1","5080","PKP2"
"HP","Abnormal digestive system morphology","HP:0025033","1","0","1046","11","2","5080","PRDM16,HSPG2"
"HP","Abnormality of digestive system physiology","HP:0025032","1","0","2366","11","4","5080","PRDM16,HSPG2,MYPN,CRYAB"
"HP","Abnormality of the digestive system","HP:0025031","1","0","2997","11","5","5080","PRDM16,HSPG2,MECOM,MYPN,CRYAB"
"HP","Abnormal vascular morphology","HP:0025015","1","0","1165","11","4","5080","PRDM16,HSPG2,MYPN,PKP2"
"HP","Abnormal urine protein level","HP:0020129","1","0","259","11","1","5080","NOS1AP"
"HP","Abnormal male reproductive system physiology","HP:0012874","1","0","359","11","1","5080","GNRHR"
"HP","Clinical modifier","HP:0012823","1","0","3561","11","9","5080","PRDM16,HSPG2,NOS1AP,CACNA2D2,GNRHR,MYPN,LDB3,CRYAB,PKP2"
"HP","Abnormal optic disc morphology","HP:0012795","1","0","769","11","2","5080","PRDM16,HSPG2"
"HP","Flexion contracture of finger","HP:0012785","1","0","243","11","2","5080","PRDM16,HSPG2"
"HP","Abnormal placental size","HP:0012767","1","0","16","11","1","5080","HSPG2"
"HP","Neurodevelopmental abnormality","HP:0012759","1","0","2894","11","6","5080","PRDM16,HSPG2,CACNA2D2,MECOM,MYPN,MYO18B"
"HP","Neurodevelopmental delay","HP:0012758","1","0","2495","11","5","5080","PRDM16,HSPG2,CACNA2D2,MYPN,MYO18B"
"HP","Profound global developmental delay","HP:0012736","1","0","73","11","1","5080","CACNA2D2"
"HP","Macule","HP:0012733","1","0","236","11","2","5080","PRDM16,HSPG2"
"HP","Thoracic aortic aneurysm","HP:0012727","1","0","123","11","3","5080","PRDM16,HSPG2,MYPN"
"HP","Heart block","HP:0012722","1","0","133","11","3","5080","MYPN,LDB3,PKP2"
"HP","Functional abnormality of the gastrointestinal tract","HP:0012719","1","0","1251","11","4","5080","PRDM16,HSPG2,MYPN,CRYAB"
"HP","Moderately reduced left ventricular ejection fraction","HP:0012665","1","0","1","11","1","5080","CRYAB"
"HP","Abnormality of skeletal muscle fiber size","HP:0012084","1","0","119","11","2","5080","MYPN,CRYAB"
"HP","Abnormal neutrophil count","HP:0011991","1","0","228","11","1","5080","MECOM"
"HP","Feeding difficulties","HP:0011968","1","0","1195","11","3","5080","PRDM16,HSPG2,MYPN"
"HP","Abdominal symptom","HP:0011458","1","0","1938","11","3","5080","PRDM16,HSPG2,MYPN"
"HP","Functional abnormality of the middle ear","HP:0011452","1","0","378","11","2","5080","PRDM16,HSPG2"
"HP","Abnormality of mental function","HP:0011446","1","0","3193","11","5","5080","PRDM16,HSPG2,CACNA2D2,MECOM,GNRHR"
"HP","Abnormality of coordination","HP:0011443","1","0","1212","11","2","5080","CACNA2D2,MYPN"
"HP","Abnormal central motor function","HP:0011442","1","0","2048","11","5","5080","PRDM16,HSPG2,CACNA2D2,MYPN,CRYAB"
"HP","Fetal ultrasound soft marker","HP:0011425","1","0","125","11","1","5080","HSPG2"
"HP","Age of death","HP:0011420","1","0","451","11","2","5080","HSPG2,CRYAB"
"HP","Abnormal umbilical cord blood vessel morphology","HP:0011403","1","0","46","11","1","5080","HSPG2"
"HP","Functional abnormality of the inner ear","HP:0011389","1","0","1060","11","7","5080","PRDM16,HSPG2,MECOM,GNRHR,MYPN,LDB3,CRYAB"
"HP","Abnormal hair quantity","HP:0011362","1","0","879","11","3","5080","PRDM16,HSPG2,GNRHR"
"HP","Congenital abnormal hair pattern","HP:0011361","1","0","327","11","2","5080","HSPG2,MYO18B"
"HP","Regional abnormality of skin","HP:0011356","1","0","540","11","1","5080","HSPG2"
"HP","Localized skin lesion","HP:0011355","1","0","895","11","2","5080","PRDM16,HSPG2"
"HP","Generalized abnormality of skin","HP:0011354","1","0","1087","11","2","5080","PRDM16,HSPG2"
"HP","Abnormality of upper lip vermillion","HP:0011339","1","0","468","11","1","5080","MYO18B"
"HP","Abnormality of mouth shape","HP:0011338","1","0","292","11","1","5080","HSPG2"
"HP","Abnormality of mouth size","HP:0011337","1","0","430","11","2","5080","PRDM16,HSPG2"
"HP","Abnormality of cranial sutures","HP:0011329","1","0","387","11","2","5080","PRDM16,HSPG2"
"HP","Abnormal long bone morphology","HP:0011314","1","0","785","11","2","5080","HSPG2,MECOM"
"HP","Abnormal digit morphology","HP:0011297","1","0","1531","11","3","5080","PRDM16,HSPG2,MECOM"
"HP","Abnormal metencephalon morphology","HP:0011283","1","0","1041","11","1","5080","CACNA2D2"
"HP","Abnormal hindbrain morphology","HP:0011282","1","0","1041","11","1","5080","CACNA2D2"
"HP","Abnormality of the urinary system physiology","HP:0011277","1","0","1127","11","1","5080","NOS1AP"
"HP","Vascular skin abnormality","HP:0011276","1","0","588","11","2","5080","PRDM16,HSPG2"
"HP","Horizontal eyebrow","HP:0011228","1","0","35","11","2","5080","PRDM16,HSPG2"
"HP","Abnormal shape of the frontal region","HP:0011218","1","0","429","11","2","5080","PRDM16,HSPG2"
"HP","Abnormal skin adnexa morphology","HP:0011138","1","0","1509","11","4","5080","PRDM16,HSPG2,GNRHR,MYO18B"
"HP","Abnormal skin morphology","HP:0011121","1","0","1989","11","3","5080","PRDM16,HSPG2,CRYAB"
"HP","Concave nasal ridge","HP:0011120","1","0","24","11","1","5080","HSPG2"
"HP","Young adult onset","HP:0011462","1","0","618","11","3","5080","PRDM16,MYPN,PKP2"
"HP","Childhood onset","HP:0011463","1","0","951","11","2","5080","HSPG2,MYPN"
"HP","Abnormality of lens shape","HP:0011526","1","0","22","11","1","5080","CRYAB"
"HP","Abnormal connection of the cardiac segments","HP:0011545","1","0","285","11","2","5080","PRDM16,HSPG2"
"HP","Non-obstructive azoospermia","HP:0011961","1","0","64","11","1","5080","GNRHR"
"HP","Respiratory tract infection","HP:0011947","1","0","809","11","1","5080","MYPN"
"HP","Short digit","HP:0011927","1","0","611","11","3","5080","PRDM16,HSPG2,MECOM"
"HP","Abnormal leukocyte count","HP:0011893","1","0","509","11","1","5080","MECOM"
"HP","Abnormal platelet morphology","HP:0011875","1","0","461","11","1","5080","MECOM"
"HP","Abnormal platelet count","HP:0011873","1","0","457","11","1","5080","MECOM"
"HP","Abnormal bone ossification","HP:0011849","1","0","759","11","2","5080","HSPG2,GNRHR"
"HP","Abnormal appendicular skeleton morphology","HP:0011844","1","0","1881","11","4","5080","PRDM16,HSPG2,MECOM,MYO18B"
"HP","Abnormal musculoskeletal physiology","HP:0011843","1","0","1668","11","6","5080","PRDM16,HSPG2,MECOM,GNRHR,MYPN,MYO18B"
"HP","Abnormal skeletal morphology","HP:0011842","1","0","3184","11","6","5080","PRDM16,HSPG2,MECOM,GNRHR,MYPN,MYO18B"
"HP","Abnormal facial skeleton morphology","HP:0011821","1","0","1395","11","3","5080","HSPG2,MYPN,MYO18B"
"HP","Cephalocele","HP:0011815","1","0","121","11","1","5080","HSPG2"
"HP","Decreased patellar reflex","HP:0011808","1","0","10","11","1","5080","LDB3"
"HP","Abnormal skeletal muscle morphology","HP:0011805","1","0","1904","11","7","5080","PRDM16,HSPG2,GNRHR,MYPN,LDB3,CRYAB,MYO18B"
"HP","Supernumerary tooth","HP:0011069","1","0","52","11","1","5080","HSPG2"
"HP","Abnormal muscle physiology","HP:0011804","1","0","2556","11","7","5080","PRDM16,HSPG2,CACNA2D2,MYPN,LDB3,CRYAB,MYO18B"
"HP","Abnormality of facial soft tissue","HP:0011799","1","0","517","11","2","5080","MYPN,CRYAB"
"HP","Neoplasm by anatomical site","HP:0011793","1","0","938","11","2","5080","PRDM16,HSPG2"
"HP","Neoplasm by histology","HP:0011792","1","0","357","11","2","5080","PRDM16,HSPG2"
"HP","Abnormality of joint mobility","HP:0011729","1","0","1348","11","6","5080","PRDM16,HSPG2,MECOM,GNRHR,MYPN,MYO18B"
"HP","Trifascicular block","HP:0011715","1","0","22","11","1","5080","PKP2"
"HP","Left bundle branch block","HP:0011713","1","0","17","11","1","5080","LDB3"
"HP","Right bundle branch block","HP:0011712","1","0","56","11","1","5080","PKP2"
"HP","Bundle branch block","HP:0011710","1","0","76","11","2","5080","LDB3,PKP2"
"HP","First degree atrioventricular block","HP:0011705","1","0","43","11","2","5080","MYPN,PKP2"
"HP","Sick sinus syndrome","HP:0011704","1","0","29","11","1","5080","PKP2"
"HP","Sinus tachycardia","HP:0011703","1","0","28","11","1","5080","MYPN"
"HP","Right ventricular cardiomyopathy","HP:0011663","1","0","7","11","1","5080","PKP2"
"HP","Congenital malformation of the great arteries","HP:0011603","1","0","534","11","2","5080","PRDM16,HSPG2"
"HP","Abnormal ventriculoarterial connection","HP:0011563","1","0","281","11","2","5080","PRDM16,HSPG2"
"HP","Midface retrusion","HP:0011800","1","0","291","11","2","5080","PRDM16,HSPG2"
"HP","Microcornea","HP:0000482","1","0","137","11","1","5080","HSPG2"
"HP","Abnormal cornea morphology","HP:0000481","1","0","743","11","1","5080","HSPG2"
"HP","Abnormal retinal morphology","HP:0000479","1","0","986","11","1","5080","CRYAB"
"HP","Abnormality of facial musculature","HP:0000301","1","0","333","11","2","5080","MYPN,CRYAB"
"HP","Mask-like facies","HP:0000298","1","0","53","11","1","5080","HSPG2"
"HP","Low anterior hairline","HP:0000294","1","0","150","11","1","5080","HSPG2"
"HP","Full cheeks","HP:0000293","1","0","155","11","1","5080","HSPG2"
"HP","Abnormal forehead morphology","HP:0000290","1","0","1211","11","3","5080","PRDM16,HSPG2,MYO18B"
"HP","Abnormality of the philtrum","HP:0000288","1","0","733","11","3","5080","PRDM16,HSPG2,MYO18B"
"HP","Epicanthus","HP:0000286","1","0","621","11","2","5080","PRDM16,HSPG2"
"HP","Abnormal mandible morphology","HP:0000277","1","0","1129","11","3","5080","HSPG2,MYPN,MYO18B"
"HP","Long face","HP:0000276","1","0","262","11","1","5080","MYPN"
"HP","Narrow face","HP:0000275","1","0","108","11","1","5080","MYPN"
"HP","Small face","HP:0000274","1","0","142","11","1","5080","MYPN"
"HP","Malar flattening","HP:0000272","1","0","212","11","1","5080","HSPG2"
"HP","Abnormality of the face","HP:0000271","1","0","3032","11","8","5080","PRDM16,HSPG2,CACNA2D2,MECOM,GNRHR,MYPN,CRYAB,MYO18B"
"HP","Delayed cranial suture closure","HP:0000270","1","0","96","11","2","5080","PRDM16,HSPG2"
"HP","Microcephaly","HP:0000252","1","0","1352","11","3","5080","PRDM16,HSPG2,MYO18B"
"HP","Brachycephaly","HP:0000248","1","0","255","11","2","5080","PRDM16,HSPG2"
"HP","Abnormality of skull size","HP:0000240","1","0","1634","11","3","5080","PRDM16,HSPG2,MYO18B"
"HP","Hydrocephalus","HP:0000238","1","0","427","11","1","5080","HSPG2"
"HP","Abnormal cranial suture/fontanelle morphology","HP:0000235","1","0","472","11","2","5080","PRDM16,HSPG2"
"HP","Abnormality of the head","HP:0000234","1","0","3342","11","8","5080","PRDM16,HSPG2,CACNA2D2,MECOM,GNRHR,MYPN,CRYAB,MYO18B"
"HP","Thin vermilion border","HP:0000233","1","0","419","11","1","5080","MYO18B"
"HP","Everted lower lip vermilion","HP:0000232","1","0","142","11","2","5080","HSPG2,MYO18B"
"HP","Thin upper lip vermilion","HP:0000219","1","0","323","11","1","5080","MYO18B"
"HP","High palate","HP:0000218","1","0","795","11","3","5080","HSPG2,MYPN,MYO18B"
"HP","Trismus","HP:0000211","1","0","14","11","1","5080","HSPG2"
"HP","Pursed lips","HP:0000205","1","0","5","11","1","5080","HSPG2"
"HP","Orofacial cleft","HP:0000202","1","0","653","11","3","5080","HSPG2,MECOM,GNRHR"
"HP","Abnormal lower lip morphology","HP:0000178","1","0","245","11","2","5080","HSPG2,MYO18B"
"HP","Abnormal upper lip morphology","HP:0000177","1","0","970","11","3","5080","PRDM16,HSPG2,MYO18B"
"HP","Abnormality of the chin","HP:0000306","1","0","416","11","2","5080","PRDM16,HSPG2"
"HP","Cleft palate","HP:0000175","1","0","611","11","3","5080","HSPG2,MECOM,GNRHR"
"HP","Pointed chin","HP:0000307","1","0","140","11","2","5080","PRDM16,HSPG2"
"HP","Abnormality of the orbital region","HP:0000315","1","0","1661","11","2","5080","PRDM16,HSPG2"
"HP","Abnormality of the eye","HP:0000478","1","0","3114","11","7","5080","PRDM16,HSPG2,CACNA2D2,GNRHR,MYPN,CRYAB,MYO18B"
"HP","Short neck","HP:0000470","1","0","400","11","2","5080","HSPG2,MYO18B"
"HP","Neck muscle weakness","HP:0000467","1","0","93","11","2","5080","MYPN,CRYAB"
"HP","Webbed neck","HP:0000465","1","0","124","11","1","5080","MYO18B"
"HP","Abnormality of the neck","HP:0000464","1","0","715","11","3","5080","PRDM16,HSPG2,MYO18B"
"HP","Depressed nasal ridge","HP:0000457","1","0","131","11","2","5080","PRDM16,HSPG2"
"HP","Abnormal nasal tip morphology","HP:0000436","1","0","381","11","1","5080","MYO18B"
"HP","Wide nasal bridge","HP:0000431","1","0","512","11","2","5080","PRDM16,HSPG2"
"HP","Underdeveloped nasal alae","HP:0000430","1","0","105","11","1","5080","MYO18B"
"HP","Abnormal morphology of the nasal alae","HP:0000429","1","0","576","11","1","5080","MYO18B"
"HP","Prominent nasal bridge","HP:0000426","1","0","241","11","1","5080","HSPG2"
"HP","Abnormal nasal bridge morphology","HP:0000422","1","0","1034","11","3","5080","PRDM16,HSPG2,GNRHR"
"HP","Bulbous nose","HP:0000414","1","0","204","11","1","5080","MYO18B"
"HP","Sensorineural hearing impairment","HP:0000407","1","0","939","11","7","5080","PRDM16,HSPG2,MECOM,GNRHR,MYPN,LDB3,CRYAB"
"HP","Conductive hearing impairment","HP:0000405","1","0","373","11","2","5080","PRDM16,HSPG2"
"HP","Overfolded helix","HP:0000396","1","0","85","11","1","5080","HSPG2"
"HP","Abnormal pinna morphology","HP:0000377","1","0","1309","11","3","5080","PRDM16,HSPG2,MYO18B"
"HP","Abnormality of the middle ear","HP:0000370","1","0","640","11","2","5080","PRDM16,HSPG2"
"HP","Low-set ears","HP:0000369","1","0","771","11","2","5080","HSPG2,MYO18B"
"HP","Abnormality of the nose","HP:0000366","1","0","1756","11","4","5080","PRDM16,HSPG2,GNRHR,MYO18B"
"HP","Hearing impairment","HP:0000365","1","0","1570","11","8","5080","PRDM16,HSPG2,NOS1AP,MECOM,GNRHR,MYPN,LDB3,CRYAB"
"HP","Hearing abnormality","HP:0000364","1","0","1597","11","8","5080","PRDM16,HSPG2,NOS1AP,MECOM,GNRHR,MYPN,LDB3,CRYAB"
"HP","Posteriorly rotated ears","HP:0000358","1","0","473","11","2","5080","PRDM16,HSPG2"
"HP","Abnormal location of ears","HP:0000357","1","0","956","11","3","5080","PRDM16,HSPG2,MYO18B"
"HP","Abnormality of the outer ear","HP:0000356","1","0","1323","11","3","5080","PRDM16,HSPG2,MYO18B"
"HP","Micrognathia","HP:0000347","1","0","847","11","3","5080","HSPG2,MYPN,MYO18B"
"HP","Long philtrum","HP:0000343","1","0","432","11","3","5080","PRDM16,HSPG2,MYO18B"
"HP","Narrow forehead","HP:0000341","1","0","189","11","1","5080","MYO18B"
"HP","Hypertelorism","HP:0000316","1","0","837","11","3","5080","HSPG2,GNRHR,MYPN"
"HP","Abnormal midface morphology","HP:0000309","1","0","641","11","2","5080","PRDM16,HSPG2"
"HP","Abnormal palate morphology","HP:0000174","1","0","1165","11","5","5080","HSPG2,MECOM,GNRHR,MYPN,MYO18B"
"HP","Abnormality of the dentition","HP:0000164","1","0","1012","11","2","5080","HSPG2,GNRHR"
"HP","Abnormal oral cavity morphology","HP:0000163","1","0","2280","11","6","5080","PRDM16,HSPG2,MECOM,GNRHR,MYPN,MYO18B"
"HP","Abnormal male external genitalia morphology","HP:0000032","1","0","1103","11","4","5080","PRDM16,HSPG2,MECOM,GNRHR"
"HP","Cryptorchidism","HP:0000028","1","0","782","11","3","5080","PRDM16,HSPG2,GNRHR"
"HP","Azoospermia","HP:0000027","1","0","141","11","1","5080","GNRHR"
"HP","Male hypogonadism","HP:0000026","1","0","46","11","1","5080","GNRHR"
"HP","Functional abnormality of male internal genitalia","HP:0000025","1","0","295","11","1","5080","GNRHR"
"HP","Inguinal hernia","HP:0000023","1","0","315","11","1","5080","HSPG2"
"HP","Hypoplasia of the uterus","HP:0000013","1","0","53","11","1","5080","GNRHR"
"HP","Abnormal morphology of female internal genitalia","HP:0000008","1","0","473","11","1","5080","GNRHR"
"HP","Autosomal recessive inheritance","HP:0000007","1","0","3088","11","7","5080","HSPG2,NOS1AP,CACNA2D2,GNRHR,MYPN,CRYAB,MYO18B"
"HP","Autosomal dominant inheritance","HP:0000006","1","0","1980","11","6","5080","PRDM16,MECOM,MYPN,LDB3,CRYAB,PKP2"
"HP","Mode of inheritance","HP:0000005","1","0","4782","11","11","5080","PRDM16,HSPG2,NOS1AP,CACNA2D2,MECOM,GNRHR,MYPN,LDB3,CRYAB,PKP2,MYO18B"
"HP","Abnormality of body height","HP:0000002","1","0","1520","11","5","5080","PRDM16,HSPG2,GNRHR,MYPN,MYO18B"
"HP","HP root","HP:0000001","1","0","5080","11","11","5080","PRDM16,HSPG2,NOS1AP,CACNA2D2,MECOM,GNRHR,MYPN,LDB3,CRYAB,PKP2,MYO18B"
"HP","Hydrocele testis","HP:0000034","1","0","36","11","1","5080","MECOM"
"HP","Abnormal testis morphology","HP:0000035","1","0","930","11","4","5080","PRDM16,HSPG2,MECOM,GNRHR"
"HP","Abnormal penis morphology","HP:0000036","1","0","682","11","3","5080","PRDM16,HSPG2,GNRHR"
"HP","Hypogonadotropic hypogonadism","HP:0000044","1","0","170","11","1","5080","GNRHR"
"HP","Narrow mouth","HP:0000160","1","0","237","11","2","5080","PRDM16,HSPG2"
"HP","Abnormal lip morphology","HP:0000159","1","0","1241","11","3","5080","PRDM16,HSPG2,MYO18B"
"HP","Abnormality of the mouth","HP:0000153","1","0","2370","11","6","5080","PRDM16,HSPG2,MECOM,GNRHR,MYPN,MYO18B"
"HP","Abnormality of head or neck","HP:0000152","1","0","3371","11","8","5080","PRDM16,HSPG2,CACNA2D2,MECOM,GNRHR,MYPN,CRYAB,MYO18B"
"HP","Decreased fertility","HP:0000144","1","0","381","11","1","5080","GNRHR"
"HP","Amenorrhea","HP:0000141","1","0","202","11","1","5080","GNRHR"
"HP","Abnormality of the menstrual cycle","HP:0000140","1","0","330","11","1","5080","GNRHR"
"HP","Abnormality of the ovary","HP:0000137","1","0","237","11","1","5080","GNRHR"
"HP","Hypogonadism","HP:0000135","1","0","351","11","3","5080","PRDM16,HSPG2,GNRHR"
"HP","Female hypogonadism","HP:0000134","1","0","28","11","1","5080","GNRHR"
"HP","Abnormality of the uterus","HP:0000130","1","0","256","11","1","5080","GNRHR"
"HP","Hydronephrosis","HP:0000126","1","0","268","11","2","5080","PRDM16,HSPG2"
"HP","Abnormality of the genitourinary system","HP:0000119","1","0","2687","11","5","5080","PRDM16,HSPG2,NOS1AP,MECOM,GNRHR"
"HP","Phenotypic abnormality","HP:0000118","1","0","5078","11","11","5080","PRDM16,HSPG2,NOS1AP,CACNA2D2,MECOM,GNRHR,MYPN,LDB3,CRYAB,PKP2,MYO18B"
"HP","Renal cyst","HP:0000107","1","0","283","11","2","5080","PRDM16,HSPG2"
"HP","Tall stature","HP:0000098","1","0","178","11","2","5080","HSPG2,MYPN"
"HP","Glomerular sclerosis","HP:0000096","1","0","99","11","1","5080","NOS1AP"
"HP","Abnormal renal glomerulus morphology","HP:0000095","1","0","206","11","1","5080","NOS1AP"
"HP","Proteinuria","HP:0000093","1","0","240","11","1","5080","NOS1AP"
"HP","Renal insufficiency","HP:0000083","1","0","423","11","1","5080","NOS1AP"
"HP","Abnormality of reproductive system physiology","HP:0000080","1","0","815","11","3","5080","PRDM16,HSPG2,GNRHR"
"HP","Abnormality of the urinary system","HP:0000079","1","0","2052","11","3","5080","PRDM16,HSPG2,NOS1AP"
"HP","Abnormality of the genital system","HP:0000078","1","0","1704","11","4","5080","PRDM16,HSPG2,MECOM,GNRHR"
"HP","Abnormality of the kidney","HP:0000077","1","0","1445","11","3","5080","PRDM16,HSPG2,NOS1AP"
"HP","Abnormality of the ureter","HP:0000069","1","0","376","11","1","5080","HSPG2"
"HP","Abnormal female external genitalia morphology","HP:0000055","1","0","157","11","2","5080","PRDM16,HSPG2"
"HP","Micropenis","HP:0000054","1","0","277","11","1","5080","GNRHR"
"HP","Hypoplastic male external genitalia","HP:0000050","1","0","504","11","3","5080","PRDM16,HSPG2,GNRHR"
"HP","Hypospadias","HP:0000047","1","0","379","11","2","5080","PRDM16,HSPG2"
"HP","Nephrotic syndrome","HP:0000100","1","0","136","11","1","5080","NOS1AP"
