"source","term_name","term_id","adjusted_p_value","negative_log10_of_adjusted_p_value","term_size","query_size","intersection_size","effective_domain_size","intersections"
"GO:MF","histone H3K9 monomethyltransferase activity","GO:0140948","0.0027395150473866086","2.562326309765127","6","17","2","20208","PRDM16,MECOM"
"GO:MF","histone H3K9me2 methyltransferase activity","GO:0140947","0.003833423144667285","2.4164132393808764","7","17","2","20208","PRDM16,MECOM"
"GO:MF","histone H3K9 methyltransferase activity","GO:0046974","0.014196209149771584","1.8478276109078078","13","17","2","20208","PRDM16,MECOM"
"GO:MF","muscle alpha-actinin binding","GO:0051371","0.01909137618064865","1.7191627648425727","15","17","2","20208","MYPN,LDB3"
"GO:MF","alpha-actinin binding","GO:0051393","0.06828828928269876","1.1656537668304305","28","17","2","20208","MYPN,LDB3"
"GO:MF","actinin binding","GO:0042805","0.11978301321749743","0.9216047661618774","37","17","2","20208","MYPN,LDB3"
"GO:MF","histone H3 methyltransferase activity","GO:0140938","0.19346346453534777","0.7134010391662537","47","17","2","20208","PRDM16,MECOM"
"GO:MF","protein kinase C binding","GO:0005080","0.21025731131695408","0.677248893463934","49","17","2","20208","LDB3,PKP2"
"GO:MF","adrenomedullin receptor binding","GO:0031700","0.23111290926028646","0.6361757954818331","1","17","1","20208","ADM"
"GO:MF","cell-cell adhesion mediator activity","GO:0098632","0.2942281628966016","0.5313157598708695","58","17","2","20208","MYPN,PKP2"
"GO:MF","histone modifying activity","GO:0140993","0.32599795749409854","0.4867851209499171","580","17","4","20208","PRDM16,KAT2B,MECOM,PTP4A3"
"GO:MF","DNA-binding transcription repressor activity, RNA polymerase II-specific","GO:0001227","0.371457803459098","0.4300905137088019","267","17","3","20208","PRDM16,SP3,NFATC3"
"GO:MF","histone methyltransferase activity","GO:0042054","0.39180337820617456","0.4069318237522693","67","17","2","20208","PRDM16,MECOM"
"GO:MF","protein-lysine N-methyltransferase activity","GO:0016279","0.4153155378336307","0.3816218207100675","69","17","2","20208","PRDM16,MECOM"
"GO:MF","DNA-binding transcription repressor activity","GO:0001217","0.4170791885129419","0.37978148011217255","278","17","3","20208","PRDM16,SP3,NFATC3"
"GO:MF","lysine N-methyltransferase activity","GO:0016278","0.4273194726999418","0.36924731618481177","70","17","2","20208","PRDM16,MECOM"
"GO:MF","gonadotropin-releasing hormone receptor activity","GO:0004968","0.4620428222048532","0.33531777209444413","2","17","1","20208","GNRHR"
"GO:MF","cell adhesion mediator activity","GO:0098631","0.5292661247191471","0.27632590181139155","78","17","2","20208","MYPN,PKP2"
"GO:MF","amyloid-beta binding","GO:0001540","0.584156728712603","0.23347061644386022","82","17","2","20208","HSPG2,CRYAB"
"GO:MF","diamine N-acetyltransferase activity","GO:0004145","0.6927898746820839","0.1593984682797293","3","17","1","20208","KAT2B"
"GO:MF","protein methyltransferase activity","GO:0008276","0.7643056606088763","0.11673292392661105","94","17","2","20208","PRDM16,MECOM"
"GO:MF","N-methyltransferase activity","GO:0008170","0.8294614062034095","0.0812038163458589","98","17","2","20208","PRDM16,MECOM"
"GO:MF","DNA binding","GO:0003677","1","0","2540","17","6","20208","PRDM16,SP3,KAT2B,MECOM,PKP2,NFATC3"
"GO:MF","nucleic acid binding","GO:0003676","1","0","5437","17","6","20208","PRDM16,SP3,KAT2B,MECOM,PKP2,NFATC3"
"GO:MF","molecular_function","GO:0003674","1","0","20208","17","17","20208","PRDM16,HSPG2,NOS1AP,SP3,KAT2B,CACNA2D2,MON1A,MECOM,GNRHR,PTP4A3,MYPN,LDB3,ADM,CRYAB,PKP2,NFATC3,MYO18B"
"GO:MF","G protein-coupled receptor binding","GO:0001664","1","0","286","17","1","20208","ADM"
"GO:MF","DNA-binding transcription activator activity, RNA polymerase II-specific","GO:0001228","1","0","431","17","3","20208","PRDM16,MECOM,NFATC3"
"GO:MF","DNA-binding transcription activator activity","GO:0001216","1","0","437","17","3","20208","PRDM16,MECOM,NFATC3"
"GO:MF","transcription regulatory region nucleic acid binding","GO:0001067","1","0","1414","17","5","20208","PRDM16,SP3,KAT2B,MECOM,NFATC3"
"GO:MF","cis-regulatory region sequence-specific DNA binding","GO:0000987","1","0","1131","17","4","20208","PRDM16,SP3,MECOM,NFATC3"
"GO:MF","DNA-binding transcription factor activity, RNA polymerase II-specific","GO:0000981","1","0","1309","17","4","20208","PRDM16,SP3,MECOM,NFATC3"
"GO:MF","RNA polymerase II cis-regulatory region sequence-specific DNA binding","GO:0000978","1","0","1105","17","4","20208","PRDM16,SP3,MECOM,NFATC3"
"GO:MF","RNA polymerase II transcription regulatory region sequence-specific DNA binding","GO:0000977","1","0","1310","17","5","20208","PRDM16,SP3,KAT2B,MECOM,NFATC3"
"GO:MF","transcription cis-regulatory region binding","GO:0000976","1","0","1413","17","5","20208","PRDM16,SP3,KAT2B,MECOM,NFATC3"
"GO:MF","carbohydrate derivative binding","GO:0097367","1","0","2284","17","1","20208","MYO18B"
"GO:MF","cell adhesive protein binding involved in bundle of His cell-Purkinje myocyte communication","GO:0086083","1","0","5","17","1","20208","PKP2"
"GO:MF","protein binding involved in heterotypic cell-cell adhesion","GO:0086080","1","0","12","17","1","20208","PKP2"
"GO:MF","lipoprotein particle receptor binding","GO:0070325","1","0","30","17","1","20208","HSPG2"
"GO:MF","protein-lysine-acetyltransferase activity","GO:0061733","1","0","48","17","1","20208","KAT2B"
"GO:MF","RNA polymerase II-specific DNA-binding transcription factor binding","GO:0061629","1","0","346","17","1","20208","SP3"
"GO:MF","nucleoside-triphosphatase regulator activity","GO:0060589","1","0","502","17","1","20208","MON1A"
"GO:MF","molecular adaptor activity","GO:0060090","1","0","1334","17","4","20208","PRDM16,NOS1AP,KAT2B,PKP2"
"GO:MF","molecular transducer activity","GO:0060089","1","0","1513","17","1","20208","GNRHR"
"GO:MF","unfolded protein binding","GO:0051082","1","0","114","17","1","20208","CRYAB"
"GO:MF","actin filament binding","GO:0051015","1","0","207","17","1","20208","MYO18B"
"GO:MF","nitric-oxide synthase binding","GO:0050998","1","0","10","17","1","20208","NOS1AP"
"GO:MF","cell adhesion molecule binding","GO:0050839","1","0","563","17","2","20208","MYPN,PKP2"
"GO:MF","histone H3K122 acetyltransferase activity","GO:0140908","1","0","22","17","1","20208","KAT2B"
"GO:MF","histone H2AXY142 phosphatase activity","GO:0140793","1","0","90","17","1","20208","PTP4A3"
"GO:MF","histone phosphatase activity","GO:0140789","1","0","137","17","1","20208","PTP4A3"
"GO:MF","molecular function inhibitor activity","GO:0140678","1","0","559","17","1","20208","KAT2B"
"GO:MF","molecular function activator activity","GO:0140677","1","0","1209","17","1","20208","ADM"
"GO:MF","DNA-binding transcription factor binding","GO:0140297","1","0","485","17","3","20208","PRDM16,SP3,KAT2B"
"GO:MF","protein N-acyltransferase activity","GO:0140186","1","0","54","17","1","20208","KAT2B"
"GO:MF","transcription regulator activity","GO:0140110","1","0","1907","17","5","20208","PRDM16,SP3,KAT2B,MECOM,NFATC3"
"GO:MF","catalytic activity, acting on a protein","GO:0140096","1","0","2365","17","4","20208","PRDM16,KAT2B,MECOM,PTP4A3"
"GO:MF","L-amino-acid N-acetyltransferase activity","GO:0140085","1","0","7","17","1","20208","KAT2B"
"GO:MF","ion channel regulator activity","GO:0099106","1","0","162","17","1","20208","PKP2"
"GO:MF","molecular function regulator activity","GO:0098772","1","0","2266","17","5","20208","NOS1AP,KAT2B,MON1A,ADM,PKP2"
"GO:MF","sequence-specific double-stranded DNA binding","GO:1990837","1","0","1487","17","5","20208","PRDM16,SP3,KAT2B,MECOM,NFATC3"
"GO:MF","heterocyclic compound binding","GO:1901363","1","0","2310","17","1","20208","MYO18B"
"GO:MF","nucleoside phosphate binding","GO:1901265","1","0","2180","17","1","20208","MYO18B"
"GO:MF","transporter regulator activity","GO:0141108","1","0","179","17","1","20208","PKP2"
"GO:MF","low-density lipoprotein particle receptor binding","GO:0050750","1","0","25","17","1","20208","HSPG2"
"GO:MF","receptor ligand activity","GO:0048018","1","0","548","17","1","20208","ADM"
"GO:MF","protein dimerization activity","GO:0046983","1","0","1122","17","2","20208","MECOM,CRYAB"
"GO:MF","histone H4K16 acetyltransferase activity","GO:0046972","1","0","23","17","1","20208","KAT2B"
"GO:MF","transition metal ion binding","GO:0046914","1","0","2445","17","3","20208","PRDM16,SP3,MECOM"
"GO:MF","metal ion transmembrane transporter activity","GO:0046873","1","0","454","17","1","20208","CACNA2D2"
"GO:MF","metal ion binding","GO:0046872","1","0","4450","17","7","20208","PRDM16,HSPG2,SP3,CACNA2D2,MECOM,LDB3,CRYAB"
"GO:MF","cadherin binding","GO:0045296","1","0","335","17","1","20208","PKP2"
"GO:MF","alpha-catenin binding","GO:0045294","1","0","11","17","1","20208","PKP2"
"GO:MF","protein-containing complex binding","GO:0044877","1","0","1252","17","2","20208","CRYAB,MYO18B"
"GO:MF","transmembrane transporter binding","GO:0044325","1","0","139","17","1","20208","PKP2"
"GO:MF","histone H3K36 acetyltransferase activity","GO:0044018","1","0","22","17","1","20208","KAT2B"
"GO:MF","histone H3K27 acetyltransferase activity","GO:0044017","1","0","22","17","1","20208","KAT2B"
"GO:MF","histone H3K4 acetyltransferase activity","GO:0044016","1","0","22","17","1","20208","KAT2B"
"GO:MF","histone H2BK12 acetyltransferase activity","GO:0044015","1","0","22","17","1","20208","KAT2B"
"GO:MF","histone H2BK5 acetyltransferase activity","GO:0044014","1","0","22","17","1","20208","KAT2B"
"GO:MF","histone H2B acetyltransferase activity","GO:0044013","1","0","23","17","1","20208","KAT2B"
"GO:MF","histone H2AK9 acetyltransferase activity","GO:0044012","1","0","22","17","1","20208","KAT2B"
"GO:MF","histone H2AK5 acetyltransferase activity","GO:0043999","1","0","22","17","1","20208","KAT2B"
"GO:MF","histone H2A acetyltransferase activity","GO:0043998","1","0","24","17","1","20208","KAT2B"
"GO:MF","histone H4K12 acetyltransferase activity","GO:0043997","1","0","30","17","1","20208","KAT2B"
"GO:MF","histone H4K8 acetyltransferase activity","GO:0043996","1","0","30","17","1","20208","KAT2B"
"GO:MF","histone H4K5 acetyltransferase activity","GO:0043995","1","0","30","17","1","20208","KAT2B"
"GO:MF","histone H3K23 acetyltransferase activity","GO:0043994","1","0","22","17","1","20208","KAT2B"
"GO:MF","histone H3K18 acetyltransferase activity","GO:0043993","1","0","22","17","1","20208","KAT2B"
"GO:MF","histone H3K9 acetyltransferase activity","GO:0043992","1","0","22","17","1","20208","KAT2B"
"GO:MF","sequence-specific DNA binding","GO:0043565","1","0","1605","17","5","20208","PRDM16,SP3,KAT2B,MECOM,NFATC3"
"GO:MF","cation binding","GO:0043169","1","0","4548","17","7","20208","PRDM16,HSPG2,SP3,CACNA2D2,MECOM,LDB3,CRYAB"
"GO:MF","anion binding","GO:0043168","1","0","2496","17","1","20208","MYO18B"
"GO:MF","ion binding","GO:0043167","1","0","6253","17","8","20208","PRDM16,HSPG2,SP3,CACNA2D2,MECOM,LDB3,CRYAB,MYO18B"
"GO:MF","histone deacetylase binding","GO:0042826","1","0","125","17","1","20208","KAT2B"
"GO:MF","protein homodimerization activity","GO:0042803","1","0","717","17","2","20208","MECOM,CRYAB"
"GO:MF","identical protein binding","GO:0042802","1","0","2179","17","2","20208","MECOM,CRYAB"
"GO:MF","phosphoric ester hydrolase activity","GO:0042578","1","0","374","17","1","20208","PTP4A3"
"GO:MF","peptide binding","GO:0042277","1","0","237","17","2","20208","HSPG2,CRYAB"
"GO:MF","signaling receptor activity","GO:0038023","1","0","1513","17","1","20208","GNRHR"
"GO:MF","histone H3K14 acetyltransferase activity","GO:0036408","1","0","28","17","1","20208","KAT2B"
"GO:MF","small molecule binding","GO:0036094","1","0","6446","17","8","20208","PRDM16,HSPG2,SP3,CACNA2D2,MECOM,LDB3,CRYAB,MYO18B"
"GO:MF","purine ribonucleoside triphosphate binding","GO:0035639","1","0","1854","17","1","20208","MYO18B"
"GO:MF","signaling adaptor activity","GO:0035591","1","0","128","17","1","20208","NOS1AP"
"GO:MF","histone acetyltransferase binding","GO:0035035","1","0","23","17","1","20208","KAT2B"
"GO:MF","protein N-acetyltransferase activity","GO:0034212","1","0","54","17","1","20208","KAT2B"
"GO:MF","histone H3K56 acetyltransferase activity","GO:0032931","1","0","22","17","1","20208","KAT2B"
"GO:MF","adenyl ribonucleotide binding","GO:0032559","1","0","1546","17","1","20208","MYO18B"
"GO:MF","purine ribonucleotide binding","GO:0032555","1","0","1902","17","1","20208","MYO18B"
"GO:MF","ribonucleotide binding","GO:0032553","1","0","1919","17","1","20208","MYO18B"
"GO:MF","protein tyrosine phosphatase activity, metal-dependent","GO:0030946","1","0","89","17","1","20208","PTP4A3"
"GO:MF","GTPase regulator activity","GO:0030695","1","0","501","17","1","20208","MON1A"
"GO:MF","protein-macromolecule adaptor activity","GO:0030674","1","0","1157","17","3","20208","PRDM16,NOS1AP,KAT2B"
"GO:MF","adenyl nucleotide binding","GO:0030554","1","0","1640","17","1","20208","MYO18B"
"GO:MF","signaling receptor activator activity","GO:0030546","1","0","556","17","1","20208","ADM"
"GO:MF","signaling receptor regulator activity","GO:0030545","1","0","594","17","1","20208","ADM"
"GO:MF","protein serine/threonine kinase inhibitor activity","GO:0030291","1","0","50","17","1","20208","KAT2B"
"GO:MF","nitric-oxide synthase regulator activity","GO:0030235","1","0","7","17","1","20208","NOS1AP"
"GO:MF","enzyme regulator activity","GO:0030234","1","0","1372","17","3","20208","NOS1AP,KAT2B,MON1A"
"GO:MF","extracellular matrix structural constituent conferring compression resistance","GO:0030021","1","0","22","17","1","20208","HSPG2"
"GO:MF","transmembrane transporter activity","GO:0022857","1","0","1140","17","1","20208","CACNA2D2"
"GO:MF","voltage-gated monoatomic cation channel activity","GO:0022843","1","0","145","17","1","20208","CACNA2D2"
"GO:MF","gated channel activity","GO:0022836","1","0","321","17","1","20208","CACNA2D2"
"GO:MF","voltage-gated channel activity","GO:0022832","1","0","177","17","1","20208","CACNA2D2"
"GO:MF","passive transmembrane transporter activity","GO:0022803","1","0","512","17","1","20208","CACNA2D2"
"GO:MF","cyclin-dependent protein kinase regulator activity","GO:0019914","1","0","48","17","1","20208","KAT2B"
"GO:MF","protein domain specific binding","GO:0019904","1","0","627","17","1","20208","MYPN"
"GO:MF","protein kinase binding","GO:0019901","1","0","680","17","3","20208","KAT2B,LDB3,PKP2"
"GO:MF","kinase binding","GO:0019900","1","0","759","17","3","20208","KAT2B,LDB3,PKP2"
"GO:MF","enzyme binding","GO:0019899","1","0","2060","17","4","20208","NOS1AP,KAT2B,LDB3,PKP2"
"GO:MF","protein kinase regulator activity","GO:0019887","1","0","262","17","1","20208","KAT2B"
"GO:MF","intermediate filament binding","GO:0019215","1","0","11","17","1","20208","PKP2"
"GO:MF","kinase inhibitor activity","GO:0019210","1","0","93","17","1","20208","KAT2B"
"GO:MF","kinase regulator activity","GO:0019207","1","0","295","17","1","20208","KAT2B"
"GO:MF","SH3 domain binding","GO:0017124","1","0","113","17","1","20208","MYPN"
"GO:MF","sodium channel regulator activity","GO:0017080","1","0","38","17","1","20208","PKP2"
"GO:MF","purine nucleotide binding","GO:0017076","1","0","1997","17","1","20208","MYO18B"
"GO:MF","phosphatase activity","GO:0016791","1","0","281","17","1","20208","PTP4A3"
"GO:MF","hydrolase activity, acting on ester bonds","GO:0016788","1","0","720","17","1","20208","PTP4A3"
"GO:MF","hydrolase activity","GO:0016787","1","0","2442","17","1","20208","PTP4A3"
"GO:MF","acyltransferase activity, transferring groups other than amino-acyl groups","GO:0016747","1","0","230","17","1","20208","KAT2B"
"GO:MF","acyltransferase activity","GO:0016746","1","0","731","17","1","20208","KAT2B"
"GO:MF","transferase activity, transferring one-carbon groups","GO:0016741","1","0","229","17","2","20208","PRDM16,MECOM"
"GO:MF","transferase activity","GO:0016740","1","0","2331","17","3","20208","PRDM16,KAT2B,MECOM"
"GO:MF","cyclin-dependent protein serine/threonine kinase regulator activity","GO:0016538","1","0","48","17","1","20208","KAT2B"
"GO:MF","protein-hormone receptor activity","GO:0016500","1","0","68","17","1","20208","GNRHR"
"GO:MF","N-acyltransferase activity","GO:0016410","1","0","92","17","1","20208","KAT2B"
"GO:MF","acetyltransferase activity","GO:0016407","1","0","94","17","1","20208","KAT2B"
"GO:MF","channel regulator activity","GO:0016247","1","0","170","17","1","20208","PKP2"
"GO:MF","tubulin binding","GO:0015631","1","0","389","17","1","20208","CRYAB"
"GO:MF","channel activity","GO:0015267","1","0","512","17","1","20208","CACNA2D2"
"GO:MF","calcium ion transmembrane transporter activity","GO:0015085","1","0","145","17","1","20208","CACNA2D2"
"GO:MF","monoatomic ion transmembrane transporter activity","GO:0015075","1","0","770","17","1","20208","CACNA2D2"
"GO:MF","histone H4 acetyltransferase activity","GO:0010485","1","0","35","17","1","20208","KAT2B"
"GO:MF","histone H3 acetyltransferase activity","GO:0010484","1","0","29","17","1","20208","KAT2B"
"GO:MF","S-adenosylmethionine-dependent methyltransferase activity","GO:0008757","1","0","168","17","2","20208","PRDM16,MECOM"
"GO:MF","monoatomic cation transmembrane transporter activity","GO:0008324","1","0","656","17","1","20208","CACNA2D2"
"GO:MF","zinc ion binding","GO:0008270","1","0","2168","17","3","20208","PRDM16,SP3,MECOM"
"GO:MF","methyltransferase activity","GO:0008168","1","0","219","17","2","20208","PRDM16,MECOM"
"GO:MF","transcription factor binding","GO:0008134","1","0","597","17","3","20208","PRDM16,SP3,KAT2B"
"GO:MF","cytoskeletal protein binding","GO:0008092","1","0","996","17","4","20208","MYPN,LDB3,CRYAB,MYO18B"
"GO:MF","N-acetyltransferase activity","GO:0008080","1","0","67","17","1","20208","KAT2B"
"GO:MF","microtubule binding","GO:0008017","1","0","279","17","1","20208","CRYAB"
"GO:MF","ATP binding","GO:0005524","1","0","1504","17","1","20208","MYO18B"
"GO:MF","protein binding","GO:0005515","1","0","15082","17","15","20208","PRDM16,HSPG2,NOS1AP,SP3,KAT2B,MON1A,MECOM,PTP4A3,MYPN,LDB3,ADM,CRYAB,PKP2,NFATC3,MYO18B"
"GO:MF","calcium ion binding","GO:0005509","1","0","718","17","1","20208","HSPG2"
"GO:MF","binding","GO:0005488","1","0","18447","17","16","20208","PRDM16,HSPG2,NOS1AP,SP3,KAT2B,CACNA2D2,MON1A,MECOM,PTP4A3,MYPN,LDB3,ADM,CRYAB,PKP2,NFATC3,MYO18B"
"GO:MF","calcium channel activity","GO:0005262","1","0","129","17","1","20208","CACNA2D2"
"GO:MF","monoatomic cation channel activity","GO:0005261","1","0","343","17","1","20208","CACNA2D2"
"GO:MF","voltage-gated calcium channel activity","GO:0005245","1","0","43","17","1","20208","CACNA2D2"
"GO:MF","voltage-gated monoatomic ion channel activity","GO:0005244","1","0","173","17","1","20208","CACNA2D2"
"GO:MF","monoatomic ion channel activity","GO:0005216","1","0","449","17","1","20208","CACNA2D2"
"GO:MF","transporter activity","GO:0005215","1","0","1256","17","1","20208","CACNA2D2"
"GO:MF","structural constituent of eye lens","GO:0005212","1","0","24","17","1","20208","CRYAB"
"GO:MF","extracellular matrix structural constituent","GO:0005201","1","0","169","17","1","20208","HSPG2"
"GO:MF","structural molecule activity","GO:0005198","1","0","1106","17","2","20208","HSPG2,CRYAB"
"GO:MF","hormone activity","GO:0005179","1","0","134","17","1","20208","ADM"
"GO:MF","signaling receptor binding","GO:0005102","1","0","1346","17","2","20208","HSPG2,ADM"
"GO:MF","guanyl-nucleotide exchange factor activity","GO:0005085","1","0","238","17","1","20208","MON1A"
"GO:MF","G protein-coupled receptor activity","GO:0004930","1","0","840","17","1","20208","GNRHR"
"GO:MF","transmembrane signaling receptor activity","GO:0004888","1","0","1283","17","1","20208","GNRHR"
"GO:MF","cyclin-dependent protein serine/threonine kinase inhibitor activity","GO:0004861","1","0","13","17","1","20208","KAT2B"
"GO:MF","protein kinase inhibitor activity","GO:0004860","1","0","87","17","1","20208","KAT2B"
"GO:MF","enzyme inhibitor activity","GO:0004857","1","0","428","17","1","20208","KAT2B"
"GO:MF","non-membrane spanning protein tyrosine phosphatase activity","GO:0004726","1","0","89","17","1","20208","PTP4A3"
"GO:MF","protein tyrosine phosphatase activity","GO:0004725","1","0","100","17","1","20208","PTP4A3"
"GO:MF","phosphoprotein phosphatase activity","GO:0004721","1","0","181","17","1","20208","PTP4A3"
"GO:MF","L-lysine N-acetyltransferase activity, acting on acetyl phosphate as donor","GO:0004468","1","0","5","17","1","20208","KAT2B"
"GO:MF","histone acetyltransferase activity","GO:0004402","1","0","43","17","1","20208","KAT2B"
"GO:MF","catalytic activity","GO:0003824","1","0","5753","17","4","20208","PRDM16,KAT2B,MECOM,PTP4A3"
"GO:MF","actin binding","GO:0003779","1","0","447","17","3","20208","MYPN,LDB3,MYO18B"
"GO:MF","cytoskeletal motor activity","GO:0003774","1","0","115","17","1","20208","MYO18B"
"GO:MF","transcription coactivator activity","GO:0003713","1","0","282","17","2","20208","PRDM16,KAT2B"
"GO:MF","transcription coregulator activity","GO:0003712","1","0","521","17","2","20208","PRDM16,KAT2B"
"GO:MF","DNA-binding transcription factor activity","GO:0003700","1","0","1395","17","4","20208","PRDM16,SP3,MECOM,NFATC3"
"GO:MF","double-stranded DNA binding","GO:0003690","1","0","1584","17","5","20208","PRDM16,SP3,KAT2B,MECOM,NFATC3"
"GO:MF","chromatin binding","GO:0003682","1","0","603","17","2","20208","SP3,KAT2B"
"GO:MF","nucleotide binding","GO:0000166","1","0","2161","17","1","20208","MYO18B"
"GO:BP","muscle structure development","GO:0061061","0.00002985895681000349","4.524925369403129","673","17","8","20972","CACNA2D2,MYPN,LDB3,ADM,CRYAB,PKP2,NFATC3,MYO18B"
"GO:BP","muscle cell development","GO:0055001","0.0004823391396343176","3.3166474956200442","190","17","5","20972","CACNA2D2,MYPN,LDB3,ADM,MYO18B"
"GO:BP","muscle cell differentiation","GO:0042692","0.0005909883163956266","3.2284211048633544","388","17","6","20972","CACNA2D2,MYPN,LDB3,ADM,NFATC3,MYO18B"
"GO:BP","multicellular organismal process","GO:0032501","0.01290880050332388","1.8891141108698772","7337","17","15","20972","PRDM16,HSPG2,NOS1AP,SP3,KAT2B,CACNA2D2,GNRHR,PTP4A3,MYPN,LDB3,ADM,CRYAB,PKP2,NFATC3,MYO18B"
"GO:BP","circulatory system development","GO:0072359","0.02363457393602293","1.626452222381673","1135","17","7","20972","HSPG2,KAT2B,LDB3,ADM,PKP2,NFATC3,MYO18B"
"GO:BP","cell differentiation","GO:0030154","0.02491761660002386","1.6034935008154516","4443","17","12","20972","PRDM16,HSPG2,SP3,KAT2B,CACNA2D2,MECOM,MYPN,LDB3,ADM,PKP2,NFATC3,MYO18B"
"GO:BP","cellular developmental process","GO:0048869","0.02497829862581113","1.6024371465297764","4444","17","12","20972","PRDM16,HSPG2,SP3,KAT2B,CACNA2D2,MECOM,MYPN,LDB3,ADM,PKP2,NFATC3,MYO18B"
"GO:BP","blood circulation","GO:0008015","0.06012824200772798","1.2209214936017656","511","17","5","20972","NOS1AP,KAT2B,PTP4A3,ADM,PKP2"
"GO:BP","regulation of heart rate","GO:0002027","0.10629788096182075","0.9734753930097328","102","17","3","20972","NOS1AP,ADM,PKP2"
"GO:BP","heart development","GO:0007507","0.12001889963817702","0.9207503592667934","591","17","5","20972","KAT2B,LDB3,ADM,PKP2,MYO18B"
"GO:BP","circulatory system process","GO:0003013","0.12390957354283232","0.9068951377223871","595","17","5","20972","NOS1AP,KAT2B,PTP4A3,ADM,PKP2"
"GO:BP","anatomical structure morphogenesis","GO:0009653","0.12883188536742624","0.8899766375556468","2699","17","9","20972","HSPG2,SP3,MYPN,LDB3,ADM,CRYAB,PKP2,NFATC3,MYO18B"
"GO:BP","cell development","GO:0048468","0.1941687481286423","0.7118206694202063","2842","17","9","20972","SP3,KAT2B,CACNA2D2,MECOM,MYPN,LDB3,ADM,NFATC3,MYO18B"
"GO:BP","developmental process","GO:0032502","0.23291308634301014","0.6328061097182421","6535","17","13","20972","PRDM16,HSPG2,SP3,KAT2B,CACNA2D2,MECOM,MYPN,LDB3,ADM,CRYAB,PKP2,NFATC3,MYO18B"
"GO:BP","vascular associated smooth muscle cell differentiation","GO:0035886","0.2922227897146472","0.5342859175551546","26","17","2","20972","ADM,NFATC3"
"GO:BP","regulation of cardiac muscle cell action potential","GO:0098901","0.39038388155045467","0.40850812209706217","30","17","2","20972","NOS1AP,PKP2"
"GO:BP","striated muscle cell development","GO:0055002","0.4178355475919492","0.37899461493898834","162","17","3","20972","MYPN,LDB3,MYO18B"
"GO:BP","ventricular cardiac muscle cell action potential","GO:0086005","0.5025016151755081","0.2988625379658156","34","17","2","20972","NOS1AP,PKP2"
"GO:BP","system development","GO:0048731","0.5054929432596581","0.2962849028321936","4023","17","10","20972","HSPG2,SP3,KAT2B,MYPN,LDB3,ADM,CRYAB,PKP2,NFATC3,MYO18B"
"GO:BP","negative regulation of DNA-templated transcription","GO:0045892","0.5075354629189984","0.29453360698725584","1275","17","6","20972","PRDM16,SP3,KAT2B,MECOM,CRYAB,NFATC3"
"GO:BP","negative regulation of RNA biosynthetic process","GO:1902679","0.5272299493562923","0.27799992756666453","1284","17","6","20972","PRDM16,SP3,KAT2B,MECOM,CRYAB,NFATC3"
"GO:BP","anatomical structure development","GO:0048856","0.5415674741766262","0.26634742668958505","5948","17","12","20972","HSPG2,SP3,KAT2B,CACNA2D2,MECOM,MYPN,LDB3,ADM,CRYAB,PKP2,NFATC3,MYO18B"
"GO:BP","negative regulation of RNA metabolic process","GO:0051253","0.8050164873398026","0.09419522486520944","1389","17","6","20972","PRDM16,SP3,KAT2B,MECOM,CRYAB,NFATC3"
"GO:BP","regulation of heart contraction","GO:0008016","0.820123772195745","0.08612059941481415","204","17","3","20972","NOS1AP,ADM,PKP2"
"GO:BP","sarcomere organization","GO:0045214","0.9217886872632165","0.03536862609792518","46","17","2","20972","MYPN,LDB3"
"GO:BP","regulation of vascular permeability","GO:0043114","0.9622984498593522","0.01669021379860164","47","17","2","20972","PTP4A3,ADM"
"GO:BP","carbon catabolite regulation of transcription from RNA polymerase II promoter","GO:0000429","1","0","6","17","1","20972","KAT2B"
"GO:BP","response to reactive oxygen species","GO:0000302","1","0","178","17","1","20972","CRYAB"
"GO:BP","nuclear division","GO:0000280","1","0","450","17","1","20972","KAT2B"
"GO:BP","mitotic cell cycle","GO:0000278","1","0","893","17","1","20972","KAT2B"
"GO:BP","microtubule cytoskeleton organization","GO:0000226","1","0","681","17","2","20972","KAT2B,CRYAB"
"GO:BP","MAPK cascade","GO:0000165","1","0","749","17","2","20972","MECOM,CRYAB"
"GO:BP","negative regulation of transcription by RNA polymerase II","GO:0000122","1","0","933","17","4","20972","PRDM16,SP3,KAT2B,NFATC3"
"GO:BP","mitotic sister chromatid segregation","GO:0000070","1","0","194","17","1","20972","KAT2B"
"GO:BP","in utero embryonic development","GO:0001701","1","0","405","17","3","20972","SP3,ADM,MYO18B"
"GO:BP","response to hypoxia","GO:0001666","1","0","278","17","1","20972","CRYAB"
"GO:BP","temperature homeostasis","GO:0001659","1","0","197","17","1","20972","PRDM16"
"GO:BP","eye development","GO:0001654","1","0","418","17","2","20972","SP3,CRYAB"
"GO:BP","vasculogenesis","GO:0001570","1","0","81","17","2","20972","ADM,MYO18B"
"GO:BP","blood vessel development","GO:0001568","1","0","727","17","4","20972","HSPG2,ADM,NFATC3,MYO18B"
"GO:BP","regulation of cell growth","GO:0001558","1","0","399","17","1","20972","CRYAB"
"GO:BP","angiogenesis","GO:0001525","1","0","546","17","2","20972","HSPG2,ADM"
"GO:BP","action potential","GO:0001508","1","0","170","17","2","20972","NOS1AP,PKP2"
"GO:BP","ossification","GO:0001503","1","0","424","17","1","20972","SP3"
"GO:BP","skeletal system development","GO:0001501","1","0","538","17","1","20972","SP3"
"GO:BP","cell morphogenesis","GO:0000902","1","0","998","17","1","20972","MYPN"
"GO:BP","sister chromatid segregation","GO:0000819","1","0","235","17","1","20972","KAT2B"
"GO:BP","carbon catabolite activation of transcription from RNA polymerase II promoter","GO:0000436","1","0","6","17","1","20972","KAT2B"
"GO:BP","positive regulation of transcription from RNA polymerase II promoter by glucose","GO:0000432","1","0","5","17","1","20972","KAT2B"
"GO:BP","regulation of transcription from RNA polymerase II promoter by glucose","GO:0000430","1","0","5","17","1","20972","KAT2B"
"GO:BP","regulation of sodium ion transport","GO:0002028","1","0","68","17","1","20972","PKP2"
"GO:BP","morphogenesis of an epithelium","GO:0002009","1","0","501","17","1","20972","ADM"
"GO:BP","vasculature development","GO:0001944","1","0","758","17","4","20972","HSPG2,ADM,NFATC3,MYO18B"
"GO:BP","embryonic placenta development","GO:0001892","1","0","86","17","2","20972","SP3,ADM"
"GO:BP","placenta development","GO:0001890","1","0","147","17","2","20972","SP3,ADM"
"GO:BP","liver development","GO:0001889","1","0","120","17","1","20972","SP3"
"GO:BP","neural tube closure","GO:0001843","1","0","87","17","1","20972","ADM"
"GO:BP","neural tube formation","GO:0001841","1","0","101","17","1","20972","ADM"
"GO:BP","embryonic epithelial tube formation","GO:0001838","1","0","123","17","1","20972","ADM"
"GO:BP","trophectodermal cell differentiation","GO:0001829","1","0","19","17","1","20972","SP3"
"GO:BP","blastocyst formation","GO:0001825","1","0","46","17","1","20972","SP3"
"GO:BP","blastocyst development","GO:0001824","1","0","119","17","1","20972","SP3"
"GO:BP","natural killer cell differentiation","GO:0001779","1","0","21","17","1","20972","SP3"
"GO:BP","cell activation","GO:0001775","1","0","1123","17","2","20972","SP3,NFATC3"
"GO:BP","morphogenesis of a branching structure","GO:0001763","1","0","205","17","1","20972","ADM"
"GO:BP","renal system process","GO:0003014","1","0","127","17","1","20972","ADM"
"GO:BP","muscle system process","GO:0003012","1","0","428","17","3","20972","NOS1AP,CRYAB,PKP2"
"GO:BP","system process","GO:0003008","1","0","2290","17","7","20972","NOS1AP,KAT2B,GNRHR,PTP4A3,ADM,CRYAB,PKP2"
"GO:BP","heart morphogenesis","GO:0003007","1","0","263","17","1","20972","PKP2"
"GO:BP","desmosome organization","GO:0002934","1","0","14","17","1","20972","PKP2"
"GO:BP","myeloid leukocyte differentiation","GO:0002573","1","0","244","17","1","20972","SP3"
"GO:BP","leukocyte differentiation","GO:0002521","1","0","628","17","2","20972","SP3,NFATC3"
"GO:BP","immune system process","GO:0002376","1","0","2913","17","2","20972","SP3,NFATC3"
"GO:BP","myeloid progenitor cell differentiation","GO:0002318","1","0","9","17","1","20972","SP3"
"GO:BP","myeloid cell homeostasis","GO:0002262","1","0","181","17","1","20972","SP3"
"GO:BP","hematopoietic progenitor cell differentiation","GO:0002244","1","0","139","17","1","20972","SP3"
"GO:BP","desmosome assembly","GO:0002159","1","0","7","17","1","20972","PKP2"
"GO:BP","lens development in camera-type eye","GO:0002088","1","0","89","17","1","20972","CRYAB"
"GO:BP","G protein-coupled receptor internalization","GO:0002031","1","0","14","17","1","20972","ADM"
"GO:BP","desensitization of G protein-coupled receptor signaling pathway","GO:0002029","1","0","18","17","1","20972","ADM"
"GO:BP","gluconeogenesis","GO:0006094","1","0","84","17","1","20972","KAT2B"
"GO:BP","generation of precursor metabolites and energy","GO:0006091","1","0","483","17","2","20972","PRDM16,KAT2B"
"GO:BP","pyruvate metabolic process","GO:0006090","1","0","128","17","1","20972","KAT2B"
"GO:BP","organic acid metabolic process","GO:0006082","1","0","892","17","1","20972","KAT2B"
"GO:BP","glucose metabolic process","GO:0006006","1","0","182","17","1","20972","KAT2B"
"GO:BP","monosaccharide metabolic process","GO:0005996","1","0","252","17","1","20972","KAT2B"
"GO:BP","carbohydrate metabolic process","GO:0005975","1","0","557","17","1","20972","KAT2B"
"GO:BP","cardiac ventricle development","GO:0003231","1","0","128","17","1","20972","PKP2"
"GO:BP","ventricular cardiac muscle tissue development","GO:0003229","1","0","61","17","1","20972","PKP2"
"GO:BP","cardiac ventricle morphogenesis","GO:0003208","1","0","71","17","1","20972","PKP2"
"GO:BP","cardiac chamber morphogenesis","GO:0003206","1","0","127","17","1","20972","PKP2"
"GO:BP","cardiac chamber development","GO:0003205","1","0","171","17","1","20972","PKP2"
"GO:BP","regulation of systemic arterial blood pressure","GO:0003073","1","0","93","17","1","20972","ADM"
"GO:BP","regulation of heart rate by chemical signal","GO:0003062","1","0","5","17","1","20972","NOS1AP"
"GO:BP","vascular process in circulatory system","GO:0003018","1","0","270","17","3","20972","KAT2B,PTP4A3,ADM"
"GO:BP","heart process","GO:0003015","1","0","251","17","3","20972","NOS1AP,ADM,PKP2"
"GO:BP","regulation of DNA-templated transcription","GO:0006355","1","0","3385","17","7","20972","PRDM16,SP3,KAT2B,MECOM,PTP4A3,CRYAB,NFATC3"
"GO:BP","DNA-templated transcription initiation","GO:0006352","1","0","212","17","1","20972","KAT2B"
"GO:BP","DNA-templated transcription","GO:0006351","1","0","3523","17","7","20972","PRDM16,SP3,KAT2B,MECOM,PTP4A3,CRYAB,NFATC3"
"GO:BP","chromatin remodeling","GO:0006338","1","0","1057","17","4","20972","PRDM16,KAT2B,MECOM,PTP4A3"
"GO:BP","chromatin organization","GO:0006325","1","0","1216","17","4","20972","PRDM16,KAT2B,MECOM,PTP4A3"
"GO:BP","regulation of DNA repair","GO:0006282","1","0","229","17","1","20972","KAT2B"
"GO:BP","DNA repair","GO:0006281","1","0","622","17","1","20972","KAT2B"
"GO:BP","DNA metabolic process","GO:0006259","1","0","998","17","1","20972","KAT2B"
"GO:BP","purine nucleotide catabolic process","GO:0006195","1","0","140","17","1","20972","KAT2B"
"GO:BP","purine nucleotide metabolic process","GO:0006163","1","0","433","17","1","20972","KAT2B"
"GO:BP","regulation of nucleotide metabolic process","GO:0006140","1","0","86","17","1","20972","KAT2B"
"GO:BP","nucleobase-containing compound metabolic process","GO:0006139","1","0","7964","17","7","20972","PRDM16,SP3,KAT2B,MECOM,PTP4A3,CRYAB,NFATC3"
"GO:BP","regulation of gluconeogenesis","GO:0006111","1","0","50","17","1","20972","KAT2B"
"GO:BP","regulation of glycolytic process","GO:0006110","1","0","55","17","1","20972","KAT2B"
"GO:BP","regulation of carbohydrate metabolic process","GO:0006109","1","0","170","17","1","20972","KAT2B"
"GO:BP","glycolytic process","GO:0006096","1","0","98","17","1","20972","KAT2B"
"GO:BP","steroid biosynthetic process","GO:0006694","1","0","167","17","1","20972","ADM"
"GO:BP","fatty acid biosynthetic process","GO:0006633","1","0","161","17","1","20972","KAT2B"
"GO:BP","fatty acid metabolic process","GO:0006631","1","0","396","17","1","20972","KAT2B"
"GO:BP","lipid metabolic process","GO:0006629","1","0","1369","17","3","20972","HSPG2,KAT2B,ADM"
"GO:BP","protein targeting to vacuole","GO:0006623","1","0","45","17","1","20972","MON1A"
"GO:BP","protein targeting","GO:0006605","1","0","436","17","1","20972","MON1A"
"GO:BP","internal protein amino acid acetylation","GO:0006475","1","0","9","17","1","20972","KAT2B"
"GO:BP","N-terminal protein amino acid acetylation","GO:0006474","1","0","14","17","1","20972","KAT2B"
"GO:BP","protein acetylation","GO:0006473","1","0","43","17","1","20972","KAT2B"
"GO:BP","protein dephosphorylation","GO:0006470","1","0","140","17","1","20972","PTP4A3"
"GO:BP","protein folding","GO:0006457","1","0","196","17","1","20972","CRYAB"
"GO:BP","RNA processing","GO:0006396","1","0","3319","17","1","20972","KAT2B"
"GO:BP","transcription initiation at RNA polymerase II promoter","GO:0006367","1","0","173","17","1","20972","KAT2B"
"GO:BP","transcription by RNA polymerase II","GO:0006366","1","0","2827","17","5","20972","PRDM16,SP3,KAT2B,MECOM,NFATC3"
"GO:BP","rRNA processing","GO:0006364","1","0","222","17","1","20972","KAT2B"
"GO:BP","regulation of transcription by RNA polymerase II","GO:0006357","1","0","2688","17","5","20972","PRDM16,SP3,KAT2B,MECOM,NFATC3"
"GO:BP","apoptotic process","GO:0006915","1","0","1898","17","2","20972","MECOM,CRYAB"
"GO:BP","receptor-mediated endocytosis","GO:0006898","1","0","264","17","2","20972","HSPG2,ADM"
"GO:BP","endocytosis","GO:0006897","1","0","694","17","2","20972","HSPG2,ADM"
"GO:BP","intracellular protein transport","GO:0006886","1","0","653","17","1","20972","MON1A"
"GO:BP","calcium ion transport","GO:0006816","1","0","421","17","2","20972","NOS1AP,CACNA2D2"
"GO:BP","sodium ion transport","GO:0006814","1","0","245","17","1","20972","PKP2"
"GO:BP","potassium ion transport","GO:0006813","1","0","234","17","1","20972","NOS1AP"
"GO:BP","monoatomic cation transport","GO:0006812","1","0","1052","17","3","20972","NOS1AP,CACNA2D2,PKP2"
"GO:BP","monoatomic ion transport","GO:0006811","1","0","1260","17","3","20972","NOS1AP,CACNA2D2,PKP2"
"GO:BP","transport","GO:0006810","1","0","4370","17","8","20972","HSPG2,NOS1AP,CACNA2D2,MON1A,GNRHR,ADM,CRYAB,PKP2"
"GO:BP","nitric oxide biosynthetic process","GO:0006809","1","0","70","17","2","20972","NOS1AP,NFATC3"
"GO:BP","phosphate-containing compound metabolic process","GO:0006796","1","0","2196","17","2","20972","KAT2B,PTP4A3"
"GO:BP","phosphorus metabolic process","GO:0006793","1","0","2199","17","2","20972","KAT2B,PTP4A3"
"GO:BP","nucleoside phosphate metabolic process","GO:0006753","1","0","646","17","1","20972","KAT2B"
"GO:BP","progesterone biosynthetic process","GO:0006701","1","0","7","17","1","20972","ADM"
"GO:BP","C21-steroid hormone biosynthetic process","GO:0006700","1","0","21","17","1","20972","ADM"
"GO:BP","cell cycle","GO:0007049","1","0","1668","17","2","20972","KAT2B,MECOM"
"GO:BP","cell-cell junction assembly","GO:0007043","1","0","157","17","1","20972","PKP2"
"GO:BP","vacuolar transport","GO:0007034","1","0","167","17","1","20972","MON1A"
"GO:BP","tubulin complex assembly","GO:0007021","1","0","9","17","1","20972","CRYAB"
"GO:BP","microtubule-based process","GO:0007017","1","0","1015","17","2","20972","KAT2B,CRYAB"
"GO:BP","cytoskeleton organization","GO:0007010","1","0","1534","17","6","20972","NOS1AP,KAT2B,MYPN,LDB3,CRYAB,PKP2"
"GO:BP","organelle organization","GO:0006996","1","0","3573","17","6","20972","NOS1AP,KAT2B,MYPN,LDB3,CRYAB,PKP2"
"GO:BP","response to oxidative stress","GO:0006979","1","0","374","17","2","20972","KAT2B,CRYAB"
"GO:BP","DNA damage response","GO:0006974","1","0","929","17","1","20972","KAT2B"
"GO:BP","inflammatory response","GO:0006954","1","0","873","17","3","20972","HSPG2,ADM,NFATC3"
"GO:BP","defense response","GO:0006952","1","0","1883","17","3","20972","HSPG2,ADM,NFATC3"
"GO:BP","response to stress","GO:0006950","1","0","3984","17","5","20972","HSPG2,KAT2B,ADM,CRYAB,NFATC3"
"GO:BP","regulation of striated muscle contraction","GO:0006942","1","0","95","17","1","20972","PKP2"
"GO:BP","striated muscle contraction","GO:0006941","1","0","181","17","2","20972","NOS1AP,PKP2"
"GO:BP","regulation of muscle contraction","GO:0006937","1","0","162","17","1","20972","PKP2"
"GO:BP","muscle contraction","GO:0006936","1","0","340","17","3","20972","NOS1AP,CRYAB,PKP2"
"GO:BP","adenylate cyclase-activating G protein-coupled receptor signaling pathway","GO:0007189","1","0","183","17","1","20972","ADM"
"GO:BP","adenylate cyclase-modulating G protein-coupled receptor signaling pathway","GO:0007188","1","0","270","17","1","20972","ADM"
"GO:BP","G protein-coupled receptor signaling pathway","GO:0007186","1","0","1299","17","2","20972","GNRHR,ADM"
"GO:BP","transforming growth factor beta receptor signaling pathway","GO:0007179","1","0","207","17","1","20972","PRDM16"
"GO:BP","cell surface receptor protein serine/threonine kinase signaling pathway","GO:0007178","1","0","368","17","1","20972","PRDM16"
"GO:BP","cell surface receptor protein tyrosine kinase signaling pathway","GO:0007169","1","0","641","17","1","20972","PTP4A3"
"GO:BP","enzyme-linked receptor protein signaling pathway","GO:0007167","1","0","988","17","2","20972","PRDM16,PTP4A3"
"GO:BP","cell surface receptor signaling pathway","GO:0007166","1","0","2834","17","2","20972","PRDM16,PTP4A3"
"GO:BP","signal transduction","GO:0007165","1","0","6063","17","7","20972","PRDM16,MECOM,GNRHR,PTP4A3,ADM,CRYAB,NFATC3"
"GO:BP","homophilic cell-cell adhesion","GO:0007156","1","0","169","17","1","20972","MYPN"
"GO:BP","cell adhesion","GO:0007155","1","0","1512","17","2","20972","MYPN,PKP2"
"GO:BP","cell communication","GO:0007154","1","0","6598","17","9","20972","PRDM16,CACNA2D2,MECOM,GNRHR,PTP4A3,ADM,CRYAB,PKP2,NFATC3"
"GO:BP","centriole replication","GO:0007099","1","0","46","17","1","20972","KAT2B"
"GO:BP","centrosome cycle","GO:0007098","1","0","144","17","1","20972","KAT2B"
"GO:BP","mitotic metaphase chromosome alignment","GO:0007080","1","0","65","17","1","20972","KAT2B"
"GO:BP","chromosome segregation","GO:0007059","1","0","432","17","1","20972","KAT2B"
"GO:BP","response to nutrient","GO:0007584","1","0","146","17","1","20972","KAT2B"
"GO:BP","female pregnancy","GO:0007565","1","0","176","17","1","20972","SP3"
"GO:BP","neuromuscular junction development","GO:0007528","1","0","55","17","1","20972","CACNA2D2"
"GO:BP","muscle organ development","GO:0007517","1","0","362","17","2","20972","CRYAB,PKP2"
"GO:BP","sensory organ development","GO:0007423","1","0","625","17","2","20972","SP3,CRYAB"
"GO:BP","brain development","GO:0007420","1","0","736","17","1","20972","HSPG2"
"GO:BP","central nervous system development","GO:0007417","1","0","1035","17","1","20972","HSPG2"
"GO:BP","axon guidance","GO:0007411","1","0","234","17","1","20972","MYPN"
"GO:BP","axonogenesis","GO:0007409","1","0","452","17","1","20972","MYPN"
"GO:BP","nervous system development","GO:0007399","1","0","2597","17","4","20972","HSPG2,KAT2B,MYPN,ADM"
"GO:BP","multicellular organism development","GO:0007275","1","0","4690","17","10","20972","HSPG2,SP3,KAT2B,MYPN,LDB3,ADM,CRYAB,PKP2,NFATC3,MYO18B"
"GO:BP","chemical synaptic transmission","GO:0007268","1","0","765","17","1","20972","CACNA2D2"
"GO:BP","cell-cell signaling","GO:0007267","1","0","1316","17","3","20972","CACNA2D2,GNRHR,PKP2"
"GO:BP","JNK cascade","GO:0007254","1","0","194","17","1","20972","MECOM"
"GO:BP","Notch signaling pathway","GO:0007219","1","0","187","17","1","20972","PTP4A3"
"GO:BP","cell population proliferation","GO:0008283","1","0","1961","17","3","20972","KAT2B,MECOM,ADM"
"GO:BP","regulation of G protein-coupled receptor signaling pathway","GO:0008277","1","0","154","17","1","20972","ADM"
"GO:BP","cell death","GO:0008219","1","0","1962","17","2","20972","MECOM,CRYAB"
"GO:BP","regulation of blood pressure","GO:0008217","1","0","182","17","1","20972","ADM"
"GO:BP","C21-steroid hormone metabolic process","GO:0008207","1","0","38","17","1","20972","ADM"
"GO:BP","steroid metabolic process","GO:0008202","1","0","323","17","1","20972","ADM"
"GO:BP","metabolic process","GO:0008152","1","0","14035","17","10","20972","PRDM16,HSPG2,NOS1AP,SP3,KAT2B,MECOM,PTP4A3,ADM,CRYAB,NFATC3"
"GO:BP","biological_process","GO:0008150","1","0","20972","17","17","20972","PRDM16,HSPG2,NOS1AP,SP3,KAT2B,CACNA2D2,MON1A,MECOM,GNRHR,PTP4A3,MYPN,LDB3,ADM,CRYAB,PKP2,NFATC3,MYO18B"
"GO:BP","intracellular protein localization","GO:0008104","1","0","2401","17","4","20972","CACNA2D2,MON1A,PTP4A3,PKP2"
"GO:BP","neuron recognition","GO:0008038","1","0","47","17","1","20972","MYPN"
"GO:BP","cell recognition","GO:0008037","1","0","161","17","1","20972","MYPN"
"GO:BP","memory","GO:0007613","1","0","121","17","1","20972","KAT2B"
"GO:BP","learning or memory","GO:0007611","1","0","268","17","1","20972","KAT2B"
"GO:BP","behavior","GO:0007610","1","0","665","17","1","20972","KAT2B"
"GO:BP","purine nucleoside triphosphate metabolic process","GO:0009144","1","0","263","17","1","20972","KAT2B"
"GO:BP","nucleoside triphosphate metabolic process","GO:0009141","1","0","279","17","1","20972","KAT2B"
"GO:BP","purine nucleoside diphosphate catabolic process","GO:0009137","1","0","103","17","1","20972","KAT2B"
"GO:BP","purine nucleoside diphosphate metabolic process","GO:0009135","1","0","119","17","1","20972","KAT2B"
"GO:BP","nucleoside diphosphate catabolic process","GO:0009134","1","0","109","17","1","20972","KAT2B"
"GO:BP","nucleoside diphosphate metabolic process","GO:0009132","1","0","136","17","1","20972","KAT2B"
"GO:BP","nucleotide metabolic process","GO:0009117","1","0","495","17","1","20972","KAT2B"
"GO:BP","aerobic respiration","GO:0009060","1","0","292","17","1","20972","KAT2B"
"GO:BP","macromolecule biosynthetic process","GO:0009059","1","0","9605","17","7","20972","PRDM16,SP3,KAT2B,MECOM,PTP4A3,CRYAB,NFATC3"
"GO:BP","biosynthetic process","GO:0009058","1","0","10639","17","9","20972","PRDM16,NOS1AP,SP3,KAT2B,MECOM,PTP4A3,ADM,CRYAB,NFATC3"
"GO:BP","catabolic process","GO:0009056","1","0","2641","17","1","20972","KAT2B"
"GO:BP","lipid biosynthetic process","GO:0008610","1","0","717","17","2","20972","KAT2B,ADM"
"GO:BP","attachment of spindle microtubules to kinetochore","GO:0008608","1","0","54","17","1","20972","KAT2B"
"GO:BP","RNA splicing","GO:0008380","1","0","1839","17","1","20972","KAT2B"
"GO:BP","negative regulation of cell population proliferation","GO:0008285","1","0","686","17","1","20972","KAT2B"
"GO:BP","positive regulation of cell population proliferation","GO:0008284","1","0","923","17","1","20972","ADM"
"GO:BP","response to abiotic stimulus","GO:0009628","1","0","1108","17","1","20972","CRYAB"
"GO:BP","response to heat","GO:0009408","1","0","97","17","1","20972","CRYAB"
"GO:BP","response to radiation","GO:0009314","1","0","432","17","1","20972","CRYAB"
"GO:BP","protein secretion","GO:0009306","1","0","364","17","1","20972","MON1A"
"GO:BP","response to temperature stimulus","GO:0009266","1","0","167","17","1","20972","CRYAB"
"GO:BP","ribonucleotide catabolic process","GO:0009261","1","0","138","17","1","20972","KAT2B"
"GO:BP","ribonucleotide metabolic process","GO:0009259","1","0","374","17","1","20972","KAT2B"
"GO:BP","purine ribonucleoside triphosphate metabolic process","GO:0009205","1","0","257","17","1","20972","KAT2B"
"GO:BP","ribonucleoside diphosphate catabolic process","GO:0009191","1","0","106","17","1","20972","KAT2B"
"GO:BP","ribonucleoside diphosphate metabolic process","GO:0009185","1","0","130","17","1","20972","KAT2B"
"GO:BP","purine ribonucleoside diphosphate catabolic process","GO:0009181","1","0","103","17","1","20972","KAT2B"
"GO:BP","purine ribonucleoside diphosphate metabolic process","GO:0009179","1","0","119","17","1","20972","KAT2B"
"GO:BP","nucleotide catabolic process","GO:0009166","1","0","164","17","1","20972","KAT2B"
"GO:BP","purine ribonucleotide catabolic process","GO:0009154","1","0","131","17","1","20972","KAT2B"
"GO:BP","purine ribonucleotide metabolic process","GO:0009150","1","0","352","17","1","20972","KAT2B"
"GO:BP","positive regulation of signal transduction","GO:0009967","1","0","1569","17","1","20972","PTP4A3"
"GO:BP","regulation of signal transduction","GO:0009966","1","0","3031","17","4","20972","PRDM16,MECOM,PTP4A3,ADM"
"GO:BP","hormone transport","GO:0009914","1","0","330","17","1","20972","GNRHR"
"GO:BP","positive regulation of catabolic process","GO:0009896","1","0","536","17","1","20972","KAT2B"
"GO:BP","regulation of catabolic process","GO:0009894","1","0","1024","17","1","20972","KAT2B"
"GO:BP","positive regulation of metabolic process","GO:0009893","1","0","3410","17","6","20972","PRDM16,SP3,KAT2B,MECOM,ADM,NFATC3"
"GO:BP","negative regulation of metabolic process","GO:0009892","1","0","3276","17","6","20972","PRDM16,SP3,KAT2B,MECOM,CRYAB,NFATC3"
"GO:BP","positive regulation of biosynthetic process","GO:0009891","1","0","2645","17","6","20972","PRDM16,SP3,KAT2B,MECOM,ADM,NFATC3"
"GO:BP","negative regulation of biosynthetic process","GO:0009890","1","0","2802","17","6","20972","PRDM16,SP3,KAT2B,MECOM,CRYAB,NFATC3"
"GO:BP","regulation of biosynthetic process","GO:0009889","1","0","5821","17","9","20972","PRDM16,NOS1AP,SP3,KAT2B,MECOM,PTP4A3,ADM,CRYAB,NFATC3"
"GO:BP","tissue development","GO:0009888","1","0","2014","17","3","20972","ADM,PKP2,MYO18B"
"GO:BP","animal organ morphogenesis","GO:0009887","1","0","1000","17","2","20972","SP3,PKP2"
"GO:BP","embryo development ending in birth or egg hatching","GO:0009792","1","0","687","17","3","20972","SP3,ADM,MYO18B"
"GO:BP","embryo development","GO:0009790","1","0","1126","17","4","20972","SP3,KAT2B,ADM,MYO18B"
"GO:BP","response to hormone","GO:0009725","1","0","904","17","2","20972","KAT2B,GNRHR"
"GO:BP","response to endogenous stimulus","GO:0009719","1","0","1467","17","4","20972","PRDM16,KAT2B,GNRHR,PTP4A3"
"GO:BP","positive regulation of macromolecule metabolic process","GO:0010604","1","0","3152","17","5","20972","PRDM16,SP3,KAT2B,MECOM,NFATC3"
"GO:BP","miRNA metabolic process","GO:0010586","1","0","106","17","1","20972","NFATC3"
"GO:BP","regulation of ketone biosynthetic process","GO:0010566","1","0","21","17","1","20972","ADM"
"GO:BP","regulation of ketone metabolic process","GO:0010565","1","0","127","17","2","20972","KAT2B,ADM"
"GO:BP","regulation of cell cycle process","GO:0010564","1","0","728","17","1","20972","KAT2B"
"GO:BP","positive regulation of phosphorus metabolic process","GO:0010562","1","0","395","17","1","20972","KAT2B"
"GO:BP","negative regulation of macromolecule biosynthetic process","GO:0010558","1","0","2733","17","6","20972","PRDM16,SP3,KAT2B,MECOM,CRYAB,NFATC3"
"GO:BP","positive regulation of macromolecule biosynthetic process","GO:0010557","1","0","2538","17","5","20972","PRDM16,SP3,KAT2B,MECOM,NFATC3"
"GO:BP","regulation of macromolecule biosynthetic process","GO:0010556","1","0","5647","17","7","20972","PRDM16,SP3,KAT2B,MECOM,PTP4A3,CRYAB,NFATC3"
"GO:BP","regulation of gene expression","GO:0010468","1","0","5549","17","7","20972","PRDM16,SP3,KAT2B,MECOM,PTP4A3,CRYAB,NFATC3"
"GO:BP","gene expression","GO:0010467","1","0","9232","17","7","20972","PRDM16,SP3,KAT2B,MECOM,PTP4A3,CRYAB,NFATC3"
"GO:BP","positive regulation of heart rate","GO:0010460","1","0","25","17","1","20972","ADM"
"GO:BP","response to gamma radiation","GO:0010332","1","0","50","17","1","20972","CRYAB"
"GO:BP","response to ionizing radiation","GO:0010212","1","0","135","17","1","20972","CRYAB"
"GO:BP","cellular process","GO:0009987","1","0","20233","17","17","20972","PRDM16,HSPG2,NOS1AP,SP3,KAT2B,CACNA2D2,MON1A,MECOM,GNRHR,PTP4A3,MYPN,LDB3,ADM,CRYAB,PKP2,NFATC3,MYO18B"
"GO:BP","negative regulation of signal transduction","GO:0009968","1","0","1341","17","3","20972","PRDM16,MECOM,ADM"
"GO:BP","regulation of glucose metabolic process","GO:0010906","1","0","94","17","1","20972","KAT2B"
"GO:BP","positive regulation of steroid biosynthetic process","GO:0010893","1","0","27","17","1","20972","ADM"
"GO:BP","regulation of protein ADP-ribosylation","GO:0010835","1","0","7","17","1","20972","KAT2B"
"GO:BP","negative regulation of centrosome duplication","GO:0010826","1","0","12","17","1","20972","KAT2B"
"GO:BP","regulation of centrosome duplication","GO:0010824","1","0","49","17","1","20972","KAT2B"
"GO:BP","regulation of hormone levels","GO:0010817","1","0","547","17","2","20972","GNRHR,ADM"
"GO:BP","regulation of cell-substrate adhesion","GO:0010810","1","0","212","17","1","20972","PKP2"
"GO:BP","positive regulation of sodium ion transport","GO:0010765","1","0","34","17","1","20972","PKP2"
"GO:BP","negative regulation of cell communication","GO:0010648","1","0","1449","17","3","20972","PRDM16,MECOM,ADM"
"GO:BP","positive regulation of cell communication","GO:0010647","1","0","1778","17","1","20972","PTP4A3"
"GO:BP","regulation of cell communication","GO:0010646","1","0","3480","17","5","20972","PRDM16,CACNA2D2,MECOM,PTP4A3,ADM"
"GO:BP","cell communication by electrical coupling","GO:0010644","1","0","33","17","1","20972","PKP2"
"GO:BP","negative regulation of organelle organization","GO:0010639","1","0","357","17","1","20972","KAT2B"
"GO:BP","negative regulation of gene expression","GO:0010629","1","0","1678","17","2","20972","KAT2B,CRYAB"
"GO:BP","positive regulation of gene expression","GO:0010628","1","0","1184","17","1","20972","KAT2B"
"GO:BP","negative regulation of macromolecule metabolic process","GO:0010605","1","0","3080","17","6","20972","PRDM16,SP3,KAT2B,MECOM,CRYAB,NFATC3"
"GO:BP","organic acid biosynthetic process","GO:0016053","1","0","313","17","1","20972","KAT2B"
"GO:BP","carbohydrate catabolic process","GO:0016052","1","0","178","17","1","20972","KAT2B"
"GO:BP","carbohydrate biosynthetic process","GO:0016051","1","0","188","17","1","20972","KAT2B"
"GO:BP","cell growth","GO:0016049","1","0","478","17","1","20972","CRYAB"
"GO:BP","cellular component organization","GO:0016043","1","0","8325","17","10","20972","PRDM16,NOS1AP,KAT2B,CACNA2D2,MECOM,PTP4A3,MYPN,LDB3,CRYAB,PKP2"
"GO:BP","energy derivation by oxidation of organic compounds","GO:0015980","1","0","425","17","2","20972","PRDM16,KAT2B"
"GO:BP","protein transport","GO:0015031","1","0","1422","17","1","20972","MON1A"
"GO:BP","striated muscle tissue development","GO:0014706","1","0","399","17","2","20972","PKP2,MYO18B"
"GO:BP","primary neural tube formation","GO:0014020","1","0","93","17","1","20972","ADM"
"GO:BP","programmed cell death","GO:0012501","1","0","1958","17","2","20972","MECOM,CRYAB"
"GO:BP","positive regulation of neuron projection development","GO:0010976","1","0","148","17","1","20972","KAT2B"
"GO:BP","regulation of neuron projection development","GO:0010975","1","0","426","17","1","20972","KAT2B"
"GO:BP","regulation of metal ion transport","GO:0010959","1","0","342","17","2","20972","NOS1AP,PKP2"
"GO:BP","negative regulation of cell cycle process","GO:0010948","1","0","290","17","1","20972","KAT2B"
"GO:BP","cellular component assembly involved in morphogenesis","GO:0010927","1","0","129","17","2","20972","MYPN,LDB3"
"GO:BP","positive regulation of glucose metabolic process","GO:0010907","1","0","43","17","1","20972","KAT2B"
"GO:BP","regulation of steroid metabolic process","GO:0019218","1","0","98","17","1","20972","ADM"
"GO:BP","regulation of fatty acid metabolic process","GO:0019217","1","0","94","17","1","20972","KAT2B"
"GO:BP","regulation of lipid metabolic process","GO:0019216","1","0","314","17","2","20972","KAT2B,ADM"
"GO:BP","peptidyl-lysine acetylation","GO:0018394","1","0","15","17","1","20972","KAT2B"
"GO:BP","internal peptidyl-lysine acetylation","GO:0018393","1","0","7","17","1","20972","KAT2B"
"GO:BP","peptidyl-lysine modification","GO:0018205","1","0","133","17","1","20972","KAT2B"
"GO:BP","peptidyl-amino acid modification","GO:0018193","1","0","495","17","1","20972","KAT2B"
"GO:BP","N-terminal peptidyl-lysine acetylation","GO:0018076","1","0","3","17","1","20972","KAT2B"
"GO:BP","regulation of transforming growth factor beta receptor signaling pathway","GO:0017015","1","0","139","17","1","20972","PRDM16"
"GO:BP","negative regulation of angiogenesis","GO:0016525","1","0","110","17","1","20972","HSPG2"
"GO:BP","cell migration","GO:0016477","1","0","1532","17","1","20972","PTP4A3"
"GO:BP","morphogenesis of embryonic epithelium","GO:0016331","1","0","152","17","1","20972","ADM"
"GO:BP","dephosphorylation","GO:0016311","1","0","212","17","1","20972","PTP4A3"
"GO:BP","vesicle-mediated transport","GO:0016192","1","0","1572","17","3","20972","HSPG2,MON1A,ADM"
"GO:BP","rRNA metabolic process","GO:0016072","1","0","261","17","1","20972","KAT2B"
"GO:BP","RNA metabolic process","GO:0016070","1","0","6834","17","7","20972","PRDM16,SP3,KAT2B,MECOM,PTP4A3,CRYAB,NFATC3"
"GO:BP","reproductive process","GO:0022414","1","0","1592","17","1","20972","SP3"
"GO:BP","cell cycle process","GO:0022402","1","0","1290","17","1","20972","KAT2B"
"GO:BP","negative adaptation of signaling pathway","GO:0022401","1","0","19","17","1","20972","ADM"
"GO:BP","neurogenesis","GO:0022008","1","0","1769","17","2","20972","KAT2B,MYPN"
"GO:BP","neural tube development","GO:0021915","1","0","159","17","1","20972","ADM"
"GO:BP","carboxylic acid metabolic process","GO:0019752","1","0","863","17","1","20972","KAT2B"
"GO:BP","calcium-mediated signaling","GO:0019722","1","0","234","17","1","20972","NFATC3"
"GO:BP","ribose phosphate metabolic process","GO:0019693","1","0","381","17","1","20972","KAT2B"
"GO:BP","organophosphate metabolic process","GO:0019637","1","0","1066","17","1","20972","KAT2B"
"GO:BP","protein metabolic process","GO:0019538","1","0","4467","17","3","20972","KAT2B,PTP4A3,CRYAB"
"GO:BP","pyridine nucleotide catabolic process","GO:0019364","1","0","102","17","1","20972","KAT2B"
"GO:BP","hexose biosynthetic process","GO:0019319","1","0","87","17","1","20972","KAT2B"
"GO:BP","hexose metabolic process","GO:0019318","1","0","229","17","1","20972","KAT2B"
"GO:BP","regulation of vasoconstriction","GO:0019229","1","0","64","17","1","20972","ADM"
"GO:BP","regulation of metabolic process","GO:0019222","1","0","6900","17","9","20972","PRDM16,NOS1AP,SP3,KAT2B,MECOM,PTP4A3,ADM,CRYAB,NFATC3"
"GO:BP","regulation of nucleobase-containing compound metabolic process","GO:0019219","1","0","3954","17","7","20972","PRDM16,SP3,KAT2B,MECOM,PTP4A3,CRYAB,NFATC3"
"GO:BP","lymphocyte differentiation","GO:0030098","1","0","427","17","2","20972","SP3,NFATC3"
"GO:BP","hemopoiesis","GO:0030097","1","0","971","17","3","20972","SP3,MECOM,NFATC3"
"GO:BP","actin filament-based movement","GO:0030048","1","0","137","17","2","20972","NOS1AP,PKP2"
"GO:BP","actin cytoskeleton organization","GO:0030036","1","0","716","17","3","20972","NOS1AP,MYPN,LDB3"
"GO:BP","cell projection organization","GO:0030030","1","0","1628","17","2","20972","KAT2B,MYPN"
"GO:BP","actin filament-based process","GO:0030029","1","0","816","17","4","20972","NOS1AP,MYPN,LDB3,PKP2"
"GO:BP","metal ion transport","GO:0030001","1","0","860","17","3","20972","NOS1AP,CACNA2D2,PKP2"
"GO:BP","signal release","GO:0023061","1","0","490","17","1","20972","GNRHR"
"GO:BP","adaptation of signaling pathway","GO:0023058","1","0","19","17","1","20972","ADM"
"GO:BP","negative regulation of signaling","GO:0023057","1","0","1449","17","3","20972","PRDM16,MECOM,ADM"
"GO:BP","positive regulation of signaling","GO:0023056","1","0","1779","17","1","20972","PTP4A3"
"GO:BP","signaling","GO:0023052","1","0","6558","17","9","20972","PRDM16,CACNA2D2,MECOM,GNRHR,PTP4A3,ADM,CRYAB,PKP2,NFATC3"
"GO:BP","regulation of signaling","GO:0023051","1","0","3473","17","5","20972","PRDM16,CACNA2D2,MECOM,PTP4A3,ADM"
"GO:BP","ribonucleoprotein complex biogenesis","GO:0022613","1","0","1841","17","1","20972","KAT2B"
"GO:BP","cellular component assembly","GO:0022607","1","0","4830","17","5","20972","KAT2B,MYPN,LDB3,CRYAB,PKP2"
"GO:BP","regulation of anatomical structure morphogenesis","GO:0022603","1","0","822","17","3","20972","HSPG2,ADM,NFATC3"
"GO:BP","regulation of nucleotide catabolic process","GO:0030811","1","0","55","17","1","20972","KAT2B"
"GO:BP","negative regulation of transforming growth factor beta receptor signaling pathway","GO:0030512","1","0","93","17","1","20972","PRDM16"
"GO:BP","lung development","GO:0030324","1","0","194","17","1","20972","SP3"
"GO:BP","respiratory tube development","GO:0030323","1","0","198","17","1","20972","SP3"
"GO:BP","negative regulation of cell growth","GO:0030308","1","0","170","17","1","20972","CRYAB"
"GO:BP","myofibril assembly","GO:0030239","1","0","70","17","2","20972","MYPN,LDB3"
"GO:BP","monocyte differentiation","GO:0030224","1","0","35","17","1","20972","SP3"
"GO:BP","megakaryocyte differentiation","GO:0030219","1","0","66","17","1","20972","SP3"
"GO:BP","erythrocyte differentiation","GO:0030218","1","0","138","17","1","20972","SP3"
"GO:BP","T cell differentiation","GO:0030217","1","0","321","17","2","20972","SP3,NFATC3"
"GO:BP","B cell differentiation","GO:0030183","1","0","142","17","1","20972","SP3"
"GO:BP","neuron differentiation","GO:0030182","1","0","1444","17","2","20972","KAT2B,MYPN"
"GO:BP","regulation of cell adhesion","GO:0030155","1","0","780","17","1","20972","PKP2"
"GO:BP","natural killer cell activation","GO:0030101","1","0","97","17","1","20972","SP3"
"GO:BP","myeloid cell differentiation","GO:0030099","1","0","449","17","1","20972","SP3"
"GO:BP","regulation of protein stability","GO:0031647","1","0","385","17","1","20972","CRYAB"
"GO:BP","receptor internalization","GO:0031623","1","0","132","17","1","20972","ADM"
"GO:BP","cell-substrate adhesion","GO:0031589","1","0","349","17","1","20972","PKP2"
"GO:BP","protein-containing complex localization","GO:0031503","1","0","88","17","1","20972","CACNA2D2"
"GO:BP","N-terminal protein amino acid modification","GO:0031365","1","0","26","17","1","20972","KAT2B"
"GO:BP","positive regulation of cell projection organization","GO:0031346","1","0","342","17","1","20972","KAT2B"
"GO:BP","regulation of cell projection organization","GO:0031344","1","0","639","17","1","20972","KAT2B"
"GO:BP","negative regulation of protein-containing complex assembly","GO:0031333","1","0","143","17","1","20972","CRYAB"
"GO:BP","neuron projection development","GO:0031175","1","0","1010","17","2","20972","KAT2B,MYPN"
"GO:BP","microtubule polymerization or depolymerization","GO:0031109","1","0","143","17","1","20972","CRYAB"
"GO:BP","stress-activated protein kinase signaling cascade","GO:0031098","1","0","56","17","1","20972","CRYAB"
"GO:BP","embryonic camera-type eye development","GO:0031076","1","0","37","17","1","20972","SP3"
"GO:BP","actomyosin structure organization","GO:0031032","1","0","202","17","2","20972","MYPN,LDB3"
"GO:BP","microtubule organizing center organization","GO:0031023","1","0","157","17","1","20972","KAT2B"
"GO:BP","granulocyte differentiation","GO:0030851","1","0","40","17","1","20972","SP3"
"GO:BP","positive regulation of nucleotide catabolic process","GO:0030813","1","0","24","17","1","20972","KAT2B"
"GO:BP","response to insulin","GO:0032868","1","0","308","17","1","20972","KAT2B"
"GO:BP","monocarboxylic acid metabolic process","GO:0032787","1","0","604","17","1","20972","KAT2B"
"GO:BP","RNA biosynthetic process","GO:0032774","1","0","6627","17","7","20972","PRDM16,SP3,KAT2B,MECOM,PTP4A3,CRYAB,NFATC3"
"GO:BP","maintenance of protein location in cell","GO:0032507","1","0","59","17","1","20972","PKP2"
"GO:BP","negative regulation of intracellular transport","GO:0032387","1","0","53","17","1","20972","CRYAB"
"GO:BP","regulation of intracellular transport","GO:0032386","1","0","260","17","1","20972","CRYAB"
"GO:BP","response to estradiol","GO:0032355","1","0","100","17","1","20972","CRYAB"
"GO:BP","positive regulation of hormone metabolic process","GO:0032352","1","0","13","17","1","20972","ADM"
"GO:BP","regulation of hormone metabolic process","GO:0032350","1","0","35","17","1","20972","ADM"
"GO:BP","gonadotropin secretion","GO:0032274","1","0","17","17","1","20972","GNRHR"
"GO:BP","methylation","GO:0032259","1","0","238","17","2","20972","PRDM16,MECOM"
"GO:BP","cellular response to nutrient","GO:0031670","1","0","49","17","1","20972","KAT2B"
"GO:BP","cellular response to nutrient levels","GO:0031669","1","0","250","17","1","20972","KAT2B"
"GO:BP","response to nutrient levels","GO:0031667","1","0","475","17","1","20972","KAT2B"
"GO:BP","positive regulation of purine nucleotide catabolic process","GO:0033123","1","0","24","17","1","20972","KAT2B"
"GO:BP","regulation of purine nucleotide catabolic process","GO:0033121","1","0","55","17","1","20972","KAT2B"
"GO:BP","T cell differentiation in thymus","GO:0033077","1","0","88","17","1","20972","NFATC3"
"GO:BP","regulation of mitotic sister chromatid segregation","GO:0033047","1","0","57","17","1","20972","KAT2B"
"GO:BP","regulation of sister chromatid segregation","GO:0033045","1","0","107","17","1","20972","KAT2B"
"GO:BP","regulation of chromosome organization","GO:0033044","1","0","241","17","1","20972","KAT2B"
"GO:BP","regulation of organelle organization","GO:0033043","1","0","1167","17","1","20972","KAT2B"
"GO:BP","macromolecule localization","GO:0033036","1","0","2876","17","4","20972","CACNA2D2,MON1A,PTP4A3,PKP2"
"GO:BP","cellular anatomical entity morphogenesis","GO:0032989","1","0","129","17","2","20972","MYPN,LDB3"
"GO:BP","regulation of actin filament-based process","GO:0032970","1","0","382","17","1","20972","PKP2"
"GO:BP","secretion by cell","GO:0032940","1","0","835","17","2","20972","MON1A,GNRHR"
"GO:BP","regulation of microtubule-based process","GO:0032886","1","0","272","17","1","20972","KAT2B"
"GO:BP","regulation of protein localization","GO:0032880","1","0","859","17","2","20972","CACNA2D2,PTP4A3"
"GO:BP","regulation of localization","GO:0032879","1","0","1914","17","6","20972","NOS1AP,KAT2B,CACNA2D2,PTP4A3,CRYAB,PKP2"
"GO:BP","cellular response to hormone stimulus","GO:0032870","1","0","677","17","2","20972","KAT2B,GNRHR"
"GO:BP","cellular response to insulin stimulus","GO:0032869","1","0","252","17","1","20972","KAT2B"
"GO:BP","regulation of transmembrane transport","GO:0034762","1","0","410","17","1","20972","NOS1AP"
"GO:BP","nucleobase-containing compound catabolic process","GO:0034655","1","0","526","17","1","20972","KAT2B"
"GO:BP","nucleobase-containing compound biosynthetic process","GO:0034654","1","0","7035","17","7","20972","PRDM16,SP3,KAT2B,MECOM,PTP4A3,CRYAB,NFATC3"
"GO:BP","cellular response to oxidative stress","GO:0034599","1","0","233","17","1","20972","KAT2B"
"GO:BP","substrate adhesion-dependent cell spreading","GO:0034446","1","0","100","17","1","20972","PKP2"
"GO:BP","cell junction organization","GO:0034330","1","0","829","17","3","20972","NOS1AP,CACNA2D2,PKP2"
"GO:BP","cell junction assembly","GO:0034329","1","0","509","17","1","20972","PKP2"
"GO:BP","monoatomic ion transmembrane transport","GO:0034220","1","0","1025","17","2","20972","NOS1AP,CACNA2D2"
"GO:BP","heterotypic cell-cell adhesion","GO:0034113","1","0","61","17","1","20972","PKP2"
"GO:BP","homotypic cell-cell adhesion","GO:0034109","1","0","101","17","1","20972","PKP2"
"GO:BP","erythrocyte homeostasis","GO:0034101","1","0","149","17","1","20972","SP3"
"GO:BP","response to cytokine","GO:0034097","1","0","979","17","1","20972","PTP4A3"
"GO:BP","response to lipid","GO:0033993","1","0","880","17","1","20972","CRYAB"
"GO:BP","cellular response to stress","GO:0033554","1","0","1856","17","2","20972","KAT2B,CRYAB"
"GO:BP","protein localization to organelle","GO:0033365","1","0","887","17","2","20972","CACNA2D2,MON1A"
"GO:BP","calcineurin-NFAT signaling cascade","GO:0033173","1","0","47","17","1","20972","NFATC3"
"GO:BP","regulation of urine volume","GO:0035809","1","0","21","17","1","20972","ADM"
"GO:BP","establishment of protein localization to extracellular region","GO:0035592","1","0","367","17","1","20972","MON1A"
"GO:BP","intracellular signal transduction","GO:0035556","1","0","2963","17","4","20972","MECOM,PTP4A3,CRYAB,NFATC3"
"GO:BP","protein localization to synapse","GO:0035418","1","0","87","17","1","20972","CACNA2D2"
"GO:BP","regulation of tube diameter","GO:0035296","1","0","152","17","2","20972","KAT2B,ADM"
"GO:BP","tube development","GO:0035295","1","0","1094","17","5","20972","HSPG2,SP3,ADM,NFATC3,MYO18B"
"GO:BP","organ growth","GO:0035265","1","0","160","17","1","20972","CACNA2D2"
"GO:BP","multicellular organism growth","GO:0035264","1","0","170","17","1","20972","CACNA2D2"
"GO:BP","tube morphogenesis","GO:0035239","1","0","877","17","4","20972","HSPG2,ADM,NFATC3,MYO18B"
"GO:BP","regulation of tube size","GO:0035150","1","0","153","17","2","20972","KAT2B,ADM"
"GO:BP","tube formation","GO:0035148","1","0","148","17","1","20972","ADM"
"GO:BP","cardiocyte differentiation","GO:0035051","1","0","147","17","1","20972","MYO18B"
"GO:BP","positive regulation of monoatomic ion transmembrane transport","GO:0034767","1","0","126","17","1","20972","NOS1AP"
"GO:BP","regulation of monoatomic ion transmembrane transport","GO:0034765","1","0","292","17","1","20972","NOS1AP"
"GO:BP","positive regulation of transmembrane transport","GO:0034764","1","0","183","17","1","20972","NOS1AP"
"GO:BP","response to chemical","GO:0042221","1","0","3863","17","4","20972","KAT2B,GNRHR,PTP4A3,CRYAB"
"GO:BP","ketone biosynthetic process","GO:0042181","1","0","50","17","1","20972","ADM"
"GO:BP","ketone metabolic process","GO:0042180","1","0","205","17","2","20972","KAT2B,ADM"
"GO:BP","regulation of cell population proliferation","GO:0042127","1","0","1639","17","2","20972","KAT2B,ADM"
"GO:BP","B cell activation","GO:0042113","1","0","286","17","1","20972","SP3"
"GO:BP","T cell activation","GO:0042110","1","0","581","17","2","20972","SP3,NFATC3"
"GO:BP","protein refolding","GO:0042026","1","0","27","17","1","20972","CRYAB"
"GO:BP","epigenetic regulation of gene expression","GO:0040029","1","0","297","17","1","20972","KAT2B"
"GO:BP","regulation of multicellular organism growth","GO:0040014","1","0","66","17","1","20972","CACNA2D2"
"GO:BP","regulation of growth","GO:0040008","1","0","590","17","2","20972","CACNA2D2,CRYAB"
"GO:BP","growth","GO:0040007","1","0","920","17","3","20972","CACNA2D2,ADM,CRYAB"
"GO:BP","vascular endothelial growth factor signaling pathway","GO:0038084","1","0","91","17","1","20972","PTP4A3"
"GO:BP","non-canonical NF-kappaB signal transduction","GO:0038061","1","0","121","17","1","20972","PTP4A3"
"GO:BP","response to decreased oxygen levels","GO:0036293","1","0","290","17","1","20972","CRYAB"
"GO:BP","protein modification process","GO:0036211","1","0","2360","17","2","20972","KAT2B,PTP4A3"
"GO:BP","cellular response to vascular endothelial growth factor stimulus","GO:0035924","1","0","113","17","1","20972","PTP4A3"
"GO:BP","regulation of programmed cell death","GO:0043067","1","0","1467","17","2","20972","MECOM,CRYAB"
"GO:BP","negative regulation of apoptotic process","GO:0043066","1","0","856","17","1","20972","CRYAB"
"GO:BP","camera-type eye development","GO:0043010","1","0","364","17","2","20972","SP3,CRYAB"
"GO:BP","chordate embryonic development","GO:0043009","1","0","669","17","3","20972","SP3,ADM,MYO18B"
"GO:BP","regulation of apoptotic process","GO:0042981","1","0","1426","17","1","20972","CRYAB"
"GO:BP","homeostatic process","GO:0042592","1","0","1677","17","2","20972","PRDM16,SP3"
"GO:BP","response to hydrogen peroxide","GO:0042542","1","0","85","17","1","20972","CRYAB"
"GO:BP","progesterone metabolic process","GO:0042448","1","0","17","17","1","20972","ADM"
"GO:BP","hormone biosynthetic process","GO:0042446","1","0","65","17","1","20972","ADM"
"GO:BP","hormone metabolic process","GO:0042445","1","0","241","17","1","20972","ADM"
"GO:BP","regulation of membrane potential","GO:0042391","1","0","443","17","2","20972","NOS1AP,PKP2"
"GO:BP","vasodilation","GO:0042311","1","0","55","17","1","20972","KAT2B"
"GO:BP","vasoconstriction","GO:0042310","1","0","84","17","1","20972","ADM"
"GO:BP","regulation of fatty acid biosynthetic process","GO:0042304","1","0","45","17","1","20972","KAT2B"
"GO:BP","ribosome biogenesis","GO:0042254","1","0","316","17","1","20972","KAT2B"
"GO:BP","macromolecule modification","GO:0043412","1","0","2547","17","2","20972","KAT2B,PTP4A3"
"GO:BP","negative regulation of MAPK cascade","GO:0043409","1","0","160","17","1","20972","MECOM"
"GO:BP","regulation of MAPK cascade","GO:0043408","1","0","638","17","1","20972","MECOM"
"GO:BP","positive T cell selection","GO:0043368","1","0","51","17","1","20972","NFATC3"
"GO:BP","enucleate erythrocyte differentiation","GO:0043353","1","0","14","17","1","20972","SP3"
"GO:BP","positive regulation of monoatomic ion transport","GO:0043270","1","0","186","17","2","20972","NOS1AP,PKP2"
"GO:BP","regulation of monoatomic ion transport","GO:0043269","1","0","421","17","2","20972","NOS1AP,PKP2"
"GO:BP","positive regulation of potassium ion transport","GO:0043268","1","0","31","17","1","20972","NOS1AP"
"GO:BP","regulation of potassium ion transport","GO:0043266","1","0","81","17","1","20972","NOS1AP"
"GO:BP","regulation of carbohydrate biosynthetic process","GO:0043255","1","0","95","17","1","20972","KAT2B"
"GO:BP","regulation of protein-containing complex assembly","GO:0043254","1","0","422","17","1","20972","CRYAB"
"GO:BP","macromolecule metabolic process","GO:0043170","1","0","11942","17","7","20972","PRDM16,SP3,KAT2B,MECOM,PTP4A3,CRYAB,NFATC3"
"GO:BP","positive regulation of vascular permeability","GO:0043117","1","0","17","17","1","20972","PTP4A3"
"GO:BP","negative regulation of vascular permeability","GO:0043116","1","0","18","17","1","20972","ADM"
"GO:BP","negative regulation of programmed cell death","GO:0043069","1","0","887","17","2","20972","MECOM,CRYAB"
"GO:BP","multi-organism reproductive process","GO:0044703","1","0","196","17","1","20972","SP3"
"GO:BP","small molecule biosynthetic process","GO:0044283","1","0","580","17","2","20972","KAT2B,ADM"
"GO:BP","small molecule metabolic process","GO:0044281","1","0","1694","17","2","20972","KAT2B,ADM"
"GO:BP","primary metabolic process","GO:0044238","1","0","12170","17","9","20972","PRDM16,HSPG2,SP3,KAT2B,MECOM,PTP4A3,ADM,CRYAB,NFATC3"
"GO:BP","regulation of cellular component biogenesis","GO:0044087","1","0","1006","17","2","20972","KAT2B,CRYAB"
"GO:BP","cellular component biogenesis","GO:0044085","1","0","5090","17","5","20972","KAT2B,MYPN,LDB3,CRYAB,PKP2"
"GO:BP","regulation of system process","GO:0044057","1","0","543","17","3","20972","NOS1AP,ADM,PKP2"
"GO:BP","protein-containing complex organization","GO:0043933","1","0","3412","17","1","20972","CRYAB"
"GO:BP","protein acylation","GO:0043543","1","0","76","17","1","20972","KAT2B"
"GO:BP","endothelial cell migration","GO:0043542","1","0","228","17","1","20972","PTP4A3"
"GO:BP","regulation of RNA splicing","GO:0043484","1","0","186","17","1","20972","KAT2B"
"GO:BP","regulation of carbohydrate catabolic process","GO:0043470","1","0","64","17","1","20972","KAT2B"
"GO:BP","regulation of generation of precursor metabolites and energy","GO:0043467","1","0","134","17","2","20972","PRDM16,KAT2B"
"GO:BP","regulation of cellular respiration","GO:0043457","1","0","45","17","1","20972","PRDM16"
"GO:BP","oxoacid metabolic process","GO:0043436","1","0","885","17","1","20972","KAT2B"
"GO:BP","response to peptide hormone","GO:0043434","1","0","457","17","2","20972","KAT2B,GNRHR"
"GO:BP","positive regulation of nitric oxide biosynthetic process","GO:0045429","1","0","37","17","1","20972","NFATC3"
"GO:BP","regulation of nitric oxide biosynthetic process","GO:0045428","1","0","55","17","2","20972","NOS1AP,NFATC3"
"GO:BP","cellular respiration","GO:0045333","1","0","332","17","2","20972","PRDM16,KAT2B"
"GO:BP","leukocyte activation","GO:0045321","1","0","975","17","2","20972","SP3,NFATC3"
"GO:BP","cell-cell junction organization","GO:0045216","1","0","216","17","1","20972","PKP2"
"GO:BP","maintenance of protein location","GO:0045185","1","0","59","17","1","20972","PKP2"
"GO:BP","establishment of protein localization","GO:0045184","1","0","1869","17","2","20972","MON1A,PTP4A3"
"GO:BP","intermediate filament bundle assembly","GO:0045110","1","0","8","17","1","20972","PKP2"
"GO:BP","intermediate filament organization","GO:0045109","1","0","75","17","1","20972","PKP2"
"GO:BP","intermediate filament cytoskeleton organization","GO:0045104","1","0","96","17","1","20972","PKP2"
"GO:BP","intermediate filament-based process","GO:0045103","1","0","97","17","1","20972","PKP2"
"GO:BP","thymic T cell selection","GO:0045061","1","0","24","17","1","20972","NFATC3"
"GO:BP","positive thymic T cell selection","GO:0045059","1","0","15","17","1","20972","NFATC3"
"GO:BP","T cell selection","GO:0045058","1","0","64","17","1","20972","NFATC3"
"GO:BP","multi-multicellular organism process","GO:0044706","1","0","205","17","1","20972","SP3"
"GO:BP","positive regulation of lipid metabolic process","GO:0045834","1","0","127","17","2","20972","KAT2B,ADM"
"GO:BP","positive regulation of heart contraction","GO:0045823","1","0","37","17","1","20972","ADM"
"GO:BP","positive regulation of glycolytic process","GO:0045821","1","0","24","17","1","20972","KAT2B"
"GO:BP","transcription initiation-coupled chromatin remodeling","GO:0045815","1","0","56","17","1","20972","KAT2B"
"GO:BP","positive regulation of cell cycle","GO:0045787","1","0","349","17","1","20972","KAT2B"
"GO:BP","negative regulation of cell cycle","GO:0045786","1","0","374","17","1","20972","KAT2B"
"GO:BP","positive regulation of angiogenesis","GO:0045766","1","0","163","17","1","20972","ADM"
"GO:BP","regulation of angiogenesis","GO:0045765","1","0","292","17","2","20972","HSPG2,ADM"
"GO:BP","negative regulation of G protein-coupled receptor signaling pathway","GO:0045744","1","0","61","17","1","20972","ADM"
"GO:BP","positive regulation of fatty acid biosynthetic process","GO:0045723","1","0","21","17","1","20972","KAT2B"
"GO:BP","positive regulation of gluconeogenesis","GO:0045722","1","0","19","17","1","20972","KAT2B"
"GO:BP","positive regulation of cell differentiation","GO:0045597","1","0","852","17","1","20972","ADM"
"GO:BP","negative regulation of cell differentiation","GO:0045596","1","0","665","17","2","20972","PKP2,NFATC3"
"GO:BP","regulation of cell differentiation","GO:0045595","1","0","1549","17","3","20972","ADM,PKP2,NFATC3"
"GO:BP","fat cell differentiation","GO:0045444","1","0","243","17","1","20972","PRDM16"
"GO:BP","positive regulation of transcription by glucose","GO:0046016","1","0","6","17","1","20972","KAT2B"
"GO:BP","regulation of transcription by glucose","GO:0046015","1","0","9","17","1","20972","KAT2B"
"GO:BP","regulation of embryonic development","GO:0045995","1","0","92","17","1","20972","KAT2B"
"GO:BP","carbon catabolite activation of transcription","GO:0045991","1","0","7","17","1","20972","KAT2B"
"GO:BP","carbon catabolite regulation of transcription","GO:0045990","1","0","7","17","1","20972","KAT2B"
"GO:BP","positive regulation of nucleotide metabolic process","GO:0045981","1","0","39","17","1","20972","KAT2B"
"GO:BP","positive regulation of transcription by RNA polymerase II","GO:0045944","1","0","1237","17","5","20972","PRDM16,SP3,KAT2B,MECOM,NFATC3"
"GO:BP","positive regulation of steroid metabolic process","GO:0045940","1","0","32","17","1","20972","ADM"
"GO:BP","positive regulation of phosphate metabolic process","GO:0045937","1","0","395","17","1","20972","KAT2B"
"GO:BP","negative regulation of nucleobase-containing compound metabolic process","GO:0045934","1","0","1510","17","6","20972","PRDM16,SP3,KAT2B,MECOM,CRYAB,NFATC3"
"GO:BP","positive regulation of growth","GO:0045927","1","0","242","17","1","20972","CACNA2D2"
"GO:BP","negative regulation of growth","GO:0045926","1","0","221","17","1","20972","CRYAB"
"GO:BP","positive regulation of fatty acid metabolic process","GO:0045923","1","0","37","17","1","20972","KAT2B"
"GO:BP","positive regulation of carbohydrate metabolic process","GO:0045913","1","0","77","17","1","20972","KAT2B"
"GO:BP","negative regulation of vasoconstriction","GO:0045906","1","0","13","17","1","20972","ADM"
"GO:BP","positive regulation of DNA-templated transcription","GO:0045893","1","0","1672","17","5","20972","PRDM16,SP3,KAT2B,MECOM,NFATC3"
"GO:BP","positive regulation of organ growth","GO:0046622","1","0","44","17","1","20972","CACNA2D2"
"GO:BP","regulation of organ growth","GO:0046620","1","0","87","17","1","20972","CACNA2D2"
"GO:BP","negative regulation of centrosome cycle","GO:0046606","1","0","12","17","1","20972","KAT2B"
"GO:BP","regulation of centrosome cycle","GO:0046605","1","0","56","17","1","20972","KAT2B"
"GO:BP","negative regulation of centriole replication","GO:0046600","1","0","7","17","1","20972","KAT2B"
"GO:BP","regulation of centriole replication","GO:0046599","1","0","25","17","1","20972","KAT2B"
"GO:BP","nicotinamide nucleotide metabolic process","GO:0046496","1","0","165","17","1","20972","KAT2B"
"GO:BP","organophosphate catabolic process","GO:0046434","1","0","246","17","1","20972","KAT2B"
"GO:BP","carboxylic acid biosynthetic process","GO:0046394","1","0","310","17","1","20972","KAT2B"
"GO:BP","monosaccharide biosynthetic process","GO:0046364","1","0","89","17","1","20972","KAT2B"
"GO:BP","negative regulation of JNK cascade","GO:0046329","1","0","35","17","1","20972","MECOM"
"GO:BP","regulation of JNK cascade","GO:0046328","1","0","139","17","1","20972","MECOM"
"GO:BP","nitric oxide metabolic process","GO:0046209","1","0","76","17","2","20972","NOS1AP,NFATC3"
"GO:BP","ATP metabolic process","GO:0046034","1","0","233","17","1","20972","KAT2B"
"GO:BP","ADP catabolic process","GO:0046032","1","0","100","17","1","20972","KAT2B"
"GO:BP","ADP metabolic process","GO:0046031","1","0","107","17","1","20972","KAT2B"
"GO:BP","positive regulation of biological process","GO:0048518","1","0","6150","17","10","20972","PRDM16,NOS1AP,SP3,KAT2B,CACNA2D2,MECOM,PTP4A3,ADM,PKP2,NFATC3"
"GO:BP","blood vessel morphogenesis","GO:0048514","1","0","632","17","4","20972","HSPG2,ADM,NFATC3,MYO18B"
"GO:BP","animal organ development","GO:0048513","1","0","3018","17","8","20972","HSPG2,SP3,KAT2B,LDB3,ADM,CRYAB,PKP2,MYO18B"
"GO:BP","rhythmic process","GO:0048511","1","0","291","17","1","20972","KAT2B"
"GO:BP","maintenance of animal organ identity","GO:0048496","1","0","5","17","1","20972","PKP2"
"GO:BP","organelle fission","GO:0048285","1","0","497","17","1","20972","KAT2B"
"GO:BP","embryonic eye morphogenesis","GO:0048048","1","0","35","17","1","20972","SP3"
"GO:BP","intracellular transport","GO:0046907","1","0","1375","17","2","20972","MON1A,CRYAB"
"GO:BP","secretion","GO:0046903","1","0","971","17","2","20972","MON1A,GNRHR"
"GO:BP","regulation of lipid biosynthetic process","GO:0046890","1","0","181","17","2","20972","KAT2B,ADM"
"GO:BP","positive regulation of lipid biosynthetic process","GO:0046889","1","0","93","17","2","20972","KAT2B,ADM"
"GO:BP","positive regulation of hormone biosynthetic process","GO:0046886","1","0","8","17","1","20972","ADM"
"GO:BP","regulation of hormone biosynthetic process","GO:0046885","1","0","21","17","1","20972","ADM"
"GO:BP","hormone secretion","GO:0046879","1","0","319","17","1","20972","GNRHR"
"GO:BP","lymphocyte activation","GO:0046649","1","0","811","17","2","20972","SP3,NFATC3"
"GO:BP","positive regulation of developmental growth","GO:0048639","1","0","156","17","1","20972","CACNA2D2"
"GO:BP","regulation of developmental growth","GO:0048638","1","0","306","17","1","20972","CACNA2D2"
"GO:BP","multicellular organismal reproductive process","GO:0048609","1","0","988","17","1","20972","SP3"
"GO:BP","embryonic morphogenesis","GO:0048598","1","0","623","17","2","20972","SP3,ADM"
"GO:BP","embryonic camera-type eye morphogenesis","GO:0048596","1","0","26","17","1","20972","SP3"
"GO:BP","camera-type eye morphogenesis","GO:0048593","1","0","136","17","1","20972","SP3"
"GO:BP","eye morphogenesis","GO:0048592","1","0","173","17","1","20972","SP3"
"GO:BP","developmental growth","GO:0048589","1","0","661","17","2","20972","CACNA2D2,ADM"
"GO:BP","negative regulation of response to stimulus","GO:0048585","1","0","1693","17","3","20972","PRDM16,MECOM,ADM"
"GO:BP","positive regulation of response to stimulus","GO:0048584","1","0","2320","17","1","20972","PTP4A3"
"GO:BP","regulation of response to stimulus","GO:0048583","1","0","3993","17","5","20972","PRDM16,KAT2B,MECOM,PTP4A3,ADM"
"GO:BP","embryonic organ development","GO:0048568","1","0","457","17","2","20972","SP3,ADM"
"GO:BP","embryonic organ morphogenesis","GO:0048562","1","0","305","17","1","20972","SP3"
"GO:BP","negative regulation of cellular process","GO:0048523","1","0","5510","17","8","20972","PRDM16,SP3,KAT2B,MECOM,ADM,CRYAB,PKP2,NFATC3"
"GO:BP","positive regulation of cellular process","GO:0048522","1","0","5739","17","8","20972","PRDM16,NOS1AP,SP3,KAT2B,MECOM,PTP4A3,ADM,NFATC3"
"GO:BP","negative regulation of biological process","GO:0048519","1","0","5753","17","9","20972","PRDM16,HSPG2,SP3,KAT2B,MECOM,ADM,CRYAB,PKP2,NFATC3"
"GO:BP","cell projection morphogenesis","GO:0048858","1","0","669","17","1","20972","MYPN"
"GO:BP","artery morphogenesis","GO:0048844","1","0","73","17","1","20972","NFATC3"
"GO:BP","neuron projection morphogenesis","GO:0048812","1","0","648","17","1","20972","MYPN"
"GO:BP","cardiac muscle tissue development","GO:0048738","1","0","225","17","2","20972","PKP2,MYO18B"
"GO:BP","appendage development","GO:0048736","1","0","192","17","1","20972","KAT2B"
"GO:BP","gland development","GO:0048732","1","0","425","17","1","20972","SP3"
"GO:BP","tissue morphogenesis","GO:0048729","1","0","612","17","2","20972","ADM,PKP2"
"GO:BP","embryonic skeletal system development","GO:0048706","1","0","133","17","1","20972","SP3"
"GO:BP","generation of neurons","GO:0048699","1","0","1523","17","2","20972","KAT2B,MYPN"
"GO:BP","cell morphogenesis involved in neuron differentiation","GO:0048667","1","0","584","17","1","20972","MYPN"
"GO:BP","neuron development","GO:0048666","1","0","1167","17","2","20972","KAT2B,MYPN"
"GO:BP","anatomical structure formation involved in morphogenesis","GO:0048646","1","0","1190","17","5","20972","HSPG2,SP3,MYPN,LDB3,ADM"
"GO:BP","muscle organ morphogenesis","GO:0048644","1","0","78","17","1","20972","PKP2"
"GO:BP","regulation of body fluid levels","GO:0050878","1","0","374","17","1","20972","ADM"
"GO:BP","nervous system process","GO:0050877","1","0","1503","17","1","20972","KAT2B"
"GO:BP","brown fat cell differentiation","GO:0050873","1","0","54","17","1","20972","PRDM16"
"GO:BP","protein stabilization","GO:0050821","1","0","230","17","1","20972","CRYAB"
"GO:BP","regulation of steroid biosynthetic process","GO:0050810","1","0","77","17","1","20972","ADM"
"GO:BP","synapse organization","GO:0050808","1","0","561","17","2","20972","NOS1AP,CACNA2D2"
"GO:BP","modulation of chemical synaptic transmission","GO:0050804","1","0","503","17","1","20972","CACNA2D2"
"GO:BP","regulation of cellular process","GO:0050794","1","0","11962","17","12","20972","PRDM16,NOS1AP,SP3,KAT2B,CACNA2D2,MECOM,GNRHR,PTP4A3,ADM,CRYAB,PKP2,NFATC3"
"GO:BP","regulation of developmental process","GO:0050793","1","0","2431","17","6","20972","HSPG2,KAT2B,CACNA2D2,ADM,PKP2,NFATC3"
"GO:BP","regulation of catalytic activity","GO:0050790","1","0","774","17","2","20972","NOS1AP,KAT2B"
"GO:BP","regulation of biological process","GO:0050789","1","0","12397","17","13","20972","PRDM16,HSPG2,NOS1AP,SP3,KAT2B,CACNA2D2,MECOM,GNRHR,PTP4A3,ADM,CRYAB,PKP2,NFATC3"
"GO:BP","chromosome localization","GO:0050000","1","0","125","17","1","20972","KAT2B"
"GO:BP","sensory system development","GO:0048880","1","0","429","17","2","20972","SP3,CRYAB"
"GO:BP","homeostasis of number of cells","GO:0048872","1","0","338","17","1","20972","SP3"
"GO:BP","multicellular organismal-level homeostasis","GO:0048871","1","0","839","17","2","20972","PRDM16,SP3"
"GO:BP","cell motility","GO:0048870","1","0","1794","17","1","20972","PTP4A3"
"GO:BP","regulation of muscle cell differentiation","GO:0051147","1","0","137","17","1","20972","NFATC3"
"GO:BP","striated muscle cell differentiation","GO:0051146","1","0","287","17","3","20972","MYPN,LDB3,MYO18B"
"GO:BP","smooth muscle cell differentiation","GO:0051145","1","0","60","17","2","20972","ADM,NFATC3"
"GO:BP","positive regulation of cellular component organization","GO:0051130","1","0","1091","17","1","20972","KAT2B"
"GO:BP","negative regulation of cellular component organization","GO:0051129","1","0","695","17","2","20972","KAT2B,CRYAB"
"GO:BP","regulation of cellular component organization","GO:0051128","1","0","2427","17","2","20972","KAT2B,CRYAB"
"GO:BP","positive regulation of developmental process","GO:0051094","1","0","1305","17","3","20972","CACNA2D2,ADM,NFATC3"
"GO:BP","negative regulation of developmental process","GO:0051093","1","0","916","17","3","20972","HSPG2,PKP2,NFATC3"
"GO:BP","regulation of DNA metabolic process","GO:0051052","1","0","485","17","1","20972","KAT2B"
"GO:BP","negative regulation of transport","GO:0051051","1","0","404","17","1","20972","CRYAB"
"GO:BP","positive regulation of transport","GO:0051050","1","0","818","17","2","20972","NOS1AP,PKP2"
"GO:BP","regulation of transport","GO:0051049","1","0","1566","17","3","20972","NOS1AP,CRYAB,PKP2"
"GO:BP","regulation of nitric-oxide synthase activity","GO:0050999","1","0","15","17","1","20972","NOS1AP"
"GO:BP","response to stimulus","GO:0050896","1","0","9051","17","9","20972","PRDM16,HSPG2,KAT2B,MECOM,GNRHR,PTP4A3,ADM,CRYAB,NFATC3"
"GO:BP","cognition","GO:0050890","1","0","315","17","1","20972","KAT2B"
"GO:BP","endocrine process","GO:0050886","1","0","98","17","1","20972","GNRHR"
"GO:BP","chromosome organization","GO:0051276","1","0","575","17","1","20972","KAT2B"
"GO:BP","positive regulation of RNA metabolic process","GO:0051254","1","0","1804","17","5","20972","PRDM16,SP3,KAT2B,MECOM,NFATC3"
"GO:BP","regulation of RNA metabolic process","GO:0051252","1","0","3654","17","7","20972","PRDM16,SP3,KAT2B,MECOM,PTP4A3,CRYAB,NFATC3"
"GO:BP","negative regulation of protein metabolic process","GO:0051248","1","0","569","17","1","20972","CRYAB"
"GO:BP","regulation of protein metabolic process","GO:0051246","1","0","1574","17","1","20972","CRYAB"
"GO:BP","negative regulation of multicellular organismal process","GO:0051241","1","0","1091","17","2","20972","HSPG2,ADM"
"GO:BP","positive regulation of multicellular organismal process","GO:0051240","1","0","1639","17","3","20972","PRDM16,CACNA2D2,ADM"
"GO:BP","regulation of multicellular organismal process","GO:0051239","1","0","2923","17","7","20972","PRDM16,HSPG2,NOS1AP,KAT2B,CACNA2D2,ADM,PKP2"
"GO:BP","maintenance of location","GO:0051235","1","0","79","17","1","20972","PKP2"
"GO:BP","establishment of localization","GO:0051234","1","0","4804","17","9","20972","HSPG2,NOS1AP,CACNA2D2,MON1A,GNRHR,PTP4A3,ADM,CRYAB,PKP2"
"GO:BP","localization","GO:0051179","1","0","5493","17","10","20972","HSPG2,NOS1AP,KAT2B,CACNA2D2,MON1A,GNRHR,PTP4A3,ADM,CRYAB,PKP2"
"GO:BP","regulation of phosphorus metabolic process","GO:0051174","1","0","702","17","1","20972","KAT2B"
"GO:BP","negative regulation of smooth muscle cell differentiation","GO:0051151","1","0","14","17","1","20972","NFATC3"
"GO:BP","regulation of smooth muscle cell differentiation","GO:0051150","1","0","31","17","1","20972","NFATC3"
"GO:BP","negative regulation of muscle cell differentiation","GO:0051148","1","0","59","17","1","20972","NFATC3"
"GO:BP","localization within membrane","GO:0051668","1","0","921","17","2","20972","CACNA2D2,PKP2"
"GO:BP","maintenance of location in cell","GO:0051651","1","0","76","17","1","20972","PKP2"
"GO:BP","establishment of localization in cell","GO:0051649","1","0","1938","17","2","20972","MON1A,CRYAB"
"GO:BP","cellular localization","GO:0051641","1","0","2584","17","4","20972","CACNA2D2,MON1A,CRYAB,PKP2"
"GO:BP","organelle localization","GO:0051640","1","0","614","17","1","20972","KAT2B"
"GO:BP","protein maturation","GO:0051604","1","0","530","17","2","20972","KAT2B,CRYAB"
"GO:BP","negative regulation of cytoskeleton organization","GO:0051494","1","0","159","17","1","20972","KAT2B"
"GO:BP","regulation of cytoskeleton organization","GO:0051493","1","0","531","17","1","20972","KAT2B"
"GO:BP","stress-activated MAPK cascade","GO:0051403","1","0","52","17","1","20972","CRYAB"
"GO:BP","regulation of oxidoreductase activity","GO:0051341","1","0","29","17","1","20972","NOS1AP"
"GO:BP","regulation of transferase activity","GO:0051338","1","0","408","17","1","20972","KAT2B"
"GO:BP","attachment of mitotic spindle microtubules to kinetochore","GO:0051315","1","0","25","17","1","20972","KAT2B"
"GO:BP","metaphase chromosome alignment","GO:0051310","1","0","106","17","1","20972","KAT2B"
"GO:BP","regulation of cell division","GO:0051302","1","0","186","17","1","20972","KAT2B"
"GO:BP","cell division","GO:0051301","1","0","656","17","1","20972","KAT2B"
"GO:BP","centrosome duplication","GO:0051298","1","0","78","17","1","20972","KAT2B"
"GO:BP","nucleobase-containing small molecule metabolic process","GO:0055086","1","0","668","17","1","20972","KAT2B"
"GO:BP","transmembrane transport","GO:0055085","1","0","1555","17","2","20972","NOS1AP,CACNA2D2"
"GO:BP","cardiac muscle cell development","GO:0055013","1","0","77","17","1","20972","MYO18B"
"GO:BP","ventricular cardiac muscle tissue morphogenesis","GO:0055010","1","0","47","17","1","20972","PKP2"
"GO:BP","cardiac muscle tissue morphogenesis","GO:0055008","1","0","59","17","1","20972","PKP2"
"GO:BP","cardiac muscle cell differentiation","GO:0055007","1","0","113","17","1","20972","MYO18B"
"GO:BP","cardiac cell development","GO:0055006","1","0","83","17","1","20972","MYO18B"
"GO:BP","regulation of attachment of spindle microtubules to kinetochore","GO:0051988","1","0","23","17","1","20972","KAT2B"
"GO:BP","positive regulation of attachment of spindle microtubules to kinetochore","GO:0051987","1","0","11","17","1","20972","KAT2B"
"GO:BP","positive regulation of chromosome segregation","GO:0051984","1","0","30","17","1","20972","KAT2B"
"GO:BP","regulation of chromosome segregation","GO:0051983","1","0","132","17","1","20972","KAT2B"
"GO:BP","regulation of calcium ion transport","GO:0051924","1","0","223","17","1","20972","NOS1AP"
"GO:BP","regulation of cell cycle","GO:0051726","1","0","1088","17","2","20972","KAT2B,MECOM"
"GO:BP","cellular response to stimulus","GO:0051716","1","0","7425","17","8","20972","PRDM16,KAT2B,MECOM,GNRHR,PTP4A3,ADM,CRYAB,NFATC3"
"GO:BP","respiratory system development","GO:0060541","1","0","221","17","1","20972","SP3"
"GO:BP","muscle tissue development","GO:0060537","1","0","421","17","2","20972","PKP2,MYO18B"
"GO:BP","epithelium development","GO:0060429","1","0","1234","17","1","20972","ADM"
"GO:BP","muscle tissue morphogenesis","GO:0060415","1","0","70","17","1","20972","PKP2"
"GO:BP","regulation of cellular localization","GO:0060341","1","0","517","17","2","20972","CACNA2D2,CRYAB"
"GO:BP","head development","GO:0060322","1","0","787","17","1","20972","HSPG2"
"GO:BP","regulation of ventricular cardiac muscle cell membrane repolarization","GO:0060307","1","0","22","17","1","20972","NOS1AP"
"GO:BP","regulation of membrane repolarization","GO:0060306","1","0","36","17","1","20972","NOS1AP"
"GO:BP","regulation of macromolecule metabolic process","GO:0060255","1","0","6392","17","7","20972","PRDM16,SP3,KAT2B,MECOM,PTP4A3,CRYAB,NFATC3"
"GO:BP","definitive hemopoiesis","GO:0060216","1","0","21","17","1","20972","SP3"
"GO:BP","limb development","GO:0060173","1","0","192","17","1","20972","KAT2B"
"GO:BP","embryonic process involved in female pregnancy","GO:0060136","1","0","7","17","1","20972","SP3"
"GO:BP","cardiac muscle contraction","GO:0060048","1","0","139","17","2","20972","NOS1AP,PKP2"
"GO:BP","heart contraction","GO:0060047","1","0","242","17","3","20972","NOS1AP,ADM,PKP2"
"GO:BP","rhythmic synaptic transmission","GO:0060024","1","0","4","17","1","20972","CACNA2D2"
"GO:BP","regulation of cardiac muscle contraction","GO:0055117","1","0","74","17","1","20972","PKP2"
"GO:BP","miRNA transcription","GO:0061614","1","0","76","17","1","20972","NFATC3"
"GO:BP","calcium ion transmembrane transport via high voltage-gated calcium channel","GO:0061577","1","0","18","17","1","20972","NOS1AP"
"GO:BP","axon development","GO:0061564","1","0","513","17","1","20972","MYPN"
"GO:BP","cardiac conduction","GO:0061337","1","0","95","17","1","20972","PKP2"
"GO:BP","morphogenesis of a branching epithelium","GO:0061138","1","0","191","17","1","20972","ADM"
"GO:BP","hepaticobiliary system development","GO:0061008","1","0","123","17","1","20972","SP3"
"GO:BP","endocrine hormone secretion","GO:0060986","1","0","57","17","1","20972","GNRHR"
"GO:BP","artery development","GO:0060840","1","0","107","17","1","20972","NFATC3"
"GO:BP","labyrinthine layer morphogenesis","GO:0060713","1","0","22","17","1","20972","ADM"
"GO:BP","labyrinthine layer development","GO:0060711","1","0","46","17","1","20972","ADM"
"GO:BP","branching involved in labyrinthine layer morphogenesis","GO:0060670","1","0","13","17","1","20972","ADM"
"GO:BP","embryonic placenta morphogenesis","GO:0060669","1","0","26","17","1","20972","ADM"
"GO:BP","tube closure","GO:0060606","1","0","88","17","1","20972","ADM"
"GO:BP","epithelial tube morphogenesis","GO:0060562","1","0","333","17","1","20972","ADM"
"GO:BP","apoptotic process involved in morphogenesis","GO:0060561","1","0","23","17","1","20972","CRYAB"
"GO:BP","cellular response to chemical stimulus","GO:0070887","1","0","2199","17","2","20972","KAT2B,GNRHR"
"GO:BP","response to growth factor","GO:0070848","1","0","734","17","2","20972","PRDM16,PTP4A3"
"GO:BP","heterochromatin organization","GO:0070828","1","0","172","17","2","20972","PRDM16,MECOM"
"GO:BP","dendrite self-avoidance","GO:0070593","1","0","16","17","1","20972","MYPN"
"GO:BP","calcium ion transmembrane transport","GO:0070588","1","0","326","17","2","20972","NOS1AP,CACNA2D2"
"GO:BP","response to oxygen levels","GO:0070482","1","0","317","17","1","20972","CRYAB"
"GO:BP","actin-mediated cell contraction","GO:0070252","1","0","115","17","2","20972","NOS1AP,PKP2"
"GO:BP","regulation of establishment of protein localization","GO:0070201","1","0","481","17","1","20972","PTP4A3"
"GO:BP","regulation of molecular function","GO:0065009","1","0","1070","17","2","20972","NOS1AP,KAT2B"
"GO:BP","regulation of biological quality","GO:0065008","1","0","2963","17","8","20972","NOS1AP,KAT2B,CACNA2D2,GNRHR,PTP4A3,ADM,CRYAB,PKP2"
"GO:BP","biological regulation","GO:0065007","1","0","12804","17","13","20972","PRDM16,HSPG2,NOS1AP,SP3,KAT2B,CACNA2D2,MECOM,GNRHR,PTP4A3,ADM,CRYAB,PKP2,NFATC3"
"GO:BP","protein-containing complex assembly","GO:0065003","1","0","3214","17","1","20972","CRYAB"
"GO:BP","protein localization to postsynapse","GO:0062237","1","0","54","17","1","20972","CACNA2D2"
"GO:BP","cellular response to chemical stress","GO:0062197","1","0","300","17","1","20972","KAT2B"
"GO:BP","positive regulation of small molecule metabolic process","GO:0062013","1","0","144","17","2","20972","KAT2B,ADM"
"GO:BP","regulation of small molecule metabolic process","GO:0062012","1","0","313","17","2","20972","KAT2B,ADM"
"GO:BP","potassium ion transmembrane transport","GO:0071805","1","0","199","17","1","20972","NOS1AP"
"GO:BP","protein localization to extracellular region","GO:0071692","1","0","366","17","1","20972","MON1A"
"GO:BP","cellular response to transforming growth factor beta stimulus","GO:0071560","1","0","257","17","1","20972","PRDM16"
"GO:BP","response to transforming growth factor beta","GO:0071559","1","0","264","17","1","20972","PRDM16"
"GO:BP","cellular response to endogenous stimulus","GO:0071495","1","0","1238","17","4","20972","PRDM16,KAT2B,GNRHR,PTP4A3"
"GO:BP","cellular response to gamma radiation","GO:0071480","1","0","26","17","1","20972","CRYAB"
"GO:BP","cellular response to ionizing radiation","GO:0071479","1","0","70","17","1","20972","CRYAB"
"GO:BP","cellular response to radiation","GO:0071478","1","0","177","17","1","20972","CRYAB"
"GO:BP","hematopoietic stem cell proliferation","GO:0071425","1","0","35","17","1","20972","MECOM"
"GO:BP","cellular response to peptide hormone stimulus","GO:0071375","1","0","351","17","2","20972","KAT2B,GNRHR"
"GO:BP","cellular response to parathyroid hormone stimulus","GO:0071374","1","0","10","17","1","20972","KAT2B"
"GO:BP","cellular response to growth factor stimulus","GO:0071363","1","0","706","17","2","20972","PRDM16,PTP4A3"
"GO:BP","cellular response to cytokine stimulus","GO:0071345","1","0","891","17","1","20972","PTP4A3"
"GO:BP","cellular response to abiotic stimulus","GO:0071214","1","0","333","17","1","20972","CRYAB"
"GO:BP","response to parathyroid hormone","GO:0071107","1","0","14","17","1","20972","KAT2B"
"GO:BP","organelle assembly","GO:0070925","1","0","1057","17","3","20972","KAT2B,MYPN,LDB3"
"GO:BP","regulation of primary metabolic process","GO:0080090","1","0","5215","17","8","20972","PRDM16,SP3,KAT2B,MECOM,PTP4A3,ADM,CRYAB,NFATC3"
"GO:BP","establishment of protein localization to vacuole","GO:0072666","1","0","57","17","1","20972","MON1A"
"GO:BP","protein localization to vacuole","GO:0072665","1","0","79","17","1","20972","MON1A"
"GO:BP","protein localization to plasma membrane","GO:0072659","1","0","286","17","1","20972","PKP2"
"GO:BP","protein localization to membrane","GO:0072657","1","0","445","17","2","20972","CACNA2D2,PKP2"
"GO:BP","establishment of protein localization to organelle","GO:0072594","1","0","587","17","1","20972","MON1A"
"GO:BP","reactive oxygen species metabolic process","GO:0072593","1","0","228","17","1","20972","CRYAB"
"GO:BP","pyridine-containing compound catabolic process","GO:0072526","1","0","105","17","1","20972","KAT2B"
"GO:BP","pyridine-containing compound metabolic process","GO:0072524","1","0","173","17","1","20972","KAT2B"
"GO:BP","purine-containing compound catabolic process","GO:0072523","1","0","157","17","1","20972","KAT2B"
"GO:BP","purine-containing compound metabolic process","GO:0072521","1","0","567","17","1","20972","KAT2B"
"GO:BP","monocarboxylic acid biosynthetic process","GO:0072330","1","0","215","17","1","20972","KAT2B"
"GO:BP","epithelial tube formation","GO:0072175","1","0","136","17","1","20972","ADM"
"GO:BP","stem cell proliferation","GO:0072089","1","0","125","17","1","20972","MECOM"
"GO:BP","cellular component organization or biogenesis","GO:0071840","1","0","8538","17","10","20972","PRDM16,NOS1AP,KAT2B,CACNA2D2,MECOM,PTP4A3,MYPN,LDB3,CRYAB,PKP2"
"GO:BP","bundle of His cell-Purkinje myocyte adhesion involved in cell communication","GO:0086073","1","0","6","17","1","20972","PKP2"
"GO:BP","bundle of His cell to Purkinje myocyte communication","GO:0086069","1","0","15","17","1","20972","PKP2"
"GO:BP","cell communication involved in cardiac conduction","GO:0086065","1","0","57","17","1","20972","PKP2"
"GO:BP","cell communication by electrical coupling involved in cardiac conduction","GO:0086064","1","0","25","17","1","20972","PKP2"
"GO:BP","cardiac muscle cell-cardiac muscle cell adhesion","GO:0086042","1","0","7","17","1","20972","PKP2"
"GO:BP","membrane repolarization during cardiac muscle cell action potential","GO:0086013","1","0","25","17","1","20972","NOS1AP"
"GO:BP","membrane repolarization during action potential","GO:0086011","1","0","30","17","1","20972","NOS1AP"
"GO:BP","membrane repolarization","GO:0086009","1","0","53","17","1","20972","NOS1AP"
"GO:BP","regulation of cardiac muscle cell contraction","GO:0086004","1","0","35","17","1","20972","PKP2"
"GO:BP","cardiac muscle cell contraction","GO:0086003","1","0","82","17","2","20972","NOS1AP,PKP2"
"GO:BP","cardiac muscle cell action potential involved in contraction","GO:0086002","1","0","59","17","2","20972","NOS1AP,PKP2"
"GO:BP","cardiac muscle cell action potential","GO:0086001","1","0","83","17","2","20972","NOS1AP,PKP2"
"GO:BP","regulation of nitric oxide metabolic process","GO:0080164","1","0","56","17","2","20972","NOS1AP,NFATC3"
"GO:BP","regulation of cellular response to stress","GO:0080135","1","0","525","17","1","20972","KAT2B"
"GO:BP","regulation of response to stress","GO:0080134","1","0","1410","17","1","20972","KAT2B"
"GO:BP","cellular response to gonadotropin-releasing hormone","GO:0097211","1","0","5","17","1","20972","GNRHR"
"GO:BP","response to gonadotropin-releasing hormone","GO:0097210","1","0","7","17","1","20972","GNRHR"
"GO:BP","receptor localization to synapse","GO:0097120","1","0","77","17","1","20972","CACNA2D2"
"GO:BP","vascular associated smooth muscle cell development","GO:0097084","1","0","12","17","1","20972","ADM"
"GO:BP","sensory organ morphogenesis","GO:0090596","1","0","294","17","1","20972","SP3"
"GO:BP","nucleic acid metabolic process","GO:0090304","1","0","7401","17","7","20972","PRDM16,SP3,KAT2B,MECOM,PTP4A3,CRYAB,NFATC3"
"GO:BP","regulation of cellular response to growth factor stimulus","GO:0090287","1","0","318","17","2","20972","PRDM16,PTP4A3"
"GO:BP","regulation of muscle system process","GO:0090257","1","0","226","17","1","20972","PKP2"
"GO:BP","regulation of metaphase plate congression","GO:0090235","1","0","14","17","1","20972","KAT2B"
"GO:BP","negative regulation of transmembrane receptor protein serine/threonine kinase signaling pathway","GO:0090101","1","0","149","17","1","20972","PRDM16"
"GO:BP","regulation of transmembrane receptor protein serine/threonine kinase signaling pathway","GO:0090092","1","0","270","17","1","20972","PRDM16"
"GO:BP","negative regulation of ribosome biogenesis","GO:0090071","1","0","3","17","1","20972","KAT2B"
"GO:BP","regulation of ribosome biogenesis","GO:0090069","1","0","5","17","1","20972","KAT2B"
"GO:BP","positive regulation of cell cycle process","GO:0090068","1","0","259","17","1","20972","KAT2B"
"GO:BP","regulation of anatomical structure size","GO:0090066","1","0","498","17","2","20972","KAT2B,ADM"
"GO:BP","regulation of heart rate by cardiac conduction","GO:0086091","1","0","42","17","1","20972","PKP2"
"GO:BP","membrane repolarization during ventricular cardiac muscle cell action potential","GO:0098915","1","0","16","17","1","20972","NOS1AP"
"GO:BP","regulation of ventricular cardiac muscle cell action potential","GO:0098911","1","0","12","17","1","20972","PKP2"
"GO:BP","regulation of membrane repolarization during action potential","GO:0098903","1","0","8","17","1","20972","NOS1AP"
"GO:BP","regulation of action potential","GO:0098900","1","0","58","17","2","20972","NOS1AP,PKP2"
"GO:BP","nuclear chromosome segregation","GO:0098813","1","0","324","17","1","20972","KAT2B"
"GO:BP","regulation of neurotransmitter receptor localization to postsynaptic specialization membrane","GO:0098696","1","0","19","17","1","20972","CACNA2D2"
"GO:BP","import into cell","GO:0098657","1","0","958","17","2","20972","HSPG2,ADM"
"GO:BP","monoatomic cation transmembrane transport","GO:0098655","1","0","859","17","2","20972","NOS1AP,CACNA2D2"
"GO:BP","cell-cell adhesion","GO:0098609","1","0","965","17","2","20972","MYPN,PKP2"
"GO:BP","centriole assembly","GO:0098534","1","0","51","17","1","20972","KAT2B"
"GO:BP","blood vessel diameter maintenance","GO:0097746","1","0","152","17","2","20972","KAT2B,ADM"
"GO:BP","calcineurin-mediated signaling","GO:0097720","1","0","53","17","1","20972","NFATC3"
"GO:BP","calcitonin family receptor signaling pathway","GO:0097646","1","0","11","17","1","20972","ADM"
"GO:BP","neuron projection guidance","GO:0097485","1","0","235","17","1","20972","MYPN"
"GO:BP","supramolecular fiber organization","GO:0097435","1","0","798","17","4","20972","MYPN,LDB3,CRYAB,PKP2"
"GO:BP","cold-induced thermogenesis","GO:0106106","1","0","151","17","1","20972","PRDM16"
"GO:BP","cellular response to environmental stimulus","GO:0104004","1","0","333","17","1","20972","CRYAB"
"GO:BP","neurotransmitter receptor localization to postsynaptic specialization membrane","GO:0099645","1","0","37","17","1","20972","CACNA2D2"
"GO:BP","protein localization to postsynaptic specialization membrane","GO:0099633","1","0","37","17","1","20972","CACNA2D2"
"GO:BP","ventricular cardiac muscle cell membrane repolarization","GO:0099625","1","0","28","17","1","20972","NOS1AP"
"GO:BP","regulation of cardiac muscle cell membrane repolarization","GO:0099623","1","0","26","17","1","20972","NOS1AP"
"GO:BP","cardiac muscle cell membrane repolarization","GO:0099622","1","0","38","17","1","20972","NOS1AP"
"GO:BP","trans-synaptic signaling","GO:0099537","1","0","772","17","1","20972","CACNA2D2"
"GO:BP","synaptic signaling","GO:0099536","1","0","803","17","1","20972","CACNA2D2"
"GO:BP","postsynaptic cytoskeleton organization","GO:0099188","1","0","21","17","1","20972","NOS1AP"
"GO:BP","regulation of trans-synaptic signaling","GO:0099177","1","0","504","17","1","20972","CACNA2D2"
"GO:BP","postsynapse organization","GO:0099173","1","0","233","17","1","20972","NOS1AP"
"GO:BP","regulation of postsynaptic membrane neurotransmitter receptor levels","GO:0099072","1","0","113","17","1","20972","CACNA2D2"
"GO:BP","maintenance of protein localization at cell tip","GO:0099017","1","0","1","17","1","20972","PKP2"
"GO:BP","postsynaptic actin cytoskeleton organization","GO:0098974","1","0","17","17","1","20972","NOS1AP"
"GO:BP","anterograde trans-synaptic signaling","GO:0098916","1","0","765","17","1","20972","CACNA2D2"
"GO:BP","visual system development","GO:0150063","1","0","422","17","2","20972","SP3,CRYAB"
"GO:BP","nucleic acid biosynthetic process","GO:0141187","1","0","6735","17","7","20972","PRDM16,SP3,KAT2B,MECOM,PTP4A3,CRYAB,NFATC3"
"GO:BP","positive regulation of gene expression, epigenetic","GO:0141137","1","0","59","17","1","20972","KAT2B"
"GO:BP","intracellular signaling cassette","GO:0141124","1","0","1866","17","4","20972","MECOM,PTP4A3,CRYAB,NFATC3"
"GO:BP","transforming growth factor beta receptor superfamily signaling pathway","GO:0141091","1","0","345","17","1","20972","PRDM16"
"GO:BP","membraneless organelle assembly","GO:0140694","1","0","436","17","3","20972","KAT2B,MYPN,LDB3"
"GO:BP","export from cell","GO:0140352","1","0","914","17","2","20972","MON1A,GNRHR"
"GO:BP","mitotic nuclear division","GO:0140014","1","0","283","17","1","20972","KAT2B"
"GO:BP","olefinic compound biosynthetic process","GO:0120255","1","0","30","17","1","20972","ADM"
"GO:BP","olefinic compound metabolic process","GO:0120254","1","0","158","17","1","20972","ADM"
"GO:BP","steroid hormone biosynthetic process","GO:0120178","1","0","47","17","1","20972","ADM"
"GO:BP","positive regulation of cold-induced thermogenesis","GO:0120162","1","0","101","17","1","20972","PRDM16"
"GO:BP","regulation of cold-induced thermogenesis","GO:0120161","1","0","150","17","1","20972","PRDM16"
"GO:BP","plasma membrane bounded cell projection morphogenesis","GO:0120039","1","0","664","17","1","20972","MYPN"
"GO:BP","plasma membrane bounded cell projection organization","GO:0120036","1","0","1582","17","2","20972","KAT2B,MYPN"
"GO:BP","regulation of plasma membrane bounded cell projection organization","GO:0120035","1","0","623","17","1","20972","KAT2B"
"GO:BP","cellular response to nitrogen compound","GO:1901699","1","0","676","17","2","20972","KAT2B,GNRHR"
"GO:BP","response to nitrogen compound","GO:1901698","1","0","941","17","2","20972","KAT2B,GNRHR"
"GO:BP","response to peptide","GO:1901652","1","0","993","17","1","20972","PTP4A3"
"GO:BP","positive regulation of potassium ion transmembrane transport","GO:1901381","1","0","21","17","1","20972","NOS1AP"
"GO:BP","regulation of potassium ion transmembrane transport","GO:1901379","1","0","60","17","1","20972","NOS1AP"
"GO:BP","negative regulation of vasculature development","GO:1901343","1","0","112","17","1","20972","HSPG2"
"GO:BP","regulation of vasculature development","GO:1901342","1","0","299","17","2","20972","HSPG2,ADM"
"GO:BP","nucleoside phosphate catabolic process","GO:1901292","1","0","184","17","1","20972","KAT2B"
"GO:BP","positive regulation of non-canonical NF-kappaB signal transduction","GO:1901224","1","0","63","17","1","20972","PTP4A3"
"GO:BP","regulation of non-canonical NF-kappaB signal transduction","GO:1901222","1","0","94","17","1","20972","PTP4A3"
"GO:BP","carbohydrate derivative catabolic process","GO:1901136","1","0","248","17","1","20972","KAT2B"
"GO:BP","carbohydrate derivative metabolic process","GO:1901135","1","0","943","17","1","20972","KAT2B"
"GO:BP","regulation of vascular endothelial growth factor signaling pathway","GO:1900746","1","0","28","17","1","20972","PTP4A3"
"GO:BP","positive regulation of purine nucleotide metabolic process","GO:1900544","1","0","39","17","1","20972","KAT2B"
"GO:BP","regulation of purine nucleotide metabolic process","GO:1900542","1","0","85","17","1","20972","KAT2B"
"GO:BP","regulation of substrate adhesion-dependent cell spreading","GO:1900024","1","0","61","17","1","20972","PKP2"
"GO:BP","regulation of receptor localization to synapse","GO:1902683","1","0","29","17","1","20972","CACNA2D2"
"GO:BP","positive regulation of RNA biosynthetic process","GO:1902680","1","0","1674","17","5","20972","PRDM16,SP3,KAT2B,MECOM,NFATC3"
"GO:BP","regulation of cellular response to vascular endothelial growth factor stimulus","GO:1902547","1","0","30","17","1","20972","PTP4A3"
"GO:BP","positive regulation of intracellular signal transduction","GO:1902533","1","0","1108","17","1","20972","PTP4A3"
"GO:BP","negative regulation of intracellular signal transduction","GO:1902532","1","0","681","17","1","20972","MECOM"
"GO:BP","regulation of intracellular signal transduction","GO:1902531","1","0","1945","17","2","20972","MECOM,PTP4A3"
"GO:BP","regulation of calcium ion transmembrane transport via high voltage-gated calcium channel","GO:1902514","1","0","16","17","1","20972","NOS1AP"
"GO:BP","regulation of protein localization to synapse","GO:1902473","1","0","29","17","1","20972","CACNA2D2"
"GO:BP","positive regulation of attachment of mitotic spindle microtubules to kinetochore","GO:1902425","1","0","8","17","1","20972","KAT2B"
"GO:BP","regulation of attachment of mitotic spindle microtubules to kinetochore","GO:1902423","1","0","9","17","1","20972","KAT2B"
"GO:BP","protein localization to cell junction","GO:1902414","1","0","121","17","1","20972","CACNA2D2"
"GO:BP","negative regulation of organelle assembly","GO:1902116","1","0","49","17","1","20972","KAT2B"
"GO:BP","regulation of organelle assembly","GO:1902115","1","0","238","17","1","20972","KAT2B"
"GO:BP","cellular response to oxygen-containing compound","GO:1901701","1","0","1194","17","2","20972","KAT2B,GNRHR"
"GO:BP","response to oxygen-containing compound","GO:1901700","1","0","1632","17","3","20972","KAT2B,GNRHR,CRYAB"
"GO:BP","positive regulation of vasculature development","GO:1904018","1","0","167","17","1","20972","ADM"
"GO:BP","regulation of cellular response to transforming growth factor beta stimulus","GO:1903844","1","0","142","17","1","20972","PRDM16"
"GO:BP","positive regulation of ATP metabolic process","GO:1903580","1","0","36","17","1","20972","KAT2B"
"GO:BP","regulation of ATP metabolic process","GO:1903578","1","0","75","17","1","20972","KAT2B"
"GO:BP","protein localization to postsynaptic membrane","GO:1903539","1","0","53","17","1","20972","CACNA2D2"
"GO:BP","positive regulation of blood circulation","GO:1903524","1","0","38","17","1","20972","ADM"
"GO:BP","regulation of blood circulation","GO:1903522","1","0","254","17","3","20972","NOS1AP,ADM,PKP2"
"GO:BP","regulation of calcium ion transmembrane transport","GO:1903169","1","0","144","17","1","20972","NOS1AP"
"GO:BP","mononuclear cell differentiation","GO:1903131","1","0","523","17","2","20972","SP3,NFATC3"
"GO:BP","regulation of actin filament-based movement","GO:1903115","1","0","40","17","1","20972","PKP2"
"GO:BP","mitotic cell cycle process","GO:1903047","1","0","747","17","1","20972","KAT2B"
"GO:BP","negative regulation of supramolecular fiber organization","GO:1902904","1","0","159","17","1","20972","CRYAB"
"GO:BP","regulation of supramolecular fiber organization","GO:1902903","1","0","377","17","1","20972","CRYAB"
"GO:BP","negative regulation of miRNA transcription","GO:1902894","1","0","27","17","1","20972","NFATC3"
"GO:BP","regulation of miRNA transcription","GO:1902893","1","0","75","17","1","20972","NFATC3"
"GO:BP","apoptotic process involved in development","GO:1902742","1","0","39","17","1","20972","CRYAB"
"GO:BP","negative regulation of amyloid fibril formation","GO:1905907","1","0","12","17","1","20972","CRYAB"
"GO:BP","regulation of amyloid fibril formation","GO:1905906","1","0","16","17","1","20972","CRYAB"
"GO:BP","positive regulation of artery morphogenesis","GO:1905653","1","0","7","17","1","20972","NFATC3"
"GO:BP","regulation of artery morphogenesis","GO:1905651","1","0","7","17","1","20972","NFATC3"
"GO:BP","regulation of protein localization to membrane","GO:1905475","1","0","169","17","1","20972","CACNA2D2"
"GO:BP","negative regulation of vascular associated smooth muscle cell differentiation","GO:1905064","1","0","6","17","1","20972","NFATC3"
"GO:BP","regulation of vascular associated smooth muscle cell differentiation","GO:1905063","1","0","11","17","1","20972","NFATC3"
"GO:BP","positive regulation of membrane repolarization during cardiac muscle cell action potential","GO:1905033","1","0","3","17","1","20972","NOS1AP"
"GO:BP","regulation of membrane repolarization during cardiac muscle cell action potential","GO:1905031","1","0","5","17","1","20972","NOS1AP"
"GO:BP","positive regulation of membrane repolarization during ventricular cardiac muscle cell action potential","GO:1905026","1","0","3","17","1","20972","NOS1AP"
"GO:BP","regulation of membrane repolarization during ventricular cardiac muscle cell action potential","GO:1905024","1","0","4","17","1","20972","NOS1AP"
"GO:BP","positive regulation of establishment of protein localization","GO:1904951","1","0","282","17","1","20972","PTP4A3"
"GO:BP","regulation of protein localization to cell periphery","GO:1904375","1","0","152","17","1","20972","CACNA2D2"
"GO:BP","DN4 thymocyte differentiation","GO:1904157","1","0","2","17","1","20972","NFATC3"
"GO:BP","positive regulation of cation transmembrane transport","GO:1904064","1","0","117","17","1","20972","NOS1AP"
"GO:BP","regulation of monoatomic cation transmembrane transport","GO:1904062","1","0","258","17","1","20972","NOS1AP"
"GO:BP","negative regulation of miRNA metabolic process","GO:2000629","1","0","29","17","1","20972","NFATC3"
"GO:BP","regulation of miRNA metabolic process","GO:2000628","1","0","90","17","1","20972","NFATC3"
"GO:BP","negative regulation of reactive oxygen species metabolic process","GO:2000378","1","0","39","17","1","20972","CRYAB"
"GO:BP","regulation of reactive oxygen species metabolic process","GO:2000377","1","0","139","17","1","20972","CRYAB"
"GO:BP","negative regulation of rRNA processing","GO:2000233","1","0","2","17","1","20972","KAT2B"
"GO:BP","regulation of rRNA processing","GO:2000232","1","0","15","17","1","20972","KAT2B"
"GO:BP","positive regulation of progesterone biosynthetic process","GO:2000184","1","0","1","17","1","20972","ADM"
"GO:BP","regulation of progesterone biosynthetic process","GO:2000182","1","0","3","17","1","20972","ADM"
"GO:BP","negative regulation of blood vessel morphogenesis","GO:2000181","1","0","111","17","1","20972","HSPG2"
"GO:BP","regulation of multicellular organismal development","GO:2000026","1","0","1392","17","3","20972","HSPG2,KAT2B,ADM"
"GO:BP","adaptive thermogenesis","GO:1990845","1","0","167","17","1","20972","PRDM16"
"GO:BP","cellular response to leukemia inhibitory factor","GO:1990830","1","0","104","17","1","20972","PTP4A3"
"GO:BP","response to leukemia inhibitory factor","GO:1990823","1","0","106","17","1","20972","PTP4A3"
"GO:BP","protein localization to cell periphery","GO:1990778","1","0","355","17","2","20972","CACNA2D2,PKP2"
"GO:BP","adrenomedullin receptor signaling pathway","GO:1990410","1","0","5","17","1","20972","ADM"
"GO:BP","amyloid fibril formation","GO:1990000","1","0","43","17","1","20972","CRYAB"
"GO:BP","positive regulation of vasculogenesis","GO:2001214","1","0","12","17","1","20972","ADM"
"GO:BP","regulation of vasculogenesis","GO:2001212","1","0","16","17","1","20972","ADM"
"GO:BP","regulation of RNA biosynthetic process","GO:2001141","1","0","3397","17","7","20972","PRDM16,SP3,KAT2B,MECOM,PTP4A3,CRYAB,NFATC3"
"GO:BP","reactive nitrogen species metabolic process","GO:2001057","1","0","77","17","2","20972","NOS1AP,NFATC3"
"GO:CC","I band","GO:0031674","2.213970041574894e-7","6.654828260090873","149","18","6","22155","NOS1AP,KAT2B,MYPN,LDB3,CRYAB,MYO18B"
"GO:CC","sarcomere","GO:0030017","0.000002294032276120254","5.6394004760414145","220","18","6","22155","NOS1AP,KAT2B,MYPN,LDB3,CRYAB,MYO18B"
"GO:CC","myofibril","GO:0030016","0.00000394932762932066","5.403476836457443","241","18","6","22155","NOS1AP,KAT2B,MYPN,LDB3,CRYAB,MYO18B"
"GO:CC","contractile muscle fiber","GO:0043292","0.000004911570094976299","5.308779653583169","250","18","6","22155","NOS1AP,KAT2B,MYPN,LDB3,CRYAB,MYO18B"
"GO:CC","Z disc","GO:0030018","0.000008867582209157163","5.052194776600838","133","18","5","22155","NOS1AP,MYPN,LDB3,CRYAB,MYO18B"
"GO:CC","supramolecular fiber","GO:0099512","0.0016215983125492557","2.7900567162458123","1051","18","7","22155","NOS1AP,KAT2B,MYPN,LDB3,CRYAB,PKP2,MYO18B"
"GO:CC","supramolecular polymer","GO:0099081","0.0016215983125492557","2.7900567162458123","1051","18","7","22155","NOS1AP,KAT2B,MYPN,LDB3,CRYAB,PKP2,MYO18B"
"GO:CC","actin cytoskeleton","GO:0015629","0.008256764561378693","2.0831900989758276","537","18","5","22155","NOS1AP,KAT2B,LDB3,CRYAB,MYO18B"
"GO:CC","supramolecular complex","GO:0099080","0.01011664867576683","1.9949633316334738","1938","18","8","22155","NOS1AP,KAT2B,MECOM,MYPN,LDB3,CRYAB,PKP2,MYO18B"
"GO:CC","filamentous actin","GO:0031941","0.038086779852142205","1.4192257443661873","29","18","2","22155","LDB3,MYO18B"
"GO:CC","A band","GO:0031672","0.0727853521655975","1.1379560123589914","40","18","2","22155","KAT2B,CRYAB"
"GO:CC","transcription repressor complex","GO:0017053","0.28216046599858163","0.5495038360863653","79","18","2","22155","PRDM16,SP3"
"GO:CC","actomyosin","GO:0042641","0.36484741092566547","0.43788873129341965","90","18","2","22155","KAT2B,LDB3"
"GO:CC","actin filament bundle","GO:0032432","0.37286703328991","0.4284460127051554","91","18","2","22155","LDB3,CRYAB"
"GO:CC","actin filament","GO:0005884","0.6000827145326219","0.22178888296764496","116","18","2","22155","LDB3,MYO18B"
"GO:CC","Mon1-Ccz1 complex","GO:0035658","0.6183015979812715","0.20879963107907779","5","18","1","22155","MON1A"
"GO:CC","anchoring junction","GO:0070161","0.8349311111664153","0.07834935598286681","911","18","4","22155","HSPG2,NOS1AP,LDB3,PKP2"
"GO:CC","cardiac myofibril","GO:0097512","0.864958416850876","0.0630047708777312","7","18","1","22155","CRYAB"
"GO:CC","stress fiber","GO:0001725","1","0","83","18","1","22155","LDB3"
"GO:CC","cornified envelope","GO:0001533","1","0","60","18","1","22155","PKP2"
"GO:CC","condensed chromosome","GO:0000793","1","0","287","18","1","22155","KAT2B"
"GO:CC","chromatin","GO:0000785","1","0","1409","18","3","22155","SP3,KAT2B,NFATC3"
"GO:CC","condensed chromosome, centromeric region","GO:0000779","1","0","187","18","1","22155","KAT2B"
"GO:CC","kinetochore","GO:0000776","1","0","175","18","1","22155","KAT2B"
"GO:CC","chromosome, centromeric region","GO:0000775","1","0","267","18","1","22155","KAT2B"
"GO:CC","lytic vacuole","GO:0000323","1","0","787","18","2","22155","HSPG2,CRYAB"
"GO:CC","SAGA complex","GO:0000124","1","0","26","18","1","22155","KAT2B"
"GO:CC","histone acetyltransferase complex","GO:0000123","1","0","94","18","1","22155","KAT2B"
"GO:CC","histone deacetylase complex","GO:0000118","1","0","83","18","1","22155","MECOM"
"GO:CC","early endosome","GO:0005769","1","0","434","18","1","22155","PTP4A3"
"GO:CC","endosome","GO:0005768","1","0","1079","18","2","22155","MON1A,PTP4A3"
"GO:CC","lysosome","GO:0005764","1","0","787","18","2","22155","HSPG2,CRYAB"
"GO:CC","mitochondrion","GO:0005739","1","0","1865","18","2","22155","NOS1AP,CRYAB"
"GO:CC","cytoplasm","GO:0005737","1","0","12601","18","15","22155","PRDM16,HSPG2,NOS1AP,SP3,KAT2B,MON1A,MECOM,PTP4A3,MYPN,LDB3,ADM,CRYAB,PKP2,NFATC3,MYO18B"
"GO:CC","chromosome","GO:0005694","1","0","2010","18","3","22155","SP3,KAT2B,NFATC3"
"GO:CC","transcription regulator complex","GO:0005667","1","0","518","18","3","22155","PRDM16,SP3,NFATC3"
"GO:CC","nucleoplasm","GO:0005654","1","0","4334","18","8","22155","PRDM16,SP3,KAT2B,MECOM,MYPN,CRYAB,PKP2,NFATC3"
"GO:CC","nuclear envelope","GO:0005635","1","0","519","18","1","22155","NOS1AP"
"GO:CC","nucleus","GO:0005634","1","0","10153","18","11","22155","PRDM16,NOS1AP,SP3,KAT2B,MECOM,PTP4A3,MYPN,CRYAB,PKP2,NFATC3,MYO18B"
"GO:CC","intracellular anatomical structure","GO:0005622","1","0","18007","18","15","22155","PRDM16,HSPG2,NOS1AP,SP3,KAT2B,MON1A,MECOM,PTP4A3,MYPN,LDB3,ADM,CRYAB,PKP2,NFATC3,MYO18B"
"GO:CC","extracellular space","GO:0005615","1","0","3252","18","3","22155","HSPG2,ADM,CRYAB"
"GO:CC","basement membrane","GO:0005604","1","0","97","18","1","22155","HSPG2"
"GO:CC","extracellular region","GO:0005576","1","0","4249","18","3","22155","HSPG2,ADM,CRYAB"
"GO:CC","cellular_component","GO:0005575","1","0","22155","18","18","22155","PRDM16,HSPG2,NOS1AP,SP3,KAT2B,CACNA2D2,MON1A,MECOM,GNRHR,PTP4A3,TMEM245,MYPN,LDB3,ADM,CRYAB,PKP2,NFATC3,MYO18B"
"GO:CC","podosome","GO:0002102","1","0","42","18","1","22155","NOS1AP"
"GO:CC","voltage-gated calcium channel complex","GO:0005891","1","0","47","18","1","22155","CACNA2D2"
"GO:CC","plasma membrane","GO:0005886","1","0","5906","18","8","22155","HSPG2,NOS1AP,CACNA2D2,GNRHR,PTP4A3,MYPN,CRYAB,PKP2"
"GO:CC","intermediate filament","GO:0005882","1","0","215","18","1","22155","PKP2"
"GO:CC","cytoskeleton","GO:0005856","1","0","2544","18","6","22155","NOS1AP,KAT2B,LDB3,CRYAB,PKP2,MYO18B"
"GO:CC","cytosol","GO:0005829","1","0","5607","18","9","22155","PRDM16,NOS1AP,SP3,KAT2B,MON1A,MECOM,MYPN,CRYAB,NFATC3"
"GO:CC","spindle","GO:0005819","1","0","448","18","1","22155","KAT2B"
"GO:CC","microtubule organizing center","GO:0005815","1","0","975","18","1","22155","KAT2B"
"GO:CC","centrosome","GO:0005813","1","0","767","18","1","22155","KAT2B"
"GO:CC","Golgi lumen","GO:0005796","1","0","105","18","1","22155","HSPG2"
"GO:CC","Golgi apparatus","GO:0005794","1","0","1680","18","1","22155","HSPG2"
"GO:CC","endoplasmic reticulum membrane","GO:0005789","1","0","1243","18","1","22155","NOS1AP"
"GO:CC","endoplasmic reticulum","GO:0005783","1","0","2119","18","1","22155","NOS1AP"
"GO:CC","vacuolar lumen","GO:0005775","1","0","180","18","1","22155","HSPG2"
"GO:CC","vacuole","GO:0005773","1","0","882","18","2","22155","HSPG2,CRYAB"
"GO:CC","late endosome","GO:0005770","1","0","325","18","1","22155","MON1A"
"GO:CC","sarcoplasm","GO:0016528","1","0","96","18","1","22155","NOS1AP"
"GO:CC","unconventional myosin complex","GO:0016461","1","0","9","18","1","22155","MYO18B"
"GO:CC","myosin II complex","GO:0016460","1","0","27","18","1","22155","MYO18B"
"GO:CC","myosin complex","GO:0016459","1","0","58","18","1","22155","MYO18B"
"GO:CC","aggresome","GO:0016235","1","0","35","18","1","22155","PRDM16"
"GO:CC","inclusion body","GO:0016234","1","0","72","18","1","22155","PRDM16"
"GO:CC","membrane","GO:0016020","1","0","9975","18","9","22155","HSPG2,NOS1AP,CACNA2D2,GNRHR,PTP4A3,TMEM245,MYPN,CRYAB,PKP2"
"GO:CC","microtubule cytoskeleton","GO:0015630","1","0","1526","18","1","22155","KAT2B"
"GO:CC","intercalated disc","GO:0014704","1","0","50","18","1","22155","PKP2"
"GO:CC","endomembrane system","GO:0012505","1","0","4949","18","5","22155","HSPG2,NOS1AP,MON1A,PTP4A3,ADM"
"GO:CC","cell surface","GO:0009986","1","0","904","18","1","22155","CRYAB"
"GO:CC","focal adhesion","GO:0005925","1","0","425","18","1","22155","HSPG2"
"GO:CC","adherens junction","GO:0005912","1","0","189","18","2","22155","LDB3,PKP2"
"GO:CC","cell-cell junction","GO:0005911","1","0","522","18","2","22155","LDB3,PKP2"
"GO:CC","caveola","GO:0005901","1","0","80","18","1","22155","NOS1AP"
"GO:CC","axon","GO:0030424","1","0","633","18","2","22155","MYPN,CRYAB"
"GO:CC","T-tubule","GO:0030315","1","0","49","18","1","22155","NOS1AP"
"GO:CC","external encapsulating structure","GO:0030312","1","0","340","18","1","22155","HSPG2"
"GO:CC","filopodium","GO:0030175","1","0","101","18","1","22155","NOS1AP"
"GO:CC","secretory granule","GO:0030141","1","0","906","18","1","22155","ADM"
"GO:CC","desmosome","GO:0030057","1","0","30","18","1","22155","PKP2"
"GO:CC","cell-substrate junction","GO:0030055","1","0","435","18","1","22155","HSPG2"
"GO:CC","cell junction","GO:0030054","1","0","2370","18","6","22155","HSPG2,NOS1AP,CACNA2D2,LDB3,CRYAB,PKP2"
"GO:CC","nuclear speck","GO:0016607","1","0","431","18","1","22155","MECOM"
"GO:CC","PML body","GO:0016605","1","0","108","18","1","22155","SP3"
"GO:CC","nuclear body","GO:0016604","1","0","940","18","2","22155","SP3,MECOM"
"GO:CC","sarcoplasmic reticulum","GO:0016529","1","0","77","18","1","22155","NOS1AP"
"GO:CC","vesicle lumen","GO:0031983","1","0","330","18","1","22155","ADM"
"GO:CC","vesicle","GO:0031982","1","0","4032","18","5","22155","HSPG2,MON1A,PTP4A3,ADM,CRYAB"
"GO:CC","nuclear lumen","GO:0031981","1","0","5622","18","8","22155","PRDM16,SP3,KAT2B,MECOM,MYPN,CRYAB,PKP2,NFATC3"
"GO:CC","membrane-enclosed lumen","GO:0031974","1","0","6791","18","10","22155","PRDM16,HSPG2,SP3,KAT2B,MECOM,MYPN,ADM,CRYAB,PKP2,NFATC3"
"GO:CC","organelle envelope","GO:0031967","1","0","1332","18","1","22155","NOS1AP"
"GO:CC","nuclear membrane","GO:0031965","1","0","324","18","1","22155","NOS1AP"
"GO:CC","M band","GO:0031430","1","0","28","18","1","22155","CRYAB"
"GO:CC","cytoplasmic vesicle","GO:0031410","1","0","2548","18","3","22155","MON1A,PTP4A3,ADM"
"GO:CC","protein acetyltransferase complex","GO:0031248","1","0","104","18","1","22155","KAT2B"
"GO:CC","pseudopodium","GO:0031143","1","0","18","18","1","22155","LDB3"
"GO:CC","organelle membrane","GO:0031090","1","0","3868","18","1","22155","NOS1AP"
"GO:CC","extracellular matrix","GO:0031012","1","0","339","18","1","22155","HSPG2"
"GO:CC","dendrite","GO:0030425","1","0","602","18","1","22155","CRYAB"
"GO:CC","sarcolemma","GO:0042383","1","0","135","18","1","22155","NOS1AP"
"GO:CC","nuclear outer membrane-endoplasmic reticulum membrane network","GO:0042175","1","0","1266","18","1","22155","NOS1AP"
"GO:CC","somatodendritic compartment","GO:0036477","1","0","826","18","1","22155","CRYAB"
"GO:CC","ribonucleoprotein granule","GO:0035770","1","0","773","18","1","22155","MECOM"
"GO:CC","secretory granule lumen","GO:0034774","1","0","324","18","1","22155","ADM"
"GO:CC","calcium channel complex","GO:0034704","1","0","74","18","1","22155","CACNA2D2"
"GO:CC","cation channel complex","GO:0034703","1","0","237","18","1","22155","CACNA2D2"
"GO:CC","monoatomic ion channel complex","GO:0034702","1","0","369","18","1","22155","CACNA2D2"
"GO:CC","sarcoplasmic reticulum membrane","GO:0033017","1","0","43","18","1","22155","NOS1AP"
"GO:CC","protein-DNA complex","GO:0032993","1","0","240","18","1","22155","SP3"
"GO:CC","protein-containing complex","GO:0032991","1","0","7979","18","11","22155","PRDM16,HSPG2,SP3,KAT2B,CACNA2D2,MON1A,MECOM,LDB3,CRYAB,NFATC3,MYO18B"
"GO:CC","myosin filament","GO:0032982","1","0","24","18","1","22155","MYO18B"
"GO:CC","guanyl-nucleotide exchange factor complex","GO:0032045","1","0","28","18","1","22155","MON1A"
"GO:CC","organelle subcompartment","GO:0031984","1","0","1567","18","1","22155","NOS1AP"
"GO:CC","organelle lumen","GO:0043233","1","0","6791","18","10","22155","PRDM16,HSPG2,SP3,KAT2B,MECOM,MYPN,ADM,CRYAB,PKP2,NFATC3"
"GO:CC","intracellular membraneless organelle","GO:0043232","1","0","7128","18","10","22155","NOS1AP,SP3,KAT2B,MECOM,MYPN,LDB3,CRYAB,PKP2,NFATC3,MYO18B"
"GO:CC","intracellular membrane-bounded organelle","GO:0043231","1","0","14817","18","14","22155","PRDM16,HSPG2,NOS1AP,SP3,KAT2B,MON1A,MECOM,PTP4A3,MYPN,ADM,CRYAB,PKP2,NFATC3,MYO18B"
"GO:CC","extracellular organelle","GO:0043230","1","0","2142","18","2","22155","HSPG2,CRYAB"
"GO:CC","intracellular organelle","GO:0043229","1","0","16204","18","15","22155","PRDM16,HSPG2,NOS1AP,SP3,KAT2B,MON1A,MECOM,PTP4A3,MYPN,LDB3,ADM,CRYAB,PKP2,NFATC3,MYO18B"
"GO:CC","membraneless organelle","GO:0043228","1","0","7128","18","10","22155","NOS1AP,SP3,KAT2B,MECOM,MYPN,LDB3,CRYAB,PKP2,NFATC3,MYO18B"
"GO:CC","membrane-bounded organelle","GO:0043227","1","0","15879","18","14","22155","PRDM16,HSPG2,NOS1AP,SP3,KAT2B,MON1A,MECOM,PTP4A3,MYPN,ADM,CRYAB,PKP2,NFATC3,MYO18B"
"GO:CC","organelle","GO:0043226","1","0","16993","18","15","22155","PRDM16,HSPG2,NOS1AP,SP3,KAT2B,MON1A,MECOM,PTP4A3,MYPN,LDB3,ADM,CRYAB,PKP2,NFATC3,MYO18B"
"GO:CC","perikaryon","GO:0043204","1","0","150","18","1","22155","CRYAB"
"GO:CC","lysosomal lumen","GO:0043202","1","0","100","18","1","22155","HSPG2"
"GO:CC","dendritic spine","GO:0043197","1","0","161","18","1","22155","CRYAB"
"GO:CC","neuronal cell body","GO:0043025","1","0","462","18","1","22155","CRYAB"
"GO:CC","neuron projection","GO:0043005","1","0","1321","18","3","22155","HSPG2,MYPN,CRYAB"
"GO:CC","cell projection","GO:0042995","1","0","2566","18","5","22155","HSPG2,NOS1AP,MYPN,LDB3,CRYAB"
"GO:CC","presynaptic membrane","GO:0042734","1","0","168","18","1","22155","CACNA2D2"
"GO:CC","intracellular organelle lumen","GO:0070013","1","0","6791","18","10","22155","PRDM16,HSPG2,SP3,KAT2B,MECOM,MYPN,ADM,CRYAB,PKP2,NFATC3"
"GO:CC","extracellular membrane-bounded organelle","GO:0065010","1","0","2142","18","2","22155","HSPG2,CRYAB"
"GO:CC","cytoplasmic vesicle lumen","GO:0060205","1","0","329","18","1","22155","ADM"
"GO:CC","cell pole","GO:0060187","1","0","11","18","1","22155","PKP2"
"GO:CC","cell tip","GO:0051286","1","0","9","18","1","22155","PKP2"
"GO:CC","presynaptic active zone membrane","GO:0048787","1","0","31","18","1","22155","CACNA2D2"
"GO:CC","presynaptic active zone","GO:0048786","1","0","80","18","1","22155","CACNA2D2"
"GO:CC","perinuclear region of cytoplasm","GO:0048471","1","0","719","18","2","22155","NOS1AP,LDB3"
"GO:CC","synapse","GO:0045202","1","0","1608","18","3","22155","NOS1AP,CACNA2D2,CRYAB"
"GO:CC","membrane raft","GO:0045121","1","0","289","18","1","22155","NOS1AP"
"GO:CC","intermediate filament cytoskeleton","GO:0045111","1","0","248","18","1","22155","PKP2"
"GO:CC","plasma membrane raft","GO:0044853","1","0","114","18","1","22155","NOS1AP"
"GO:CC","neuron spine","GO:0044309","1","0","164","18","1","22155","CRYAB"
"GO:CC","cell body","GO:0044297","1","0","528","18","1","22155","CRYAB"
"GO:CC","cell-cell contact zone","GO:0044291","1","0","73","18","1","22155","PKP2"
"GO:CC","membrane protein complex","GO:0098796","1","0","1402","18","2","22155","HSPG2,CACNA2D2"
"GO:CC","postsynapse","GO:0098794","1","0","737","18","1","22155","CRYAB"
"GO:CC","presynapse","GO:0098793","1","0","610","18","1","22155","CACNA2D2"
"GO:CC","chromosomal region","GO:0098687","1","0","410","18","1","22155","KAT2B"
"GO:CC","plasma membrane region","GO:0098590","1","0","1303","18","3","22155","NOS1AP,CACNA2D2,CRYAB"
"GO:CC","bounding membrane of organelle","GO:0098588","1","0","2268","18","1","22155","NOS1AP"
"GO:CC","intracellular vesicle","GO:0097708","1","0","2556","18","3","22155","MON1A,PTP4A3,ADM"
"GO:CC","contractile actin filament bundle","GO:0097517","1","0","83","18","1","22155","LDB3"
"GO:CC","dendritic tree","GO:0097447","1","0","604","18","1","22155","CRYAB"
"GO:CC","synaptic membrane","GO:0097060","1","0","426","18","2","22155","CACNA2D2,CRYAB"
"GO:CC","mitotic spindle","GO:0072686","1","0","194","18","1","22155","KAT2B"
"GO:CC","cell periphery","GO:0071944","1","0","6263","18","8","22155","HSPG2,NOS1AP,CACNA2D2,GNRHR,PTP4A3,MYPN,CRYAB,PKP2"
"GO:CC","SAGA-type complex","GO:0070461","1","0","40","18","1","22155","KAT2B"
"GO:CC","extracellular exosome","GO:0070062","1","0","2111","18","2","22155","HSPG2,CRYAB"
"GO:CC","intracellular protein-containing complex","GO:0140535","1","0","976","18","2","22155","KAT2B,MON1A"
"GO:CC","nuclear protein-containing complex","GO:0140513","1","0","2725","18","1","22155","MECOM"
"GO:CC","nuclear ribonucleoprotein granule","GO:0140168","1","0","530","18","1","22155","MECOM"
"GO:CC","plasma membrane bounded cell projection","GO:0120025","1","0","2449","18","5","22155","HSPG2,NOS1AP,MYPN,LDB3,CRYAB"
"GO:CC","cellular anatomical structure","GO:0110165","1","0","21660","18","18","22155","PRDM16,HSPG2,NOS1AP,SP3,KAT2B,CACNA2D2,MON1A,MECOM,GNRHR,PTP4A3,TMEM245,MYPN,LDB3,ADM,CRYAB,PKP2,NFATC3,MYO18B"
"GO:CC","polymeric cytoskeletal fiber","GO:0099513","1","0","813","18","3","22155","LDB3,PKP2,MYO18B"
"GO:CC","secretory vesicle","GO:0099503","1","0","1084","18","1","22155","ADM"
"GO:CC","GABA-ergic synapse","GO:0098982","1","0","105","18","1","22155","CACNA2D2"
"GO:CC","glutamatergic synapse","GO:0098978","1","0","548","18","1","22155","NOS1AP"
"GO:CC","actin-based cell projection","GO:0098858","1","0","224","18","1","22155","NOS1AP"
"GO:CC","membrane microdomain","GO:0098857","1","0","291","18","1","22155","NOS1AP"
"GO:CC","endoplasmic reticulum subcompartment","GO:0098827","1","0","1249","18","1","22155","NOS1AP"
"GO:CC","plasma membrane protein complex","GO:0098797","1","0","726","18","2","22155","HSPG2,CACNA2D2"
"GO:CC","transporter complex","GO:1990351","1","0","528","18","1","22155","CACNA2D2"
"GO:CC","transferase complex","GO:1990234","1","0","959","18","1","22155","KAT2B"
"GO:CC","peptidase complex","GO:1905368","1","0","130","18","1","22155","KAT2B"
"GO:CC","extracellular vesicle","GO:1903561","1","0","2141","18","2","22155","HSPG2,CRYAB"
"GO:CC","transmembrane transporter complex","GO:1902495","1","0","507","18","1","22155","CACNA2D2"
"GO:CC","catalytic complex","GO:1902494","1","0","1814","18","2","22155","KAT2B,MECOM"
"GO:CC","acetyltransferase complex","GO:1902493","1","0","112","18","1","22155","KAT2B"
"GO:CC","ATAC complex","GO:0140672","1","0","14","18","1","22155","KAT2B"
"KEGG","Cytoskeleton in muscle cells","KEGG:04820","0.03561908450214405","1.4483172471629657","233","15","4","8716","HSPG2,MYPN,LDB3,PKP2"
"KEGG","Lysine degradation","KEGG:00310","0.3360897716207059","0.4735447044191874","63","15","2","8716","PRDM16,MECOM"
"KEGG","Arrhythmogenic right ventricular cardiomyopathy","KEGG:05412","0.614794590159639","0.2112699626982419","86","15","2","8716","CACNA2D2,PKP2"
"KEGG","MAPK signaling pathway","KEGG:04010","0.8932502961376744","0.04902683114462512","300","15","3","8716","CACNA2D2,MECOM,NFATC3"
"KEGG","Protein processing in endoplasmic reticulum","KEGG:04141","1","0","172","15","1","8716","CRYAB"
"KEGG","Mitophagy - animal","KEGG:04137","1","0","103","15","1","8716","MON1A"
"KEGG","Hormone signaling","KEGG:04081","1","0","217","15","1","8716","GNRHR"
"KEGG","Neuroactive ligand-receptor interaction","KEGG:04080","1","0","367","15","2","8716","GNRHR,ADM"
"KEGG","cGMP-PKG signaling pathway","KEGG:04022","1","0","163","15","1","8716","NFATC3"
"KEGG","Calcium signaling pathway","KEGG:04020","1","0","251","15","1","8716","NFATC3"
"KEGG","Virion - Hepatitis viruses","KEGG:03272","1","0","48","15","1","8716","HSPG2"
"KEGG","Viral life cycle - HIV-1","KEGG:03250","1","0","70","15","1","8716","KAT2B"
"KEGG","Metabolic pathways","KEGG:01100","1","0","1564","15","2","8716","PRDM16,MECOM"
"KEGG","KEGG root term","KEGG:00000","1","0","8716","15","15","8716","PRDM16,HSPG2,NOS1AP,KAT2B,CACNA2D2,MON1A,MECOM,GNRHR,MYPN,LDB3,ADM,CRYAB,PKP2,NFATC3,MYO18B"
"KEGG","T cell receptor signaling pathway","KEGG:04660","1","0","120","15","1","8716","NFATC3"
"KEGG","Th17 cell differentiation","KEGG:04659","1","0","106","15","1","8716","NFATC3"
"KEGG","Th1 and Th2 cell differentiation","KEGG:04658","1","0","90","15","1","8716","NFATC3"
"KEGG","C-type lectin receptor signaling pathway","KEGG:04625","1","0","105","15","1","8716","NFATC3"
"KEGG","Cadherin signaling","KEGG:04519","1","0","399","15","1","8716","PKP2"
"KEGG","ECM-receptor interaction","KEGG:04512","1","0","89","15","1","8716","HSPG2"
"KEGG","Cornified envelope formation","KEGG:04382","1","0","215","15","1","8716","PKP2"
"KEGG","Axon guidance","KEGG:04360","1","0","183","15","1","8716","NFATC3"
"KEGG","Notch signaling pathway","KEGG:04330","1","0","60","15","1","8716","KAT2B"
"KEGG","Wnt signaling pathway","KEGG:04310","1","0","178","15","1","8716","NFATC3"
"KEGG","Vascular smooth muscle contraction","KEGG:04270","1","0","133","15","1","8716","ADM"
"KEGG","Adrenergic signaling in cardiomyocytes","KEGG:04261","1","0","153","15","1","8716","CACNA2D2"
"KEGG","Cardiac muscle contraction","KEGG:04260","1","0","87","15","1","8716","CACNA2D2"
"KEGG","Cellular senescence","KEGG:04218","1","0","156","15","1","8716","NFATC3"
"KEGG","Longevity regulating pathway - multiple species","KEGG:04213","1","0","62","15","1","8716","CRYAB"
"KEGG","Efferocytosis","KEGG:04148","1","0","157","15","1","8716","NFATC3"
"KEGG","Viral carcinogenesis","KEGG:05203","1","0","202","15","1","8716","KAT2B"
"KEGG","Pathways in cancer","KEGG:05200","1","0","530","15","1","8716","MECOM"
"KEGG","Human immunodeficiency virus 1 infection","KEGG:05170","1","0","212","15","1","8716","NFATC3"
"KEGG","Kaposi sarcoma-associated herpesvirus infection","KEGG:05167","1","0","195","15","1","8716","NFATC3"
"KEGG","Human T-cell leukemia virus 1 infection","KEGG:05166","1","0","220","15","2","8716","KAT2B,NFATC3"
"KEGG","Human cytomegalovirus infection","KEGG:05163","1","0","225","15","1","8716","NFATC3"
"KEGG","Hepatitis B","KEGG:05161","1","0","163","15","2","8716","HSPG2,NFATC3"
"KEGG","Yersinia infection","KEGG:05135","1","0","136","15","1","8716","NFATC3"
"KEGG","Oxytocin signaling pathway","KEGG:04921","1","0","154","15","2","8716","CACNA2D2,NFATC3"
"KEGG","Thyroid hormone signaling pathway","KEGG:04919","1","0","122","15","1","8716","KAT2B"
"KEGG","GnRH signaling pathway","KEGG:04912","1","0","93","15","1","8716","GNRHR"
"KEGG","Motor proteins","KEGG:04814","1","0","194","15","1","8716","MYO18B"
"KEGG","Thermogenesis","KEGG:04714","1","0","234","15","1","8716","PRDM16"
"KEGG","Circadian entrainment","KEGG:04713","1","0","97","15","1","8716","NOS1AP"
"KEGG","B cell receptor signaling pathway","KEGG:04662","1","0","82","15","1","8716","NFATC3"
"KEGG","Lipid and atherosclerosis","KEGG:05417","1","0","215","15","1","8716","NFATC3"
"KEGG","Dilated cardiomyopathy","KEGG:05414","1","0","104","15","1","8716","CACNA2D2"
"KEGG","Hypertrophic cardiomyopathy","KEGG:05410","1","0","99","15","1","8716","CACNA2D2"
"KEGG","PD-L1 expression and PD-1 checkpoint pathway in cancer","KEGG:05235","1","0","90","15","1","8716","NFATC3"
"KEGG","Chronic myeloid leukemia","KEGG:05220","1","0","77","15","1","8716","MECOM"
"KEGG","Proteoglycans in cancer","KEGG:05205","1","0","204","15","1","8716","HSPG2"
"REAC","PKMTs methylate histone lysines","REAC:R-HSA-3214841","0.763218980053136","0.11735083795038688","70","12","2","11056","PRDM16,MECOM"
"REAC","Chromatin organization","REAC:R-HSA-4839726","0.8290197761936149","0.0814351092696083","271","12","3","11056","PRDM16,KAT2B,MECOM"
"REAC","Chromatin modifying enzymes","REAC:R-HSA-3247509","0.8290197761936149","0.0814351092696083","271","12","3","11056","PRDM16,KAT2B,MECOM"
"REAC","CLEC7A (Dectin-1) signaling","REAC:R-HSA-5607764","1","0","97","12","1","11056","NFATC3"
"REAC","CLEC7A (Dectin-1) induces NFAT activation","REAC:R-HSA-5607763","1","0","11","12","1","11056","NFATC3"
"REAC","C-type lectin receptors (CLRs)","REAC:R-HSA-5621481","1","0","136","12","1","11056","NFATC3"
"REAC","B-WICH complex positively regulates rRNA expression","REAC:R-HSA-5250924","1","0","89","12","1","11056","KAT2B"
"REAC","Attachment and Entry","REAC:R-HSA-9694614","1","0","19","12","1","11056","HSPG2"
"REAC","Amyloid fiber formation","REAC:R-HSA-977225","1","0","110","12","1","11056","HSPG2"
"REAC","Adrenaline,noradrenaline inhibits insulin secretion","REAC:R-HSA-400042","1","0","28","12","1","11056","CACNA2D2"
"REAC","Adipogenesis","REAC:R-HSA-9843745","1","0","108","12","1","11056","PRDM16"
"REAC","Adaptive Immune System","REAC:R-HSA-1280218","1","0","810","12","1","11056","NFATC3"
"REAC","Defective B4GALT7 causes EDS, progeroid type","REAC:R-HSA-3560783","1","0","20","12","1","11056","HSPG2"
"REAC","Defective B3GAT3 causes JDSSDHD","REAC:R-HSA-3560801","1","0","20","12","1","11056","HSPG2"
"REAC","Defective B3GALT6 causes EDSP2 and SEMDJL1","REAC:R-HSA-4420332","1","0","20","12","1","11056","HSPG2"
"REAC","Constitutive Signaling by NOTCH1 PEST Domain Mutants","REAC:R-HSA-2644606","1","0","57","12","1","11056","KAT2B"
"REAC","Constitutive Signaling by NOTCH1 HD+PEST Domain Mutants","REAC:R-HSA-2894862","1","0","57","12","1","11056","KAT2B"
"REAC","Class B/2 (Secretin family receptors)","REAC:R-HSA-373080","1","0","93","12","1","11056","ADM"
"REAC","Class A/1 (Rhodopsin-like receptors)","REAC:R-HSA-373076","1","0","328","12","1","11056","GNRHR"
"REAC","Chondroitin sulfate/dermatan sulfate metabolism","REAC:R-HSA-1793185","1","0","49","12","1","11056","HSPG2"
"REAC","Cellular responses to stress","REAC:R-HSA-2262752","1","0","792","12","1","11056","CRYAB"
"REAC","Cellular responses to stimuli","REAC:R-HSA-8953897","1","0","806","12","1","11056","CRYAB"
"REAC","Cellular response to heat stress","REAC:R-HSA-3371556","1","0","87","12","1","11056","CRYAB"
"REAC","Cardiac conduction","REAC:R-HSA-5576891","1","0","130","12","2","11056","KAT2B,CACNA2D2"
"REAC","Calcitonin-like ligand receptors","REAC:R-HSA-419812","1","0","10","12","1","11056","ADM"
"REAC","Calcineurin activates NFAT","REAC:R-HSA-2025928","1","0","9","12","1","11056","NFATC3"
"REAC","Epigenetic regulation of gene expression","REAC:R-HSA-212165","1","0","252","12","1","11056","KAT2B"
"REAC","Epigenetic regulation by WDR5-containing histone modifying complexes","REAC:R-HSA-9917777","1","0","41","12","1","11056","KAT2B"
"REAC","Early SARS-CoV-2 Infection Events","REAC:R-HSA-9772572","1","0","37","12","1","11056","HSPG2"
"REAC","ESR-mediated signaling","REAC:R-HSA-8939211","1","0","215","12","1","11056","KAT2B"
"REAC","ECM proteoglycans","REAC:R-HSA-3000178","1","0","76","12","1","11056","HSPG2"
"REAC","Downstream signaling events of B Cell Receptor (BCR)","REAC:R-HSA-1168372","1","0","80","12","1","11056","NFATC3"
"REAC","Diseases of signal transduction by growth factor receptors and second messengers","REAC:R-HSA-5663202","1","0","449","12","1","11056","KAT2B"
"REAC","Diseases of metabolism","REAC:R-HSA-5668914","1","0","246","12","1","11056","HSPG2"
"REAC","Diseases of glycosylation","REAC:R-HSA-3781865","1","0","140","12","1","11056","HSPG2"
"REAC","Diseases associated with glycosaminoglycan metabolism","REAC:R-HSA-3560782","1","0","41","12","1","11056","HSPG2"
"REAC","Disease","REAC:R-HSA-1643685","1","0","1848","12","2","11056","HSPG2,KAT2B"
"REAC","Developmental Biology","REAC:R-HSA-1266738","1","0","1394","12","4","11056","PRDM16,KAT2B,MECOM,PKP2"
"REAC","Deubiquitination","REAC:R-HSA-5688426","1","0","298","12","1","11056","KAT2B"
"REAC","Degradation of the extracellular matrix","REAC:R-HSA-1474228","1","0","140","12","1","11056","HSPG2"
"REAC","Defective EXT2 causes exostoses 2","REAC:R-HSA-3656237","1","0","14","12","1","11056","HSPG2"
"REAC","Defective EXT1 causes exostoses 1, TRPS2 and CHDS","REAC:R-HSA-3656253","1","0","14","12","1","11056","HSPG2"
"REAC","Generic Transcription Pathway","REAC:R-HSA-212436","1","0","1231","12","1","11056","KAT2B"
"REAC","Gene expression (Transcription)","REAC:R-HSA-74160","1","0","1539","12","1","11056","KAT2B"
"REAC","Gastrulation","REAC:R-HSA-9758941","1","0","125","12","1","11056","KAT2B"
"REAC","GPCR ligand binding","REAC:R-HSA-500792","1","0","460","12","2","11056","GNRHR,ADM"
"REAC","GPCR downstream signalling","REAC:R-HSA-388396","1","0","622","12","2","11056","GNRHR,ADM"
"REAC","G alpha (s) signalling events","REAC:R-HSA-418555","1","0","156","12","1","11056","ADM"
"REAC","G alpha (q) signalling events","REAC:R-HSA-416476","1","0","212","12","1","11056","GNRHR"
"REAC","Formation of the nephric duct","REAC:R-HSA-9830364","1","0","18","12","1","11056","MECOM"
"REAC","Formation of the cornified envelope","REAC:R-HSA-6809371","1","0","129","12","1","11056","PKP2"
"REAC","Formation of paraxial mesoderm","REAC:R-HSA-9793380","1","0","69","12","1","11056","KAT2B"
"REAC","Formation of WDR5-containing histone-modifying complexes","REAC:R-HSA-9772755","1","0","41","12","1","11056","KAT2B"
"REAC","Fc epsilon receptor (FCERI) signaling","REAC:R-HSA-2454202","1","0","182","12","1","11056","NFATC3"
"REAC","FOXO-mediated transcription","REAC:R-HSA-9614085","1","0","66","12","1","11056","KAT2B"
"REAC","FCERI mediated Ca+2 mobilization","REAC:R-HSA-2871809","1","0","83","12","1","11056","NFATC3"
"REAC","Extracellular matrix organization","REAC:R-HSA-1474244","1","0","298","12","1","11056","HSPG2"
"REAC","Estrogen-dependent gene expression","REAC:R-HSA-9018519","1","0","147","12","1","11056","KAT2B"
"REAC","Kidney development","REAC:R-HSA-9830369","1","0","46","12","1","11056","MECOM"
"REAC","Keratinization","REAC:R-HSA-6805567","1","0","216","12","1","11056","PKP2"
"REAC","Intracellular signaling by second messengers","REAC:R-HSA-9006925","1","0","297","12","1","11056","MECOM"
"REAC","Integrin cell surface interactions","REAC:R-HSA-216083","1","0","84","12","1","11056","HSPG2"
"REAC","Integration of energy metabolism","REAC:R-HSA-163685","1","0","107","12","1","11056","CACNA2D2"
"REAC","Innate Immune System","REAC:R-HSA-168249","1","0","1102","12","1","11056","NFATC3"
"REAC","Infectious disease","REAC:R-HSA-5663205","1","0","1062","12","1","11056","HSPG2"
"REAC","Immune System","REAC:R-HSA-168256","1","0","2086","12","1","11056","NFATC3"
"REAC","Hormone ligand-binding receptors","REAC:R-HSA-375281","1","0","12","12","1","11056","GNRHR"
"REAC","Heparan sulfate/heparin (HS-GAG) metabolism","REAC:R-HSA-1638091","1","0","57","12","1","11056","HSPG2"
"REAC","HSF1-dependent transactivation","REAC:R-HSA-3371571","1","0","24","12","1","11056","CRYAB"
"REAC","HS-GAG degradation","REAC:R-HSA-2024096","1","0","24","12","1","11056","HSPG2"
"REAC","HS-GAG biosynthesis","REAC:R-HSA-2022928","1","0","31","12","1","11056","HSPG2"
"REAC","HATs acetylate histones","REAC:R-HSA-3214847","1","0","141","12","1","11056","KAT2B"
"REAC","Glycosaminoglycan-protein linkage region biosynthesis","REAC:R-HSA-1971475","1","0","26","12","1","11056","HSPG2"
"REAC","Glycosaminoglycan metabolism","REAC:R-HSA-1630316","1","0","125","12","1","11056","HSPG2"
"REAC","PIP3 activates AKT signaling","REAC:R-HSA-1257604","1","0","257","12","1","11056","MECOM"
"REAC","Notch-HLH transcription pathway","REAC:R-HSA-350054","1","0","28","12","1","11056","KAT2B"
"REAC","Non-integrin membrane-ECM interactions","REAC:R-HSA-3000171","1","0","59","12","1","11056","HSPG2"
"REAC","Neuronal System","REAC:R-HSA-112316","1","0","399","12","1","11056","CACNA2D2"
"REAC","NOTCH4 Intracellular Domain Regulates Transcription","REAC:R-HSA-9013695","1","0","20","12","1","11056","KAT2B"
"REAC","NOTCH3 Intracellular Domain Regulates Transcription","REAC:R-HSA-9013508","1","0","24","12","1","11056","KAT2B"
"REAC","NOTCH1 Intracellular Domain Regulates Transcription","REAC:R-HSA-2122947","1","0","46","12","1","11056","KAT2B"
"REAC","Muscle contraction","REAC:R-HSA-397014","1","0","203","12","2","11056","KAT2B,CACNA2D2"
"REAC","Metalloprotease DUBs","REAC:R-HSA-5689901","1","0","36","12","1","11056","KAT2B"
"REAC","Metabolism of vitamins and cofactors","REAC:R-HSA-196854","1","0","195","12","1","11056","HSPG2"
"REAC","Metabolism of proteins","REAC:R-HSA-392499","1","0","2066","12","3","11056","HSPG2,SP3,KAT2B"
"REAC","Metabolism of fat-soluble vitamins","REAC:R-HSA-6806667","1","0","48","12","1","11056","HSPG2"
"REAC","Metabolism of carbohydrates and carbohydrate derivatives","REAC:R-HSA-71387","1","0","279","12","1","11056","HSPG2"
"REAC","Metabolism","REAC:R-HSA-1430728","1","0","2143","12","2","11056","HSPG2,CACNA2D2"
"REAC","Membrane Trafficking","REAC:R-HSA-199991","1","0","626","12","1","11056","MON1A"
"REAC","Laminin interactions","REAC:R-HSA-3000157","1","0","30","12","1","11056","HSPG2"
"REAC","RSV-host interactions","REAC:R-HSA-9833110","1","0","97","12","1","11056","HSPG2"
"REAC","RNA Polymerase II Transcription","REAC:R-HSA-73857","1","0","1352","12","1","11056","KAT2B"
"REAC","RNA Polymerase I Transcription Initiation","REAC:R-HSA-73762","1","0","47","12","1","11056","KAT2B"
"REAC","RNA Polymerase I Transcription","REAC:R-HSA-73864","1","0","110","12","1","11056","KAT2B"
"REAC","RNA Polymerase I Promoter Clearance","REAC:R-HSA-73854","1","0","109","12","1","11056","KAT2B"
"REAC","RAB GEFs exchange GTP for GDP on RABs","REAC:R-HSA-8876198","1","0","88","12","1","11056","MON1A"
"REAC","Presynaptic depolarization and calcium channel opening","REAC:R-HSA-112308","1","0","11","12","1","11056","CACNA2D2"
"REAC","Pre-NOTCH Transcription and Translation","REAC:R-HSA-1912408","1","0","92","12","1","11056","KAT2B"
"REAC","Pre-NOTCH Expression and Processing","REAC:R-HSA-1912422","1","0","108","12","1","11056","KAT2B"
"REAC","Post-translational protein modification","REAC:R-HSA-597592","1","0","1453","12","2","11056","SP3,KAT2B"
"REAC","Positive epigenetic regulation of rRNA expression","REAC:R-HSA-5250913","1","0","104","12","1","11056","KAT2B"
"REAC","Physiological factors","REAC:R-HSA-5578768","1","0","14","12","1","11056","KAT2B"
"REAC","Phase 2 - plateau phase","REAC:R-HSA-5576893","1","0","15","12","1","11056","CACNA2D2"
"REAC","Phase 0 - rapid depolarisation","REAC:R-HSA-5576892","1","0","32","12","1","11056","CACNA2D2"
"REAC","PTEN Regulation","REAC:R-HSA-6807070","1","0","138","12","1","11056","MECOM"
"REAC","SUMOylation of transcription factors","REAC:R-HSA-3232118","1","0","18","12","1","11056","SP3"
"REAC","SUMOylation","REAC:R-HSA-2990846","1","0","178","12","1","11056","SP3"
"REAC","SUMO E3 ligases SUMOylate target proteins","REAC:R-HSA-3108232","1","0","172","12","1","11056","SP3"
"REAC","SARS-CoV-2 Infection","REAC:R-HSA-9694516","1","0","292","12","1","11056","HSPG2"
"REAC","SARS-CoV Infections","REAC:R-HSA-9679506","1","0","459","12","1","11056","HSPG2"
"REAC","Retinoid metabolism and transport","REAC:R-HSA-975634","1","0","44","12","1","11056","HSPG2"
"REAC","Respiratory syncytial virus (RSV) attachment and entry","REAC:R-HSA-9820960","1","0","23","12","1","11056","HSPG2"
"REAC","Respiratory Syncytial Virus Infection Pathway","REAC:R-HSA-9820952","1","0","119","12","1","11056","HSPG2"
"REAC","Regulation of insulin secretion","REAC:R-HSA-422356","1","0","78","12","1","11056","CACNA2D2"
"REAC","Regulation of gene expression in late stage (branching morphogenesis) pancreatic bud precursor cells","REAC:R-HSA-210744","1","0","16","12","1","11056","KAT2B"
"REAC","Regulation of beta-cell development","REAC:R-HSA-186712","1","0","39","12","1","11056","KAT2B"
"REAC","Regulation of PTEN gene transcription","REAC:R-HSA-8943724","1","0","59","12","1","11056","MECOM"
"REAC","Regulation of FOXO transcriptional activity by acetylation","REAC:R-HSA-9617629","1","0","10","12","1","11056","KAT2B"
"REAC","Rab regulation of trafficking","REAC:R-HSA-9007101","1","0","120","12","1","11056","MON1A"
"REAC","RUNX3 regulates NOTCH signaling","REAC:R-HSA-8941856","1","0","14","12","1","11056","KAT2B"
"REAC","RUNX1 regulates genes involved in megakaryocyte differentiation and platelet function","REAC:R-HSA-8936459","1","0","95","12","1","11056","KAT2B"
"REAC","Transcriptional regulation by RUNX3","REAC:R-HSA-8878159","1","0","95","12","1","11056","KAT2B"
"REAC","Transcriptional regulation by RUNX1","REAC:R-HSA-8878171","1","0","234","12","1","11056","KAT2B"
"REAC","Signaling by the B Cell Receptor (BCR)","REAC:R-HSA-983705","1","0","163","12","1","11056","NFATC3"
"REAC","Signaling by Nuclear Receptors","REAC:R-HSA-9006931","1","0","289","12","1","11056","KAT2B"
"REAC","Signaling by NOTCH4","REAC:R-HSA-9013694","1","0","81","12","1","11056","KAT2B"
"REAC","Signaling by NOTCH3","REAC:R-HSA-9012852","1","0","48","12","1","11056","KAT2B"
"REAC","Signaling by NOTCH1 in Cancer","REAC:R-HSA-2644603","1","0","57","12","1","11056","KAT2B"
"REAC","Signaling by NOTCH1 PEST Domain Mutants in Cancer","REAC:R-HSA-2644602","1","0","57","12","1","11056","KAT2B"
"REAC","Signaling by NOTCH1 HD+PEST Domain Mutants in Cancer","REAC:R-HSA-2894858","1","0","57","12","1","11056","KAT2B"
"REAC","Signaling by NOTCH1","REAC:R-HSA-1980143","1","0","72","12","1","11056","KAT2B"
"REAC","Signaling by NOTCH","REAC:R-HSA-157118","1","0","231","12","1","11056","KAT2B"
"REAC","Signaling by GPCR","REAC:R-HSA-372790","1","0","695","12","2","11056","GNRHR,ADM"
"REAC","Signal Transduction","REAC:R-HSA-162582","1","0","2570","12","4","11056","KAT2B,MECOM,GNRHR,ADM"
"REAC","Sensory processing of sound by inner hair cells of the cochlea","REAC:R-HSA-9662360","1","0","66","12","1","11056","CACNA2D2"
"REAC","Sensory processing of sound","REAC:R-HSA-9659379","1","0","74","12","1","11056","CACNA2D2"
"REAC","Sensory Perception","REAC:R-HSA-9709957","1","0","576","12","2","11056","HSPG2,CACNA2D2"
"REAC","REACTOME root term","REAC:0000000","1","0","11056","12","12","11056","PRDM16,HSPG2,SP3,KAT2B,CACNA2D2,MON1A,MECOM,GNRHR,ADM,CRYAB,PKP2,NFATC3"
"REAC","YAP1- and WWTR1 (TAZ)-stimulated gene expression","REAC:R-HSA-2032785","1","0","14","12","1","11056","KAT2B"
"REAC","Visual phototransduction","REAC:R-HSA-2187338","1","0","97","12","1","11056","HSPG2"
"REAC","Viral Infection Pathways","REAC:R-HSA-9824446","1","0","873","12","1","11056","HSPG2"
"REAC","Vesicle-mediated transport","REAC:R-HSA-5653656","1","0","720","12","1","11056","MON1A"
"REAC","Transmission across Chemical Synapses","REAC:R-HSA-112315","1","0","258","12","1","11056","CACNA2D2"
"REAC","Transcriptional regulation of brown and beige adipocyte differentiation by EBF2","REAC:R-HSA-9844594","1","0","30","12","1","11056","PRDM16"
"REAC","Transcriptional regulation of brown and beige adipocyte differentiation","REAC:R-HSA-9843743","1","0","30","12","1","11056","PRDM16"
"WP","Cardiomyocyte signaling converging on titin","WP:WP5344","0.17006159040167687","0.7693937637550435","33","14","2","8899","MYPN,CRYAB"
"WP","Arrhythmogenic right ventricular cardiomyopathy","WP:WP2118","0.8384998872030939","0.07649699148017","74","14","2","8899","CACNA2D2,PKP2"
"WP","Blood based neuroinflammation markers ","WP:WP5548","1","0","22","14","1","8899","ADM"
"WP","Cancer pathways","WP:WP5434","1","0","505","14","1","8899","MECOM"
"WP","15q11q13 copy number variation","WP:WP5407","1","0","57","14","1","8899","KAT2B"
"WP","10q22q23 copy number variation","WP:WP5402","1","0","64","14","1","8899","LDB3"
"WP","Estradiol regulation in porto sinusoidal vascular disease","WP:WP5235","1","0","5","14","1","8899","SP3"
"WP","Network map of SARS CoV 2 signaling","WP:WP5115","1","0","253","14","1","8899","NFATC3"
"WP","15q13 3 copy number variation syndrome","WP:WP4942","1","0","19","14","1","8899","KAT2B"
"WP","Overlap between signal transduction pathways contributing to LMNA laminopathies","WP:WP4879","1","0","57","14","1","8899","KAT2B"
"WP","Thyroid hormones production and peripheral downstream signaling effects","WP:WP4746","1","0","92","14","1","8899","PRDM16"
"WP","Hepatitis B infection","WP:WP4666","1","0","152","14","2","8899","HSPG2,NFATC3"
"WP","Cancer immunotherapy by PD 1 blockade","WP:WP4585","1","0","23","14","1","8899","NFATC3"
"WP","Non genomic actions of 1 25 dihydroxyvitamin D3","WP:WP4341","1","0","74","14","1","8899","SP3"
"WP","Thermogenesis","WP:WP4321","1","0","108","14","1","8899","PRDM16"
"WP","Wnt signaling","WP:WP428","1","0","113","14","1","8899","NFATC3"
"WP","Epithelial to mesenchymal transition in colorectal cancer","WP:WP4239","1","0","161","14","1","8899","PKP2"
"WP","Transcription activation RNA polymerase I and KAT2A B and inhibition NuRD complex ","WP:WP5565","1","0","80","14","1","8899","KAT2B"
"WP","Integrin mediated cell adhesion","WP:WP185","1","0","101","14","1","8899","MYPN"
"WP","Heart development","WP:WP1591","1","0","47","14","1","8899","NFATC3"
"WP","Androgen receptor signaling","WP:WP138","1","0","85","14","1","8899","KAT2B"
"WP","GPCRs other","WP:WP117","1","0","95","14","1","8899","GNRHR"
"WP","WIKIPATHWAYS","WP:000000","1","0","8899","14","14","8899","PRDM16,HSPG2,NOS1AP,SP3,KAT2B,CACNA2D2,MECOM,GNRHR,MYPN,LDB3,ADM,CRYAB,PKP2,NFATC3"
"WP","White fat cell differentiation","WP:WP4149","1","0","32","14","1","8899","MECOM"
"WP","PTF1A related regulatory pathway","WP:WP4147","1","0","11","14","1","8899","KAT2B"
"WP","Ethanol effects on histone modifications","WP:WP3996","1","0","31","14","1","8899","KAT2B"
"WP","MAPK signaling","WP:WP382","1","0","245","14","2","8899","CACNA2D2,NFATC3"
"WP","MECP2 and associated Rett syndrome","WP:WP3584","1","0","73","14","1","8899","SP3"
"WP","Initiation of transcription and translation elongation at the HIV 1 LTR","WP:WP3414","1","0","32","14","1","8899","NFATC3"
"WP","FTO obesity variant mechanism","WP:WP3407","1","0","8","14","1","8899","PRDM16"
"WP","Differentiation of white and brown adipocyte","WP:WP2895","1","0","25","14","1","8899","PRDM16"
"WP","Myometrial relaxation and contraction pathways","WP:WP289","1","0","154","14","1","8899","ADM"
"WP","Nuclear receptors meta pathway","WP:WP2882","1","0","313","14","1","8899","KAT2B"
"WP","Complement system","WP:WP2806","1","0","94","14","1","8899","ADM"
"WP","Selenium metabolism and selenoproteins","WP:WP28","1","0","47","14","1","8899","SP3"
"WP","Notch signaling","WP:WP268","1","0","44","14","1","8899","KAT2B"
"WP","Peptide GPCRs","WP:WP24","1","0","75","14","1","8899","GNRHR"
"WP","B cell receptor signaling","WP:WP23","1","0","92","14","1","8899","NFATC3"
"WP","Sudden infant death syndrome SIDS susceptibility pathways","WP:WP706","1","0","159","14","2","8899","NOS1AP,SP3"
"TF","Factor: PATZ1; motif: SCNCCNCNSCCCCCASCCN","TF:M12648","0.008889787631621366","2.0511086137785615","4261","18","13","20093","PRDM16,HSPG2,SP3,KAT2B,CACNA2D2,MON1A,MECOM,TMEM245,ADM,CRYAB,PKP2,NFATC3,MYO18B"
"TF","Factor: Sp1; motif: RGGGMGGRGSNGGGG; match class: 1","TF:M10529_1","0.009957555538785468","2.0018472626117507","2851","18","11","20093","PRDM16,HSPG2,SP3,KAT2B,MON1A,MECOM,PTP4A3,TMEM245,ADM,PKP2,NFATC3"
"TF","Factor: Egr-2; motif: GNGRRNGWGKGGGNGGRG; match class: 1","TF:M09898_1","0.03661244944609822","1.436371214977009","2593","18","10","20093","PRDM16,HSPG2,SP3,KAT2B,CACNA2D2,MECOM,TMEM245,CRYAB,PKP2,NFATC3"
"TF","Factor: PRDM1; motif: TCACTTTCWC","TF:M09818","0.04679582823076472","1.3297928618214885","1095","18","7","20093","PRDM16,HSPG2,SP3,KAT2B,MECOM,PTP4A3,MYO18B"
"TF","Factor: EZI; motif: GGGGAGGGGRRGGRGRRGGRRR","TF:M10151","0.061589057678676624","1.2104964406261227","2141","18","9","20093","PRDM16,NOS1AP,SP3,KAT2B,MECOM,PTP4A3,ADM,CRYAB,MYO18B"
"TF","Factor: Miz-1; motif: NNRGGWGGGGGAGGGGMRR","TF:M10112","0.13455607708867667","0.8710966829877185","8653","18","16","20093","PRDM16,HSPG2,NOS1AP,SP3,KAT2B,CACNA2D2,MON1A,MECOM,PTP4A3,TMEM245,LDB3,ADM,CRYAB,PKP2,NFATC3,MYO18B"
"TF","Factor: Egr-1; motif: NNNNNGYGKGGGNGGGNN; match class: 1","TF:M09603_1","0.17070911089789195","0.7677432995818776","1340","18","7","20093","HSPG2,SP3,KAT2B,CACNA2D2,MECOM,CRYAB,PKP2"
"TF","Factor: MAZ; motif: NKGGGAGGGGRGGR; match class: 1","TF:M02023_1","0.20608603458372093","0.6859514371811153","3153","18","10","20093","PRDM16,HSPG2,SP3,KAT2B,CACNA2D2,MECOM,PTP4A3,TMEM245,ADM,NFATC3"
"TF","Factor: Egr-2; motif: GNGRRNGWGKGGGNGGRG","TF:M09898","0.22118829114177188","0.65523786663998","6616","18","14","20093","PRDM16,HSPG2,SP3,KAT2B,CACNA2D2,MON1A,MECOM,PTP4A3,TMEM245,MYPN,CRYAB,PKP2,NFATC3,MYO18B"
"TF","Factor: MAZ; motif: GGGGGAGGGGGNGRGRRRGNRG; match class: 1","TF:M09984_1","0.2360808548177382","0.6269392309820269","5660","18","13","20093","PRDM16,HSPG2,SP3,KAT2B,CACNA2D2,MON1A,MECOM,PTP4A3,TMEM245,ADM,CRYAB,PKP2,NFATC3"
"TF","Factor: WT1; motif: NNGGGNGGGSGN","TF:M07436","0.24121782199594768","0.6175906081879355","6663","18","14","20093","PRDM16,HSPG2,SP3,KAT2B,CACNA2D2,MON1A,MECOM,PTP4A3,TMEM245,ADM,CRYAB,PKP2,NFATC3,MYO18B"
"TF","Factor: Miz-1; motif: NNRGGWGGGGGAGGGGMRR; match class: 1","TF:M10112_1","0.25795432323267437","0.5884571890918524","3981","18","11","20093","PRDM16,HSPG2,NOS1AP,SP3,KAT2B,MECOM,PTP4A3,TMEM245,LDB3,CRYAB,NFATC3"
"TF","Factor: PATZ; motif: GGGGNGGGGGMKGGRRNGGNRN; match class: 1","TF:M10026_1","0.37062098448506525","0.4310699946553732","4974","18","12","20093","PRDM16,HSPG2,NOS1AP,SP3,KAT2B,CACNA2D2,MON1A,MECOM,ADM,CRYAB,PKP2,NFATC3"
"TF","Factor: WT1; motif: NNGGGNGGGSGN; match class: 1","TF:M07436_1","0.3996970737880031","0.39826903123045065","2710","18","9","20093","PRDM16,SP3,KAT2B,CACNA2D2,MECOM,TMEM245,ADM,PKP2,NFATC3"
"TF","Factor: ZNF148; motif: NNNNNNCCNNCCCCTCCCCCACCCN","TF:M09834","0.5105854949782771","0.2919315270569792","7087","18","14","20093","PRDM16,HSPG2,NOS1AP,SP3,KAT2B,CACNA2D2,MON1A,MECOM,PTP4A3,TMEM245,ADM,CRYAB,PKP2,NFATC3"
"TF","Factor: ZNF383; motif: SSNGGGMGGNGSNGGS; match class: 1","TF:M12703_1","0.5880669529509082","0.23057322555345197","4346","18","11","20093","PRDM16,HSPG2,NOS1AP,SP3,KAT2B,CACNA2D2,MON1A,MECOM,ADM,PKP2,NFATC3"
"TF","Factor: ZBP99; motif: GCCCMTCCCCCR","TF:M12057","0.6770052616898672","0.16940795596183533","5277","18","12","20093","PRDM16,HSPG2,NOS1AP,SP3,KAT2B,MON1A,MECOM,PTP4A3,TMEM245,ADM,CRYAB,MYO18B"
"TF","Factor: ZBP89; motif: CCCCKCCCCCNN","TF:M07397","0.7019476875162345","0.1536952523567729","7277","18","14","20093","PRDM16,HSPG2,NOS1AP,SP3,KAT2B,CACNA2D2,MON1A,MECOM,PTP4A3,TMEM245,ADM,CRYAB,PKP2,NFATC3"
"TF","Factor: ZNF148; motif: NNNNNNCCNNCCCCTCCCCCACCCN; match class: 1","TF:M09834_1","0.7250558329276761","0.13962854929277432","2927","18","9","20093","HSPG2,SP3,KAT2B,MECOM,PTP4A3,TMEM245,CRYAB,PKP2,NFATC3"
"TF","Factor: MAZ; motif: CCCTCCCYCYN","TF:M07297","0.7901265178571856","0.10230336237040866","2960","18","9","20093","PRDM16,NOS1AP,SP3,KAT2B,CACNA2D2,MON1A,MECOM,PTP4A3,CRYAB"
"TF","Factor: ZBP89; motif: CCCCKCCCCCNN; match class: 1","TF:M07397_1","0.8666601832501961","0.06215115565945494","2996","18","9","20093","HSPG2,SP3,KAT2B,MECOM,PTP4A3,TMEM245,CRYAB,PKP2,NFATC3"
"TF","Factor: AhR:Arnt; motif: KNNKNNTYGCGTGCMS; match class: 1","TF:M00235_1","1","0","363","18","1","20093","HSPG2"
"TF","Factor: AhR:Arnt; motif: KNNKNNTYGCGTGCMS","TF:M00235","1","0","3149","18","2","20093","HSPG2,KAT2B"
"TF","Factor: AHDC1; motif: WRWGYAAACA; match class: 1","TF:M12579_1","1","0","266","18","1","20093","CRYAB"
"TF","Factor: AHDC1; motif: WRWGYAAACA","TF:M12579","1","0","2850","18","3","20093","MYPN,LDB3,CRYAB"
"TF","Factor: ZFHX3; motif: NWRWGYAAACA; match class: 1","TF:M13143_1","1","0","519","18","1","20093","CRYAB"
"TF","Factor: ZFHX3; motif: NWRWGYAAACA","TF:M13143","1","0","4012","18","4","20093","PTP4A3,MYPN,LDB3,CRYAB"
"TF","Factor: ABL1; motif: AARAAAAACAAM","TF:M08187","1","0","796","18","2","20093","HSPG2,MON1A"
"TF","Transfac","TF:M00000","1","0","20093","18","18","20093","PRDM16,HSPG2,NOS1AP,SP3,KAT2B,CACNA2D2,MON1A,MECOM,GNRHR,PTP4A3,TMEM245,MYPN,LDB3,ADM,CRYAB,PKP2,NFATC3,MYO18B"
"TF","Factor: alx3; motif: NYAATTAN","TF:M10873","1","0","3869","18","2","20093","NOS1AP,GNRHR"
"TF","Factor: ALX3; motif: NTAATYNAATTAN","TF:M04280","1","0","257","18","1","20093","KAT2B"
"TF","Factor: ALX3; motif: NNYAATTANN; match class: 1","TF:M04279_1","1","0","2139","18","1","20093","MECOM"
"TF","Factor: ALX3; motif: NNYAATTANN","TF:M04279","1","0","4245","18","3","20093","NOS1AP,KAT2B,MECOM"
"TF","Factor: CART1; motif: TAATTAGATTA","TF:M10883","1","0","598","18","1","20093","KAT2B"
"TF","Factor: CART1; motif: TAATTAGATTA","TF:M10882","1","0","598","18","1","20093","KAT2B"
"TF","Factor: alpha-CP1; motif: CAGCCAATGAG","TF:M00687","1","0","2382","18","1","20093","NFATC3"
"TF","Factor: AIRE; motif: WTNNNWNNTGGWWNNNWNGGNNWNWN","TF:M00999","1","0","3522","18","4","20093","GNRHR,ADM,CRYAB,MYO18B"
"TF","Factor: AhR; motif: NNNKNGCGTGNSNNNNN","TF:M07347","1","0","1426","18","2","20093","LDB3,ADM"
"TF","Factor: AHR; motif: CACGCN; match class: 1","TF:M01855_1","1","0","2798","18","1","20093","HSPG2"
"TF","Factor: AHR; motif: CACGCN","TF:M01855","1","0","8654","18","4","20093","HSPG2,KAT2B,LDB3,NFATC3"
"TF","Factor: AhR; motif: NTNGCGTGNNN","TF:M00778","1","0","3569","18","3","20093","HSPG2,LDB3,ADM"
"TF","Factor: AhR; motif: CCYCNRRSTNGCGTGASA","TF:M00139","1","0","3768","18","3","20093","PRDM16,LDB3,ADM"
"TF","Factor: AhR,; motif: NRCGTGNGN","TF:M00976","1","0","3908","18","3","20093","HSPG2,KAT2B,ADM"
"TF","Factor: AhR:Arnt; motif: GRGKATYGCGTGMCWNSCC; match class: 1","TF:M00237_1","1","0","1510","18","1","20093","ADM"
"TF","Factor: AhR:Arnt; motif: GRGKATYGCGTGMCWNSCC","TF:M00237","1","0","6421","18","3","20093","HSPG2,ADM,PKP2"
"TF","Factor: AML1; motif: TGTGGTK; match class: 1","TF:M01658_1","1","0","657","18","1","20093","MYPN"
"TF","Factor: AML1; motif: TGTGGTK","TF:M01658","1","0","4625","18","3","20093","MECOM,MYPN,NFATC3"
"TF","Factor: AML1; motif: NYTGTGGTTWN","TF:M10052","1","0","1141","18","1","20093","MYPN"
"TF","Factor: AML1; motif: NYTGTGGTTWN","TF:M09653","1","0","1428","18","1","20093","MYPN"
"TF","Factor: AML1a; motif: TGTGGT; match class: 1","TF:M00271_1","1","0","5596","18","6","20093","HSPG2,NOS1AP,SP3,MECOM,MYPN,NFATC3"
"TF","Factor: AML1a; motif: TGTGGT","TF:M00271","1","0","12515","18","10","20093","PRDM16,HSPG2,NOS1AP,SP3,KAT2B,MECOM,GNRHR,MYPN,LDB3,NFATC3"
"TF","Factor: aMEF-2; motif: CKGDYTAAAAATAACYMM","TF:M00403","1","0","1697","18","4","20093","MON1A,TMEM245,MYPN,CRYAB"
"TF","Factor: Alx-4; motif: NNCRTTAN; match class: 1","TF:M10880_1","1","0","2817","18","3","20093","TMEM245,MYPN,PKP2"
"TF","Factor: Alx-4; motif: NNCRTTAN","TF:M10880","1","0","8854","18","7","20093","NOS1AP,MON1A,TMEM245,MYPN,ADM,PKP2,NFATC3"
"TF","Factor: ALX4; motif: NTAATYNAATTAN; match class: 1","TF:M04281_1","1","0","626","18","2","20093","KAT2B,ADM"
"TF","Factor: ALX4; motif: NTAATYNAATTAN","TF:M04281","1","0","727","18","2","20093","KAT2B,ADM"
"TF","Factor: Alx-4:TBR2; motif: NNYGCTAAYTWNNNTTNACACNT","TF:M08194","1","0","165","18","1","20093","LDB3"
"TF","Factor: alx3; motif: NNCRTTAN; match class: 1","TF:M10877_1","1","0","600","18","1","20093","TMEM245"
"TF","Factor: alx3; motif: NNCRTTAN","TF:M10877","1","0","4382","18","3","20093","NOS1AP,TMEM245,MYPN"
"TF","Factor: alx3; motif: NKCRTTAN; match class: 1","TF:M10874_1","1","0","343","18","1","20093","TMEM245"
"TF","Factor: alx3; motif: NKCRTTAN","TF:M10874","1","0","3170","18","1","20093","TMEM245"
"TF","Factor: AML; motif: NNGKNTGTGGTTWNC; match class: 1","TF:M00769_1","1","0","66","18","1","20093","MYPN"
"TF","Factor: AML; motif: NNGKNTGTGGTTWNC","TF:M00769","1","0","1568","18","1","20093","MYPN"
"TF","Factor: AML; motif: TGTGGTNN","TF:M08866","1","0","873","18","1","20093","MYPN"
"TF","Factor: AML3; motif: AACCACAN; match class: 1","TF:M01856_1","1","0","55","18","1","20093","MYPN"
"TF","Factor: AML3; motif: AACCACAN","TF:M01856","1","0","1236","18","1","20093","MYPN"
"TF","Factor: AML2; motif: TGTGGTNNN","TF:M07372","1","0","557","18","2","20093","MYPN,NFATC3"
"TF","Factor: AML2; motif: CCRCACCAYDN; match class: 1","TF:M01854_1","1","0","238","18","1","20093","HSPG2"
"TF","Factor: AML2; motif: CCRCACCAYDN","TF:M01854","1","0","2859","18","3","20093","HSPG2,SP3,PTP4A3"
"TF","Factor: AML2; motif: CCRCACCA","TF:M01814","1","0","2797","18","3","20093","HSPG2,PTP4A3,PKP2"
"TF","Factor: AML2; motif: AACCRCAA; match class: 1","TF:M01759_1","1","0","248","18","1","20093","MYPN"
"TF","Factor: AML2; motif: AACCRCAA","TF:M01759","1","0","3097","18","2","20093","MECOM,MYPN"
"TF","Factor: AML1; motif: TGTGGT; match class: 1","TF:M00751_1","1","0","5596","18","6","20093","HSPG2,NOS1AP,SP3,MECOM,MYPN,NFATC3"
"TF","Factor: AML1; motif: TGTGGT","TF:M00751","1","0","12515","18","10","20093","PRDM16,HSPG2,NOS1AP,SP3,KAT2B,MECOM,GNRHR,MYPN,LDB3,NFATC3"
"TF","Factor: AML1; motif: TGTGGT; match class: 1","TF:M02084_1","1","0","5596","18","6","20093","HSPG2,NOS1AP,SP3,MECOM,MYPN,NFATC3"
"TF","Factor: AML1; motif: TGTGGT","TF:M02084","1","0","12515","18","10","20093","PRDM16,HSPG2,NOS1AP,SP3,KAT2B,MECOM,GNRHR,MYPN,LDB3,NFATC3"
"TF","Factor: AML1; motif: NNNNNACCACANNNN","TF:M08865","1","0","1000","18","1","20093","MYPN"
"TF","Factor: AP-2alphaA; motif: ANMGCCTNAGGCKNT","TF:M01047","1","0","8594","18","12","20093","PRDM16,HSPG2,SP3,KAT2B,CACNA2D2,MON1A,PTP4A3,LDB3,ADM,CRYAB,NFATC3,MYO18B"
"TF","Factor: AP-2alphaA; motif: ANNGCCTNAGGSNNT","TF:M01045","1","0","6367","18","3","20093","CACNA2D2,MON1A,MECOM"
"TF","Factor: AP-2alpha; motif: GCCNNNRGS; match class: 1","TF:M00469_1","1","0","3294","18","4","20093","PRDM16,SP3,KAT2B,PTP4A3"
"TF","Factor: AP-2alpha; motif: GCCNNNRGS","TF:M00469","1","0","5133","18","8","20093","PRDM16,HSPG2,SP3,KAT2B,CACNA2D2,PTP4A3,PKP2,NFATC3"
"TF","Factor: AP-1; motif: NTGACTCAN","TF:M00925","1","0","2768","18","2","20093","LDB3,ADM"
"TF","Factor: AP-1; motif: TGAGTCAN","TF:M00926","1","0","1008","18","1","20093","LDB3"
"TF","Factor: AP-1; motif: RGTGACTMANN; match class: 1","TF:M00188_1","1","0","347","18","1","20093","MYPN"
"TF","Factor: AP-1; motif: RGTGACTMANN","TF:M00188","1","0","3314","18","2","20093","SP3,MYPN"
"TF","Factor: AP-1; motif: TGACTCANNSKN","TF:M00924","1","0","2999","18","2","20093","LDB3,ADM"
"TF","Factor: AP-1; motif: RSTGACTNANW; match class: 1","TF:M00173_1","1","0","244","18","1","20093","MYPN"
"TF","Factor: AP-1; motif: RSTGACTNANW","TF:M00173","1","0","2868","18","1","20093","MYPN"
"TF","Factor: AP-1; motif: NTGASTCAG; match class: 1","TF:M00199_1","1","0","4576","18","2","20093","LDB3,ADM"
"TF","Factor: AP-1; motif: NTGASTCAG","TF:M00199","1","0","5147","18","3","20093","SP3,LDB3,ADM"
"TF","Factor: AP1; motif: TGACTCA","TF:M02280","1","0","4564","18","2","20093","LDB3,ADM"
"TF","Factor: AP-1; motif: NNNTGAGTCAKCN; match class: 1","TF:M00517_1","1","0","3505","18","1","20093","LDB3"
"TF","Factor: AP-1; motif: NNNTGAGTCAKCN","TF:M00517","1","0","5356","18","2","20093","LDB3,ADM"
"TF","Factor: AP-2rep; motif: CAGTGGG","TF:M00468","1","0","7293","18","8","20093","SP3,KAT2B,MON1A,MECOM,GNRHR,PTP4A3,TMEM245,ADM"
"TF","Factor: AP-2gamma; motif: GCCYNCRGSN; match class: 1","TF:M03811_1","1","0","3788","18","6","20093","HSPG2,SP3,KAT2B,MON1A,PKP2,NFATC3"
"TF","Factor: AP-2gamma; motif: GCCYNCRGSN","TF:M03811","1","0","8890","18","11","20093","PRDM16,HSPG2,SP3,KAT2B,CACNA2D2,MON1A,MYPN,LDB3,CRYAB,PKP2,NFATC3"
"TF","Factor: AP-2; motif: NNGCCTK; match class: 1","TF:M01859_1","1","0","1962","18","2","20093","MYPN,ADM"
"TF","Factor: AP-2; motif: NNGCCTK","TF:M01859","1","0","7993","18","9","20093","PRDM16,MON1A,MECOM,PTP4A3,TMEM245,MYPN,LDB3,ADM,MYO18B"
"TF","Factor: AP-2gamma; motif: NNNNWGCCYNCRGSCN; match class: 1","TF:M07349_1","1","0","439","18","1","20093","MON1A"
"TF","Factor: AP-2gamma; motif: NNNNWGCCYNCRGSCN","TF:M07349","1","0","3379","18","3","20093","MON1A,MYPN,MYO18B"
"TF","Factor: AP-2gamma; motif: GCCYNNGGS; match class: 1","TF:M00470_1","1","0","5584","18","6","20093","PRDM16,SP3,KAT2B,PTP4A3,LDB3,PKP2"
"TF","Factor: AP-2gamma; motif: GCCYNNGGS","TF:M00470","1","0","9501","18","11","20093","PRDM16,HSPG2,SP3,KAT2B,CACNA2D2,MECOM,PTP4A3,LDB3,CRYAB,PKP2,NFATC3"
"TF","Factor: AP-2beta; motif: GCNNNGGSCNGVGGGN; match class: 1","TF:M01858_1","1","0","3086","18","5","20093","PRDM16,HSPG2,SP3,KAT2B,PKP2"
"TF","Factor: AP-2beta; motif: GCNNNGGSCNGVGGGN","TF:M01858","1","0","7487","18","11","20093","PRDM16,HSPG2,NOS1AP,SP3,KAT2B,CACNA2D2,MON1A,MECOM,TMEM245,PKP2,MYO18B"
"TF","Factor: AP-2alpha; motif: NGCCYSNNGSN; match class: 1","TF:M01857_1","1","0","4535","18","6","20093","PRDM16,HSPG2,KAT2B,CACNA2D2,MON1A,PKP2"
"TF","Factor: AP-2alpha; motif: NGCCYSNNGSN","TF:M01857","1","0","9244","18","14","20093","PRDM16,HSPG2,NOS1AP,SP3,KAT2B,CACNA2D2,MON1A,MECOM,PTP4A3,LDB3,CRYAB,PKP2,NFATC3,MYO18B"
"TF","Factor: AP-2alpha; motif: NSCCNCRGGSN; match class: 1","TF:M07348_1","1","0","3342","18","4","20093","PRDM16,SP3,KAT2B,TMEM245"
"TF","Factor: AP-2alpha; motif: NSCCNCRGGSN","TF:M07348","1","0","8604","18","9","20093","PRDM16,HSPG2,SP3,KAT2B,MON1A,PTP4A3,TMEM245,CRYAB,NFATC3"
"TF","Factor: AP-2alphaA; motif: ANMGCCTNAGGCKNT; match class: 1","TF:M01047_1","1","0","8594","18","12","20093","PRDM16,HSPG2,SP3,KAT2B,CACNA2D2,MON1A,PTP4A3,LDB3,ADM,CRYAB,NFATC3,MYO18B"
"TF","Factor: AP-4; motif: WGARYCAGCTGYGGNCNK; match class: 1","TF:M00005_1","1","0","1058","18","1","20093","MYO18B"
"TF","Factor: AP-4; motif: WGARYCAGCTGYGGNCNK","TF:M00005","1","0","5276","18","9","20093","HSPG2,SP3,MON1A,TMEM245,MYPN,LDB3,ADM,CRYAB,MYO18B"
"TF","Factor: AP-3; motif: TKGAAAKN; match class: 1","TF:M04609_1","1","0","673","18","1","20093","MYPN"
"TF","Factor: AP-3; motif: TKGAAAKN","TF:M04609","1","0","4432","18","1","20093","MYPN"
"TF","Factor: AP-3; motif: TCYMMATT","TF:M00690","1","0","1223","18","2","20093","MON1A,GNRHR"
"TF","Factor: AP-2; motif: SNNNCCNCAGGCN; match class: 1","TF:M00915_1","1","0","3953","18","8","20093","PRDM16,HSPG2,NOS1AP,SP3,KAT2B,PTP4A3,TMEM245,PKP2"
"TF","Factor: AP-2; motif: SNNNCCNCAGGCN","TF:M00915","1","0","9064","18","13","20093","PRDM16,HSPG2,NOS1AP,SP3,KAT2B,CACNA2D2,MON1A,PTP4A3,TMEM245,CRYAB,PKP2,NFATC3,MYO18B"
"TF","Factor: AP-2; motif: MKCCCSCNGGCG; match class: 1","TF:M00189_1","1","0","6476","18","10","20093","PRDM16,HSPG2,NOS1AP,SP3,KAT2B,CACNA2D2,MECOM,PTP4A3,PKP2,NFATC3"
"TF","Factor: AP-2; motif: MKCCCSCNGGCG","TF:M00189","1","0","11119","18","14","20093","PRDM16,HSPG2,NOS1AP,SP3,KAT2B,CACNA2D2,MON1A,MECOM,PTP4A3,TMEM245,LDB3,CRYAB,PKP2,NFATC3"
"TF","Factor: AP2; motif: GCCYGSGGSN; match class: 1","TF:M08867_1","1","0","5141","18","8","20093","PRDM16,HSPG2,SP3,KAT2B,CACNA2D2,TMEM245,PKP2,NFATC3"
"TF","Factor: AP2; motif: GCCYGSGGSN","TF:M08867","1","0","10181","18","13","20093","PRDM16,HSPG2,NOS1AP,SP3,KAT2B,CACNA2D2,MON1A,MECOM,PTP4A3,TMEM245,CRYAB,PKP2,NFATC3"
"TF","Factor: AP-2; motif: GSCCSCRGGCNRNRNN; match class: 1","TF:M00800_1","1","0","4233","18","6","20093","PRDM16,HSPG2,NOS1AP,SP3,KAT2B,CACNA2D2"
"TF","Factor: AP-2; motif: GSCCSCRGGCNRNRNN","TF:M00800","1","0","9180","18","9","20093","PRDM16,HSPG2,NOS1AP,SP3,KAT2B,CACNA2D2,MON1A,MECOM,TMEM245"
"TF","Factor: AP-2rep; motif: NGGGGCGGGGC; match class: 1","TF:M09967_1","1","0","1382","18","3","20093","HSPG2,PKP2,NFATC3"
"TF","Factor: AP-2rep; motif: NGGGGCGGGGC","TF:M09967","1","0","4046","18","4","20093","HSPG2,ADM,PKP2,NFATC3"
"TF","Factor: AP-2rep; motif: CAGTGGG; match class: 1","TF:M00468_1","1","0","1732","18","1","20093","KAT2B"
"TF","Factor: BMAL1; motif: RTCAYGTGMN","TF:M11048","1","0","2325","18","1","20093","NFATC3"
"TF","Factor: ARNTLIKE; motif: NNNSCACGTG; match class: 1","TF:M08868_1","1","0","3007","18","3","20093","HSPG2,MON1A,PTP4A3"
"TF","Factor: ARNTLIKE; motif: NNNSCACGTG","TF:M08868","1","0","5318","18","5","20093","HSPG2,MON1A,PTP4A3,LDB3,NFATC3"
"TF","Factor: ARID4B; motif: NNYCAGCACCNNGGNCAGCGSC; match class: 1","TF:M13125_1","1","0","651","18","1","20093","NFATC3"
"TF","Factor: ARID4B; motif: NNYCAGCACCNNGGNCAGCGSC","TF:M13125","1","0","3640","18","5","20093","PRDM16,CACNA2D2,TMEM245,ADM,NFATC3"
"TF","Factor: AREB6; motif: VNRCACCTGKNC","TF:M00414","1","0","1823","18","1","20093","NOS1AP"
"TF","Factor: AREB6; motif: WNWCACCTGWNN","TF:M00413","1","0","1365","18","1","20093","MON1A"
"TF","Factor: AREB6; motif: NNYNYACCTGWVT","TF:M00412","1","0","4801","18","4","20093","HSPG2,MON1A,GNRHR,ADM"
"TF","Factor: AP-4; motif: NCAGCTGYNGNCN; match class: 1","TF:M01860_1","1","0","1694","18","2","20093","KAT2B,MYO18B"
"TF","Factor: AP-4; motif: NCAGCTGYNGNCN","TF:M01860","1","0","6079","18","10","20093","HSPG2,KAT2B,CACNA2D2,MON1A,PTP4A3,MYPN,LDB3,ADM,NFATC3,MYO18B"
"TF","Factor: AP-4; motif: RNCAGCTGC; match class: 1","TF:M00927_1","1","0","1949","18","4","20093","KAT2B,PTP4A3,LDB3,ADM"
"TF","Factor: AP-4; motif: RNCAGCTGC","TF:M00927","1","0","6424","18","8","20093","HSPG2,KAT2B,CACNA2D2,PTP4A3,TMEM245,LDB3,ADM,NFATC3"
"TF","Factor: AP-4; motif: CWCAGCTGGN","TF:M00176","1","0","2615","18","4","20093","MECOM,PTP4A3,ADM,PKP2"
"TF","Factor: AP-4; motif: VDCAGCTGNN","TF:M00175","1","0","2505","18","5","20093","MECOM,LDB3,CRYAB,PKP2,MYO18B"
"TF","Factor: AP-4; motif: YCAGCTGNKN; match class: 1","TF:M10097_1","1","0","1617","18","5","20093","CACNA2D2,MON1A,PTP4A3,LDB3,CRYAB"
"TF","Factor: AP-4; motif: YCAGCTGNKN","TF:M10097","1","0","6153","18","11","20093","KAT2B,CACNA2D2,MON1A,MECOM,PTP4A3,MYPN,LDB3,ADM,CRYAB,PKP2,MYO18B"
"TF","Factor: AR; motif: GGNACRNNRTGTWCT","TF:M01201","1","0","6509","18","7","20093","HSPG2,MON1A,PTP4A3,TMEM245,ADM,CRYAB,PKP2"
"TF","Factor: AR; motif: NNNNNNRGNACRNNGTGTTCTNNNNNN; match class: 1","TF:M00956_1","1","0","261","18","2","20093","CRYAB,PKP2"
"TF","Factor: AR; motif: NNNNNNRGNACRNNGTGTTCTNNNNNN","TF:M00956","1","0","2807","18","7","20093","KAT2B,PTP4A3,MYPN,LDB3,ADM,CRYAB,PKP2"
"TF","Factor: AR; motif: NNNGNRRGNACANNGTGTTCTNNNNNN","TF:M00953","1","0","2535","18","7","20093","KAT2B,PTP4A3,MYPN,LDB3,ADM,CRYAB,PKP2"
"TF","Factor: AR; motif: GGTACANNRTGTTCT; match class: 1","TF:M00481_1","1","0","2352","18","2","20093","CRYAB,PKP2"
"TF","Factor: AR; motif: GGTACANNRTGTTCT","TF:M00481","1","0","5094","18","5","20093","MON1A,MYPN,ADM,CRYAB,PKP2"
"TF","Factor: ARX; motif: NYAATTAN","TF:M10871","1","0","2766","18","1","20093","NOS1AP"
"TF","Factor: ARX; motif: NTAATYNAATTAN; match class: 1","TF:M04282_1","1","0","273","18","1","20093","KAT2B"
"TF","Factor: ARX; motif: NTAATYNAATTAN","TF:M04282","1","0","399","18","1","20093","KAT2B"
"TF","Factor: ARP-1; motif: TGARCCYTTGAMCCCW","TF:M00155","1","0","5812","18","5","20093","MON1A,TMEM245,MYPN,NFATC3,MYO18B"
"TF","Factor: arnt; motif: CACGYA","TF:M03812","1","0","4385","18","3","20093","SP3,CACNA2D2,ADM"
"TF","Factor: Arnt; motif: NNNNNRTCACGTGAYNNNNN; match class: 1","TF:M00539_1","1","0","6968","18","5","20093","HSPG2,MON1A,PTP4A3,LDB3,NFATC3"
"TF","Factor: Arnt; motif: NNNNNRTCACGTGAYNNNNN","TF:M00539","1","0","6968","18","5","20093","HSPG2,MON1A,PTP4A3,LDB3,NFATC3"
"TF","Factor: Arnt; motif: NDDNNCACGTGNNNNN; match class: 1","TF:M00236_1","1","0","356","18","1","20093","NFATC3"
"TF","Factor: Arnt; motif: NDDNNCACGTGNNNNN","TF:M00236","1","0","2338","18","1","20093","NFATC3"
"TF","Factor: BMAL1; motif: RTCACGTGNN","TF:M11049","1","0","628","18","1","20093","NFATC3"
"TF","Factor: MASH-1; motif: NRCAGCTGCN","TF:M11173","1","0","2588","18","5","20093","HSPG2,KAT2B,PTP4A3,LDB3,NFATC3"
"TF","Factor: ASCL1; motif: NNAGCAGCTGSNN","TF:M09767","1","0","786","18","1","20093","PTP4A3"
"TF","Factor: AR; motif: GNNCNNNNTGTTCTN; match class: 1","TF:M01996_1","1","0","325","18","1","20093","MYPN"
"TF","Factor: AR; motif: GNNCNNNNTGTTCTN","TF:M01996","1","0","3189","18","7","20093","PTP4A3,MYPN,LDB3,ADM,CRYAB,PKP2,MYO18B"
"TF","Factor: AR; motif: AGWACATNWTGTTCT; match class: 1","TF:M00447_1","1","0","920","18","2","20093","CACNA2D2,PKP2"
"TF","Factor: AR; motif: AGWACATNWTGTTCT","TF:M00447","1","0","4334","18","5","20093","KAT2B,CACNA2D2,MECOM,MYPN,PKP2"
"TF","Factor: AR; motif: NGNACANNNTGTTCYNN; match class: 1","TF:M09589_1","1","0","1209","18","1","20093","LDB3"
"TF","Factor: AR; motif: NGNACANNNTGTTCYNN","TF:M09589","1","0","5311","18","8","20093","KAT2B,MON1A,MYPN,LDB3,ADM,CRYAB,PKP2,MYO18B"
"TF","Factor: AR; motif: AGAACANNNTGTTCT; match class: 1","TF:M08907_1","1","0","2305","18","2","20093","MYPN,CRYAB"
"TF","Factor: AR; motif: AGAACANNNTGTTCT","TF:M08907","1","0","2399","18","2","20093","MYPN,CRYAB"
"TF","Factor: AR; motif: GGAACGGWACATGTTCT; match class: 1","TF:M08190_1","1","0","2063","18","2","20093","LDB3,NFATC3"
"TF","Factor: AR; motif: GGAACGGWACATGTTCT","TF:M08190","1","0","8004","18","4","20093","KAT2B,CACNA2D2,LDB3,NFATC3"
"TF","Factor: AR; motif: ARGAACANNNTGTNC; match class: 1","TF:M07204_1","1","0","1012","18","2","20093","MYPN,LDB3"
"TF","Factor: AR; motif: ARGAACANNNTGTNC","TF:M07204","1","0","5107","18","6","20093","MYPN,LDB3,ADM,CRYAB,PKP2,MYO18B"
"TF","Factor: AR; motif: RGGWACAYNGTGTWCYN; match class: 1","TF:M04453_1","1","0","3897","18","4","20093","MON1A,LDB3,PKP2,NFATC3"
"TF","Factor: AR; motif: RGGWACAYNGTGTWCYN","TF:M04453","1","0","7362","18","6","20093","KAT2B,MON1A,MYPN,LDB3,PKP2,NFATC3"
"TF","Factor: ATF-1; motif: CYYTGACGTCA","TF:M00691","1","0","4994","18","3","20093","MON1A,ADM,MYO18B"
"TF","Factor: ATF-1; motif: NNNTGACGTNNN","TF:M07034","1","0","4410","18","4","20093","GNRHR,PTP4A3,ADM,MYO18B"
"TF","Factor: ATF-1; motif: NNRTGACGYMA","TF:M09866","1","0","3265","18","2","20093","GNRHR,PTP4A3"
"TF","Factor: ATF-1; motif: NRTGACGTMAN","TF:M09592","1","0","4619","18","3","20093","PTP4A3,CRYAB,MYO18B"
"TF","Factor: ASH-2; motif: ACACGACGCN","TF:M11179","1","0","2166","18","4","20093","PRDM16,CRYAB,NFATC3,MYO18B"
"TF","Factor: ASH-2; motif: NGCAGCTGCN; match class: 1","TF:M11178_1","1","0","2444","18","5","20093","HSPG2,KAT2B,PTP4A3,LDB3,NFATC3"
"TF","Factor: ASH-2; motif: NGCAGCTGCN","TF:M11178","1","0","2444","18","5","20093","HSPG2,KAT2B,PTP4A3,LDB3,NFATC3"
"TF","Factor: ASH-2; motif: NGCAGCTGYN; match class: 1","TF:M11177_1","1","0","623","18","2","20093","KAT2B,LDB3"
"TF","Factor: ASH-2; motif: NGCAGCTGYN","TF:M11177","1","0","623","18","2","20093","KAT2B,LDB3"
"TF","Factor: ASH-2; motif: NRCAGCTGYN; match class: 1","TF:M11176_1","1","0","2444","18","5","20093","HSPG2,KAT2B,PTP4A3,LDB3,NFATC3"
"TF","Factor: ASH-2; motif: NRCAGCTGYN","TF:M11176","1","0","2444","18","5","20093","HSPG2,KAT2B,PTP4A3,LDB3,NFATC3"
"TF","Factor: ASH-2; motif: NRCAGCTGYN; match class: 1","TF:M11175_1","1","0","2588","18","5","20093","HSPG2,KAT2B,PTP4A3,LDB3,NFATC3"
"TF","Factor: ASH-2; motif: NRCAGCTGYN","TF:M11175","1","0","2588","18","5","20093","HSPG2,KAT2B,PTP4A3,LDB3,NFATC3"
"TF","Factor: MASH-1; motif: NGCAGCTGCN; match class: 1","TF:M11174_1","1","0","2588","18","5","20093","HSPG2,KAT2B,PTP4A3,LDB3,NFATC3"
"TF","Factor: MASH-1; motif: NGCAGCTGCN","TF:M11174","1","0","2588","18","5","20093","HSPG2,KAT2B,PTP4A3,LDB3,NFATC3"
"TF","Factor: MASH-1; motif: NRCAGCTGCN; match class: 1","TF:M11173_1","1","0","2588","18","5","20093","HSPG2,KAT2B,PTP4A3,LDB3,NFATC3"
"TF","Factor: ATF-3; motif: GATGAYGTCATN","TF:M11288","1","0","5492","18","1","20093","CRYAB"
"TF","Factor: ATF-3; motif: GGTSACGTGAN; match class: 1","TF:M09868_1","1","0","2199","18","1","20093","NFATC3"
"TF","Factor: ATF-3; motif: GGTSACGTGAN","TF:M09868","1","0","6584","18","4","20093","GNRHR,PTP4A3,ADM,NFATC3"
"TF","Factor: ATF-3; motif: GGCGCSSNSNGRTSACGTSA; match class: 1","TF:M04744_1","1","0","5006","18","2","20093","ADM,NFATC3"
"TF","Factor: ATF-3; motif: GGCGCSSNSNGRTSACGTSA","TF:M04744","1","0","10347","18","6","20093","CACNA2D2,MON1A,PTP4A3,ADM,PKP2,NFATC3"
"TF","Factor: ATF-2; motif: NNTGACGTCAN","TF:M07312","1","0","4175","18","4","20093","GNRHR,PTP4A3,ADM,MYO18B"
"TF","Factor: ATF-2; motif: NNNTGACGTNAN","TF:M01862","1","0","3408","18","3","20093","PTP4A3,ADM,MYO18B"
"TF","Factor: ATF2; motif: NTGACRTCAYC","TF:M12581","1","0","4762","18","1","20093","CRYAB"
"TF","Factor: ATF-2; motif: NRTGACGTMANN","TF:M11309","1","0","6704","18","6","20093","GNRHR,PTP4A3,ADM,CRYAB,PKP2,MYO18B"
"TF","Factor: ATF-2; motif: NRTGAYGTMAYN","TF:M11308","1","0","4475","18","2","20093","TMEM245,CRYAB"
"TF","Factor: ATF-2; motif: NNTGACGTMANN; match class: 1","TF:M11307_1","1","0","2061","18","1","20093","ADM"
"TF","Factor: ATF-2; motif: NNTGACGTMANN","TF:M11307","1","0","2209","18","1","20093","ADM"
"TF","Factor: ATF-2; motif: NRTGAYGTMAYN","TF:M11306","1","0","3559","18","1","20093","CRYAB"
"TF","Factor: ATF-2; motif: RRTGANGTCAY","TF:M09867","1","0","4563","18","1","20093","CRYAB"
"TF","Factor: ATF-1; motif: TNACGTCAN","TF:M01861","1","0","6537","18","5","20093","GNRHR,PTP4A3,ADM,PKP2,MYO18B"
"TF","Factor: ATF-1; motif: CYYTGACGTCA; match class: 1","TF:M00691_1","1","0","1020","18","2","20093","ADM,MYO18B"
"TF","Factor: ATF-4; motif: GGATGACGTCATCC; match class: 1","TF:M11337_1","1","0","3400","18","1","20093","PTP4A3"
"TF","Factor: ATF-4; motif: GGATGACGTCATCC","TF:M11337","1","0","3548","18","1","20093","PTP4A3"
"TF","Factor: ATF-4; motif: GGATGATGTCATCC","TF:M11334","1","0","6648","18","2","20093","CACNA2D2,CRYAB"
"TF","Factor: ATF-4; motif: RNMTGATGCAAY","TF:M09869","1","0","2226","18","3","20093","TMEM245,MYPN,PKP2"
"TF","Factor: ATF4; motif: ATTGCATCAT","TF:M09839","1","0","2248","18","3","20093","TMEM245,MYPN,PKP2"
"TF","Factor: ATF4; motif: NNATGAYGCAATM","TF:M04197","1","0","2238","18","4","20093","NOS1AP,CACNA2D2,MON1A,PKP2"
"TF","Factor: ATF-4:TEF; motif: GGMTGATGCAATM","TF:M08199","1","0","1738","18","3","20093","NOS1AP,MON1A,PKP2"
"TF","Factor: ATF-3; motif: SNTGACGYNATN","TF:M07313","1","0","3011","18","1","20093","ADM"
"TF","Factor: ATF-3; motif: RTKRCGTCANN","TF:M01863","1","0","1972","18","1","20093","PKP2"
"TF","Factor: ATF3; motif: CBCTGACGTCANCS; match class: 1","TF:M00513_1","1","0","3664","18","1","20093","CRYAB"
"TF","Factor: ATF3; motif: CBCTGACGTCANCS","TF:M00513","1","0","6812","18","5","20093","MON1A,PTP4A3,ADM,CRYAB,MYO18B"
"TF","Factor: ATF3; motif: GRTGACKCA","TF:M12582","1","0","7833","18","3","20093","KAT2B,LDB3,ADM"
"TF","Factor: ATF-3; motif: NRTGACGTCAYN; match class: 1","TF:M11291_1","1","0","4662","18","1","20093","PTP4A3"
"TF","Factor: ATF-3; motif: NRTGACGTCAYN","TF:M11291","1","0","4983","18","2","20093","PTP4A3,CRYAB"
"TF","Factor: ATF-3; motif: NATGATGTCATN","TF:M11290","1","0","6735","18","2","20093","MON1A,CRYAB"
"TF","Factor: ATF-3; motif: NRTGACGTCAYN","TF:M11289","1","0","5026","18","1","20093","CRYAB"
"TF","Factor: Bach1; motif: NNSATGAGTCATGNT","TF:M00495","1","0","523","18","1","20093","LDB3"
"TF","Factor: atoh7; motif: ANCATATGKY; match class: 1","TF:M11106_1","1","0","81","18","1","20093","PKP2"
"TF","Factor: atoh7; motif: ANCATATGKY","TF:M11106","1","0","415","18","1","20093","PKP2"
"TF","Factor: atoh7; motif: ANCATATGKY; match class: 1","TF:M11105_1","1","0","98","18","1","20093","PKP2"
"TF","Factor: atoh7; motif: ANCATATGKY","TF:M11105","1","0","398","18","1","20093","PKP2"
"TF","Factor: ATF; motif: NTGACGTCANYS","TF:M00338","1","0","3994","18","4","20093","GNRHR,PTP4A3,ADM,MYO18B"
"TF","Factor: ATF; motif: CNSTGACGTNNNYC","TF:M00017","1","0","7461","18","5","20093","GNRHR,PTP4A3,ADM,PKP2,MYO18B"
"TF","Factor: ATF-6; motif: GRTGACGTCAYC; match class: 1","TF:M11228_1","1","0","2203","18","1","20093","PTP4A3"
"TF","Factor: ATF-6; motif: GRTGACGTCAYC","TF:M11228","1","0","2226","18","1","20093","PTP4A3"
"TF","Factor: ATF6; motif: TGACGTGG","TF:M00483","1","0","2705","18","2","20093","ADM,PKP2"
"TF","Factor: ATF-4; motif: KACGTCAKS; match class: 1","TF:M01864_1","1","0","1303","18","1","20093","ADM"
"TF","Factor: ATF-4; motif: KACGTCAKS","TF:M01864","1","0","4635","18","4","20093","PTP4A3,LDB3,ADM,MYO18B"
"TF","Factor: ATF-4; motif: NNTKRCRTCANS","TF:M07246","1","0","2947","18","3","20093","NOS1AP,TMEM245,CRYAB"
"TF","Factor: ATF4; motif: CVTGACGYMABG","TF:M00514","1","0","5519","18","5","20093","PRDM16,CACNA2D2,PTP4A3,LDB3,ADM"
"TF","Factor: ATF4; motif: NATTGCATCAKCY","TF:M12583","1","0","2680","18","5","20093","NOS1AP,MON1A,TMEM245,MYPN,PKP2"
"TF","Factor: ATF4; motif: NNATGATGCAATNN","TF:M12565","1","0","2355","18","3","20093","TMEM245,MYPN,PKP2"
"TF","Factor: B-ATF; motif: NNATGACACN; match class: 1","TF:M11300_1","1","0","2694","18","2","20093","PRDM16,ADM"
"TF","Factor: B-ATF; motif: NNATGACACN","TF:M11300","1","0","9059","18","6","20093","PRDM16,KAT2B,MYPN,ADM,CRYAB,MYO18B"
"TF","Factor: c-Jun:B-ATF; motif: RNWATGASTCA","TF:M07076","1","0","3423","18","2","20093","MECOM,LDB3"
"TF","Factor: batf3; motif: NNSTTTCANTNTGASNN","TF:M09872","1","0","1198","18","2","20093","TMEM245,CRYAB"
"TF","Factor: Barx-2; motif: NWWAAYMATTAN; match class: 1","TF:M10587_1","1","0","166","18","1","20093","MYPN"
"TF","Factor: Barx-2; motif: NWWAAYMATTAN","TF:M10587","1","0","1833","18","2","20093","MON1A,MYPN"
"TF","Factor: Barx-2; motif: TAANTAATTANTKNTN; match class: 1","TF:M01431_1","1","0","1620","18","1","20093","PKP2"
"TF","Factor: Barx-2; motif: TAANTAATTANTKNTN","TF:M01431","1","0","2431","18","1","20093","PKP2"
"TF","Factor: Barhl2; motif: NTAAACGN","TF:M10584","1","0","1943","18","1","20093","NOS1AP"
"TF","Factor: Barhl2; motif: NTAATTGN","TF:M10583","1","0","1157","18","2","20093","KAT2B,NFATC3"
"TF","Factor: Barhl2; motif: NTAATTGNY","TF:M10582","1","0","712","18","1","20093","MON1A"
"TF","Factor: Barhl2; motif: NTAATTGNN","TF:M10580","1","0","712","18","1","20093","MON1A"
"TF","Factor: BARHL2; motif: NNTAATTGNN","TF:M04288","1","0","1906","18","1","20093","MON1A"
"TF","Factor: BARHL2; motif: NNTAAAYGNN","TF:M04287","1","0","4528","18","2","20093","NOS1AP,ADM"
"TF","Factor: Barhl-1; motif: NTAANNGN","TF:M10579","1","0","1667","18","2","20093","KAT2B,NFATC3"
"TF","Factor: Barhl-1; motif: NTAAACGN","TF:M10578","1","0","6302","18","2","20093","NOS1AP,ADM"
"TF","Factor: Bcl-6; motif: NTTYCTAGRA; match class: 1","TF:M02085_1","1","0","1131","18","1","20093","NFATC3"
"TF","Factor: Bcl-6; motif: NTTYCTAGRA","TF:M02085","1","0","5177","18","5","20093","MON1A,GNRHR,CRYAB,NFATC3,MYO18B"
"TF","Factor: BCL6; motif: NKTTCTAGGW","TF:M01171","1","0","1378","18","1","20093","NFATC3"
"TF","Factor: BCL-6; motif: NNGYAATCGAGGAATN; match class: 1","TF:M12342_1","1","0","565","18","1","20093","MYO18B"
"TF","Factor: BCL-6; motif: NNGYAATCGAGGAATN","TF:M12342","1","0","4662","18","3","20093","MECOM,TMEM245,MYO18B"
"TF","Factor: BCL-6; motif: NYGCTTTCKAGGAANN; match class: 1","TF:M12341_1","1","0","1163","18","1","20093","NFATC3"
"TF","Factor: BCL-6; motif: NYGCTTTCKAGGAANN","TF:M12341","1","0","6162","18","1","20093","NFATC3"
"TF","Factor: BCL-6; motif: NCGYWATCTAGGAATN","TF:M12340","1","0","5118","18","3","20093","HSPG2,TMEM245,NFATC3"
"TF","Factor: BCL-6; motif: NTGCTTTCTAGGAATN; match class: 1","TF:M12339_1","1","0","659","18","1","20093","NFATC3"
"TF","Factor: BCL-6; motif: NTGCTTTCTAGGAATN","TF:M12339","1","0","4662","18","1","20093","NFATC3"
"TF","Factor: BCL-6; motif: NNCTTTCYAGGAA","TF:M09874","1","0","2900","18","2","20093","TMEM245,NFATC3"
"TF","Factor: BCL-6; motif: WRCTTTCKAGGRAT; match class: 1","TF:M01185_1","1","0","1209","18","1","20093","MYPN"
"TF","Factor: BCL-6; motif: WRCTTTCKAGGRAT","TF:M01185","1","0","6182","18","2","20093","MYPN,NFATC3"
"TF","Factor: BCL11A; motif: CTGACCA","TF:M13362","1","0","4895","18","2","20093","CRYAB,PKP2"
"TF","Factor: BCL-11A; motif: NAAAGAGGAAGTGARAN","TF:M09595","1","0","3808","18","2","20093","MECOM,GNRHR"
"TF","Factor: B-ATF; motif: NNAYGACACN","TF:M11301","1","0","7957","18","4","20093","PRDM16,KAT2B,ADM,MYO18B"
"TF","Factor: BHLHA15; motif: NNCAGCTGNN","TF:M11110","1","0","1662","18","2","20093","MECOM,LDB3"
"TF","Factor: BHLHA15; motif: NNCATATGNN","TF:M11109","1","0","869","18","1","20093","MYPN"
"TF","Factor: BHLHA15; motif: NACAGCTGTN","TF:M11108","1","0","289","18","1","20093","LDB3"
"TF","Factor: BHLHA15; motif: SNAGCAGCTGG","TF:M09875","1","0","1203","18","3","20093","KAT2B,CACNA2D2,PTP4A3"
"TF","Factor: beta-catenin; motif: CTTTGATN; match class: 1","TF:M07599_1","1","0","2406","18","2","20093","GNRHR,MYPN"
"TF","Factor: beta-catenin; motif: CTTTGATN","TF:M07599","1","0","8383","18","6","20093","KAT2B,MON1A,MECOM,GNRHR,TMEM245,MYPN"
"TF","Factor: Beta-catenin; motif: GNNNNCTTTGWTGNY; match class: 1","TF:M07035_1","1","0","666","18","1","20093","MYPN"
"TF","Factor: Beta-catenin; motif: GNNNNCTTTGWTGNY","TF:M07035","1","0","4498","18","5","20093","KAT2B,MON1A,MECOM,GNRHR,MYPN"
"TF","Factor: beta-catenin; motif: CTTTGWTN; match class: 1","TF:M07376_1","1","0","787","18","1","20093","MYPN"
"TF","Factor: beta-catenin; motif: CTTTGWTN","TF:M07376","1","0","4820","18","6","20093","KAT2B,MON1A,MECOM,GNRHR,TMEM245,MYPN"
"TF","Factor: beta-catenin; motif: GDMATCAAAGM","TF:M03539","1","0","3917","18","3","20093","MECOM,GNRHR,LDB3"
"TF","Factor: BEN; motif: CWGCGAYA; match class: 1","TF:M01241_1","1","0","2096","18","2","20093","HSPG2,MON1A"
"TF","Factor: BEN; motif: CWGCGAYA","TF:M01241","1","0","7554","18","6","20093","HSPG2,CACNA2D2,MON1A,TMEM245,CRYAB,NFATC3"
"TF","Factor: BEN; motif: CAGCGRNV; match class: 1","TF:M01240_1","1","0","13366","18","13","20093","PRDM16,HSPG2,NOS1AP,SP3,KAT2B,CACNA2D2,MECOM,PTP4A3,TMEM245,ADM,CRYAB,PKP2,NFATC3"
"TF","Factor: BEN; motif: CAGCGRNV","TF:M01240","1","0","16763","18","14","20093","PRDM16,HSPG2,NOS1AP,SP3,KAT2B,CACNA2D2,MECOM,PTP4A3,TMEM245,LDB3,ADM,CRYAB,PKP2,NFATC3"
"TF","Factor: BCL-6; motif: TTCCTAGAAA","TF:M07375","1","0","585","18","1","20093","NFATC3"
"TF","Factor: Brachyury; motif: NTNNCANNNNRGTGTGAANN","TF:M09878","1","0","3978","18","4","20093","HSPG2,KAT2B,GNRHR,CRYAB"
"TF","Factor: BNC2; motif: NNRTGAGTCANN","TF:M12885","1","0","737","18","1","20093","LDB3"
"TF","Factor: BMAL1; motif: AGCCAYKKGA","TF:M07350","1","0","1485","18","1","20093","NFATC3"
"TF","Factor: Blimp-1; motif: NRGRAAGKGAAAGK","TF:M03865","1","0","603","18","3","20093","KAT2B,MECOM,GNRHR"
"TF","Factor: Blimp-1; motif: RGRAAGNGAAAG","TF:M07314","1","0","1500","18","3","20093","PRDM16,GNRHR,MYO18B"
"TF","Factor: BLIMP1; motif: RAAAGTGAAAGTGN","TF:M12584","1","0","981","18","2","20093","PRDM16,MYO18B"
"TF","Factor: Blimp-1; motif: RRGNGAAAGNRANNN; match class: 1","TF:M10526_1","1","0","281","18","1","20093","MECOM"
"TF","Factor: Blimp-1; motif: RRGNGAAAGNRANNN","TF:M10526","1","0","2405","18","7","20093","PRDM16,SP3,KAT2B,MON1A,MECOM,GNRHR,MYO18B"
"TF","Factor: Blimp-1; motif: RAAAGNGAAAGTNN","TF:M10040","1","0","384","18","3","20093","PRDM16,GNRHR,MYO18B"
"TF","Factor: DEC1; motif: GTCACGTGAC; match class: 1","TF:M11074_1","1","0","4078","18","1","20093","NFATC3"
"TF","Factor: DEC1; motif: GTCACGTGAC","TF:M11074","1","0","4330","18","1","20093","NFATC3"
"TF","Factor: DEC1; motif: GTCACGTGAC; match class: 1","TF:M11073_1","1","0","5535","18","2","20093","ADM,NFATC3"
"TF","Factor: DEC1; motif: GTCACGTGAC","TF:M11073","1","0","6863","18","3","20093","MON1A,ADM,NFATC3"
"TF","Factor: BHLHE23; motif: AMCATATGKY; match class: 1","TF:M11114_1","1","0","90","18","1","20093","PKP2"
"TF","Factor: BHLHE23; motif: AMCATATGKY","TF:M11114","1","0","205","18","1","20093","PKP2"
"TF","Factor: BHLHA15; motif: NNCAGCTGNN; match class: 1","TF:M11110_1","1","0","720","18","1","20093","LDB3"
"TF","Factor: BTEB1; motif: GNRGKGGGCGTGGCC","TF:M09974","1","0","891","18","1","20093","NFATC3"
"TF","Factor: BTEB1; motif: GGGGGCGGGGCNGSGGGNGS; match class: 1","TF:M09723_1","1","0","6055","18","12","20093","PRDM16,HSPG2,SP3,KAT2B,CACNA2D2,MON1A,MECOM,PTP4A3,ADM,CRYAB,PKP2,NFATC3"
"TF","Factor: BTEB1; motif: GGGGGCGGGGCNGSGGGNGS","TF:M09723","1","0","10190","18","13","20093","PRDM16,HSPG2,NOS1AP,SP3,KAT2B,CACNA2D2,MON1A,MECOM,PTP4A3,ADM,CRYAB,PKP2,NFATC3"
"TF","Factor: BSX; motif: NNCGTTAN; match class: 1","TF:M10591_1","1","0","2340","18","3","20093","TMEM245,PKP2,NFATC3"
"TF","Factor: BSX; motif: NNCGTTAN","TF:M10591","1","0","8003","18","6","20093","MON1A,TMEM245,MYPN,ADM,PKP2,NFATC3"
"TF","Factor: BSX; motif: NYRATTAN","TF:M10590","1","0","2875","18","2","20093","KAT2B,NFATC3"
"TF","Factor: BSX; motif: NTCRTTAN; match class: 1","TF:M10589_1","1","0","728","18","1","20093","TMEM245"
"TF","Factor: BSX; motif: NTCRTTAN","TF:M10589","1","0","4820","18","3","20093","NOS1AP,TMEM245,MYPN"
"TF","Factor: BSX; motif: NYNATTAN","TF:M04292","1","0","2520","18","3","20093","KAT2B,GNRHR,NFATC3"
"TF","Factor: Brn-3c; motif: NNTTATTAATKANKNC; match class: 1","TF:M01408_1","1","0","2063","18","3","20093","GNRHR,MYPN,PKP2"
"TF","Factor: Brn-3c; motif: NNTTATTAATKANKNC","TF:M01408","1","0","5162","18","5","20093","NOS1AP,GNRHR,MYPN,ADM,PKP2"
"TF","Factor: BRN1; motif: HAATGCN; match class: 1","TF:M03813_1","1","0","7318","18","7","20093","HSPG2,MON1A,MECOM,GNRHR,MYPN,LDB3,NFATC3"
"TF","Factor: BRN1; motif: HAATGCN","TF:M03813","1","0","13453","18","11","20093","PRDM16,HSPG2,NOS1AP,KAT2B,MON1A,MECOM,GNRHR,MYPN,LDB3,NFATC3,MYO18B"
"TF","Factor: BRCA1:USF2; motif: KTNNGTTG","TF:M01082","1","0","7434","18","5","20093","KAT2B,MON1A,GNRHR,TMEM245,MYPN"
"TF","Factor: BRCA2; motif: TGMCYCWGN; match class: 1","TF:M12723_1","1","0","516","18","1","20093","CACNA2D2"
"TF","Factor: BRCA2; motif: TGMCYCWGN","TF:M12723","1","0","3982","18","4","20093","CACNA2D2,MECOM,TMEM245,PKP2"
"TF","Factor: CAR_RXR; motif: CYNNNNTGAMCTYW","TF:M03788","1","0","1113","18","1","20093","MYO18B"
"TF","Factor: CACCC-binding; motif: CANCCNNWGGGTGDGG; match class: 1","TF:M00721_1","1","0","329","18","2","20093","PRDM16,CACNA2D2"
"TF","Factor: CACCC-binding; motif: CANCCNNWGGGTGDGG","TF:M00721","1","0","2960","18","7","20093","PRDM16,KAT2B,CACNA2D2,MON1A,MECOM,TMEM245,MYO18B"
"TF","Factor: BTEB3; motif: BNRNGGGAGGNGT; match class: 1","TF:M01865_1","1","0","4220","18","7","20093","PRDM16,NOS1AP,SP3,KAT2B,MECOM,PTP4A3,CRYAB"
"TF","Factor: BTEB3; motif: BNRNGGGAGGNGT","TF:M01865","1","0","9992","18","11","20093","PRDM16,HSPG2,NOS1AP,SP3,KAT2B,MON1A,MECOM,PTP4A3,TMEM245,CRYAB,PKP2"
"TF","Factor: BTEB3; motif: NRCCACGCCCMCN","TF:M12180","1","0","2142","18","1","20093","KAT2B"
"TF","Factor: BTEB3; motif: CCNNSCCNSCCCCKCCCCC; match class: 1","TF:M09826_1","1","0","7629","18","14","20093","PRDM16,HSPG2,NOS1AP,SP3,KAT2B,MON1A,MECOM,PTP4A3,TMEM245,ADM,CRYAB,PKP2,NFATC3,MYO18B"
"TF","Factor: BTEB3; motif: CCNNSCCNSCCCCKCCCCC","TF:M09826","1","0","11717","18","15","20093","PRDM16,HSPG2,NOS1AP,SP3,KAT2B,CACNA2D2,MON1A,MECOM,PTP4A3,TMEM245,ADM,CRYAB,PKP2,NFATC3,MYO18B"
"TF","Factor: BTEB2; motif: RGGGNGKGGN; match class: 1","TF:M07277_1","1","0","4210","18","4","20093","HSPG2,CACNA2D2,PKP2,NFATC3"
"TF","Factor: BTEB2; motif: RGGGNGKGGN","TF:M07277","1","0","8639","18","12","20093","PRDM16,HSPG2,NOS1AP,KAT2B,CACNA2D2,MON1A,MECOM,ADM,CRYAB,PKP2,NFATC3,MYO18B"
"TF","Factor: BTEB2; motif: GNAGGGGGNGGGSSNN; match class: 1","TF:M03814_1","1","0","1311","18","4","20093","PRDM16,KAT2B,TMEM245,NFATC3"
"TF","Factor: BTEB2; motif: GNAGGGGGNGGGSSNN","TF:M03814","1","0","5231","18","9","20093","PRDM16,SP3,KAT2B,PTP4A3,TMEM245,ADM,CRYAB,PKP2,NFATC3"
"TF","Factor: BTEB2; motif: NCCACRCCCN","TF:M12165","1","0","5005","18","5","20093","HSPG2,KAT2B,MON1A,PKP2,MYO18B"
"TF","Factor: BTEB2; motif: NMCACGCCCN","TF:M12164","1","0","3057","18","2","20093","KAT2B,MON1A"
"TF","Factor: BTEB2; motif: WGGGTGKGGCNGGN; match class: 1","TF:M09972_1","1","0","3972","18","8","20093","PRDM16,HSPG2,SP3,KAT2B,CACNA2D2,MECOM,CRYAB,PKP2"
"TF","Factor: BTEB2; motif: WGGGTGKGGCNGGN","TF:M09972","1","0","9390","18","13","20093","PRDM16,HSPG2,NOS1AP,SP3,KAT2B,CACNA2D2,MON1A,MECOM,ADM,CRYAB,PKP2,NFATC3,MYO18B"
"TF","Factor: CDP; motif: NNNNWGWYMAATR; match class: 1","TF:M04610_1","1","0","871","18","1","20093","GNRHR"
"TF","Factor: CDP; motif: NNNNWGWYMAATR","TF:M04610","1","0","4634","18","2","20093","PRDM16,GNRHR"
"TF","Factor: CDP; motif: NWNATCGATTANYNN; match class: 1","TF:M00102_1","1","0","940","18","1","20093","GNRHR"
"TF","Factor: CDP; motif: NWNATCGATTANYNN","TF:M00102","1","0","4292","18","2","20093","GNRHR,ADM"
"TF","Factor: CDP; motif: CCAATAATCGAT; match class: 1","TF:M00095_1","1","0","3122","18","1","20093","MECOM"
"TF","Factor: CDP; motif: CCAATAATCGAT","TF:M00095","1","0","8837","18","5","20093","MECOM,GNRHR,MYPN,ADM,MYO18B"
"TF","Factor: CDP; motif: CACCRATANNTATBG","TF:M00105","1","0","3450","18","4","20093","KAT2B,MON1A,MYPN,NFATC3"
"TF","Factor: CDP; motif: NATYGATSSS; match class: 1","TF:M00106_1","1","0","1713","18","2","20093","KAT2B,PTP4A3"
"TF","Factor: CDP; motif: NATYGATSSS","TF:M00106","1","0","6581","18","4","20093","KAT2B,MECOM,PTP4A3,MYPN"
"TF","Factor: CDP; motif: NATCGATCGS; match class: 1","TF:M00104_1","1","0","1380","18","1","20093","KAT2B"
"TF","Factor: CDP; motif: NATCGATCGS","TF:M00104","1","0","4510","18","5","20093","KAT2B,GNRHR,PTP4A3,MYPN,PKP2"
"TF","Factor: Cdc5; motif: GATTTAACATAA","TF:M00478","1","0","566","18","1","20093","MYPN"
"TF","Factor: CART1; motif: NGNNYTAATTARTNNNN; match class: 1","TF:M01362_1","1","0","3746","18","2","20093","KAT2B,PKP2"
"TF","Factor: CART1; motif: NGNNYTAATTARTNNNN","TF:M01362","1","0","4921","18","4","20093","NOS1AP,KAT2B,MECOM,PKP2"
"TF","Factor: Cart-1; motif: NNNTAATTNNCATTANCN; match class: 1","TF:M00416_1","1","0","965","18","1","20093","GNRHR"
"TF","Factor: Cart-1; motif: NNNTAATTNNCATTANCN","TF:M00416","1","0","2428","18","2","20093","GNRHR,MYPN"
"TF","Factor: Cdx-2; motif: NYMATAANN; match class: 1","TF:M10850_1","1","0","303","18","1","20093","LDB3"
"TF","Factor: Cdx-2; motif: NYMATAANN","TF:M10850","1","0","2776","18","5","20093","MECOM,TMEM245,MYPN,LDB3,PKP2"
"TF","Factor: Cdx-2; motif: NRTCGTAANNNN; match class: 1","TF:M10849_1","1","0","4628","18","4","20093","TMEM245,PKP2,NFATC3,MYO18B"
"TF","Factor: Cdx-2; motif: NRTCGTAANNNN","TF:M10849","1","0","11371","18","11","20093","PRDM16,NOS1AP,SP3,MECOM,TMEM245,MYPN,ADM,CRYAB,PKP2,NFATC3,MYO18B"
"TF","Factor: Cdx-2; motif: TTTNATTGCNNT","TF:M09879","1","0","3430","18","1","20093","MON1A"
"TF","Factor: Cdx-2; motif: NNGYMATAAAA","TF:M07079","1","0","2068","18","2","20093","MON1A,LDB3"
"TF","Factor: Cdx-2; motif: GYMATAAAA","TF:M04298","1","0","1283","18","2","20093","MON1A,LDB3"
"TF","Factor: Cdx-2; motif: NNNGGYMATAAAANNN","TF:M01449","1","0","2665","18","3","20093","MON1A,CRYAB,NFATC3"
"TF","Factor: Cdx-1; motif: TTTATK; match class: 1","TF:M02086_1","1","0","10145","18","6","20093","NOS1AP,GNRHR,MYPN,CRYAB,PKP2,NFATC3"
"TF","Factor: Cdx-1; motif: TTTATK","TF:M02086","1","0","14883","18","10","20093","NOS1AP,KAT2B,MON1A,MECOM,GNRHR,TMEM245,MYPN,CRYAB,PKP2,NFATC3"
"TF","Factor: cdx-1; motif: NTTTATKNN","TF:M07377","1","0","969","18","1","20093","MON1A"
"TF","Factor: CDX1; motif: GGYMATAAAA","TF:M13047","1","0","1773","18","2","20093","MON1A,MYO18B"
"TF","Factor: Cdx-1; motif: NGCMATAAAAC","TF:M10853","1","0","1666","18","2","20093","MON1A,LDB3"
"TF","Factor: Cdx-1; motif: NGTCGTAAAWN","TF:M10852","1","0","2233","18","1","20093","ADM"
"TF","Factor: CDX1; motif: GYMATAAAA","TF:M04297","1","0","997","18","1","20093","MON1A"
"TF","Factor: Cdx-1; motif: NNNGGTMATAAAANNN","TF:M01373","1","0","1011","18","1","20093","NFATC3"
"TF","Factor: CEBPA; motif: NNATTGCACAATNN; match class: 1","TF:M12502_1","1","0","376","18","1","20093","NOS1AP"
"TF","Factor: CEBPA; motif: NNATTGCACAATNN","TF:M12502","1","0","3268","18","1","20093","NOS1AP"
"TF","Factor: C/EBPalpha; motif: NRTTGTGCAAYN","TF:M09880","1","0","3598","18","1","20093","NOS1AP"
"TF","Factor: C/EBPalpha; motif: NRTTGTGCAAYNN; match class: 1","TF:M09596_1","1","0","1160","18","1","20093","NOS1AP"
"TF","Factor: C/EBPalpha; motif: NRTTGTGCAAYNN","TF:M09596","1","0","5493","18","4","20093","NOS1AP,KAT2B,CRYAB,PKP2"
"TF","Factor: C/EBPalpha; motif: ATTGCGYAAY","TF:M07412","1","0","3633","18","3","20093","NOS1AP,KAT2B,CRYAB"
"TF","Factor: CEBPA; motif: ATTGCAYAAYN","TF:M07205","1","0","2687","18","2","20093","NOS1AP,KAT2B"
"TF","Factor: C/EBPalpha; motif: NNATTRCNNAANNN","TF:M00116","1","0","3571","18","2","20093","KAT2B,CRYAB"
"TF","Factor: Cdx; motif: NAYNRHNARAKTHATAAA","TF:M00991","1","0","3845","18","2","20093","NOS1AP,GNRHR"
"TF","Factor: cdx; motif: NNTTTATNN","TF:M07378","1","0","1331","18","1","20093","GNRHR"
"TF","Factor: CDX-2; motif: TTTATN; match class: 1","TF:M02087_1","1","0","5257","18","4","20093","GNRHR,MYPN,PKP2,MYO18B"
"TF","Factor: CDX-2; motif: TTTATN","TF:M02087","1","0","10357","18","6","20093","NOS1AP,GNRHR,MYPN,ADM,PKP2,MYO18B"
"TF","Factor: Cdx-2; motif: BNNATAAANRN","TF:M01659","1","0","1567","18","1","20093","PKP2"
"TF","Factor: Cdx-2; motif: ANANTTTTATKRCC","TF:M00729","1","0","1898","18","1","20093","MYO18B"
"TF","Factor: CDX2; motif: NNGCAATAAANN","TF:M12513","1","0","3360","18","3","20093","NOS1AP,MON1A,GNRHR"
"TF","Factor: Cdx-2; motif: NRTYRTAAAN","TF:M10851","1","0","2471","18","2","20093","ADM,NFATC3"
"TF","Factor: C/EBPbeta; motif: NRTTGCGYAAYN; match class: 1","TF:M11317_1","1","0","1396","18","1","20093","NOS1AP"
"TF","Factor: C/EBPbeta; motif: NRTTGCGYAAYN","TF:M11317","1","0","4566","18","2","20093","NOS1AP,PKP2"
"TF","Factor: C/EBPbeta; motif: NRTTGCGYAAYN; match class: 1","TF:M11316_1","1","0","2873","18","3","20093","NOS1AP,ADM,NFATC3"
"TF","Factor: C/EBPbeta; motif: NRTTGCGYAAYN","TF:M11316","1","0","5477","18","4","20093","NOS1AP,ADM,NFATC3,MYO18B"
"TF","Factor: C/EBPbeta; motif: NRTTRYGCAATN","TF:M09881","1","0","2896","18","2","20093","NOS1AP,CRYAB"
"TF","Factor: C/EBPbeta; motif: NATTGCRYAAYN","TF:M09597","1","0","3259","18","3","20093","NOS1AP,KAT2B,CRYAB"
"TF","Factor: C/EBPBETA; motif: KRTTGCGYAAY; match class: 1","TF:M08910_1","1","0","3334","18","3","20093","ADM,NFATC3,MYO18B"
"TF","Factor: C/EBPBETA; motif: KRTTGCGYAAY","TF:M08910","1","0","4933","18","5","20093","NOS1AP,ADM,CRYAB,NFATC3,MYO18B"
"TF","Factor: C/EBPbeta; motif: ATTGCGYAAT","TF:M07413","1","0","3570","18","2","20093","KAT2B,CRYAB"
"TF","Factor: C/EBPbeta; motif: RTTGCGCAA; match class: 1","TF:M04690_1","1","0","3946","18","4","20093","NOS1AP,GNRHR,MYPN,MYO18B"
"TF","Factor: C/EBPbeta; motif: RTTGCGCAA","TF:M04690","1","0","4637","18","4","20093","NOS1AP,GNRHR,MYPN,MYO18B"
"TF","Factor: C/EBPbeta; motif: NKNTTGCNYAAYNN; match class: 1","TF:M00117_1","1","0","679","18","1","20093","NOS1AP"
"TF","Factor: C/EBPbeta; motif: NKNTTGCNYAAYNN","TF:M00117","1","0","4368","18","2","20093","NOS1AP,GNRHR"
"TF","Factor: C/EBPbeta; motif: RNRTKDNGMAAKNN","TF:M00109","1","0","3404","18","3","20093","MECOM,CRYAB,NFATC3"
"TF","Factor: C/EBPalpha; motif: NNNTTNNGCAANN","TF:M01866","1","0","5367","18","5","20093","NOS1AP,GNRHR,MYPN,CRYAB,MYO18B"
"TF","Factor: C/EBPalpha; motif: NNNNNTTKCNNAAN","TF:M07037","1","0","3605","18","5","20093","NOS1AP,KAT2B,MYPN,CRYAB,MYO18B"
"TF","Factor: C/EBPdelta; motif: TTGCNNMAN","TF:M03571","1","0","3964","18","5","20093","NOS1AP,GNRHR,MYPN,PKP2,MYO18B"
"TF","Factor: C/EBPdelta; motif: MATTKCNTMAYY","TF:M00621","1","0","3911","18","4","20093","NOS1AP,MON1A,MYPN,MYO18B"
"TF","Factor: C/EBPdelta; motif: TKNNGCAATN","TF:M07316","1","0","3488","18","3","20093","NOS1AP,KAT2B,CRYAB"
"TF","Factor: CEBPD; motif: NRTTGCNCAAYN","TF:M12587","1","0","3189","18","2","20093","NOS1AP,CRYAB"
"TF","Factor: CEBPD; motif: NNTTGCACAAYNN","TF:M12567","1","0","2208","18","1","20093","NOS1AP"
"TF","Factor: C/EBPdelta; motif: NRTTGCGYAAYN; match class: 1","TF:M11321_1","1","0","1966","18","1","20093","NOS1AP"
"TF","Factor: C/EBPdelta; motif: NRTTGCGYAAYN","TF:M11321","1","0","5870","18","3","20093","NOS1AP,PKP2,NFATC3"
"TF","Factor: C/EBPdelta; motif: NRTTGCGYAAYN; match class: 1","TF:M11320_1","1","0","2736","18","3","20093","NOS1AP,ADM,NFATC3"
"TF","Factor: C/EBPdelta; motif: NRTTGCGYAAYN","TF:M11320","1","0","5731","18","3","20093","NOS1AP,ADM,NFATC3"
"TF","Factor: C/EBPdelta; motif: NTTGCNCMAYN","TF:M09882","1","0","2132","18","1","20093","NOS1AP"
"TF","Factor: CEBPD; motif: RTTRCGCAAY; match class: 1","TF:M04202_1","1","0","2121","18","1","20093","NOS1AP"
"TF","Factor: CEBPD; motif: RTTRCGCAAY","TF:M04202","1","0","5272","18","2","20093","NOS1AP,ADM"
"TF","Factor: C/EBPbeta; motif: TKNNGCAANN","TF:M01896","1","0","4777","18","5","20093","NOS1AP,GNRHR,MYPN,PKP2,MYO18B"
"TF","Factor: C/EBPbeta; motif: NNTTKCNNMAN","TF:M07315","1","0","3176","18","4","20093","NOS1AP,KAT2B,CRYAB,PKP2"
"TF","Factor: CEBPB; motif: NATTGCGCAATN; match class: 1","TF:M12993_1","1","0","4951","18","4","20093","NOS1AP,CRYAB,NFATC3,MYO18B"
"TF","Factor: CEBPB; motif: NATTGCGCAATN","TF:M12993","1","0","4995","18","4","20093","NOS1AP,CRYAB,NFATC3,MYO18B"
"TF","Factor: c-Ets-1(p54); motif: NCMGGAWGYN; match class: 1","TF:M00032_1","1","0","2279","18","1","20093","PTP4A3"
"TF","Factor: c-Ets-1(p54); motif: NCMGGAWGYN","TF:M00032","1","0","8123","18","5","20093","SP3,CACNA2D2,PTP4A3,MYPN,PKP2"
"TF","Factor: CENPB; motif: CCCGCNTNNNRCGAA","TF:M03945","1","0","296","18","1","20093","PRDM16"
"TF","Factor: C/EBP; motif: NNNTKNNGNAAN","TF:M00770","1","0","5798","18","3","20093","NOS1AP,GNRHR,CRYAB"
"TF","Factor: C/EBP; motif: NTTRCNNAANNN; match class: 1","TF:M00912_1","1","0","952","18","1","20093","NOS1AP"
"TF","Factor: C/EBP; motif: NTTRCNNAANNN","TF:M00912","1","0","5277","18","5","20093","NOS1AP,GNRHR,MYPN,CRYAB,PKP2"
"TF","Factor: C/EBP; motif: NNATTGCNNAANNN","TF:M00190","1","0","5901","18","4","20093","NOS1AP,KAT2B,CRYAB,PKP2"
"TF","Factor: C/EBPalpha; motif: NGWVTKNKGYAAKNSAYA","TF:M00201","1","0","4101","18","3","20093","CACNA2D2,GNRHR,NFATC3"
"TF","Factor: C/EBPgamma; motif: NRTKRSRMAAKN","TF:M01869","1","0","3323","18","1","20093","NFATC3"
"TF","Factor: C/EBPgamma; motif: YTBATTTCARAAW; match class: 1","TF:M00622_1","1","0","2202","18","1","20093","GNRHR"
"TF","Factor: C/EBPgamma; motif: YTBATTTCARAAW","TF:M00622","1","0","7146","18","4","20093","PRDM16,GNRHR,PKP2,MYO18B"
"TF","Factor: C/EBPgamma; motif: NNTTGCGYAANN","TF:M11325","1","0","2827","18","2","20093","NOS1AP,NFATC3"
"TF","Factor: C/EBPgamma:Elf-1; motif: TKRCGHAATWSCGGAAGT; match class: 1","TF:M08676_1","1","0","2428","18","2","20093","NOS1AP,SP3"
"TF","Factor: C/EBPgamma:Elf-1; motif: TKRCGHAATWSCGGAAGT","TF:M08676","1","0","8851","18","10","20093","PRDM16,NOS1AP,SP3,KAT2B,MECOM,GNRHR,PTP4A3,MYPN,ADM,CRYAB"
"TF","Factor: C/EBPepsilon; motif: HAANMTTKCNWMAC","TF:M01868","1","0","3207","18","4","20093","PRDM16,MYPN,ADM,CRYAB"
"TF","Factor: C/EBPdelta; motif: TTGCNNMAN; match class: 1","TF:M03571_1","1","0","547","18","1","20093","NOS1AP"
"TF","Factor: CHOP10; motif: NTTKCANCANN","TF:M12588","1","0","2870","18","3","20093","MON1A,PKP2,NFATC3"
"TF","Factor: CHD2; motif: TCTCGCGAG; match class: 1","TF:M04710_1","1","0","11647","18","11","20093","PRDM16,NOS1AP,SP3,CACNA2D2,MON1A,PTP4A3,TMEM245,MYPN,PKP2,NFATC3,MYO18B"
"TF","Factor: CHD2; motif: TCTCGCGAG","TF:M04710","1","0","14357","18","16","20093","PRDM16,HSPG2,NOS1AP,SP3,KAT2B,CACNA2D2,MON1A,MECOM,GNRHR,PTP4A3,TMEM245,MYPN,CRYAB,PKP2,NFATC3,MYO18B"
"TF","Factor: Churchill; motif: CGGGNN; match class: 1","TF:M00986_1","1","0","10486","18","12","20093","PRDM16,HSPG2,NOS1AP,SP3,KAT2B,CACNA2D2,MON1A,MECOM,PTP4A3,TMEM245,PKP2,NFATC3"
"TF","Factor: Churchill; motif: CGGGNN","TF:M00986","1","0","14432","18","14","20093","PRDM16,HSPG2,NOS1AP,SP3,KAT2B,CACNA2D2,MON1A,MECOM,PTP4A3,TMEM245,ADM,CRYAB,PKP2,NFATC3"
"TF","Factor: CXXC1; motif: KNRNAMCGMWAAMNN","TF:M07483","1","0","1346","18","2","20093","PRDM16,MYPN"
"TF","Factor: C-Fos; motif: NNTGACTCAN","TF:M07600","1","0","3054","18","1","20093","ADM"
"TF","Factor: c-ets-2; motif: ACCGGAWRTN; match class: 1","TF:M02064_1","1","0","4713","18","3","20093","MECOM,PTP4A3,PKP2"
"TF","Factor: c-ets-2; motif: ACCGGAWRTN","TF:M02064","1","0","11264","18","9","20093","NOS1AP,SP3,MON1A,MECOM,PTP4A3,MYPN,PKP2,NFATC3,MYO18B"
"TF","Factor: C-ets-1; motif: AGGAAGN; match class: 1","TF:M01870_1","1","0","1544","18","1","20093","MYPN"
"TF","Factor: C-ets-1; motif: AGGAAGN","TF:M01870","1","0","7071","18","6","20093","PRDM16,KAT2B,GNRHR,PTP4A3,MYPN,NFATC3"
"TF","Factor: c-ets-1; motif: ACCGGAWGTN; match class: 1","TF:M02063_1","1","0","2474","18","2","20093","MECOM,PTP4A3"
"TF","Factor: c-ets-1; motif: ACCGGAWGTN","TF:M02063","1","0","7903","18","6","20093","NOS1AP,KAT2B,MECOM,PTP4A3,MYPN,PKP2"
"TF","Factor: c-Ets-1; motif: NNNRCCGGAWRYNNNN; match class: 1","TF:M01078_1","1","0","2504","18","2","20093","MECOM,PTP4A3"
"TF","Factor: c-Ets-1; motif: NNNRCCGGAWRYNNNN","TF:M01078","1","0","7837","18","6","20093","NOS1AP,KAT2B,MECOM,PTP4A3,PKP2,NFATC3"
"TF","Factor: c-Ets-1(p54); motif: NNACMGGAWRTNN","TF:M00074","1","0","3691","18","1","20093","MYPN"
"TF","Factor: c-MAF; motif: NYGCTGACN","TF:M11356","1","0","708","18","1","20093","PTP4A3"
"TF","Factor: c-MAF; motif: NNAWNTGCTGASNNNGCNN","TF:M09982","1","0","2037","18","2","20093","PTP4A3,LDB3"
"TF","Factor: c-Maf; motif: NWNNNTGCTGACKNNNNNN","TF:M01070","1","0","6785","18","4","20093","CACNA2D2,PTP4A3,LDB3,CRYAB"
"TF","Factor: CLOCK; motif: CCACSTGW","TF:M07247","1","0","1987","18","1","20093","PKP2"
"TF","Factor: CLOCK; motif: NNACACGTGN","TF:M13038","1","0","937","18","1","20093","NFATC3"
"TF","Factor: CLOCK; motif: NNCAYGYGYN; match class: 1","TF:M11046_1","1","0","367","18","1","20093","MYPN"
"TF","Factor: CLOCK; motif: NNCAYGYGYN","TF:M11046","1","0","2812","18","5","20093","SP3,PTP4A3,MYPN,LDB3,CRYAB"
"TF","Factor: CLOCK; motif: CNGNCACGTGNNNM; match class: 1","TF:M09884_1","1","0","2877","18","2","20093","NOS1AP,NFATC3"
"TF","Factor: CLOCK; motif: CNGNCACGTGNNNM","TF:M09884","1","0","8645","18","8","20093","HSPG2,NOS1AP,KAT2B,TMEM245,MYPN,CRYAB,PKP2,NFATC3"
"TF","Factor: CLOCK:EVX1; motif: ATNATYAYNNMCACGTG","TF:M08446","1","0","80","18","1","20093","TMEM245"
"TF","Factor: CLOCKBMAL; motif: NNNWCACGTGGN","TF:M08869","1","0","1940","18","1","20093","PTP4A3"
"TF","Factor: CKROX; motif: SCCCTCCCC; match class: 1","TF:M01175_1","1","0","2689","18","7","20093","PRDM16,NOS1AP,SP3,KAT2B,MECOM,PTP4A3,CRYAB"
"TF","Factor: CKROX; motif: SCCCTCCCC","TF:M01175","1","0","7397","18","12","20093","PRDM16,HSPG2,NOS1AP,SP3,KAT2B,CACNA2D2,MECOM,PTP4A3,LDB3,ADM,CRYAB,MYO18B"
"TF","Factor: C-Jun; motif: TGACTC; match class: 1","TF:M03541_1","1","0","4424","18","1","20093","CACNA2D2"
"TF","Factor: C-Jun; motif: TGACTC","TF:M03541","1","0","11584","18","10","20093","HSPG2,SP3,KAT2B,CACNA2D2,PTP4A3,TMEM245,LDB3,ADM,CRYAB,PKP2"
"TF","Factor: ChREBP; motif: GWSCACGTGNSAH","TF:M08802","1","0","510","18","2","20093","HSPG2,PTP4A3"
"TF","Factor: COE1; motif: NCYCWRGGGANYNN","TF:M01871","1","0","1660","18","1","20093","PTP4A3"
"TF","Factor: CNOT3; motif: GGCCGCGSSS; match class: 1","TF:M01253_1","1","0","855","18","3","20093","PRDM16,HSPG2,NFATC3"
"TF","Factor: CNOT3; motif: GGCCGCGSSS","TF:M01253","1","0","3626","18","6","20093","PRDM16,HSPG2,NOS1AP,TMEM245,PKP2,NFATC3"
"TF","Factor: c-Myc; motif: CACGTGGC; match class: 1","TF:M03867_1","1","0","2793","18","3","20093","HSPG2,MON1A,LDB3"
"TF","Factor: c-Myc; motif: CACGTGGC","TF:M03867","1","0","7589","18","6","20093","PRDM16,HSPG2,MON1A,PTP4A3,LDB3,NFATC3"
"TF","Factor: C-Myc; motif: NGCCACGTGNN; match class: 1","TF:M07601_1","1","0","4381","18","3","20093","HSPG2,MON1A,NFATC3"
"TF","Factor: C-Myc; motif: NGCCACGTGNN","TF:M07601","1","0","6124","18","5","20093","HSPG2,MON1A,PTP4A3,LDB3,NFATC3"
"TF","Factor: c-Myc; motif: KACCACGTGSYY; match class: 1","TF:M01154_1","1","0","3952","18","4","20093","HSPG2,MON1A,PTP4A3,NFATC3"
"TF","Factor: c-Myc; motif: KACCACGTGSYY","TF:M01154","1","0","5554","18","6","20093","HSPG2,NOS1AP,MON1A,PTP4A3,LDB3,NFATC3"
"TF","Factor: c-Myc; motif: RACCACGTGCTC; match class: 1","TF:M01145_1","1","0","3606","18","5","20093","HSPG2,MON1A,PTP4A3,LDB3,NFATC3"
"TF","Factor: c-Myc; motif: RACCACGTGCTC","TF:M01145","1","0","6492","18","6","20093","HSPG2,MON1A,PTP4A3,LDB3,PKP2,NFATC3"
"TF","Factor: c-Myb; motif: NNNAACKGNNN","TF:M01821","1","0","3922","18","2","20093","GNRHR,LDB3"
"TF","Factor: c-Myb; motif: NCNRNNGRCNGTTGGKGG; match class: 1","TF:M00004_1","1","0","1882","18","3","20093","LDB3,ADM,MYO18B"
"TF","Factor: c-Myb; motif: NCNRNNGRCNGTTGGKGG","TF:M00004","1","0","7688","18","7","20093","PRDM16,NOS1AP,CACNA2D2,LDB3,ADM,PKP2,MYO18B"
"TF","Factor: c-MAF; motif: CNNNCTCAGCA","TF:M03816","1","0","5931","18","4","20093","CACNA2D2,PTP4A3,TMEM245,ADM"
"TF","Factor: c-MAF; motif: NTGCTGACN","TF:M11357","1","0","1900","18","2","20093","PTP4A3,CRYAB"
"TF","Factor: CP2; motif: NTGNCTGGNN","TF:M03868","1","0","4865","18","4","20093","MON1A,GNRHR,CRYAB,NFATC3"
"TF","Factor: CP2; motif: NNNNCCAGNCNN; match class: 1","TF:M07602_1","1","0","4717","18","3","20093","LDB3,ADM,CRYAB"
"TF","Factor: CP2; motif: NNNNCCAGNCNN","TF:M07602","1","0","11265","18","11","20093","PRDM16,HSPG2,MON1A,MECOM,GNRHR,PTP4A3,MYPN,LDB3,ADM,CRYAB,MYO18B"
"TF","Factor: CP2/LBP-1c/LSF; motif: GCTGGNTNGNNCYNG; match class: 1","TF:M00947_1","1","0","2653","18","3","20093","CACNA2D2,PTP4A3,CRYAB"
"TF","Factor: CP2/LBP-1c/LSF; motif: GCTGGNTNGNNCYNG","TF:M00947","1","0","8485","18","7","20093","KAT2B,CACNA2D2,GNRHR,PTP4A3,MYPN,CRYAB,MYO18B"
"TF","Factor: CP2; motif: GCHCDAMCCAG; match class: 1","TF:M00072_1","1","0","2760","18","2","20093","CACNA2D2,CRYAB"
"TF","Factor: CP2; motif: GCHCDAMCCAG","TF:M00072","1","0","8971","18","7","20093","HSPG2,NOS1AP,CACNA2D2,MON1A,PTP4A3,LDB3,CRYAB"
"TF","Factor: COUP-TF,; motif: TGAMCTTTGMMCYT; match class: 1","TF:M00158_1","1","0","190","18","1","20093","ADM"
"TF","Factor: COUP-TF,; motif: TGAMCTTTGMMCYT","TF:M00158","1","0","2381","18","1","20093","ADM"
"TF","Factor: COUPTF; motif: NNNNNTGACCYTTGNMCNYNGMN","TF:M01036","1","0","3943","18","3","20093","PTP4A3,LDB3,PKP2"
"TF","Factor: COUP-TF2; motif: GNCARAGGTCANRRN","TF:M03543","1","0","2150","18","1","20093","GNRHR"
"TF","Factor: COUP-TF1; motif: TGACCTY; match class: 1","TF:M03542_1","1","0","923","18","2","20093","GNRHR,LDB3"
"TF","Factor: COUP-TF1; motif: TGACCTY","TF:M03542","1","0","5504","18","4","20093","GNRHR,MYPN,LDB3,ADM"
"TF","Factor: COUP; motif: TGACCTTTGACCC","TF:M00765","1","0","2797","18","2","20093","LDB3,ADM"
"TF","Factor: COE1; motif: NNTCCCYTGRGNN; match class: 1","TF:M07351_1","1","0","107","18","1","20093","LDB3"
"TF","Factor: COE1; motif: NNTCCCYTGRGNN","TF:M07351","1","0","1776","18","1","20093","LDB3"
"TF","Factor: CREB1; motif: NRTGACGYN","TF:M11217","1","0","2875","18","2","20093","GNRHR,PTP4A3"
"TF","Factor: CREB1; motif: NRTGATGTCAYN","TF:M11216","1","0","4514","18","1","20093","CRYAB"
"TF","Factor: CREB1; motif: NRRTGACGTMA; match class: 1","TF:M09887_1","1","0","1900","18","1","20093","ADM"
"TF","Factor: CREB1; motif: NRRTGACGTMA","TF:M09887","1","0","6174","18","4","20093","GNRHR,PTP4A3,ADM,MYO18B"
"TF","Factor: CREB1; motif: NGRTGAYGWNNN","TF:M09827","1","0","2947","18","2","20093","CRYAB,NFATC3"
"TF","Factor: CREB1; motif: NNTGACGTCANN; match class: 1","TF:M09804_1","1","0","4899","18","2","20093","MON1A,CRYAB"
"TF","Factor: CREB1; motif: NNTGACGTCANN","TF:M09804","1","0","4899","18","2","20093","MON1A,CRYAB"
"TF","Factor: CREB1; motif: TKACGTCAYNN","TF:M09600","1","0","5532","18","4","20093","GNRHR,PTP4A3,ADM,MYO18B"
"TF","Factor: CREB1; motif: TGACGTCA","TF:M02279","1","0","1837","18","1","20093","ADM"
"TF","Factor: CPEB1; motif: AATAAAAA","TF:M04514","1","0","4818","18","2","20093","MON1A,NFATC3"
"TF","Factor: CPBP; motif: SNCCCNN; match class: 1","TF:M01822_1","1","0","19010","18","18","20093","PRDM16,HSPG2,NOS1AP,SP3,KAT2B,CACNA2D2,MON1A,MECOM,GNRHR,PTP4A3,TMEM245,MYPN,LDB3,ADM,CRYAB,PKP2,NFATC3,MYO18B"
"TF","Factor: CPBP; motif: SNCCCNN","TF:M01822","1","0","19704","18","18","20093","PRDM16,HSPG2,NOS1AP,SP3,KAT2B,CACNA2D2,MON1A,MECOM,GNRHR,PTP4A3,TMEM245,MYPN,LDB3,ADM,CRYAB,PKP2,NFATC3,MYO18B"
"TF","Factor: CPBP; motif: GNNRGGGHGGGGNNGGGRN; match class: 1","TF:M09973_1","1","0","6708","18","13","20093","PRDM16,HSPG2,SP3,KAT2B,CACNA2D2,MON1A,MECOM,PTP4A3,TMEM245,ADM,CRYAB,PKP2,NFATC3"
"TF","Factor: CPBP; motif: GNNRGGGHGGGGNNGGGRN","TF:M09973","1","0","11055","18","15","20093","PRDM16,HSPG2,NOS1AP,SP3,KAT2B,CACNA2D2,MON1A,MECOM,PTP4A3,TMEM245,ADM,CRYAB,PKP2,NFATC3,MYO18B"
"TF","Factor: CPBP; motif: NGGGCGG; match class: 1","TF:M05444_1","1","0","3288","18","2","20093","PRDM16,TMEM245"
"TF","Factor: CPBP; motif: NGGGCGG","TF:M05444","1","0","8624","18","10","20093","PRDM16,NOS1AP,KAT2B,CACNA2D2,MON1A,MECOM,PTP4A3,TMEM245,ADM,PKP2"
"TF","Factor: AIBZIP; motif: YGCCACGTGGCN","TF:M11255","1","0","733","18","1","20093","HSPG2"
"TF","Factor: AIBZIP; motif: GRTGAYGTCAYC","TF:M11254","1","0","1176","18","1","20093","CRYAB"
"TF","Factor: CREB1; motif: NNNNACGTCANN","TF:M03544","1","0","4272","18","4","20093","PTP4A3,ADM,PKP2,MYO18B"
"TF","Factor: CREB1; motif: NNNNTGACGTNANNN","TF:M07248","1","0","4435","18","3","20093","PTP4A3,ADM,MYO18B"
"TF","Factor: CREB1; motif: NNNNSSGGCGCSSNNNNRTGACGTCAC; match class: 1","TF:M12591_1","1","0","9663","18","6","20093","MON1A,PTP4A3,LDB3,ADM,NFATC3,MYO18B"
"TF","Factor: CREB1; motif: NNNNSSGGCGCSSNNNNRTGACGTCAC","TF:M12591","1","0","14298","18","10","20093","PRDM16,CACNA2D2,MON1A,MECOM,GNRHR,PTP4A3,LDB3,ADM,NFATC3,MYO18B"
"TF","Factor: CREB1; motif: NNNTGATGTCANN","TF:M12486","1","0","3950","18","1","20093","CRYAB"
"TF","Factor: CREB1; motif: NRTGACGTCANN; match class: 1","TF:M11223_1","1","0","2909","18","2","20093","PTP4A3,ADM"
"TF","Factor: CREB1; motif: NRTGACGTCANN","TF:M11223","1","0","3023","18","2","20093","PTP4A3,ADM"
"TF","Factor: CREB1; motif: NRTGAYGTCAYN","TF:M11222","1","0","3891","18","1","20093","CRYAB"
"TF","Factor: CREB1; motif: RTGACGYGTCAN; match class: 1","TF:M11221_1","1","0","5821","18","5","20093","TMEM245,ADM,CRYAB,PKP2,NFATC3"
"TF","Factor: CREB1; motif: RTGACGYGTCAN","TF:M11221","1","0","9910","18","6","20093","PTP4A3,TMEM245,ADM,CRYAB,PKP2,NFATC3"
"TF","Factor: CREB1; motif: NNTGACGTCANN; match class: 1","TF:M11220_1","1","0","1814","18","1","20093","ADM"
"TF","Factor: CREB1; motif: NNTGACGTCANN","TF:M11220","1","0","1827","18","1","20093","ADM"
"TF","Factor: CREB1; motif: NRTGAYGCGTN; match class: 1","TF:M11218_1","1","0","2466","18","1","20093","NFATC3"
"TF","Factor: CREB1; motif: NRTGAYGCGTN","TF:M11218","1","0","8652","18","6","20093","NOS1AP,CACNA2D2,PTP4A3,TMEM245,ADM,NFATC3"
"TF","Factor: CREB; motif: NNGNTGACGTNN; match class: 1","TF:M00113_1","1","0","939","18","1","20093","ADM"
"TF","Factor: CREB; motif: NNGNTGACGTNN","TF:M00113","1","0","5136","18","3","20093","TMEM245,ADM,MYO18B"
"TF","Factor: CREB; motif: TGACGTMA","TF:M00039","1","0","5453","18","5","20093","GNRHR,PTP4A3,ADM,PKP2,MYO18B"
"TF","Factor: ATF2; motif: VGTGACGTMACN; match class: 1","TF:M00179_1","1","0","1840","18","1","20093","PTP4A3"
"TF","Factor: ATF2; motif: VGTGACGTMACN","TF:M00179","1","0","6311","18","6","20093","PRDM16,GNRHR,PTP4A3,ADM,PKP2,MYO18B"
"TF","Factor: ATF-2; motif: TTACGTAA; match class: 1","TF:M00040_1","1","0","6727","18","4","20093","SP3,GNRHR,ADM,NFATC3"
"TF","Factor: ATF-2; motif: TTACGTAA","TF:M00040","1","0","7192","18","6","20093","NOS1AP,SP3,GNRHR,TMEM245,ADM,NFATC3"
"TF","Factor: ATF2:c-Jun; motif: TGACGTYA; match class: 1","TF:M00041_1","1","0","1303","18","1","20093","TMEM245"
"TF","Factor: ATF2:c-Jun; motif: TGACGTYA","TF:M00041","1","0","4513","18","5","20093","GNRHR,TMEM245,ADM,CRYAB,MYO18B"
"TF","Factor: CREB,; motif: NTGACGTNA; match class: 1","TF:M00981_1","1","0","2995","18","1","20093","ADM"
"TF","Factor: CREB,; motif: NTGACGTNA","TF:M00981","1","0","8627","18","6","20093","MON1A,GNRHR,PTP4A3,ADM,PKP2,MYO18B"
"TF","Factor: CREBPA; motif: NRTGACGTMANN; match class: 1","TF:M11313_1","1","0","2136","18","1","20093","ADM"
"TF","Factor: CREBPA; motif: NRTGACGTMANN","TF:M11313","1","0","3868","18","2","20093","ADM,CRYAB"
"TF","Factor: Luman; motif: NGCCACGTGKMN","TF:M11249","1","0","938","18","1","20093","MON1A"
"TF","Factor: AIBZIP; motif: NGMCACGTGGCN","TF:M11258","1","0","594","18","1","20093","HSPG2"
"TF","Factor: AIBZIP; motif: YGCCACGTGGCN; match class: 1","TF:M11255_1","1","0","415","18","1","20093","HSPG2"
"TF","Factor: CREM; motif: NRTGACGYMA","TF:M12592","1","0","6621","18","3","20093","GNRHR,PTP4A3,ADM"
"TF","Factor: CREM; motif: NNNGTGACGTCACNNN; match class: 1","TF:M12541_1","1","0","1965","18","1","20093","CRYAB"
"TF","Factor: CREM; motif: NNNGTGACGTCACNNN","TF:M12541","1","0","2005","18","1","20093","CRYAB"
"TF","Factor: CREM; motif: NNTGACGTCANN; match class: 1","TF:M11225_1","1","0","2606","18","2","20093","ADM,NFATC3"
"TF","Factor: CREM; motif: NNTGACGTCANN","TF:M11225","1","0","2859","18","2","20093","ADM,NFATC3"
"TF","Factor: CREM; motif: NRTGATGTCAYN","TF:M11224","1","0","3565","18","1","20093","CRYAB"
"TF","Factor: c-Rel; motif: NGGGAATYTCCN","TF:M03545","1","0","5702","18","4","20093","MON1A,MECOM,GNRHR,CRYAB"
"TF","Factor: c-Rel; motif: NRNRGGGRAATKCCA","TF:M10046","1","0","4831","18","3","20093","CACNA2D2,MECOM,PTP4A3"
"TF","Factor: c-Rel; motif: SGGRNTTTCC","TF:M00053","1","0","3739","18","2","20093","PTP4A3,MYO18B"
"TF","Factor: CREB; motif: CNNTGACGTMA","TF:M00917","1","0","5789","18","5","20093","GNRHR,PTP4A3,ADM,PKP2,MYO18B"
"TF","Factor: CREB; motif: NSTGACGTMANN; match class: 1","TF:M00178_1","1","0","1593","18","1","20093","PTP4A3"
"TF","Factor: CREB; motif: NSTGACGTMANN","TF:M00178","1","0","5441","18","5","20093","GNRHR,PTP4A3,ADM,PKP2,MYO18B"
"TF","Factor: CREB; motif: CGTCAN","TF:M00801","1","0","4455","18","1","20093","MYO18B"
"TF","Factor: CREB; motif: NNTKACGTCANNNS","TF:M00916","1","0","6102","18","5","20093","GNRHR,PTP4A3,ADM,PKP2,MYO18B"
"TF","Factor: CREB; motif: NSTGACGTAANN; match class: 1","TF:M00177_1","1","0","1422","18","2","20093","PTP4A3,ADM"
"TF","Factor: CREB; motif: NSTGACGTAANN","TF:M00177","1","0","5396","18","5","20093","PRDM16,GNRHR,PTP4A3,ADM,MYO18B"
"TF","Factor: CTCF; motif: NNNNANASYGCCMYCTAGTGG","TF:M04689","1","0","5693","18","3","20093","PTP4A3,NFATC3,MYO18B"
"TF","Factor: CTCF; motif: WGCGCCMYCTAGYGGYN; match class: 1","TF:M03895_1","1","0","3506","18","3","20093","HSPG2,KAT2B,MON1A"
"TF","Factor: CTCF; motif: WGCGCCMYCTAGYGGYN","TF:M03895","1","0","9332","18","7","20093","HSPG2,SP3,KAT2B,CACNA2D2,MON1A,PTP4A3,NFATC3"
"TF","Factor: CTCF; motif: YNRCCASYAGRKGGCRSYN; match class: 1","TF:M02242_1","1","0","1299","18","2","20093","MON1A,PTP4A3"
"TF","Factor: CTCF; motif: YNRCCASYAGRKGGCRSYN","TF:M02242","1","0","5942","18","5","20093","KAT2B,MON1A,PTP4A3,NFATC3,MYO18B"
"TF","Factor: CTCF; motif: NNNNNNCCASNAGRKGGCRS","TF:M01259","1","0","1997","18","2","20093","PTP4A3,MYO18B"
"TF","Factor: CTCF; motif: NNNGCCASCAGRKGGCRSNN; match class: 1","TF:M01200_1","1","0","560","18","1","20093","MON1A"
"TF","Factor: CTCF; motif: NNNGCCASCAGRKGGCRSNN","TF:M01200","1","0","3991","18","6","20093","PRDM16,KAT2B,MON1A,PTP4A3,NFATC3,MYO18B"
"TF","Factor: CTCFL; motif: NSCAGGGGGCGS","TF:M12569","1","0","1655","18","2","20093","KAT2B,PKP2"
"TF","Factor: CTCFL; motif: NCCNSCAGGGGGCGCYN","TF:M09889","1","0","1232","18","1","20093","KAT2B"
"TF","Factor: CTCFL; motif: CNSCAGGGGGCRSN","TF:M09769","1","0","874","18","1","20093","KAT2B"
"TF","Factor: CRX; motif: YTAATC; match class: 1","TF:M01712_1","1","0","5233","18","2","20093","GNRHR,ADM"
"TF","Factor: CRX; motif: YTAATC","TF:M01712","1","0","11553","18","8","20093","HSPG2,KAT2B,GNRHR,TMEM245,MYPN,ADM,PKP2,MYO18B"
"TF","Factor: CREM; motif: TGACGTCASYN; match class: 1","TF:M01820_1","1","0","1955","18","1","20093","ADM"
"TF","Factor: CREM; motif: TGACGTCASYN","TF:M01820","1","0","6479","18","5","20093","MON1A,PTP4A3,ADM,PKP2,MYO18B"
"TF","Factor: CREM; motif: NRTGACGYMA; match class: 1","TF:M12592_1","1","0","2115","18","1","20093","ADM"
"TF","Factor: CTCF; motif: NNRSYGCCMCCTGSTGGCCN","TF:M12593","1","0","8727","18","9","20093","PRDM16,HSPG2,SP3,KAT2B,MON1A,PTP4A3,TMEM245,NFATC3,MYO18B"
"TF","Factor: ctcf; motif: CCRSCAGGGGGCGCN; match class: 1","TF:M10426_1","1","0","4354","18","3","20093","HSPG2,SP3,KAT2B"
"TF","Factor: ctcf; motif: CCRSCAGGGGGCGCN","TF:M10426","1","0","9401","18","11","20093","PRDM16,HSPG2,NOS1AP,SP3,KAT2B,CACNA2D2,MON1A,MECOM,TMEM245,PKP2,NFATC3"
"TF","Factor: ctcf; motif: YGGCCACCAGRKGGCRSYN; match class: 1","TF:M09890_1","1","0","2905","18","4","20093","SP3,KAT2B,MON1A,PTP4A3"
"TF","Factor: ctcf; motif: YGGCCACCAGRKGGCRSYN","TF:M09890","1","0","8565","18","8","20093","PRDM16,HSPG2,SP3,KAT2B,MON1A,PTP4A3,NFATC3,MYO18B"
"TF","Factor: CTCF; motif: RSYGCCMYCTRSTGGN; match class: 1","TF:M09828_1","1","0","579","18","2","20093","MON1A,PTP4A3"
"TF","Factor: CTCF; motif: RSYGCCMYCTRSTGGN","TF:M09828","1","0","3942","18","5","20093","KAT2B,MON1A,PTP4A3,NFATC3,MYO18B"
"TF","Factor: CTCF; motif: NNYGCCCYCTRSTGGN","TF:M09744","1","0","3896","18","6","20093","PRDM16,KAT2B,MON1A,PTP4A3,NFATC3,MYO18B"
"TF","Factor: ctcf; motif: NNNCCASYAGRKGGCRSYNN; match class: 1","TF:M09602_1","1","0","2141","18","3","20093","KAT2B,MON1A,PTP4A3"
"TF","Factor: ctcf; motif: NNNCCASYAGRKGGCRSYNN","TF:M09602","1","0","7527","18","7","20093","PRDM16,HSPG2,KAT2B,MON1A,PTP4A3,NFATC3,MYO18B"
"TF","Factor: CTCF; motif: NCCRSTAGGGGGCGC; match class: 1","TF:M08911_1","1","0","3942","18","5","20093","PRDM16,HSPG2,KAT2B,CACNA2D2,TMEM245"
"TF","Factor: CTCF; motif: NCCRSTAGGGGGCGC","TF:M08911","1","0","9195","18","11","20093","PRDM16,HSPG2,NOS1AP,SP3,KAT2B,CACNA2D2,MON1A,MECOM,TMEM245,PKP2,NFATC3"
"TF","Factor: CTCF; motif: CANNWRRTGGCAG; match class: 1","TF:M04745_1","1","0","2347","18","3","20093","HSPG2,PTP4A3,TMEM245"
"TF","Factor: CTCF; motif: CANNWRRTGGCAG","TF:M04745","1","0","8387","18","7","20093","HSPG2,MECOM,PTP4A3,TMEM245,LDB3,CRYAB,MYO18B"
"TF","Factor: CTCF; motif: ACCAGGKGGC","TF:M04727","1","0","6634","18","7","20093","PRDM16,NOS1AP,SP3,KAT2B,PTP4A3,TMEM245,LDB3"
"TF","Factor: CTCF; motif: NNNNANASYGCCMYCTAGTGG; match class: 1","TF:M04689_1","1","0","966","18","1","20093","PTP4A3"
"TF","Factor: CDP:HOXB13; motif: SYMRTAAANATYGATY; match class: 1","TF:M08202_1","1","0","794","18","1","20093","MYPN"
"TF","Factor: CDP:HOXB13; motif: SYMRTAAANATYGATY","TF:M08202","1","0","4198","18","3","20093","MYPN,PKP2,NFATC3"
"TF","Factor: CDP:HOXA13; motif: ATCGATYAYSYCRTAAA; match class: 1","TF:M08201_1","1","0","3256","18","1","20093","GNRHR"
"TF","Factor: CDP:HOXA13; motif: ATCGATYAYSYCRTAAA","TF:M08201","1","0","8335","18","5","20093","GNRHR,PTP4A3,TMEM245,MYPN,NFATC3"
"TF","Factor: CTIP-2; motif: RTMGTACAA","TF:M05956","1","0","829","18","1","20093","PKP2"
"TF","Factor: CTF/NF1; motif: TTGGCN; match class: 1","TF:M02050_1","1","0","4337","18","2","20093","HSPG2,ADM"
"TF","Factor: CTF/NF1; motif: TTGGCN","TF:M02050","1","0","11301","18","10","20093","HSPG2,NOS1AP,SP3,GNRHR,TMEM245,MYPN,LDB3,ADM,CRYAB,PKP2"
"TF","Factor: CTF1; motif: TGGCASCNNGCCAA; match class: 1","TF:M01196_1","1","0","1612","18","2","20093","HSPG2,NFATC3"
"TF","Factor: CTF1; motif: TGGCASCNNGCCAA","TF:M01196","1","0","4949","18","3","20093","HSPG2,CRYAB,NFATC3"
"TF","Factor: ctcf; motif: CCNCNAGRKGGCRSTN; match class: 1","TF:M07249_1","1","0","2091","18","4","20093","PRDM16,HSPG2,SP3,MON1A"
"TF","Factor: ctcf; motif: CCNCNAGRKGGCRSTN","TF:M07249","1","0","6768","18","7","20093","PRDM16,HSPG2,SP3,KAT2B,MON1A,PTP4A3,TMEM245"
"TF","Factor: CTCF; motif: CTGCAGTNCNNNNNNNNNNCCASYAGRKGGCRSYN; match class: 1","TF:M12964_1","1","0","737","18","1","20093","MYO18B"
"TF","Factor: CTCF; motif: CTGCAGTNCNNNNNNNNNNCCASYAGRKGGCRSYN","TF:M12964","1","0","4876","18","6","20093","HSPG2,CACNA2D2,PTP4A3,TMEM245,NFATC3,MYO18B"
"TF","Factor: CTCF; motif: CTGCANTNCCNNNNNNNNCCASNAGRKGGCRSNN; match class: 1","TF:M12963_1","1","0","1765","18","3","20093","MECOM,PTP4A3,TMEM245"
"TF","Factor: CTCF; motif: CTGCANTNCCNNNNNNNNCCASNAGRKGGCRSNN","TF:M12963","1","0","6963","18","10","20093","NOS1AP,SP3,KAT2B,CACNA2D2,MON1A,MECOM,PTP4A3,TMEM245,LDB3,NFATC3"
"TF","Factor: CTCF; motif: NNRSYGCCMCCTGSTGGCCN; match class: 1","TF:M12593_1","1","0","3332","18","6","20093","PRDM16,HSPG2,SP3,KAT2B,MON1A,PTP4A3"
"TF","Factor: CUX1; motif: TAATCGATAN; match class: 1","TF:M13028_1","1","0","1056","18","1","20093","GNRHR"
"TF","Factor: CUX1; motif: TAATCGATAN","TF:M13028","1","0","4612","18","3","20093","KAT2B,MECOM,GNRHR"
"TF","Factor: CDP; motif: NNATYGATYN; match class: 1","TF:M11508_1","1","0","1645","18","1","20093","KAT2B"
"TF","Factor: CDP; motif: NNATYGATYN","TF:M11508","1","0","3905","18","2","20093","KAT2B,GNRHR"
"TF","Factor: CDP; motif: NTATTGATYR; match class: 1","TF:M11507_1","1","0","498","18","1","20093","GNRHR"
"TF","Factor: CDP; motif: NTATTGATYR","TF:M11507","1","0","3304","18","2","20093","GNRHR,MYPN"
"TF","Factor: CDP; motif: TRATCRATAN; match class: 1","TF:M03952_1","1","0","1161","18","1","20093","GNRHR"
"TF","Factor: CDP; motif: TRATCRATAN","TF:M03952","1","0","4585","18","3","20093","KAT2B,GNRHR,ADM"
"TF","Factor: CDP; motif: ATCGATNNNNNATCRAT; match class: 1","TF:M03950_1","1","0","1567","18","3","20093","GNRHR,MYPN,PKP2"
"TF","Factor: CDP; motif: ATCGATNNNNNATCRAT","TF:M03950","1","0","4277","18","6","20093","MECOM,GNRHR,TMEM245,MYPN,PKP2,NFATC3"
"TF","Factor: CDP; motif: ATCGATNNNNNNATCRAT","TF:M03951","1","0","4183","18","4","20093","MECOM,PTP4A3,MYPN,PKP2"
"TF","Factor: CDP:T-bet; motif: TCACACCYAATN","TF:M08204","1","0","235","18","1","20093","CRYAB"
"TF","Factor: CDP:T-bet; motif: NTCACACNYYRATCRATM; match class: 1","TF:M08203_1","1","0","1503","18","1","20093","GNRHR"
"TF","Factor: CDP:T-bet; motif: NTCACACNYYRATCRATM","TF:M08203","1","0","6317","18","4","20093","GNRHR,TMEM245,LDB3,PKP2"
"TF","Factor: CDP:SRF; motif: NCCWTAYAAGGTMNKRATCRATN; match class: 1","TF:M08520_1","1","0","4168","18","5","20093","HSPG2,MECOM,GNRHR,ADM,PKP2"
"TF","Factor: CDP:SRF; motif: NCCWTAYAAGGTMNKRATCRATN","TF:M08520","1","0","10868","18","10","20093","HSPG2,MECOM,GNRHR,PTP4A3,TMEM245,MYPN,LDB3,ADM,CRYAB,PKP2"
"TF","Factor: DEC2; motif: SNTCACGTGS","TF:M01843","1","0","3906","18","3","20093","NOS1AP,MYPN,NFATC3"
"TF","Factor: DEC1; motif: NCNCACRTGNSC; match class: 1","TF:M08870_1","1","0","2538","18","3","20093","MON1A,PTP4A3,LDB3"
"TF","Factor: DEC1; motif: NCNCACRTGNSC","TF:M08870","1","0","8164","18","5","20093","PRDM16,MON1A,MECOM,PTP4A3,LDB3"
"TF","Factor: DEC1; motif: CNCACRTGASC; match class: 1","TF:M03572_1","1","0","1902","18","3","20093","HSPG2,MON1A,PTP4A3"
"TF","Factor: DEC1; motif: CNCACRTGASC","TF:M03572","1","0","6904","18","12","20093","PRDM16,HSPG2,NOS1AP,SP3,MON1A,MECOM,PTP4A3,LDB3,CRYAB,PKP2,NFATC3,MYO18B"
"TF","Factor: DEC1; motif: NGCACGTGAS; match class: 1","TF:M09876_1","1","0","6510","18","5","20093","HSPG2,MON1A,PTP4A3,LDB3,NFATC3"
"TF","Factor: DEC1; motif: NGCACGTGAS","TF:M09876","1","0","8997","18","6","20093","HSPG2,CACNA2D2,MON1A,PTP4A3,LDB3,NFATC3"
"TF","Factor: DEAF1; motif: RNNNRTTCGGGNRTTTCCGGRRNKN","TF:M01002","1","0","1103","18","1","20093","GNRHR"
"TF","Factor: DBP; motif: TTRCATAANN","TF:M07038","1","0","5754","18","2","20093","NOS1AP,PKP2"
"TF","Factor: DBP; motif: TTWTGYAA; match class: 1","TF:M01872_1","1","0","325","18","1","20093","PKP2"
"TF","Factor: DBP; motif: TTWTGYAA","TF:M01872","1","0","2843","18","1","20093","PKP2"
"TF","Factor: DB1; motif: GGRRRRGRRGGAGGGGGNGRRR; match class: 1","TF:M10107_1","1","0","2696","18","7","20093","PRDM16,SP3,KAT2B,MON1A,MECOM,PTP4A3,ADM"
"TF","Factor: DB1; motif: GGRRRRGRRGGAGGGGGNGRRR","TF:M10107","1","0","5898","18","11","20093","PRDM16,NOS1AP,SP3,KAT2B,CACNA2D2,MON1A,MECOM,PTP4A3,ADM,CRYAB,NFATC3"
"TF","Factor: DATF1; motif: SNGGRRGCWGNGGG; match class: 1","TF:M09724_1","1","0","2921","18","5","20093","PRDM16,HSPG2,SP3,PTP4A3,ADM"
"TF","Factor: DATF1; motif: SNGGRRGCWGNGGG","TF:M09724","1","0","8568","18","10","20093","PRDM16,HSPG2,SP3,CACNA2D2,MECOM,PTP4A3,TMEM245,LDB3,ADM,CRYAB"
"TF","Factor: CUTL2; motif: CTGATCGATTRN","TF:M11510","1","0","587","18","1","20093","KAT2B"
"TF","Factor: Dlx-3; motif: NTAATTNVN","TF:M07278","1","0","3695","18","4","20093","GNRHR,PKP2,NFATC3,MYO18B"
"TF","Factor: Dlx-3; motif: NNNYNAATTAAN","TF:M07603","1","0","892","18","1","20093","GNRHR"
"TF","Factor: Dlx-3; motif: NTCRTTAN; match class: 1","TF:M10609_1","1","0","961","18","1","20093","MYPN"
"TF","Factor: Dlx-3; motif: NTCRTTAN","TF:M10609","1","0","4967","18","6","20093","KAT2B,MON1A,MECOM,GNRHR,MYPN,PKP2"
"TF","Factor: Dlx-3; motif: NNNNNATAATTACMNNN; match class: 1","TF:M01400_1","1","0","993","18","1","20093","GNRHR"
"TF","Factor: Dlx-3; motif: NNNNNATAATTACMNNN","TF:M01400","1","0","3462","18","3","20093","KAT2B,MECOM,GNRHR"
"TF","Factor: DLX2; motif: AMSMCTGACKG; match class: 1","TF:M08873_1","1","0","1802","18","4","20093","HSPG2,MON1A,ADM,NFATC3"
"TF","Factor: DLX2; motif: AMSMCTGACKG","TF:M08873","1","0","7585","18","9","20093","HSPG2,MON1A,MECOM,PTP4A3,TMEM245,ADM,PKP2,NFATC3,MYO18B"
"TF","Factor: Dlx-2; motif: NYAATTAN; match class: 1","TF:M04300_1","1","0","1269","18","1","20093","NFATC3"
"TF","Factor: Dlx-2; motif: NYAATTAN","TF:M04300","1","0","5682","18","4","20093","KAT2B,GNRHR,MYPN,NFATC3"
"TF","Factor: Dlx-1; motif: NNTAATTANN","TF:M04299","1","0","2769","18","4","20093","NOS1AP,KAT2B,GNRHR,PKP2"
"TF","Factor: DEC; motif: NNNSCACSTGAS","TF:M08872","1","0","7674","18","4","20093","CACNA2D2,MON1A,ADM,NFATC3"
"TF","Factor: DEC; motif: SCCCAMGTGAAGN; match class: 1","TF:M00997_1","1","0","2959","18","1","20093","MON1A"
"TF","Factor: DEC; motif: SCCCAMGTGAAGN","TF:M00997","1","0","9347","18","6","20093","SP3,MON1A,PTP4A3,MYPN,LDB3,NFATC3"
"TF","Factor: DEC2; motif: NNTCACNTGSNGN","TF:M08871","1","0","2512","18","2","20093","NOS1AP,MON1A"
"TF","Factor: DEC2; motif: SNTCACGTGS; match class: 1","TF:M01843_1","1","0","947","18","1","20093","NFATC3"
"TF","Factor: DLX6; motif: NWRNGYAAWYA; match class: 1","TF:M12595_1","1","0","555","18","2","20093","MYPN,CRYAB"
"TF","Factor: DLX6; motif: NWRNGYAAWYA","TF:M12595","1","0","4156","18","3","20093","MYPN,LDB3,CRYAB"
"TF","Factor: Dlx-6; motif: NTCRTTAN; match class: 1","TF:M10593_1","1","0","1886","18","2","20093","TMEM245,MYPN"
"TF","Factor: Dlx-6; motif: NTCRTTAN","TF:M10593","1","0","7508","18","6","20093","NOS1AP,KAT2B,MON1A,TMEM245,MYPN,PKP2"
"TF","Factor: Dlx-5; motif: AATTAN; match class: 1","TF:M03546_1","1","0","6145","18","5","20093","GNRHR,MYPN,PKP2,NFATC3,MYO18B"
"TF","Factor: Dlx-5; motif: AATTAN","TF:M03546","1","0","11340","18","10","20093","NOS1AP,SP3,KAT2B,MON1A,MECOM,GNRHR,MYPN,PKP2,NFATC3,MYO18B"
"TF","Factor: Dlx-5; motif: NTCRTTAN; match class: 1","TF:M10615_1","1","0","761","18","1","20093","MYPN"
"TF","Factor: Dlx-5; motif: NTCRTTAN","TF:M10615","1","0","4626","18","5","20093","NOS1AP,KAT2B,MON1A,MYPN,PKP2"
"TF","Factor: Dlx-5; motif: NTCRTTAN; match class: 1","TF:M10612_1","1","0","2684","18","1","20093","MYPN"
"TF","Factor: Dlx-5; motif: NTCRTTAN","TF:M10612","1","0","8635","18","8","20093","NOS1AP,KAT2B,MON1A,MECOM,GNRHR,TMEM245,MYPN,PKP2"
"TF","Factor: Dlx-5; motif: NNRGYAATTRNYKNNN; match class: 1","TF:M01388_1","1","0","6154","18","4","20093","NOS1AP,KAT2B,GNRHR,PKP2"
"TF","Factor: Dlx-5; motif: NNRGYAATTRNYKNNN","TF:M01388","1","0","8105","18","5","20093","NOS1AP,KAT2B,MECOM,GNRHR,PKP2"
"TF","Factor: Dlx-7; motif: NTCRTTAN; match class: 1","TF:M10603_1","1","0","2684","18","1","20093","MYPN"
"TF","Factor: Dlx-7; motif: NTCRTTAN","TF:M10603","1","0","8635","18","8","20093","NOS1AP,KAT2B,MON1A,MECOM,GNRHR,TMEM245,MYPN,PKP2"
"TF","Factor: Dlx-7; motif: NTCRTTAN; match class: 1","TF:M10600_1","1","0","2227","18","1","20093","MYPN"
"TF","Factor: Dlx-7; motif: NTCRTTAN","TF:M10600","1","0","7874","18","8","20093","NOS1AP,KAT2B,MON1A,MECOM,GNRHR,TMEM245,MYPN,PKP2"
"TF","Factor: DPF2; motif: NYCACYTCCYCNYYCY; match class: 1","TF:M09760_1","1","0","3023","18","6","20093","NOS1AP,SP3,KAT2B,MECOM,PTP4A3,NFATC3"
"TF","Factor: DPF2; motif: NYCACYTCCYCNYYCY","TF:M09760","1","0","8300","18","11","20093","PRDM16,HSPG2,NOS1AP,SP3,KAT2B,MECOM,PTP4A3,LDB3,CRYAB,PKP2,NFATC3"
"TF","Factor: DMRT7; motif: AWTTGMTACATN","TF:M11524","1","0","731","18","2","20093","GNRHR,MYPN"
"TF","Factor: DMRT7; motif: AWTTGMTACATN","TF:M11522","1","0","563","18","1","20093","GNRHR"
"TF","Factor: DMRT7; motif: AATTGMTACATT","TF:M11520","1","0","314","18","1","20093","GNRHR"
"TF","Factor: DMRT7; motif: AATTGMTACATN","TF:M11519","1","0","250","18","1","20093","GNRHR"
"TF","Factor: DMRT7; motif: TTGTTACAWTKTKG","TF:M01151","1","0","1030","18","2","20093","SP3,PKP2"
"TF","Factor: DMRT5; motif: NNTTGWTACANT","TF:M11514","1","0","1432","18","2","20093","MON1A,GNRHR"
"TF","Factor: DMRT5; motif: NNNNGWTACANT","TF:M11513","1","0","2191","18","2","20093","MON1A,GNRHR"
"TF","Factor: DMRT4; motif: AATTGWTACATT","TF:M11511","1","0","561","18","1","20093","MON1A"
"TF","Factor: DMRT4; motif: AATGTADCAAWTT","TF:M01149","1","0","1902","18","3","20093","SP3,MON1A,GNRHR"
"TF","Factor: DMRT2; motif: NAWWTTGWTACATTGW","TF:M01147","1","0","210","18","1","20093","MON1A"
"TF","Factor: DMRT1; motif: NNTNGHTACATN","TF:M11516","1","0","827","18","1","20093","GNRHR"
"TF","Factor: DMRT1; motif: NNNNGCTACATN","TF:M11515","1","0","3944","18","4","20093","MON1A,GNRHR,MYPN,PKP2"
"TF","Factor: DMRT1; motif: TTGMTACAWTGTTKC","TF:M01146","1","0","768","18","1","20093","GNRHR"
"TF","Factor: DMBX1; motif: NNGGATTANN","TF:M04305","1","0","5364","18","2","20093","TMEM245,ADM"
"TF","Factor: DUXA; motif: NTRAYYTAATCAN","TF:M04309","1","0","272","18","1","20093","MYPN"
"TF","Factor: DUX4; motif: TAAYYYAATCA","TF:M07082","1","0","109","18","1","20093","MYPN"
"TF","Factor: DRRS; motif: GNNGGGWGGG; match class: 1","TF:M10056_1","1","0","1000","18","1","20093","KAT2B"
"TF","Factor: DRRS; motif: GNNGGGWGGG","TF:M10056","1","0","4888","18","8","20093","PRDM16,HSPG2,SP3,KAT2B,PTP4A3,CRYAB,NFATC3,MYO18B"
"TF","Factor: DRI1; motif: AATTAA; match class: 1","TF:M01654_1","1","0","6145","18","5","20093","GNRHR,MYPN,PKP2,NFATC3,MYO18B"
"TF","Factor: DRI1; motif: AATTAA","TF:M01654","1","0","11340","18","10","20093","NOS1AP,SP3,KAT2B,MON1A,MECOM,GNRHR,MYPN,PKP2,NFATC3,MYO18B"
"TF","Factor: Prrxl1; motif: YYAATTAN","TF:M10869","1","0","2766","18","1","20093","NOS1AP"
"TF","Factor: DRGX; motif: NTAATYNAATTAN","TF:M04308","1","0","271","18","1","20093","KAT2B"
"TF","Factor: DREF; motif: CTYYCWCTTCCY; match class: 1","TF:M09725_1","1","0","2177","18","4","20093","CACNA2D2,MECOM,GNRHR,LDB3"
"TF","Factor: DREF; motif: CTYYCWCTTCCY","TF:M09725","1","0","7803","18","8","20093","HSPG2,CACNA2D2,MECOM,GNRHR,TMEM245,LDB3,ADM,MYO18B"
"TF","Factor: LXR,; motif: YGAMCTNNASTRACCYN","TF:M00965","1","0","3875","18","3","20093","MON1A,TMEM245,CRYAB"
"TF","Factor: VDR,; motif: RRTGNMCYTNNTGAMCCNYNT; match class: 1","TF:M00966_1","1","0","3340","18","3","20093","PTP4A3,LDB3,PKP2"
"TF","Factor: VDR,; motif: RRTGNMCYTNNTGAMCCNYNT","TF:M00966","1","0","9990","18","7","20093","NOS1AP,SP3,PTP4A3,LDB3,ADM,PKP2,NFATC3"
"TF","Factor: PPAR,; motif: RGGNCAAAGGTCA","TF:M00762","1","0","1971","18","2","20093","ADM,MYO18B"
"TF","Factor: DPRX; motif: AGATAATCCN","TF:M11017","1","0","958","18","1","20093","HSPG2"
"TF","Factor: DPRX; motif: NNGGATTANN","TF:M04306","1","0","5075","18","2","20093","HSPG2,GNRHR"
"TF","Factor: E2F-1:Elk-1; motif: SGCGCSNNAMCGGAAGT; match class: 1","TF:M08205_1","1","0","10526","18","11","20093","PRDM16,HSPG2,NOS1AP,SP3,KAT2B,CACNA2D2,MON1A,MECOM,TMEM245,ADM,PKP2"
"TF","Factor: E2F-1:Elk-1; motif: SGCGCSNNAMCGGAAGT","TF:M08205","1","0","14675","18","11","20093","PRDM16,HSPG2,NOS1AP,SP3,KAT2B,CACNA2D2,MON1A,MECOM,TMEM245,ADM,PKP2"
"TF","Factor: E2F-1:DP-2; motif: TTTSSCGC; match class: 1","TF:M00737_1","1","0","2960","18","1","20093","KAT2B"
"TF","Factor: E2F-1:DP-2; motif: TTTSSCGC","TF:M00737","1","0","8884","18","7","20093","SP3,KAT2B,MON1A,TMEM245,CRYAB,PKP2,MYO18B"
"TF","Factor: E2F-1:DP-1; motif: TTTCSCGC; match class: 1","TF:M00736_1","1","0","4677","18","2","20093","SP3,KAT2B"
"TF","Factor: E2F-1:DP-1; motif: TTTCSCGC","TF:M00736","1","0","10514","18","7","20093","SP3,KAT2B,CACNA2D2,MECOM,TMEM245,NFATC3,MYO18B"
"TF","Factor: Rb:E2F-1:DP-1; motif: TTTSGCGC; match class: 1","TF:M00740_1","1","0","4657","18","4","20093","SP3,MECOM,TMEM245,NFATC3"
"TF","Factor: Rb:E2F-1:DP-1; motif: TTTSGCGC","TF:M00740","1","0","10658","18","12","20093","PRDM16,HSPG2,SP3,KAT2B,CACNA2D2,MON1A,MECOM,TMEM245,LDB3,ADM,PKP2,NFATC3"
"TF","Factor: E2A; motif: CAGNTGNN","TF:M07353","1","0","2704","18","2","20093","PRDM16,LDB3"
"TF","Factor: E2A; motif: NRMCASCTGCNNN","TF:M02088","1","0","2939","18","3","20093","KAT2B,TMEM245,PKP2"
"TF","Factor: E2A; motif: CACCTGNY","TF:M00973","1","0","5576","18","3","20093","CACNA2D2,LDB3,PKP2"
"TF","Factor: E2A; motif: NMCAGCTGCWN","TF:M10099","1","0","1238","18","2","20093","TMEM245,ADM"
"TF","Factor: E12; motif: RRCAGGTGNCV; match class: 1","TF:M00693_1","1","0","274","18","1","20093","LDB3"
"TF","Factor: E12; motif: RRCAGGTGNCV","TF:M00693","1","0","2643","18","3","20093","CACNA2D2,LDB3,PKP2"
"TF","Factor: DUXA; motif: TRAYYTAATCA","TF:M10958","1","0","100","18","1","20093","MYPN"
"TF","Factor: DUXA; motif: NTRAYYTAATCAN; match class: 1","TF:M04309_1","1","0","13","18","1","20093","MYPN"
"TF","Factor: E2F1; motif: GSGCGGGAAN; match class: 1","TF:M12597_1","1","0","9949","18","10","20093","PRDM16,HSPG2,NOS1AP,SP3,KAT2B,MECOM,TMEM245,ADM,PKP2,NFATC3"
"TF","Factor: E2F1; motif: GSGCGGGAAN","TF:M12597","1","0","14249","18","12","20093","PRDM16,HSPG2,NOS1AP,SP3,KAT2B,CACNA2D2,MECOM,TMEM245,ADM,PKP2,NFATC3,MYO18B"
"TF","Factor: E2F-1; motif: NTTTTGGCGCCAWWWN; match class: 1","TF:M11533_1","1","0","8843","18","11","20093","PRDM16,HSPG2,NOS1AP,KAT2B,CACNA2D2,MON1A,MECOM,TMEM245,ADM,NFATC3,MYO18B"
"TF","Factor: E2F-1; motif: NTTTTGGCGCCAWWWN","TF:M11533","1","0","13337","18","13","20093","PRDM16,HSPG2,NOS1AP,SP3,KAT2B,CACNA2D2,MON1A,MECOM,PTP4A3,TMEM245,ADM,NFATC3,MYO18B"
"TF","Factor: E2F-1; motif: NNNNGGCGGGAARN; match class: 1","TF:M09892_1","1","0","9208","18","9","20093","PRDM16,HSPG2,NOS1AP,SP3,KAT2B,MECOM,TMEM245,ADM,PKP2"
"TF","Factor: E2F-1; motif: NNNNGGCGGGAARN","TF:M09892","1","0","13753","18","12","20093","PRDM16,HSPG2,NOS1AP,SP3,KAT2B,CACNA2D2,MECOM,TMEM245,ADM,PKP2,NFATC3,MYO18B"
"TF","Factor: E2F-1; motif: NGGGCGGGARV; match class: 1","TF:M07206_1","1","0","10913","18","10","20093","PRDM16,HSPG2,NOS1AP,SP3,KAT2B,CACNA2D2,MECOM,TMEM245,PKP2,NFATC3"
"TF","Factor: E2F-1; motif: NGGGCGGGARV","TF:M07206","1","0","14817","18","14","20093","PRDM16,HSPG2,NOS1AP,SP3,KAT2B,CACNA2D2,MECOM,PTP4A3,TMEM245,LDB3,ADM,PKP2,NFATC3,MYO18B"
"TF","Factor: E2F-1; motif: TTTGGCGCCAAA; match class: 1","TF:M04516_1","1","0","10375","18","13","20093","PRDM16,HSPG2,SP3,KAT2B,CACNA2D2,MON1A,MECOM,PTP4A3,TMEM245,ADM,PKP2,NFATC3,MYO18B"
"TF","Factor: E2F-1; motif: TTTGGCGCCAAA","TF:M04516","1","0","11549","18","14","20093","PRDM16,HSPG2,NOS1AP,SP3,KAT2B,CACNA2D2,MON1A,MECOM,PTP4A3,TMEM245,ADM,PKP2,NFATC3,MYO18B"
"TF","Factor: E2F-1; motif: WWTGGCGCCAAA; match class: 1","TF:M04515_1","1","0","12360","18","14","20093","PRDM16,HSPG2,NOS1AP,SP3,KAT2B,CACNA2D2,MON1A,MECOM,PTP4A3,TMEM245,ADM,PKP2,NFATC3,MYO18B"
"TF","Factor: E2F-1; motif: WWTGGCGCCAAA","TF:M04515","1","0","13548","18","14","20093","PRDM16,HSPG2,NOS1AP,SP3,KAT2B,CACNA2D2,MON1A,MECOM,PTP4A3,TMEM245,ADM,PKP2,NFATC3,MYO18B"
"TF","Factor: E2F-1:HES-7; motif: GGCRCGTGSYNNWNGGCGCSM; match class: 1","TF:M08525_1","1","0","15557","18","15","20093","PRDM16,HSPG2,NOS1AP,SP3,KAT2B,CACNA2D2,MECOM,PTP4A3,TMEM245,LDB3,ADM,CRYAB,PKP2,NFATC3,MYO18B"
"TF","Factor: E2F-1:HES-7; motif: GGCRCGTGSYNNWNGGCGCSM","TF:M08525","1","0","17455","18","16","20093","PRDM16,HSPG2,NOS1AP,SP3,KAT2B,CACNA2D2,MON1A,MECOM,PTP4A3,TMEM245,LDB3,ADM,CRYAB,PKP2,NFATC3,MYO18B"
"TF","Factor: E2F-1:TBR2; motif: NGGTGNNANGGCGCNNTNNCRNNN; match class: 1","TF:M08523_1","1","0","7435","18","6","20093","HSPG2,NOS1AP,CACNA2D2,MON1A,ADM,NFATC3"
"TF","Factor: E2F-1:TBR2; motif: NGGTGNNANGGCGCNNTNNCRNNN","TF:M08523","1","0","12352","18","11","20093","PRDM16,HSPG2,NOS1AP,CACNA2D2,MON1A,MECOM,TMEM245,ADM,PKP2,NFATC3,MYO18B"
"TF","Factor: E2F2; motif: AAAAATGGCGCCAAAAWG; match class: 1","TF:M03958_1","1","0","4346","18","3","20093","NOS1AP,SP3,ADM"
"TF","Factor: E2F2; motif: AAAAATGGCGCCAAAAWG","TF:M03958","1","0","11163","18","9","20093","PRDM16,HSPG2,NOS1AP,SP3,MON1A,PTP4A3,TMEM245,MYPN,ADM"
"TF","Factor: E2F-1; motif: NTTTCGCGCS; match class: 1","TF:M00940_1","1","0","2625","18","3","20093","SP3,MECOM,TMEM245"
"TF","Factor: E2F-1; motif: NTTTCGCGCS","TF:M00940","1","0","7913","18","8","20093","PRDM16,SP3,CACNA2D2,MECOM,TMEM245,ADM,NFATC3,MYO18B"
"TF","Factor: E2F-1; motif: TTTSGCGS; match class: 1","TF:M00431_1","1","0","2248","18","3","20093","SP3,MECOM,TMEM245"
"TF","Factor: E2F-1; motif: TTTSGCGS","TF:M00431","1","0","7363","18","8","20093","PRDM16,HSPG2,SP3,MON1A,MECOM,TMEM245,ADM,MYO18B"
"TF","Factor: E2F1; motif: NNNNNGCGSSAAAN; match class: 1","TF:M08874_1","1","0","2139","18","3","20093","SP3,MECOM,TMEM245"
"TF","Factor: E2F1; motif: NNNNNGCGSSAAAN","TF:M08874","1","0","7309","18","5","20093","PRDM16,SP3,MECOM,TMEM245,NFATC3"
"TF","Factor: E2F-1; motif: NNNSSCGCSAANN; match class: 1","TF:M07250_1","1","0","5491","18","8","20093","PRDM16,HSPG2,SP3,CACNA2D2,MON1A,MECOM,PTP4A3,TMEM245"
"TF","Factor: E2F-1; motif: NNNSSCGCSAANN","TF:M07250","1","0","10859","18","13","20093","PRDM16,HSPG2,NOS1AP,SP3,CACNA2D2,MON1A,MECOM,PTP4A3,TMEM245,ADM,PKP2,NFATC3,MYO18B"
"TF","Factor: E2F-1; motif: NTTSGCGG; match class: 1","TF:M00430_1","1","0","2500","18","2","20093","HSPG2,MON1A"
"TF","Factor: E2F-1; motif: NTTSGCGG","TF:M00430","1","0","8139","18","8","20093","PRDM16,HSPG2,CACNA2D2,MON1A,MECOM,PTP4A3,TMEM245,MYO18B"
"TF","Factor: E2F-1; motif: TTGGCGCGRAANNGNM; match class: 1","TF:M00938_1","1","0","2561","18","6","20093","HSPG2,NOS1AP,KAT2B,MECOM,TMEM245,NFATC3"
"TF","Factor: E2F-1; motif: TTGGCGCGRAANNGNM","TF:M00938","1","0","7313","18","11","20093","PRDM16,HSPG2,NOS1AP,KAT2B,MECOM,PTP4A3,TMEM245,LDB3,ADM,NFATC3,MYO18B"
"TF","Factor: E2F-1; motif: NKTSSCGC; match class: 1","TF:M00428_1","1","0","3602","18","5","20093","PRDM16,HSPG2,NOS1AP,TMEM245,NFATC3"
"TF","Factor: E2F-1; motif: NKTSSCGC","TF:M00428","1","0","9040","18","10","20093","PRDM16,HSPG2,NOS1AP,SP3,MON1A,MECOM,TMEM245,ADM,PKP2,NFATC3"
"TF","Factor: E2F-3:TBR2; motif: ANGTGYKANGGCGCSTTNNCRNNT; match class: 1","TF:M08207_1","1","0","15778","18","14","20093","PRDM16,HSPG2,NOS1AP,SP3,KAT2B,CACNA2D2,MON1A,PTP4A3,TMEM245,LDB3,ADM,PKP2,NFATC3,MYO18B"
"TF","Factor: E2F-3:TBR2; motif: ANGTGYKANGGCGCSTTNNCRNNT","TF:M08207","1","0","17375","18","15","20093","PRDM16,HSPG2,NOS1AP,SP3,KAT2B,CACNA2D2,MON1A,MECOM,PTP4A3,TMEM245,LDB3,ADM,PKP2,NFATC3,MYO18B"
"TF","Factor: E2F-3:Prrxl1; motif: SGCGCTAATTNN; match class: 1","TF:M08206_1","1","0","5162","18","3","20093","KAT2B,MON1A,ADM"
"TF","Factor: E2F-3:Prrxl1; motif: SGCGCTAATTNN","TF:M08206","1","0","12054","18","10","20093","HSPG2,NOS1AP,SP3,KAT2B,CACNA2D2,MON1A,MECOM,TMEM245,ADM,MYO18B"
"TF","Factor: E2F-2; motif: GCGCGCGCGYW; match class: 1","TF:M11531_1","1","0","12455","18","12","20093","PRDM16,HSPG2,NOS1AP,SP3,KAT2B,CACNA2D2,MECOM,TMEM245,LDB3,ADM,PKP2,NFATC3"
"TF","Factor: E2F-2; motif: GCGCGCGCGYW","TF:M11531","1","0","13423","18","12","20093","PRDM16,HSPG2,NOS1AP,SP3,KAT2B,CACNA2D2,MECOM,TMEM245,LDB3,ADM,PKP2,NFATC3"
"TF","Factor: E2F-2; motif: NWTTTGGCGCCAWWNN; match class: 1","TF:M11530_1","1","0","13628","18","14","20093","PRDM16,HSPG2,NOS1AP,SP3,KAT2B,CACNA2D2,MON1A,MECOM,PTP4A3,TMEM245,ADM,PKP2,NFATC3,MYO18B"
"TF","Factor: E2F-2; motif: NWTTTGGCGCCAWWNN","TF:M11530","1","0","14839","18","14","20093","PRDM16,HSPG2,NOS1AP,SP3,KAT2B,CACNA2D2,MON1A,MECOM,PTP4A3,TMEM245,ADM,PKP2,NFATC3,MYO18B"
"TF","Factor: E2F-2; motif: GCGCGCGCNCS; match class: 1","TF:M11529_1","1","0","14745","18","15","20093","PRDM16,HSPG2,NOS1AP,SP3,KAT2B,CACNA2D2,MON1A,MECOM,PTP4A3,TMEM245,LDB3,ADM,CRYAB,PKP2,NFATC3"
"TF","Factor: E2F-2; motif: GCGCGCGCNCS","TF:M11529","1","0","16598","18","15","20093","PRDM16,HSPG2,NOS1AP,SP3,KAT2B,CACNA2D2,MON1A,MECOM,PTP4A3,TMEM245,LDB3,ADM,CRYAB,PKP2,NFATC3"
"TF","Factor: E2F-2; motif: NTTTTGGCGCCAWWWN; match class: 1","TF:M11528_1","1","0","4849","18","8","20093","PRDM16,HSPG2,NOS1AP,KAT2B,MECOM,TMEM245,ADM,NFATC3"
"TF","Factor: E2F-2; motif: NTTTTGGCGCCAWWWN","TF:M11528","1","0","10597","18","13","20093","PRDM16,HSPG2,NOS1AP,SP3,KAT2B,MON1A,MECOM,PTP4A3,TMEM245,MYPN,ADM,NFATC3,MYO18B"
"TF","Factor: E2F2; motif: AAAATGGCGCCATTTT; match class: 1","TF:M04517_1","1","0","3615","18","4","20093","MON1A,MECOM,TMEM245,ADM"
"TF","Factor: E2F2; motif: AAAATGGCGCCATTTT","TF:M04517","1","0","9381","18","10","20093","PRDM16,NOS1AP,SP3,MON1A,MECOM,TMEM245,ADM,CRYAB,PKP2,NFATC3"
"TF","Factor: E2F2; motif: NNTTTTGGCGCCAAAAWN; match class: 1","TF:M03959_1","1","0","3031","18","2","20093","MECOM,TMEM245"
"TF","Factor: E2F2; motif: NNTTTTGGCGCCAAAAWN","TF:M03959","1","0","8368","18","5","20093","NOS1AP,SP3,MECOM,TMEM245,PKP2"
"TF","Factor: E2F3; motif: NNRGMKGGAR","TF:M12598","1","0","12627","18","9","20093","PRDM16,HSPG2,NOS1AP,SP3,KAT2B,CACNA2D2,MECOM,TMEM245,MYO18B"
"TF","Factor: E2F-3; motif: NTTTTGGCGCCAAAAN; match class: 1","TF:M11527_1","1","0","6847","18","7","20093","PRDM16,HSPG2,SP3,MECOM,TMEM245,ADM,NFATC3"
"TF","Factor: E2F-3; motif: NTTTTGGCGCCAAAAN","TF:M11527","1","0","7081","18","7","20093","PRDM16,HSPG2,SP3,MECOM,TMEM245,ADM,NFATC3"
"TF","Factor: E2F-3; motif: NTTTTGGCGCCAAAAN; match class: 1","TF:M11526_1","1","0","6939","18","6","20093","HSPG2,SP3,MECOM,TMEM245,ADM,NFATC3"
"TF","Factor: E2F-3; motif: NTTTTGGCGCCAAAAN","TF:M11526","1","0","7322","18","6","20093","HSPG2,SP3,MECOM,TMEM245,ADM,NFATC3"
"TF","Factor: E2F-3; motif: NNGGCGGGAAA","TF:M09893","1","0","6160","18","1","20093","SP3"
"TF","Factor: E2F-3; motif: NNTTTTGGCGCCAAAACT; match class: 1","TF:M03962_1","1","0","6667","18","6","20093","HSPG2,SP3,MECOM,TMEM245,ADM,NFATC3"
"TF","Factor: E2F-3; motif: NNTTTTGGCGCCAAAACT","TF:M03962","1","0","11310","18","8","20093","PRDM16,HSPG2,SP3,MECOM,TMEM245,ADM,PKP2,NFATC3"
"TF","Factor: E2F-3:T-bet; motif: AGGTGTNANGGCGCST; match class: 1","TF:M08529_1","1","0","4816","18","5","20093","HSPG2,NOS1AP,KAT2B,PKP2,NFATC3"
"TF","Factor: E2F-3:T-bet; motif: AGGTGTNANGGCGCST","TF:M08529","1","0","11615","18","9","20093","HSPG2,NOS1AP,SP3,KAT2B,MON1A,MECOM,LDB3,PKP2,NFATC3"
"TF","Factor: E2F-3:HES-7; motif: NNNSGCGCSNNNNNCRCGYGNN; match class: 1","TF:M08526_1","1","0","15272","18","15","20093","PRDM16,HSPG2,NOS1AP,SP3,KAT2B,CACNA2D2,MON1A,MECOM,PTP4A3,TMEM245,LDB3,ADM,PKP2,NFATC3,MYO18B"
"TF","Factor: E2F-3:HES-7; motif: NNNSGCGCSNNNNNCRCGYGNN","TF:M08526","1","0","17184","18","17","20093","PRDM16,HSPG2,NOS1AP,SP3,KAT2B,CACNA2D2,MON1A,MECOM,PTP4A3,TMEM245,MYPN,LDB3,ADM,CRYAB,PKP2,NFATC3,MYO18B"
"TF","Factor: E2F-3:FOXO6; motif: NAATGACACGCGCCCMC; match class: 1","TF:M08209_1","1","0","7849","18","12","20093","PRDM16,HSPG2,NOS1AP,SP3,KAT2B,CACNA2D2,MON1A,LDB3,ADM,CRYAB,PKP2,NFATC3"
"TF","Factor: E2F-3:FOXO6; motif: NAATGACACGCGCCCMC","TF:M08209","1","0","13918","18","15","20093","PRDM16,HSPG2,NOS1AP,SP3,KAT2B,CACNA2D2,MON1A,MECOM,TMEM245,LDB3,ADM,CRYAB,PKP2,NFATC3,MYO18B"
"TF","Factor: E2F-3:FOXI1; motif: NGACACCGCGCCCAC; match class: 1","TF:M08208_1","1","0","7158","18","7","20093","PRDM16,HSPG2,NOS1AP,CACNA2D2,MON1A,MECOM,MYO18B"
"TF","Factor: E2F-3:FOXI1; motif: NGACACCGCGCCCAC","TF:M08208","1","0","12746","18","14","20093","PRDM16,HSPG2,NOS1AP,SP3,KAT2B,CACNA2D2,MON1A,MECOM,TMEM245,LDB3,ADM,CRYAB,PKP2,MYO18B"
"TF","Factor: E2F-4; motif: SNGGGCGGGAANN; match class: 1","TF:M09894_1","1","0","14163","18","12","20093","PRDM16,HSPG2,NOS1AP,SP3,KAT2B,CACNA2D2,MON1A,MECOM,TMEM245,ADM,PKP2,NFATC3"
"TF","Factor: E2F-4; motif: SNGGGCGGGAANN","TF:M09894","1","0","16522","18","16","20093","PRDM16,HSPG2,NOS1AP,SP3,KAT2B,CACNA2D2,MON1A,MECOM,PTP4A3,TMEM245,MYPN,ADM,CRYAB,PKP2,NFATC3,MYO18B"
"TF","Factor: E2F-4; motif: NGGCGGGAARN; match class: 1","TF:M07084_1","1","0","5405","18","5","20093","PRDM16,NOS1AP,SP3,KAT2B,TMEM245"
"TF","Factor: E2F-4; motif: NGGCGGGAARN","TF:M07084","1","0","10953","18","9","20093","PRDM16,HSPG2,NOS1AP,SP3,KAT2B,CACNA2D2,TMEM245,PKP2,MYO18B"
"TF","Factor: E2F-4; motif: NNTTCCCGCCNN; match class: 1","TF:M04823_1","1","0","7867","18","6","20093","PRDM16,HSPG2,NOS1AP,SP3,KAT2B,TMEM245"
"TF","Factor: E2F-4; motif: NNTTCCCGCCNN","TF:M04823","1","0","12920","18","12","20093","PRDM16,HSPG2,NOS1AP,SP3,KAT2B,CACNA2D2,MECOM,TMEM245,ADM,PKP2,NFATC3,MYO18B"
"TF","Factor: E2F-4; motif: TTTGGCGCCAAA; match class: 1","TF:M04519_1","1","0","2587","18","2","20093","TMEM245,NFATC3"
"TF","Factor: E2F-4; motif: TTTGGCGCCAAA","TF:M04519","1","0","4965","18","5","20093","NOS1AP,SP3,TMEM245,ADM,NFATC3"
"TF","Factor: E2F-4; motif: AATGGCGCCAAA; match class: 1","TF:M04518_1","1","0","1088","18","2","20093","NOS1AP,MECOM"
"TF","Factor: E2F-4; motif: AATGGCGCCAAA","TF:M04518","1","0","5667","18","6","20093","NOS1AP,SP3,MECOM,PTP4A3,TMEM245,ADM"
"TF","Factor: E2F-4:DP-2; motif: TTTCSCGC","TF:M00739","1","0","5661","18","2","20093","SP3,TMEM245"
"TF","Factor: E2F-4:DP-1; motif: TTTSGCGC; match class: 1","TF:M00738_1","1","0","4050","18","4","20093","SP3,MECOM,TMEM245,NFATC3"
"TF","Factor: E2F-4:DP-1; motif: TTTSGCGC","TF:M00738","1","0","10028","18","11","20093","PRDM16,HSPG2,SP3,KAT2B,CACNA2D2,MON1A,MECOM,TMEM245,ADM,PKP2,NFATC3"
"TF","Factor: E2F-3; motif: GGCGGGN; match class: 1","TF:M02089_1","1","0","9478","18","12","20093","PRDM16,HSPG2,NOS1AP,SP3,KAT2B,CACNA2D2,MON1A,MECOM,TMEM245,ADM,PKP2,NFATC3"
"TF","Factor: E2F-3; motif: GGCGGGN","TF:M02089","1","0","13411","18","15","20093","PRDM16,HSPG2,NOS1AP,SP3,KAT2B,CACNA2D2,MON1A,MECOM,PTP4A3,TMEM245,MYPN,ADM,CRYAB,PKP2,NFATC3"
"TF","Factor: E2F3; motif: NNRGMKGGAR; match class: 1","TF:M12598_1","1","0","6968","18","7","20093","PRDM16,HSPG2,NOS1AP,SP3,KAT2B,MECOM,TMEM245"
"TF","Factor: E2F-8; motif: NNTTCCCGCCAAAW","TF:M11537","1","0","526","18","1","20093","HSPG2"
"TF","Factor: E2F-7; motif: GRGGCGGGAANNN; match class: 1","TF:M09896_1","1","0","4537","18","5","20093","PRDM16,NOS1AP,SP3,KAT2B,TMEM245"
"TF","Factor: E2F-7; motif: GRGGCGGGAANNN","TF:M09896","1","0","10067","18","10","20093","PRDM16,HSPG2,NOS1AP,SP3,KAT2B,MECOM,TMEM245,PKP2,NFATC3,MYO18B"
"TF","Factor: E2F6; motif: NNNGGCGGGAANN; match class: 1","TF:M12516_1","1","0","598","18","1","20093","KAT2B"
"TF","Factor: E2F6; motif: NNNGGCGGGAANN","TF:M12516","1","0","3801","18","2","20093","KAT2B,TMEM245"
"TF","Factor: E2F-6; motif: NGGGCGGGARRNN; match class: 1","TF:M09895_1","1","0","2694","18","5","20093","PRDM16,NOS1AP,SP3,KAT2B,TMEM245"
"TF","Factor: E2F-6; motif: NGGGCGGGARRNN","TF:M09895","1","0","7865","18","8","20093","PRDM16,HSPG2,NOS1AP,SP3,KAT2B,TMEM245,PKP2,MYO18B"
"TF","Factor: E2F-6; motif: CNTTTCNT","TF:M01252","1","0","2597","18","2","20093","PKP2,NFATC3"
"TF","Factor: E2F-4; motif: GCGGGAAANA; match class: 1","TF:M02090_1","1","0","6404","18","8","20093","PRDM16,HSPG2,NOS1AP,SP3,KAT2B,CACNA2D2,TMEM245,ADM"
"TF","Factor: E2F-4; motif: GCGGGAAANA","TF:M02090","1","0","12124","18","12","20093","PRDM16,HSPG2,NOS1AP,SP3,KAT2B,CACNA2D2,MECOM,TMEM245,ADM,PKP2,NFATC3,MYO18B"
"TF","Factor: E2F-4; motif: NTTTCSCGCC; match class: 1","TF:M07380_1","1","0","8003","18","10","20093","PRDM16,NOS1AP,SP3,KAT2B,PTP4A3,TMEM245,ADM,PKP2,NFATC3,MYO18B"
"TF","Factor: E2F-4; motif: NTTTCSCGCC","TF:M07380","1","0","13183","18","13","20093","PRDM16,HSPG2,NOS1AP,SP3,KAT2B,CACNA2D2,MECOM,PTP4A3,TMEM245,ADM,PKP2,NFATC3,MYO18B"
"TF","Factor: E2F4; motif: YCCCGCCNCNNSSNNSNN; match class: 1","TF:M12599_1","1","0","15969","18","14","20093","PRDM16,HSPG2,NOS1AP,SP3,KAT2B,CACNA2D2,MON1A,MECOM,PTP4A3,TMEM245,ADM,CRYAB,PKP2,NFATC3"
"TF","Factor: E2F4; motif: YCCCGCCNCNNSSNNSNN","TF:M12599","1","0","17539","18","16","20093","PRDM16,HSPG2,NOS1AP,SP3,KAT2B,CACNA2D2,MON1A,MECOM,PTP4A3,TMEM245,MYPN,ADM,CRYAB,PKP2,NFATC3,MYO18B"
"TF","Factor: E2F-4; motif: TTTTGGCGCCAWWN; match class: 1","TF:M11535_1","1","0","6619","18","7","20093","HSPG2,CACNA2D2,MECOM,TMEM245,ADM,NFATC3,MYO18B"
"TF","Factor: E2F-4; motif: TTTTGGCGCCAWWN","TF:M11535","1","0","11028","18","13","20093","PRDM16,HSPG2,NOS1AP,SP3,KAT2B,CACNA2D2,MON1A,MECOM,PTP4A3,TMEM245,ADM,NFATC3,MYO18B"
"TF","Factor: E2F; motif: NCSCGCSAAAN","TF:M00919","1","0","6273","18","6","20093","HSPG2,MON1A,MECOM,TMEM245,ADM,NFATC3"
"TF","Factor: E2F; motif: TTTSGCGS; match class: 1","TF:M00426_1","1","0","5865","18","7","20093","PRDM16,SP3,MON1A,MECOM,TMEM245,ADM,MYO18B"
"TF","Factor: E2F; motif: TTTSGCGS","TF:M00426","1","0","12161","18","12","20093","PRDM16,HSPG2,SP3,KAT2B,CACNA2D2,MON1A,MECOM,PTP4A3,TMEM245,ADM,NFATC3,MYO18B"
"TF","Factor: E2F; motif: TTTSGCGSG; match class: 1","TF:M00918_1","1","0","1266","18","1","20093","TMEM245"
"TF","Factor: E2F; motif: TTTSGCGSG","TF:M00918","1","0","5692","18","7","20093","PRDM16,HSPG2,KAT2B,MECOM,TMEM245,ADM,NFATC3"
"TF","Factor: E2F; motif: TTTCGCGC; match class: 1","TF:M00425_1","1","0","5380","18","8","20093","PRDM16,HSPG2,CACNA2D2,MON1A,MECOM,TMEM245,ADM,NFATC3"
"TF","Factor: E2F; motif: TTTCGCGC","TF:M00425","1","0","11291","18","12","20093","PRDM16,HSPG2,SP3,CACNA2D2,MON1A,MECOM,PTP4A3,TMEM245,LDB3,ADM,NFATC3,MYO18B"
"TF","Factor: E2F; motif: GGCGSG; match class: 1","TF:M00803_1","1","0","10260","18","10","20093","PRDM16,HSPG2,NOS1AP,SP3,KAT2B,CACNA2D2,TMEM245,ADM,PKP2,NFATC3"
"TF","Factor: E2F; motif: GGCGSG","TF:M00803","1","0","13350","18","14","20093","PRDM16,HSPG2,NOS1AP,SP3,KAT2B,CACNA2D2,MECOM,PTP4A3,TMEM245,LDB3,ADM,PKP2,NFATC3,MYO18B"
"TF","Factor: E2F-1; motif: TTTSGCGCGMNR; match class: 1","TF:M00516_1","1","0","2078","18","4","20093","HSPG2,MECOM,TMEM245,NFATC3"
"TF","Factor: E2F-1; motif: TTTSGCGCGMNR","TF:M00516","1","0","7036","18","8","20093","PRDM16,HSPG2,SP3,MON1A,MECOM,TMEM245,ADM,NFATC3"
"TF","Factor: E2F; motif: TTTSGCGC; match class: 1","TF:M00050_1","1","0","1908","18","1","20093","TMEM245"
"TF","Factor: E2F; motif: TTTSGCGC","TF:M00050","1","0","7210","18","10","20093","PRDM16,HSPG2,SP3,KAT2B,CACNA2D2,MON1A,MECOM,TMEM245,PKP2,NFATC3"
"TF","Factor: E2F-1; motif: TWSGCGCGAAAAYKR; match class: 1","TF:M00024_1","1","0","2704","18","2","20093","SP3,NFATC3"
"TF","Factor: E2F-1; motif: TWSGCGCGAAAAYKR","TF:M00024","1","0","9096","18","7","20093","PRDM16,HSPG2,SP3,MECOM,MYPN,CRYAB,NFATC3"
"TF","Factor: E2F8; motif: TTCCCGCCANNA","TF:M13044","1","0","1916","18","1","20093","HSPG2"
"TF","Factor: EBF; motif: KTCCCYWGRGA","TF:M00977","1","0","2345","18","1","20093","LDB3"
"TF","Factor: EBF1; motif: NNTCCCCAGGGGANN","TF:M12507","1","0","502","18","1","20093","LDB3"
"TF","Factor: COE1; motif: NRNYCCCWGGGGANN","TF:M09598","1","0","382","18","1","20093","LDB3"
"TF","Factor: EAR2; motif: NCTYTGACCTN","TF:M08805","1","0","1068","18","1","20093","PTP4A3"
"TF","Factor: EAR2; motif: YGNNCTTTGNCCTK","TF:M01728","1","0","6564","18","2","20093","PTP4A3,ADM"
"TF","Factor: E47; motif: NNNMRCAGGTGTTMNN","TF:M00071","1","0","1368","18","1","20093","CRYAB"
"TF","Factor: E47; motif: VSNGCAGGTGKNCNN","TF:M00002","1","0","2458","18","2","20093","CACNA2D2,NFATC3"
"TF","Factor: E2F; motif: NKCGCGCSAAAN; match class: 1","TF:M00920_1","1","0","1305","18","3","20093","HSPG2,MECOM,TMEM245"
"TF","Factor: E2F; motif: NKCGCGCSAAAN","TF:M00920","1","0","5783","18","5","20093","HSPG2,MECOM,TMEM245,ADM,NFATC3"
"TF","Factor: E2F; motif: TTTSGCGS; match class: 1","TF:M00427_1","1","0","3850","18","5","20093","PRDM16,SP3,MON1A,MECOM,TMEM245"
"TF","Factor: E2F; motif: TTTSGCGS","TF:M00427","1","0","9702","18","11","20093","PRDM16,HSPG2,SP3,CACNA2D2,MON1A,MECOM,PTP4A3,TMEM245,ADM,NFATC3,MYO18B"
"TF","Factor: E2F; motif: NNTTTCGCGCN; match class: 1","TF:M08875_1","1","0","1720","18","2","20093","SP3,MECOM"
"TF","Factor: E2F; motif: NNTTTCGCGCN","TF:M08875","1","0","6268","18","4","20093","SP3,MECOM,TMEM245,NFATC3"
"TF","Factor: E2F; motif: TTTSGCGSG; match class: 1","TF:M00939_1","1","0","1683","18","4","20093","HSPG2,MON1A,MECOM,TMEM245"
"TF","Factor: E2F; motif: TTTSGCGSG","TF:M00939","1","0","6554","18","7","20093","HSPG2,SP3,MON1A,MECOM,TMEM245,ADM,NFATC3"
"TF","Factor: E2F; motif: NCSCGCSAAAN; match class: 1","TF:M00919_1","1","0","1537","18","4","20093","HSPG2,MON1A,MECOM,TMEM245"
"TF","Factor: Egr-1; motif: NGCGTGCGY","TF:M04950","1","0","11068","18","7","20093","PRDM16,HSPG2,SP3,KAT2B,ADM,PKP2,NFATC3"
"TF","Factor: Egr-1; motif: ACCGCCC; match class: 1","TF:M04918_1","1","0","1281","18","3","20093","HSPG2,CACNA2D2,TMEM245"
"TF","Factor: Egr-1; motif: ACCGCCC","TF:M04918","1","0","5668","18","8","20093","PRDM16,HSPG2,NOS1AP,CACNA2D2,MON1A,PTP4A3,TMEM245,ADM"
"TF","Factor: Egr-1; motif: GCGCATGCG; match class: 1","TF:M04869_1","1","0","10295","18","12","20093","PRDM16,HSPG2,NOS1AP,SP3,KAT2B,CACNA2D2,MON1A,MECOM,TMEM245,ADM,PKP2,NFATC3"
"TF","Factor: Egr-1; motif: GCGCATGCG","TF:M04869","1","0","11344","18","13","20093","PRDM16,HSPG2,NOS1AP,SP3,KAT2B,CACNA2D2,MON1A,MECOM,TMEM245,LDB3,ADM,PKP2,NFATC3"
"TF","Factor: Egr-1; motif: CCGCCCMCG; match class: 1","TF:M04797_1","1","0","1558","18","4","20093","HSPG2,CACNA2D2,TMEM245,PKP2"
"TF","Factor: Egr-1; motif: CCGCCCMCG","TF:M04797","1","0","5144","18","8","20093","HSPG2,NOS1AP,KAT2B,CACNA2D2,MON1A,TMEM245,PKP2,NFATC3"
"TF","Factor: EGR1; motif: NACGCCCACGCANW; match class: 1","TF:M03896_1","1","0","2111","18","6","20093","PRDM16,HSPG2,KAT2B,CACNA2D2,MECOM,PKP2"
"TF","Factor: EGR1; motif: NACGCCCACGCANW","TF:M03896","1","0","6153","18","8","20093","PRDM16,HSPG2,NOS1AP,SP3,KAT2B,CACNA2D2,MECOM,PKP2"
"TF","Factor: EGR-1; motif: TGCGTGGGCGK; match class: 1","TF:M01972_1","1","0","1495","18","3","20093","HSPG2,KAT2B,PKP2"
"TF","Factor: EGR-1; motif: TGCGTGGGCGK","TF:M01972","1","0","5447","18","6","20093","HSPG2,NOS1AP,KAT2B,CACNA2D2,MECOM,PKP2"
"TF","Factor: Egr-1; motif: WTGCGTGGGCGK; match class: 1","TF:M00243_1","1","0","1280","18","2","20093","HSPG2,KAT2B"
"TF","Factor: Egr-1; motif: WTGCGTGGGCGK","TF:M00243","1","0","5423","18","6","20093","HSPG2,SP3,KAT2B,MECOM,CRYAB,NFATC3"
"TF","Factor: RFX1; motif: MRWYRCYAKGSAAM","TF:M00626","1","0","1357","18","2","20093","CACNA2D2,GNRHR"
"TF","Factor: Ebox; motif: NCACSTGNCN","TF:M01034","1","0","5015","18","1","20093","MON1A"
"TF","Factor: EBF; motif: KTCCCYWGRGA; match class: 1","TF:M00977_1","1","0","217","18","1","20093","LDB3"
"TF","Factor: EGR1; motif: NNMCGCCCACGCNN","TF:M12508","1","0","6496","18","8","20093","PRDM16,HSPG2,NOS1AP,SP3,KAT2B,CACNA2D2,PKP2,NFATC3"
"TF","Factor: Egr-1; motif: NNCRCCCMCGCNN; match class: 1","TF:M12140_1","1","0","1568","18","3","20093","HSPG2,KAT2B,PKP2"
"TF","Factor: Egr-1; motif: NNCRCCCMCGCNN","TF:M12140","1","0","5466","18","5","20093","HSPG2,NOS1AP,KAT2B,CACNA2D2,PKP2"
"TF","Factor: Egr-1; motif: NMCRCCCMCNCNN; match class: 1","TF:M12139_1","1","0","707","18","2","20093","KAT2B,PKP2"
"TF","Factor: Egr-1; motif: NMCRCCCMCNCNN","TF:M12139","1","0","3867","18","3","20093","KAT2B,PTP4A3,PKP2"
"TF","Factor: Egr-1; motif: NNNNGCGKGGGYGGNRN; match class: 1","TF:M09897_1","1","0","996","18","3","20093","HSPG2,KAT2B,PKP2"
"TF","Factor: Egr-1; motif: NNNNGCGKGGGYGGNRN","TF:M09897","1","0","4283","18","8","20093","HSPG2,KAT2B,CACNA2D2,MON1A,MECOM,CRYAB,PKP2,NFATC3"
"TF","Factor: EGR1; motif: NGNGKGGGYGGNGS; match class: 1","TF:M09761_1","1","0","1574","18","6","20093","HSPG2,KAT2B,CACNA2D2,MECOM,PKP2,NFATC3"
"TF","Factor: EGR1; motif: NGNGKGGGYGGNGS","TF:M09761","1","0","5270","18","8","20093","HSPG2,KAT2B,CACNA2D2,MON1A,MECOM,CRYAB,PKP2,NFATC3"
"TF","Factor: Egr-1; motif: NNNNNGYGKGGGNGGGNN","TF:M09603","1","0","4738","18","8","20093","HSPG2,SP3,KAT2B,CACNA2D2,MON1A,MECOM,CRYAB,PKP2"
"TF","Factor: Egr-1; motif: GCGTGGGCGT; match class: 1","TF:M07597_1","1","0","1338","18","1","20093","HSPG2"
"TF","Factor: Egr-1; motif: GCGTGGGCGT","TF:M07597","1","0","5897","18","4","20093","HSPG2,KAT2B,PKP2,MYO18B"
"TF","Factor: EGR1; motif: NCNCCGCCCCCGCN; match class: 1","TF:M07208_1","1","0","2217","18","7","20093","HSPG2,KAT2B,CACNA2D2,MECOM,CRYAB,PKP2,NFATC3"
"TF","Factor: EGR1; motif: NCNCCGCCCCCGCN","TF:M07208","1","0","6312","18","11","20093","HSPG2,NOS1AP,SP3,KAT2B,CACNA2D2,MON1A,MECOM,PTP4A3,CRYAB,PKP2,NFATC3"
"TF","Factor: Egr-1; motif: NGCGTGCGY; match class: 1","TF:M04950_1","1","0","5582","18","4","20093","HSPG2,KAT2B,ADM,PKP2"
"TF","Factor: EGR3; motif: NCMCRCCCACTNMN","TF:M08877","1","0","6317","18","7","20093","HSPG2,KAT2B,MON1A,MYPN,PKP2,NFATC3,MYO18B"
"TF","Factor: egr-3; motif: GTGGGY; match class: 1","TF:M03818_1","1","0","6899","18","5","20093","HSPG2,TMEM245,MYPN,CRYAB,NFATC3"
"TF","Factor: egr-3; motif: GTGGGY","TF:M03818","1","0","13752","18","12","20093","PRDM16,HSPG2,KAT2B,CACNA2D2,PTP4A3,TMEM245,MYPN,ADM,CRYAB,PKP2,NFATC3,MYO18B"
"TF","Factor: Egr-3; motif: NTGCGTGGGCGK; match class: 1","TF:M00245_1","1","0","2374","18","2","20093","HSPG2,ADM"
"TF","Factor: Egr-3; motif: NTGCGTGGGCGK","TF:M00245","1","0","7431","18","6","20093","PRDM16,HSPG2,KAT2B,MECOM,ADM,NFATC3"
"TF","Factor: Egr-2; motif: CCCMCNCN; match class: 1","TF:M02092_1","1","0","925","18","3","20093","CACNA2D2,PTP4A3,PKP2"
"TF","Factor: Egr-2; motif: CCCMCNCN","TF:M02092","1","0","5102","18","8","20093","KAT2B,CACNA2D2,MON1A,MECOM,PTP4A3,TMEM245,PKP2,MYO18B"
"TF","Factor: Egr-2; motif: NTGCGTRGGCGK; match class: 1","TF:M00246_1","1","0","1624","18","1","20093","HSPG2"
"TF","Factor: Egr-2; motif: NTGCGTRGGCGK","TF:M00246","1","0","6320","18","6","20093","HSPG2,KAT2B,MECOM,CRYAB,PKP2,NFATC3"
"TF","Factor: Egr-1; motif: GCGGGGGCGG; match class: 1","TF:M01873_1","1","0","2679","18","5","20093","HSPG2,KAT2B,CACNA2D2,PKP2,NFATC3"
"TF","Factor: Egr-1; motif: GCGGGGGCGG","TF:M01873","1","0","6833","18","10","20093","PRDM16,HSPG2,NOS1AP,SP3,KAT2B,CACNA2D2,MECOM,CRYAB,PKP2,NFATC3"
"TF","Factor: Egr-1; motif: GCGGGGGCGG; match class: 1","TF:M07354_1","1","0","3662","18","6","20093","PRDM16,HSPG2,KAT2B,CACNA2D2,PKP2,NFATC3"
"TF","Factor: Egr-1; motif: GCGGGGGCGG","TF:M07354","1","0","8010","18","11","20093","PRDM16,HSPG2,NOS1AP,SP3,KAT2B,CACNA2D2,MON1A,MECOM,CRYAB,PKP2,NFATC3"
"TF","Factor: EGR1; motif: NNMCGCCCACGCNN; match class: 1","TF:M12508_1","1","0","2239","18","4","20093","HSPG2,KAT2B,CACNA2D2,PKP2"
"TF","Factor: ELF1; motif: AACCCGGAAGTR; match class: 1","TF:M03966_1","1","0","1638","18","2","20093","NOS1AP,MYPN"
"TF","Factor: ELF1; motif: AACCCGGAAGTR","TF:M03966","1","0","6841","18","5","20093","HSPG2,NOS1AP,KAT2B,MYPN,MYO18B"
"TF","Factor: EKLF; motif: NGGGYGKGGCNNGG; match class: 1","TF:M09969_1","1","0","1501","18","3","20093","HSPG2,ADM,NFATC3"
"TF","Factor: EKLF; motif: NGGGYGKGGCNNGG","TF:M09969","1","0","4641","18","4","20093","HSPG2,ADM,PKP2,NFATC3"
"TF","Factor: EHF; motif: BTTCCTGC; match class: 1","TF:M07251_1","1","0","1200","18","2","20093","PTP4A3,TMEM245"
"TF","Factor: EHF; motif: BTTCCTGC","TF:M07251","1","0","6313","18","7","20093","NOS1AP,MON1A,PTP4A3,TMEM245,LDB3,CRYAB,MYO18B"
"TF","Factor: EHF; motif: NNCACTTCCTGNTNN","TF:M12540","1","0","1279","18","1","20093","MYPN"
"TF","Factor: ehf; motif: NNANSAGGAAGTNNN","TF:M09899","1","0","509","18","1","20093","MYPN"
"TF","Factor: EHF; motif: CSCGGAARTN; match class: 1","TF:M02052_1","1","0","4137","18","2","20093","KAT2B,PKP2"
"TF","Factor: EHF; motif: CSCGGAARTN","TF:M02052","1","0","10318","18","7","20093","NOS1AP,KAT2B,MECOM,PTP4A3,ADM,PKP2,NFATC3"
"TF","Factor: Egr; motif: GTGGGSGCRRS; match class: 1","TF:M00807_1","1","0","825","18","1","20093","CACNA2D2"
"TF","Factor: Egr; motif: GTGGGSGCRRS","TF:M00807","1","0","4484","18","7","20093","PRDM16,CACNA2D2,MECOM,PTP4A3,CRYAB,PKP2,NFATC3"
"TF","Factor: EGR; motif: CGCCCCCGCNN; match class: 1","TF:M08878_1","1","0","3227","18","6","20093","PRDM16,HSPG2,KAT2B,CACNA2D2,PKP2,NFATC3"
"TF","Factor: EGR; motif: CGCCCCCGCNN","TF:M08878","1","0","7596","18","9","20093","PRDM16,HSPG2,NOS1AP,SP3,KAT2B,CACNA2D2,CRYAB,PKP2,NFATC3"
"TF","Factor: EGR4; motif: NNMCGCCCACGCANNN; match class: 1","TF:M03899_1","1","0","222","18","1","20093","KAT2B"
"TF","Factor: EGR4; motif: NNMCGCCCACGCANNN","TF:M03899","1","0","2037","18","4","20093","HSPG2,NOS1AP,KAT2B,MECOM"
"TF","Factor: Elf-1; motif: NANSCGGAAGTR","TF:M11450","1","0","5845","18","4","20093","KAT2B,MECOM,PTP4A3,NFATC3"
"TF","Factor: Elf-1; motif: NANCCGGAAGTN; match class: 1","TF:M11449_1","1","0","736","18","1","20093","MYPN"
"TF","Factor: Elf-1; motif: NANCCGGAAGTN","TF:M11449","1","0","4514","18","1","20093","MYPN"
"TF","Factor: Elf-1; motif: NANGCGGAAGTN; match class: 1","TF:M11448_1","1","0","2407","18","2","20093","KAT2B,PTP4A3"
"TF","Factor: Elf-1; motif: NANGCGGAAGTN","TF:M11448","1","0","7808","18","6","20093","NOS1AP,SP3,KAT2B,MECOM,PTP4A3,LDB3"
"TF","Factor: Elf-1; motif: NAMCCGGAAGTN; match class: 1","TF:M11447_1","1","0","2652","18","3","20093","KAT2B,MECOM,PTP4A3"
"TF","Factor: Elf-1; motif: NAMCCGGAAGTN","TF:M11447","1","0","8011","18","6","20093","NOS1AP,KAT2B,MECOM,PTP4A3,PKP2,NFATC3"
"TF","Factor: Elf-1; motif: RANSMGGAAGTR","TF:M11446","1","0","3083","18","2","20093","KAT2B,MYPN"
"TF","Factor: Elf-1; motif: NANCAGGAAGTR","TF:M11445","1","0","1806","18","1","20093","MYPN"
"TF","Factor: Elf-1; motif: NNANCCGGAAGTGS","TF:M09900","1","0","5495","18","4","20093","KAT2B,PTP4A3,MYPN,PKP2"
"TF","Factor: Elf-1; motif: NAANCMGGAAGTGN; match class: 1","TF:M09605_1","1","0","1355","18","1","20093","PTP4A3"
"TF","Factor: Elf-1; motif: NAANCMGGAAGTGN","TF:M09605","1","0","6096","18","5","20093","SP3,MECOM,PTP4A3,MYPN,PKP2"
"TF","Factor: Elf-1; motif: AWCCCGGAAGTN; match class: 1","TF:M07415_1","1","0","2456","18","1","20093","MYPN"
"TF","Factor: Elf-1; motif: AWCCCGGAAGTN","TF:M07415","1","0","8286","18","7","20093","NOS1AP,SP3,MECOM,PTP4A3,MYPN,PKP2,NFATC3"
"TF","Factor: Elf-1; motif: NRANCMGGAAGTG","TF:M07087","1","0","2375","18","2","20093","SP3,MYPN"
"TF","Factor: Elf-1; motif: ACTTCCGGG","TF:M04714","1","0","8099","18","7","20093","NOS1AP,SP3,KAT2B,MECOM,PTP4A3,PKP2,NFATC3"
"TF","Factor: ELF3; motif: WACCCGGAAGTAN","TF:M03967","1","0","5643","18","4","20093","NOS1AP,KAT2B,MYPN,NFATC3"
"TF","Factor: nerf; motif: AANCMGGAAGTR","TF:M11458","1","0","553","18","1","20093","MYPN"
"TF","Factor: nerf; motif: NRRNSCGGAAGNRNNNN; match class: 1","TF:M09606_1","1","0","1733","18","2","20093","MECOM,PTP4A3"
"TF","Factor: nerf; motif: NRRNSCGGAAGNRNNNN","TF:M09606","1","0","6477","18","5","20093","KAT2B,MECOM,PTP4A3,ADM,PKP2"
"TF","Factor: Elf-1; motif: RNWMBAGGAART","TF:M00746","1","0","3471","18","2","20093","HSPG2,SP3"
"TF","Factor: Elf-1; motif: AGGAAG; match class: 1","TF:M01266_1","1","0","14064","18","14","20093","PRDM16,NOS1AP,SP3,KAT2B,GNRHR,PTP4A3,TMEM245,MYPN,LDB3,ADM,CRYAB,PKP2,NFATC3,MYO18B"
"TF","Factor: Elf-1; motif: AGGAAG","TF:M01266","1","0","18200","18","16","20093","PRDM16,NOS1AP,SP3,KAT2B,CACNA2D2,MON1A,GNRHR,PTP4A3,TMEM245,MYPN,LDB3,ADM,CRYAB,PKP2,NFATC3,MYO18B"
"TF","Factor: Elf-1; motif: NNCAGGAAGNNN","TF:M07417","1","0","1865","18","3","20093","NOS1AP,SP3,MYPN"
"TF","Factor: ELF1; motif: NNNASCCGGAAGTGGNNNN; match class: 1","TF:M12600_1","1","0","3268","18","3","20093","KAT2B,MECOM,PTP4A3"
"TF","Factor: ELF1; motif: NNNASCCGGAAGTGGNNNN","TF:M12600","1","0","8922","18","6","20093","KAT2B,MECOM,PTP4A3,ADM,PKP2,NFATC3"
"TF","Factor: ELF1; motif: NNNCAGGAAGTGNN","TF:M12517","1","0","1894","18","1","20093","MYPN"
"TF","Factor: Elf-1; motif: NANGCGGAAGTR; match class: 1","TF:M11452_1","1","0","1762","18","2","20093","KAT2B,PTP4A3"
"TF","Factor: Elf-1; motif: NANGCGGAAGTR","TF:M11452","1","0","6474","18","5","20093","SP3,KAT2B,MECOM,PTP4A3,LDB3"
"TF","Factor: Elf-1; motif: NANCCGGAAGTN; match class: 1","TF:M11451_1","1","0","2161","18","1","20093","PTP4A3"
"TF","Factor: Elf-1; motif: NANCCGGAAGTN","TF:M11451","1","0","7179","18","5","20093","KAT2B,MECOM,PTP4A3,PKP2,NFATC3"
"TF","Factor: Elf-1; motif: NANSCGGAAGTR; match class: 1","TF:M11450_1","1","0","1359","18","2","20093","KAT2B,PTP4A3"
"TF","Factor: Elf5; motif: WNAAGGAARTW","TF:M01197","1","0","2163","18","2","20093","MYPN,NFATC3"
"TF","Factor: ELF4; motif: NCCACTTCCGGNNNN; match class: 1","TF:M12601_1","1","0","1637","18","1","20093","KAT2B"
"TF","Factor: ELF4; motif: NCCACTTCCGGNNNN","TF:M12601","1","0","6070","18","4","20093","KAT2B,MECOM,PTP4A3,PKP2"
"TF","Factor: ELFR; motif: AAMCAGGAAGTR","TF:M11453","1","0","537","18","1","20093","MYPN"
"TF","Factor: ELF4; motif: NCCGGAARTN","TF:M02056","1","0","5475","18","4","20093","NOS1AP,SP3,KAT2B,PKP2"
"TF","Factor: ELF3; motif: NNCCACTTCCTGNN","TF:M12544","1","0","1582","18","1","20093","MYPN"
"TF","Factor: ESE-1; motif: ACCCGGAAGTRNNNNNNNWWWWW","TF:M11384","1","0","2176","18","1","20093","MYPN"
"TF","Factor: ESE-1; motif: ACCAGGAAGTANNNNNNNAAWAA; match class: 1","TF:M11383_1","1","0","315","18","1","20093","MYPN"
"TF","Factor: ESE-1; motif: ACCAGGAAGTANNNNNNNAAWAA","TF:M11383","1","0","2973","18","2","20093","MYPN,NFATC3"
"TF","Factor: ESE-1; motif: NWTRCGGAWGCN; match class: 1","TF:M11382_1","1","0","4227","18","2","20093","KAT2B,PTP4A3"
"TF","Factor: ESE-1; motif: NWTRCGGAWGCN","TF:M11382","1","0","10585","18","8","20093","NOS1AP,SP3,KAT2B,MECOM,PTP4A3,LDB3,ADM,NFATC3"
"TF","Factor: ESE-1; motif: SATKGCGGATGCN; match class: 1","TF:M11381_1","1","0","5944","18","7","20093","PRDM16,SP3,KAT2B,MON1A,PTP4A3,ADM,MYO18B"
"TF","Factor: ESE-1; motif: SATKGCGGATGCN","TF:M11381","1","0","12842","18","12","20093","PRDM16,HSPG2,NOS1AP,SP3,KAT2B,MON1A,MECOM,GNRHR,PTP4A3,ADM,PKP2,MYO18B"
"TF","Factor: ESE-1; motif: ACCCGGAAGTRNNNNNNNNWWWW","TF:M11379","1","0","3341","18","2","20093","MYPN,NFATC3"
"TF","Factor: ESE-1; motif: ACMAGGAAGTANNNNNNNWWAWW","TF:M11378","1","0","2684","18","3","20093","MYPN,ADM,NFATC3"
"TF","Factor: ELF3; motif: WACCCGGAAGTAN; match class: 1","TF:M03967_1","1","0","1092","18","1","20093","MYPN"
"TF","Factor: Elk-1:HOXA1; motif: ACCGGAAGTAATTA; match class: 1","TF:M08451_1","1","0","2680","18","2","20093","NOS1AP,KAT2B"
"TF","Factor: Elk-1:HOXA1; motif: ACCGGAAGTAATTA","TF:M08451","1","0","8669","18","6","20093","NOS1AP,KAT2B,TMEM245,PKP2,NFATC3,MYO18B"
"TF","Factor: Elk-1:FOXI1; motif: ACCGGAAGTRTMAACAN; match class: 1","TF:M08216_1","1","0","1799","18","3","20093","MECOM,GNRHR,MYO18B"
"TF","Factor: Elk-1:FOXI1; motif: ACCGGAAGTRTMAACAN","TF:M08216","1","0","7329","18","9","20093","HSPG2,NOS1AP,MECOM,GNRHR,TMEM245,MYPN,PKP2,NFATC3,MYO18B"
"TF","Factor: Elk-1:EVX1; motif: NNCGGWAATNNYMATTA","TF:M08215","1","0","6775","18","4","20093","TMEM245,ADM,PKP2,NFATC3"
"TF","Factor: Elk-1:ETV7; motif: ANSCGGACGGATDTCCGGNT; match class: 1","TF:M08214_1","1","0","2300","18","3","20093","PRDM16,SP3,NFATC3"
"TF","Factor: Elk-1:ETV7; motif: ANSCGGACGGATDTCCGGNT","TF:M08214","1","0","8059","18","8","20093","PRDM16,HSPG2,SP3,TMEM245,LDB3,ADM,PKP2,NFATC3"
"TF","Factor: Elk-1:TBR2; motif: TNRCACCGGAAGN","TF:M08213","1","0","6456","18","2","20093","KAT2B,PTP4A3"
"TF","Factor: ELF1; motif: NCCGGAARTN; match class: 1","TF:M02053_1","1","0","1593","18","1","20093","PKP2"
"TF","Factor: ELF1; motif: NCCGGAARTN","TF:M02053","1","0","6228","18","4","20093","NOS1AP,SP3,KAT2B,PKP2"
"TF","Factor: elf5; motif: NNNNMGGAAGTN","TF:M11387","1","0","2761","18","1","20093","MYPN"
"TF","Factor: elf5; motif: AANNAGGAAGTR","TF:M11386","1","0","735","18","1","20093","MYPN"
"TF","Factor: elf5; motif: NNNANSAGGAAGTNN","TF:M09903","1","0","1338","18","1","20093","MYPN"
"TF","Factor: ELF5; motif: ANSMGGAAGTN","TF:M03969","1","0","3527","18","1","20093","MYPN"
"TF","Factor: Elf5; motif: CSMGGAARNN; match class: 1","TF:M02057_1","1","0","3616","18","1","20093","PKP2"
"TF","Factor: Elf5; motif: CSMGGAARNN","TF:M02057","1","0","10590","18","11","20093","PRDM16,SP3,KAT2B,CACNA2D2,MECOM,PTP4A3,TMEM245,ADM,CRYAB,PKP2,NFATC3"
"TF","Factor: Elk-1:SREBP-2; motif: RTCACGTGACCGGAAGN","TF:M08229","1","0","9699","18","6","20093","MECOM,GNRHR,PTP4A3,LDB3,ADM,MYO18B"
"TF","Factor: Elk-1:PDEF; motif: NCMGGAMGGANATCCGGN; match class: 1","TF:M08227_1","1","0","2638","18","3","20093","PRDM16,SP3,NFATC3"
"TF","Factor: Elk-1:PDEF; motif: NCMGGAMGGANATCCGGN","TF:M08227","1","0","8527","18","8","20093","PRDM16,HSPG2,SP3,TMEM245,LDB3,ADM,PKP2,NFATC3"
"TF","Factor: Elk-1:Pax-9; motif: ACCGGAACYACGCWYSANTG; match class: 1","TF:M08226_1","1","0","5658","18","2","20093","MON1A,PKP2"
"TF","Factor: Elk-1:Pax-9; motif: ACCGGAACYACGCWYSANTG","TF:M08226","1","0","12192","18","13","20093","NOS1AP,SP3,KAT2B,CACNA2D2,MON1A,GNRHR,PTP4A3,TMEM245,MYPN,ADM,PKP2,NFATC3,MYO18B"
"TF","Factor: Elk-1:Pax-5; motif: ACCGGAACYACGCWTSANYG; match class: 1","TF:M08225_1","1","0","8128","18","7","20093","NOS1AP,SP3,CACNA2D2,MON1A,MECOM,TMEM245,PKP2"
"TF","Factor: Elk-1:Pax-5; motif: ACCGGAACYACGCWTSANYG","TF:M08225","1","0","14230","18","13","20093","PRDM16,NOS1AP,SP3,KAT2B,CACNA2D2,MON1A,MECOM,GNRHR,PTP4A3,TMEM245,ADM,PKP2,MYO18B"
"TF","Factor: Elk-1:Pax-1; motif: ACCGGAACTACGCWTSANTG","TF:M08224","1","0","9061","18","9","20093","NOS1AP,KAT2B,MON1A,MECOM,PTP4A3,TMEM245,MYPN,PKP2,MYO18B"
"TF","Factor: Elk-1:OC-2; motif: RCCGGAASCGATCGATNN; match class: 1","TF:M08223_1","1","0","5948","18","3","20093","NOS1AP,KAT2B,MYO18B"
"TF","Factor: Elk-1:OC-2; motif: RCCGGAASCGATCGATNN","TF:M08223","1","0","12953","18","11","20093","PRDM16,NOS1AP,KAT2B,MON1A,MECOM,LDB3,ADM,CRYAB,PKP2,NFATC3,MYO18B"
"TF","Factor: Elk-1:HOXB13; motif: ACCGGAAGTNGTAAAN; match class: 1","TF:M08222_1","1","0","2135","18","4","20093","KAT2B,MON1A,MECOM,MYPN"
"TF","Factor: Elk-1:HOXB13; motif: ACCGGAAGTNGTAAAN","TF:M08222","1","0","7903","18","6","20093","KAT2B,MON1A,MECOM,MYPN,ADM,MYO18B"
"TF","Factor: Elk-1:HOXA3; motif: NCCGGAAATKR; match class: 1","TF:M08221_1","1","0","3844","18","4","20093","SP3,CACNA2D2,PKP2,NFATC3"
"TF","Factor: Elk-1:HOXA3; motif: NCCGGAAATKR","TF:M08221","1","0","10572","18","8","20093","NOS1AP,SP3,KAT2B,CACNA2D2,ADM,PKP2,NFATC3,MYO18B"
"TF","Factor: Elk-1:HOXA3; motif: ACCGGWAATKRNNTNWCNNATTAN; match class: 1","TF:M08220_1","1","0","5505","18","2","20093","NOS1AP,NFATC3"
"TF","Factor: Elk-1:HOXA3; motif: ACCGGWAATKRNNTNWCNNATTAN","TF:M08220","1","0","12458","18","5","20093","NOS1AP,ADM,CRYAB,NFATC3,MYO18B"
"TF","Factor: ELK1; motif: NACTTCCGSCGGAAGYN; match class: 1","TF:M03971_1","1","0","7205","18","8","20093","PRDM16,SP3,KAT2B,CACNA2D2,MON1A,MECOM,LDB3,ADM"
"TF","Factor: ELK1; motif: NACTTCCGSCGGAAGYN","TF:M03971","1","0","11438","18","13","20093","PRDM16,NOS1AP,SP3,KAT2B,CACNA2D2,MON1A,MECOM,TMEM245,LDB3,ADM,CRYAB,PKP2,MYO18B"
"TF","Factor: ELK1; motif: ACCGGAAGTN","TF:M03970","1","0","5033","18","2","20093","PTP4A3,MYPN"
"TF","Factor: ELK-1; motif: ACCGGAAGTN; match class: 1","TF:M02059_1","1","0","3861","18","4","20093","KAT2B,MECOM,PTP4A3,PKP2"
"TF","Factor: ELK-1; motif: ACCGGAAGTN","TF:M02059","1","0","9735","18","7","20093","NOS1AP,SP3,KAT2B,MECOM,PTP4A3,PKP2,NFATC3"
"TF","Factor: Elk-1; motif: RACCGGAAGTR; match class: 1","TF:M01165_1","1","0","2276","18","2","20093","MECOM,PTP4A3"
"TF","Factor: Elk-1; motif: RACCGGAAGTR","TF:M01165","1","0","8018","18","6","20093","SP3,KAT2B,MECOM,PTP4A3,TMEM245,MYPN"
"TF","Factor: Elk-1; motif: AACCGGAAGTR","TF:M01163","1","0","5520","18","3","20093","PTP4A3,TMEM245,MYPN"
"TF","Factor: Elk-1; motif: NNNNCCGGAARTNN; match class: 1","TF:M00025_1","1","0","4544","18","1","20093","NFATC3"
"TF","Factor: Elk-1; motif: NNNNCCGGAARTNN","TF:M00025","1","0","10302","18","9","20093","NOS1AP,SP3,KAT2B,MECOM,PTP4A3,LDB3,PKP2,NFATC3,MYO18B"
"TF","Factor: Elk-1; motif: NAAACMGGAAGTNCVH; match class: 1","TF:M00007_1","1","0","1163","18","1","20093","PTP4A3"
"TF","Factor: Elk-1; motif: NAAACMGGAAGTNCVH","TF:M00007","1","0","6058","18","5","20093","SP3,CACNA2D2,GNRHR,PTP4A3,MYPN"
"TF","Factor: Elk-1:TEF; motif: RCCGGAAGTTACGTAAN","TF:M08232","1","0","6433","18","8","20093","NOS1AP,MON1A,PTP4A3,TMEM245,MYPN,ADM,PKP2,NFATC3"
"TF","Factor: Elk-1:T-bet; motif: TCACACCGGAAGNN; match class: 1","TF:M08231_1","1","0","1653","18","1","20093","PTP4A3"
"TF","Factor: Elk-1:T-bet; motif: TCACACCGGAAGNN","TF:M08231","1","0","6830","18","2","20093","KAT2B,PTP4A3"
"TF","Factor: Elk-1:SREBP-2; motif: RTCACGTGACCGGAAGN; match class: 1","TF:M08229_1","1","0","3140","18","1","20093","MYO18B"
"TF","Factor: SAP-1; motif: NTCGTAAATGCN; match class: 1","TF:M11438_1","1","0","1223","18","1","20093","NOS1AP"
"TF","Factor: SAP-1; motif: NTCGTAAATGCN","TF:M11438","1","0","6033","18","5","20093","NOS1AP,SP3,MECOM,ADM,PKP2"
"TF","Factor: SAP-1; motif: NNCCGGAAGTGN","TF:M09905","1","0","8573","18","8","20093","NOS1AP,SP3,KAT2B,MECOM,PTP4A3,PKP2,NFATC3,MYO18B"
"TF","Factor: SAP-1; motif: ACCGGAAGTNN","TF:M09607","1","0","4938","18","2","20093","KAT2B,MYPN"
"TF","Factor: Elk-1; motif: GGAAGN; match class: 1","TF:M03819_1","1","0","7704","18","5","20093","HSPG2,KAT2B,GNRHR,MYPN,NFATC3"
"TF","Factor: Elk-1; motif: GGAAGN","TF:M03819","1","0","14575","18","12","20093","PRDM16,HSPG2,NOS1AP,KAT2B,CACNA2D2,MECOM,GNRHR,PTP4A3,MYPN,CRYAB,NFATC3,MYO18B"
"TF","Factor: Elk-1; motif: CTTCCKG; match class: 1","TF:M07252_1","1","0","3776","18","5","20093","NOS1AP,SP3,PTP4A3,TMEM245,LDB3"
"TF","Factor: Elk-1; motif: CTTCCKG","TF:M07252","1","0","10654","18","11","20093","NOS1AP,SP3,KAT2B,CACNA2D2,MON1A,PTP4A3,TMEM245,MYPN,LDB3,CRYAB,MYO18B"
"TF","Factor: Elk-1; motif: NNCCGGAAGTN; match class: 1","TF:M11435_1","1","0","5866","18","6","20093","NOS1AP,SP3,KAT2B,MECOM,PTP4A3,PKP2"
"TF","Factor: Elk-1; motif: NNCCGGAAGTN","TF:M11435","1","0","11974","18","10","20093","NOS1AP,SP3,KAT2B,MECOM,PTP4A3,LDB3,ADM,PKP2,NFATC3,MYO18B"
"TF","Factor: Elk-1; motif: NRSCGGAAGNN; match class: 1","TF:M11434_1","1","0","3008","18","3","20093","KAT2B,MECOM,PTP4A3"
"TF","Factor: Elk-1; motif: NRSCGGAAGNN","TF:M11434","1","0","8501","18","5","20093","KAT2B,MECOM,PTP4A3,LDB3,PKP2"
"TF","Factor: Elk-1; motif: NRCCGGAAGTN","TF:M11433","1","0","7982","18","5","20093","MECOM,PTP4A3,TMEM245,MYPN,PKP2"
"TF","Factor: Elk-1; motif: NACMGGAAGTN; match class: 1","TF:M11432_1","1","0","1606","18","1","20093","PTP4A3"
"TF","Factor: Elk-1; motif: NACMGGAAGTN","TF:M11432","1","0","6446","18","4","20093","SP3,MECOM,PTP4A3,MYPN"
"TF","Factor: Elk-1; motif: RCCGGAAGTGN","TF:M09904","1","0","8486","18","5","20093","KAT2B,MECOM,PTP4A3,MYPN,PKP2"
"TF","Factor: EOS; motif: TGGTTATM; match class: 1","TF:M05546_1","1","0","9","18","1","20093","MYO18B"
"TF","Factor: EOS; motif: TGGTTATM","TF:M05546","1","0","527","18","1","20093","MYO18B"
"TF","Factor: TBR2; motif: NAGGTGTGAN","TF:M12018","1","0","1229","18","1","20093","TMEM245"
"TF","Factor: TBR2; motif: NAGGTGTGAN","TF:M12017","1","0","1330","18","1","20093","TMEM245"
"TF","Factor: EN2; motif: NSYAATTA","TF:M13013","1","0","1850","18","1","20093","KAT2B"
"TF","Factor: En-2; motif: NTCRTTARN; match class: 1","TF:M10858_1","1","0","3467","18","2","20093","TMEM245,MYPN"
"TF","Factor: En-2; motif: NTCRTTARN","TF:M10858","1","0","9609","18","9","20093","NOS1AP,KAT2B,MON1A,MECOM,TMEM245,MYPN,ADM,PKP2,NFATC3"
"TF","Factor: EN2; motif: NNYAATTANN","TF:M04318","1","0","2047","18","1","20093","KAT2B"
"TF","Factor: En-1; motif: VTCRTTAN; match class: 1","TF:M10861_1","1","0","484","18","1","20093","TMEM245"
"TF","Factor: En-1; motif: VTCRTTAN","TF:M10861","1","0","3831","18","1","20093","TMEM245"
"TF","Factor: En-1; motif: NYAATTAN","TF:M10860","1","0","657","18","2","20093","KAT2B,NFATC3"
"TF","Factor: EN1; motif: TAATTRSNYAATTA","TF:M04317","1","0","2760","18","3","20093","PRDM16,KAT2B,GNRHR"
"TF","Factor: Emx-2; motif: YTAATTAN","TF:M10673","1","0","3555","18","2","20093","NOS1AP,MECOM"
"TF","Factor: EMX1; motif: NNTAATKANN","TF:M07988","1","0","3867","18","2","20093","NOS1AP,MECOM"
"TF","Factor: EMX1; motif: NNTAATTANN; match class: 1","TF:M04312_1","1","0","1205","18","1","20093","NOS1AP"
"TF","Factor: EMX1; motif: NNTAATTANN","TF:M04312","1","0","3056","18","1","20093","NOS1AP"
"TF","Factor: ER81; motif: NACCGGAAGTN","TF:M11420","1","0","3397","18","2","20093","PTP4A3,MYPN"
"TF","Factor: ER81; motif: NNCCGGAWGYN; match class: 1","TF:M11419_1","1","0","1634","18","2","20093","MECOM,PTP4A3"
"TF","Factor: ER81; motif: NNCCGGAWGYN","TF:M11419","1","0","6299","18","3","20093","MECOM,PTP4A3,PKP2"
"TF","Factor: ER81; motif: NRCMGGAWGNN; match class: 1","TF:M11418_1","1","0","595","18","1","20093","PTP4A3"
"TF","Factor: ER81; motif: NRCMGGAWGNN","TF:M11418","1","0","4174","18","4","20093","SP3,KAT2B,PTP4A3,MYPN"
"TF","Factor: ER81; motif: NNCCGGAAGYG","TF:M09913","1","0","2999","18","2","20093","PTP4A3,PKP2"
"TF","Factor: ER81; motif: NNNGRCMGGAAGYRNNNNNNNS","TF:M09611","1","0","2757","18","1","20093","MECOM"
"TF","Factor: ER81; motif: RCCGGAARYN; match class: 1","TF:M02065_1","1","0","6911","18","6","20093","NOS1AP,KAT2B,MECOM,PTP4A3,PKP2,MYO18B"
"TF","Factor: ER81; motif: RCCGGAARYN","TF:M02065","1","0","12842","18","10","20093","NOS1AP,SP3,KAT2B,CACNA2D2,MECOM,PTP4A3,LDB3,PKP2,NFATC3,MYO18B"
"TF","Factor: ER71; motif: AANAACAGGAARNN","TF:M08879","1","0","1062","18","2","20093","MON1A,MYPN"
"TF","Factor: ER71; motif: CWTCCTGT","TF:M07282","1","0","2867","18","4","20093","SP3,KAT2B,PTP4A3,MYPN"
"TF","Factor: ER71; motif: NNARRCAGGAARYRGN","TF:M09914","1","0","606","18","2","20093","SP3,MYPN"
"TF","Factor: ER71; motif: ACCGGAARYN; match class: 1","TF:M02067_1","1","0","1667","18","1","20093","PTP4A3"
"TF","Factor: ER71; motif: ACCGGAARYN","TF:M02067","1","0","6168","18","3","20093","NOS1AP,MECOM,PTP4A3"
"TF","Factor: p300; motif: ACNTCCG; match class: 1","TF:M04826_1","1","0","15523","18","14","20093","PRDM16,HSPG2,NOS1AP,SP3,KAT2B,CACNA2D2,MON1A,MECOM,PTP4A3,TMEM245,ADM,PKP2,NFATC3,MYO18B"
"TF","Factor: p300; motif: ACNTCCG","TF:M04826","1","0","18158","18","16","20093","PRDM16,HSPG2,NOS1AP,SP3,KAT2B,CACNA2D2,MON1A,MECOM,GNRHR,PTP4A3,TMEM245,ADM,CRYAB,PKP2,NFATC3,MYO18B"
"TF","Factor: ERF:FOXO1A; motif: RTMAACAGGAARNS; match class: 1","TF:M08241_1","1","0","2130","18","3","20093","MECOM,PTP4A3,MYPN"
"TF","Factor: ERF:FOXO1A; motif: RTMAACAGGAARNS","TF:M08241","1","0","8157","18","9","20093","SP3,KAT2B,MON1A,MECOM,PTP4A3,MYPN,CRYAB,NFATC3,MYO18B"
"TF","Factor: ERF:FOXI1; motif: RNAAACMGGAARTN","TF:M08239","1","0","2273","18","3","20093","SP3,KAT2B,MYPN"
"TF","Factor: ERF:Dlx-3; motif: NNCGGAANNNNNNNATTN; match class: 1","TF:M08534_1","1","0","499","18","2","20093","GNRHR,NFATC3"
"TF","Factor: ERF:Dlx-3; motif: NNCGGAANNNNNNNATTN","TF:M08534","1","0","3956","18","6","20093","PRDM16,SP3,KAT2B,GNRHR,NFATC3,MYO18B"
"TF","Factor: ERF:Dlx-2; motif: NNMGGAARTNRNYMATTA","TF:M08532","1","0","372","18","1","20093","PRDM16"
"TF","Factor: ERF:C/EBPdelta; motif: NNCGGAWRTTGCGCAAY","TF:M08233","1","0","6012","18","6","20093","CACNA2D2,MON1A,MECOM,PTP4A3,TMEM245,MYO18B"
"TF","Factor: ER-beta; motif: ANNSTGACCYRGNN; match class: 1","TF:M03821_1","1","0","1391","18","1","20093","LDB3"
"TF","Factor: ER-beta; motif: ANNSTGACCYRGNN","TF:M03821","1","0","6632","18","7","20093","HSPG2,KAT2B,MON1A,GNRHR,LDB3,CRYAB,NFATC3"
"TF","Factor: ER-beta; motif: GTCANASTGRCCYNR; match class: 1","TF:M01875_1","1","0","1449","18","2","20093","LDB3,MYO18B"
"TF","Factor: ER-beta; motif: GTCANASTGRCCYNR","TF:M01875","1","0","6599","18","2","20093","LDB3,MYO18B"
"TF","Factor: ER-alpha; motif: GGNNNNNNTGACCYN","TF:M03820","1","0","2852","18","2","20093","MON1A,PTP4A3"
"TF","Factor: ER-alpha; motif: TGACCYN; match class: 1","TF:M03547_1","1","0","752","18","1","20093","NFATC3"
"TF","Factor: ER-alpha; motif: TGACCYN","TF:M03547","1","0","4901","18","4","20093","HSPG2,LDB3,CRYAB,NFATC3"
"TF","Factor: ER-alpha; motif: AGGTCACNGTGACCT","TF:M01801","1","0","3505","18","1","20093","MYO18B"
"TF","Factor: ER81; motif: NACCGGAAGTN","TF:M11421","1","0","2642","18","1","20093","PTP4A3"
"TF","Factor: Erg; motif: NRRSAGGAAGNGG; match class: 1","TF:M09907_1","1","0","5223","18","5","20093","SP3,KAT2B,PTP4A3,LDB3,CRYAB"
"TF","Factor: Erg; motif: NRRSAGGAAGNGG","TF:M09907","1","0","11979","18","10","20093","NOS1AP,SP3,KAT2B,MON1A,PTP4A3,TMEM245,MYPN,LDB3,CRYAB,MYO18B"
"TF","Factor: Erg; motif: NNACCGGAARTSN","TF:M09608","1","0","8476","18","7","20093","NOS1AP,SP3,MON1A,PTP4A3,TMEM245,MYPN,PKP2"
"TF","Factor: ERG; motif: ACCGGAWATCCGGT; match class: 1","TF:M03976_1","1","0","7940","18","6","20093","SP3,CACNA2D2,MON1A,ADM,PKP2,MYO18B"
"TF","Factor: ERG; motif: ACCGGAWATCCGGT","TF:M03976","1","0","13030","18","11","20093","HSPG2,NOS1AP,SP3,CACNA2D2,MON1A,TMEM245,ADM,CRYAB,PKP2,NFATC3,MYO18B"
"TF","Factor: ERG; motif: ACCGGAARTN; match class: 1","TF:M03975_1","1","0","4156","18","3","20093","MECOM,PTP4A3,PKP2"
"TF","Factor: ERG; motif: ACCGGAARTN","TF:M03975","1","0","10308","18","7","20093","NOS1AP,SP3,MECOM,PTP4A3,MYPN,PKP2,NFATC3"
"TF","Factor: Erg; motif: ACCGGAAGTN; match class: 1","TF:M02062_1","1","0","2793","18","3","20093","MECOM,PTP4A3,PKP2"
"TF","Factor: Erg; motif: ACCGGAAGTN","TF:M02062","1","0","8321","18","5","20093","NOS1AP,MECOM,PTP4A3,PKP2,NFATC3"
"TF","Factor: ERG; motif: ACCGGAART; match class: 1","TF:M01752_1","1","0","3815","18","3","20093","MECOM,PTP4A3,PKP2"
"TF","Factor: ERG; motif: ACCGGAART","TF:M01752","1","0","9790","18","8","20093","NOS1AP,SP3,KAT2B,MECOM,PTP4A3,MYPN,PKP2,NFATC3"
"TF","Factor: ERF:SREBP-2; motif: NSCGGAARTCACGTGAT; match class: 1","TF:M08453_1","1","0","3870","18","3","20093","MON1A,ADM,MYO18B"
"TF","Factor: ERF:SREBP-2; motif: NSCGGAARTCACGTGAT","TF:M08453","1","0","10369","18","10","20093","HSPG2,NOS1AP,SP3,MON1A,PTP4A3,LDB3,ADM,CRYAB,NFATC3,MYO18B"
"TF","Factor: ERF:pitx1; motif: NNCGGAWGNNNRGNTTA","TF:M08692","1","0","5550","18","3","20093","HSPG2,SP3,KAT2B"
"TF","Factor: ERF:Max; motif: ACCGGAAACACGTGN","TF:M08243","1","0","1420","18","2","20093","TMEM245,LDB3"
"TF","Factor: ERF:HOXB13; motif: NNCGGAARYNRTWAAN","TF:M08242","1","0","760","18","1","20093","MON1A"
"TF","Factor: Erg; motif: MCAGGAAA; match class: 1","TF:M07284_1","1","0","4525","18","2","20093","TMEM245,PKP2"
"TF","Factor: Erg; motif: MCAGGAAA","TF:M07284","1","0","11582","18","10","20093","HSPG2,SP3,KAT2B,MON1A,MECOM,TMEM245,CRYAB,PKP2,NFATC3,MYO18B"
"TF","Factor: Erg; motif: NACCGGATATCCGGTN; match class: 1","TF:M11397_1","1","0","11922","18","10","20093","HSPG2,NOS1AP,SP3,CACNA2D2,MON1A,ADM,CRYAB,PKP2,NFATC3,MYO18B"
"TF","Factor: Erg; motif: NACCGGATATCCGGTN","TF:M11397","1","0","12198","18","10","20093","HSPG2,NOS1AP,SP3,CACNA2D2,MON1A,ADM,CRYAB,PKP2,NFATC3,MYO18B"
"TF","Factor: Erg; motif: NACCGGAARTN; match class: 1","TF:M11396_1","1","0","5090","18","5","20093","SP3,MECOM,PTP4A3,PKP2,NFATC3"
"TF","Factor: Erg; motif: NACCGGAARTN","TF:M11396","1","0","11069","18","8","20093","NOS1AP,SP3,MON1A,MECOM,PTP4A3,PKP2,NFATC3,MYO18B"
"TF","Factor: Erg; motif: NACCGGAWWTCCGGTN; match class: 1","TF:M11395_1","1","0","8049","18","7","20093","SP3,CACNA2D2,MON1A,ADM,PKP2,NFATC3,MYO18B"
"TF","Factor: Erg; motif: NACCGGAWWTCCGGTN","TF:M11395","1","0","8826","18","7","20093","SP3,CACNA2D2,MON1A,ADM,PKP2,NFATC3,MYO18B"
"TF","Factor: Erg; motif: NACMGGAARTN","TF:M11394","1","0","4232","18","4","20093","NOS1AP,PTP4A3,MYPN,NFATC3"
"TF","Factor: Erg; motif: NACCGGATATCCGGTN; match class: 1","TF:M11393_1","1","0","13895","18","11","20093","HSPG2,NOS1AP,SP3,CACNA2D2,MON1A,TMEM245,ADM,CRYAB,PKP2,NFATC3,MYO18B"
"TF","Factor: Erg; motif: NACCGGATATCCGGTN","TF:M11393","1","0","14339","18","11","20093","HSPG2,NOS1AP,SP3,CACNA2D2,MON1A,TMEM245,ADM,CRYAB,PKP2,NFATC3,MYO18B"
"TF","Factor: Erg; motif: NACCGGAARYN; match class: 1","TF:M11392_1","1","0","3335","18","2","20093","PKP2,NFATC3"
"TF","Factor: Erg; motif: NACCGGAARYN","TF:M11392","1","0","8975","18","6","20093","NOS1AP,MECOM,PTP4A3,PKP2,NFATC3,MYO18B"
"TF","Factor: Erg; motif: NACCGGATATCCGGTN; match class: 1","TF:M11391_1","1","0","9205","18","8","20093","NOS1AP,SP3,CACNA2D2,ADM,CRYAB,PKP2,NFATC3,MYO18B"
"TF","Factor: Erg; motif: NACCGGATATCCGGTN","TF:M11391","1","0","10226","18","9","20093","HSPG2,NOS1AP,SP3,CACNA2D2,ADM,CRYAB,PKP2,NFATC3,MYO18B"
"TF","Factor: Erg; motif: NACAGGAARTN","TF:M11390","1","0","2928","18","3","20093","SP3,PTP4A3,MYPN"
"TF","Factor: ERR3; motif: CAAGGTCA; match class: 1","TF:M02000_1","1","0","199","18","1","20093","LDB3"
"TF","Factor: ERR3; motif: CAAGGTCA","TF:M02000","1","0","2465","18","3","20093","GNRHR,MYPN,LDB3"
"TF","Factor: ERR1; motif: CAAGGTCAMNN; match class: 1","TF:M02093_1","1","0","88","18","1","20093","LDB3"
"TF","Factor: ERR1; motif: CAAGGTCAMNN","TF:M02093","1","0","1468","18","2","20093","MYPN,LDB3"
"TF","Factor: ERM; motif: NNCACTTCCGGNN; match class: 1","TF:M12603_1","1","0","2030","18","1","20093","PTP4A3"
"TF","Factor: ERM; motif: NNCACTTCCGGNN","TF:M12603","1","0","7372","18","4","20093","MECOM,PTP4A3,MYPN,PKP2"
"TF","Factor: Erm; motif: NNSCGGAWGYN; match class: 1","TF:M11424_1","1","0","2915","18","4","20093","KAT2B,MECOM,PTP4A3,PKP2"
"TF","Factor: Erm; motif: NNSCGGAWGYN","TF:M11424","1","0","8432","18","5","20093","KAT2B,MECOM,PTP4A3,PKP2,NFATC3"
"TF","Factor: Erm; motif: RSAGGAAGGAAGTN","TF:M11423","1","0","4962","18","3","20093","GNRHR,CRYAB,NFATC3"
"TF","Factor: Erm; motif: NRCMGGAAGTN; match class: 1","TF:M11422_1","1","0","978","18","1","20093","PTP4A3"
"TF","Factor: Erm; motif: NRCMGGAAGTN","TF:M11422","1","0","4957","18","4","20093","SP3,MECOM,PTP4A3,MYPN"
"TF","Factor: Erm; motif: NRRSAGGAARNGRN; match class: 1","TF:M09916_1","1","0","1731","18","1","20093","LDB3"
"TF","Factor: Erm; motif: NRRSAGGAARNGRN","TF:M09916","1","0","6906","18","4","20093","NOS1AP,PTP4A3,MYPN,LDB3"
"TF","Factor: Erm; motif: ACCGGAAGTN; match class: 1","TF:M02069_1","1","0","2002","18","1","20093","PKP2"
"TF","Factor: Erm; motif: ACCGGAAGTN","TF:M02069","1","0","7130","18","5","20093","NOS1AP,SP3,MECOM,PTP4A3,PKP2"
"TF","Factor: ERG; motif: MNNSNGGAAG","TF:M08880","1","0","2685","18","2","20093","CACNA2D2,MON1A"
"TF","Factor: ER-alpha; motif: NAGGTCANSNTGACCYN","TF:M11845","1","0","3889","18","1","20093","MYO18B"
"TF","Factor: ER-alpha; motif: NAGGTCACSGYGACCTN; match class: 1","TF:M11844_1","1","0","2514","18","1","20093","NFATC3"
"TF","Factor: ER-alpha; motif: NAGGTCACSGYGACCTN","TF:M11844","1","0","5556","18","4","20093","HSPG2,PTP4A3,NFATC3,MYO18B"
"TF","Factor: ER-alpha; motif: NAGGTCACSGTGACCTN; match class: 1","TF:M11843_1","1","0","2650","18","1","20093","MYO18B"
"TF","Factor: ER-alpha; motif: NAGGTCACSGTGACCTN","TF:M11843","1","0","3872","18","1","20093","MYO18B"
"TF","Factor: ER-alpha; motif: NAGGTCAYSGYGACCTN","TF:M11842","1","0","4123","18","1","20093","MYO18B"
"TF","Factor: ER-alpha; motif: AGGTCASMNTGACCY; match class: 1","TF:M09909_1","1","0","2443","18","1","20093","PTP4A3"
"TF","Factor: ER-alpha; motif: AGGTCASMNTGACCY","TF:M09909","1","0","6971","18","7","20093","PRDM16,HSPG2,CACNA2D2,PTP4A3,LDB3,CRYAB,MYO18B"
"TF","Factor: ER-alpha; motif: AGGTCANMNTGACC","TF:M04738","1","0","4492","18","2","20093","PRDM16,ADM"
"TF","Factor: ESR1; motif: NRGGTCACNRTGACCTK","TF:M04455","1","0","3067","18","1","20093","MYO18B"
"TF","Factor: ESR1; motif: NNNNMAGGTCACCCTGACCY","TF:M02261","1","0","4891","18","3","20093","PRDM16,PTP4A3,MYO18B"
"TF","Factor: ESE-1; motif: CAGGAARNN","TF:M07285","1","0","2542","18","2","20093","PKP2,NFATC3"
"TF","Factor: ESE-1; motif: NSMGGAARTN","TF:M01214","1","0","7845","18","4","20093","NOS1AP,KAT2B,PTP4A3,MYPN"
"TF","Factor: ESE-1; motif: NNANVAGGAAGTNN","TF:M09902","1","0","1960","18","1","20093","MYPN"
"TF","Factor: ESE-1; motif: NSMGGAARTN","TF:M02055","1","0","5306","18","2","20093","NOS1AP,KAT2B"
"TF","Factor: ER; motif: NNARGNCANNNTGACCYNN","TF:M00191","1","0","5057","18","3","20093","NOS1AP,MON1A,PKP2"
"TF","Factor: ESRRA; motif: YCAAGGTCACN; match class: 1","TF:M07402_1","1","0","128","18","1","20093","LDB3"
"TF","Factor: ESRRA; motif: YCAAGGTCACN","TF:M07402","1","0","1815","18","2","20093","MYPN,LDB3"
"TF","Factor: ERR1; motif: NTGACCTTGRNN; match class: 1","TF:M04873_1","1","0","333","18","1","20093","LDB3"
"TF","Factor: ERR1; motif: NTGACCTTGRNN","TF:M04873","1","0","3332","18","3","20093","GNRHR,MYPN,LDB3"
"TF","Factor: ESRRA; motif: CAAGGTCANNYSAAGGTCA; match class: 1","TF:M04458_1","1","0","4593","18","3","20093","PTP4A3,LDB3,CRYAB"
"TF","Factor: ESRRA; motif: CAAGGTCANNYSAAGGTCA","TF:M04458","1","0","11565","18","9","20093","NOS1AP,MON1A,MECOM,GNRHR,PTP4A3,LDB3,CRYAB,PKP2,MYO18B"
"TF","Factor: ESRRA; motif: AAGGTCATNCAAGGTCA; match class: 1","TF:M04457_1","1","0","388","18","2","20093","GNRHR,LDB3"
"TF","Factor: ESRRA; motif: AAGGTCATNCAAGGTCA","TF:M04457","1","0","3634","18","6","20093","NOS1AP,GNRHR,MYPN,LDB3,ADM,NFATC3"
"TF","Factor: ESRRA; motif: NTCAAGGTCAN; match class: 1","TF:M04456_1","1","0","116","18","1","20093","LDB3"
"TF","Factor: ESRRA; motif: NTCAAGGTCAN","TF:M04456","1","0","1676","18","2","20093","MYPN,LDB3"
"TF","Factor: ER-beta; motif: RGGTCASCNTGMCCY; match class: 1","TF:M09910_1","1","0","4083","18","2","20093","PRDM16,PTP4A3"
"TF","Factor: ER-beta; motif: RGGTCASCNTGMCCY","TF:M09910","1","0","9637","18","8","20093","PRDM16,HSPG2,KAT2B,CACNA2D2,PTP4A3,LDB3,CRYAB,MYO18B"
"TF","Factor: ER-beta; motif: NRGGTCANKSTGACCTNN; match class: 1","TF:M09610_1","1","0","1604","18","1","20093","PTP4A3"
"TF","Factor: ER-beta; motif: NRGGTCANKSTGACCTNN","TF:M09610","1","0","5939","18","5","20093","PRDM16,HSPG2,CACNA2D2,PTP4A3,LDB3"
"TF","Factor: ESR1; motif: STGACCTN; match class: 1","TF:M12602_1","1","0","354","18","1","20093","NFATC3"
"TF","Factor: ESR1; motif: STGACCTN","TF:M12602","1","0","3461","18","3","20093","HSPG2,LDB3,NFATC3"
"TF","Factor: ETF; motif: GVGGMGG","TF:M00695","1","0","10523","18","12","20093","PRDM16,HSPG2,NOS1AP,SP3,KAT2B,CACNA2D2,MECOM,TMEM245,ADM,CRYAB,PKP2,NFATC3"
"TF","Factor: ESX1L; motif: NYAATTAN","TF:M10965","1","0","3369","18","4","20093","NOS1AP,KAT2B,GNRHR,NFATC3"
"TF","Factor: ESX1; motif: NNYAATTANN","TF:M04319","1","0","3302","18","4","20093","NOS1AP,KAT2B,GNRHR,NFATC3"
"TF","Factor: ERR3; motif: NNSAAGGTCRN","TF:M11840","1","0","1213","18","2","20093","MYPN,LDB3"
"TF","Factor: ERR3; motif: NNSAAGGTCRN","TF:M11838","1","0","1158","18","2","20093","MYPN,LDB3"
"TF","Factor: ESRRA; motif: NNTCAAGGTCANN; match class: 1","TF:M12538_1","1","0","112","18","1","20093","LDB3"
"TF","Factor: ESRRA; motif: NNTCAAGGTCANN","TF:M12538","1","0","1675","18","2","20093","MYPN,LDB3"
"TF","Factor: ERR1; motif: NNCAAGGTCAN; match class: 1","TF:M11835_1","1","0","126","18","1","20093","LDB3"
"TF","Factor: ERR1; motif: NNCAAGGTCAN","TF:M11835","1","0","1783","18","3","20093","GNRHR,MYPN,LDB3"
"TF","Factor: ERR1; motif: NTCAAGGTCAN; match class: 1","TF:M11834_1","1","0","97","18","1","20093","LDB3"
"TF","Factor: ERR1; motif: NTCAAGGTCAN","TF:M11834","1","0","1513","18","2","20093","MYPN,LDB3"
"TF","Factor: ERR1; motif: NNCAAGGTCAN; match class: 1","TF:M11833_1","1","0","88","18","1","20093","LDB3"
"TF","Factor: ERR1; motif: NNCAAGGTCAN","TF:M11833","1","0","1447","18","2","20093","MYPN,LDB3"
"TF","Factor: ERR1; motif: NNSAAGGTCRN; match class: 1","TF:M11832_1","1","0","139","18","1","20093","LDB3"
"TF","Factor: ERR1; motif: NNSAAGGTCRN","TF:M11832","1","0","1881","18","2","20093","MYPN,LDB3"
"TF","Factor: ERR1; motif: NYCAAGGTCANNNNN","TF:M09908","1","0","1135","18","2","20093","MYPN,LDB3"
"TF","Factor: c-Ets-2; motif: NACCGGAAGYRCTTCCGGTN","TF:M11417","1","0","14567","18","12","20093","PRDM16,NOS1AP,SP3,KAT2B,CACNA2D2,TMEM245,LDB3,ADM,CRYAB,PKP2,NFATC3,MYO18B"
"TF","Factor: c-Ets-2; motif: NNNRGGAARNRRR","TF:M09912","1","0","5147","18","3","20093","MECOM,LDB3,MYO18B"
"TF","Factor: c-Ets-2; motif: NCCGGAAGTG; match class: 1","TF:M08759_1","1","0","3000","18","1","20093","PKP2"
"TF","Factor: c-Ets-2; motif: NCCGGAAGTG","TF:M08759","1","0","8652","18","7","20093","NOS1AP,KAT2B,MECOM,PTP4A3,MYPN,PKP2,NFATC3"
"TF","Factor: c-Ets-1; motif: RCAGGAAGTGNNTNS; match class: 1","TF:M00339_1","1","0","1516","18","2","20093","PTP4A3,MYPN"
"TF","Factor: c-Ets-1; motif: RCAGGAAGTGNNTNS","TF:M00339","1","0","7040","18","6","20093","NOS1AP,SP3,KAT2B,PTP4A3,MYPN,MYO18B"
"TF","Factor: c-Ets-1; motif: NNRCMGGAAGTGG","TF:M09911","1","0","2605","18","1","20093","MYPN"
"TF","Factor: c-ets-1; motif: GGAGTTG; match class: 1","TF:M04822_1","1","0","931","18","2","20093","CACNA2D2,TMEM245"
"TF","Factor: c-ets-1; motif: GGAGTTG","TF:M04822","1","0","5594","18","4","20093","CACNA2D2,PTP4A3,TMEM245,ADM"
"TF","Factor: ETS1; motif: GCCGGAWGTACTTCCGGN; match class: 1","TF:M03978_1","1","0","6521","18","6","20093","PRDM16,NOS1AP,SP3,KAT2B,TMEM245,PKP2"
"TF","Factor: ETS1; motif: GCCGGAWGTACTTCCGGN","TF:M03978","1","0","12185","18","12","20093","PRDM16,HSPG2,NOS1AP,SP3,KAT2B,MON1A,MECOM,TMEM245,LDB3,PKP2,NFATC3,MYO18B"
"TF","Factor: ETS1; motif: ACCGGAARYN; match class: 1","TF:M03977_1","1","0","4801","18","3","20093","PKP2,NFATC3,MYO18B"
"TF","Factor: ETS1; motif: ACCGGAARYN","TF:M03977","1","0","10787","18","8","20093","NOS1AP,SP3,MON1A,MECOM,PTP4A3,PKP2,NFATC3,MYO18B"
"TF","Factor: ETF; motif: CCCCGCCCCYN; match class: 1","TF:M07039_1","1","0","13870","18","15","20093","PRDM16,HSPG2,NOS1AP,SP3,KAT2B,CACNA2D2,MON1A,MECOM,PTP4A3,TMEM245,LDB3,ADM,CRYAB,PKP2,NFATC3"
"TF","Factor: ETF; motif: CCCCGCCCCYN","TF:M07039","1","0","16688","18","16","20093","PRDM16,HSPG2,NOS1AP,SP3,KAT2B,CACNA2D2,MON1A,MECOM,PTP4A3,TMEM245,LDB3,ADM,CRYAB,PKP2,NFATC3,MYO18B"
"TF","Factor: ETF; motif: GVGGMGG; match class: 1","TF:M00695_1","1","0","7033","18","10","20093","PRDM16,HSPG2,NOS1AP,SP3,KAT2B,CACNA2D2,MECOM,TMEM245,PKP2,NFATC3"
"TF","Factor: ER71:Pax-5; motif: ACCGGAACYACGCWTSANTG","TF:M08266","1","0","14589","18","16","20093","PRDM16,HSPG2,NOS1AP,SP3,KAT2B,CACNA2D2,MON1A,MECOM,PTP4A3,TMEM245,MYPN,LDB3,ADM,CRYAB,PKP2,MYO18B"
"TF","Factor: ER71:HOXA2; motif: RCCGGAAGNNNNNNNMATTA","TF:M08557","1","0","244","18","1","20093","NFATC3"
"TF","Factor: ER71:FOXI1; motif: RCCGGAARTRTMMACAN","TF:M08256","1","0","1034","18","2","20093","MECOM,NFATC3"
"TF","Factor: ER71:FOXI1; motif: NGTAAACAGGAAGYN","TF:M08254","1","0","678","18","2","20093","SP3,MYPN"
"TF","Factor: ER71:C/EBPdelta; motif: NNCGGAWRTTRCGYAAN; match class: 1","TF:M08246_1","1","0","2340","18","4","20093","CACNA2D2,MON1A,MECOM,MYO18B"
"TF","Factor: ER71:C/EBPdelta; motif: NNCGGAWRTTRCGYAAN","TF:M08246","1","0","8617","18","7","20093","CACNA2D2,MON1A,MECOM,GNRHR,PTP4A3,TMEM245,MYO18B"
"TF","Factor: ETV1; motif: NNACAGGAAGTGNN","TF:M12555","1","0","1598","18","1","20093","MYPN"
"TF","Factor: Ets; motif: ACTTCCTS","TF:M00971","1","0","2389","18","2","20093","KAT2B,MYPN"
"TF","Factor: Ets; motif: ANNCACTTCCTG","TF:M00771","1","0","4091","18","4","20093","NOS1AP,CACNA2D2,PTP4A3,MYPN"
"TF","Factor: c-Ets; motif: KRCAGGAARTRNKT; match class: 1","TF:M00340_1","1","0","877","18","1","20093","PTP4A3"
"TF","Factor: c-Ets; motif: KRCAGGAARTRNKT","TF:M00340","1","0","5435","18","5","20093","NOS1AP,SP3,PTP4A3,MYPN,MYO18B"
"TF","Factor: ETSLIKE; motif: NACTTCCTNN","TF:M08881","1","0","3325","18","2","20093","PTP4A3,MYPN"
"TF","Factor: c-Ets-2; motif: CTTCCTG; match class: 1","TF:M01207_1","1","0","3776","18","5","20093","NOS1AP,SP3,PTP4A3,TMEM245,LDB3"
"TF","Factor: c-Ets-2; motif: CTTCCTG","TF:M01207","1","0","10654","18","11","20093","NOS1AP,SP3,KAT2B,CACNA2D2,MON1A,PTP4A3,TMEM245,MYPN,LDB3,CRYAB,MYO18B"
"TF","Factor: c-Ets-2; motif: NNCTTCCTNNN","TF:M07379","1","0","3634","18","3","20093","SP3,GNRHR,MYPN"
"TF","Factor: c-Ets-2; motif: NACCGGAAGYRCTTCCGGTN; match class: 1","TF:M11417_1","1","0","14260","18","11","20093","PRDM16,NOS1AP,SP3,KAT2B,CACNA2D2,TMEM245,LDB3,ADM,PKP2,NFATC3,MYO18B"
"TF","Factor: ETV4; motif: NNCCGGAAGYNNN; match class: 1","TF:M13138_1","1","0","2555","18","1","20093","PTP4A3"
"TF","Factor: ETV4; motif: NNCCGGAAGYNNN","TF:M13138","1","0","8548","18","6","20093","SP3,MECOM,PTP4A3,MYPN,PKP2,NFATC3"
"TF","Factor: ETV4; motif: ACCGGAAGTN; match class: 1","TF:M13031_1","1","0","5010","18","3","20093","MECOM,PTP4A3,PKP2"
"TF","Factor: ETV4; motif: ACCGGAAGTN","TF:M13031","1","0","11078","18","9","20093","NOS1AP,SP3,KAT2B,CACNA2D2,MECOM,PTP4A3,PKP2,NFATC3,MYO18B"
"TF","Factor: ETV4; motif: NCAGGAAGNN; match class: 1","TF:M12556_1","1","0","4148","18","5","20093","NOS1AP,SP3,PTP4A3,TMEM245,LDB3"
"TF","Factor: ETV4; motif: NCAGGAAGNN","TF:M12556","1","0","11126","18","11","20093","NOS1AP,SP3,KAT2B,CACNA2D2,MON1A,PTP4A3,TMEM245,MYPN,LDB3,CRYAB,MYO18B"
"TF","Factor: ETV4; motif: ACCGGAAGTN; match class: 1","TF:M03982_1","1","0","2061","18","1","20093","PKP2"
"TF","Factor: ETV4; motif: ACCGGAAGTN","TF:M03982","1","0","7098","18","5","20093","NOS1AP,MECOM,PTP4A3,PKP2,NFATC3"
"TF","Factor: etv3; motif: ACCGGAAGYN; match class: 1","TF:M02068_1","1","0","634","18","1","20093","PTP4A3"
"TF","Factor: etv3; motif: ACCGGAAGYN","TF:M02068","1","0","3626","18","2","20093","MECOM,PTP4A3"
"TF","Factor: ER71; motif: NRCAGGAARTN","TF:M11412","1","0","1053","18","1","20093","MYPN"
"TF","Factor: ER71:E2A; motif: CASSTGNACCGGAWRYN; match class: 1","TF:M08568_1","1","0","15344","18","15","20093","HSPG2,NOS1AP,SP3,KAT2B,CACNA2D2,MON1A,GNRHR,PTP4A3,TMEM245,MYPN,LDB3,ADM,CRYAB,PKP2,NFATC3"
"TF","Factor: ER71:E2A; motif: CASSTGNACCGGAWRYN","TF:M08568","1","0","18549","18","17","20093","PRDM16,HSPG2,NOS1AP,SP3,KAT2B,CACNA2D2,MON1A,GNRHR,PTP4A3,TMEM245,MYPN,LDB3,ADM,CRYAB,PKP2,NFATC3,MYO18B"
"TF","Factor: ER71:SREBP-2; motif: NTSACGTGACGGAARY; match class: 1","TF:M08457_1","1","0","5645","18","4","20093","SP3,KAT2B,PTP4A3,ADM"
"TF","Factor: ER71:SREBP-2; motif: NTSACGTGACGGAARY","TF:M08457","1","0","12287","18","12","20093","NOS1AP,SP3,KAT2B,CACNA2D2,PTP4A3,TMEM245,MYPN,ADM,CRYAB,PKP2,NFATC3,MYO18B"
"TF","Factor: ER71:Pax-5; motif: ACCGGAACYACGCWTSANTG; match class: 1","TF:M08266_1","1","0","9047","18","7","20093","HSPG2,NOS1AP,SP3,CACNA2D2,MON1A,MECOM,PKP2"
"TF","Factor: ETV7; motif: NCCGGAANNN; match class: 1","TF:M02071_1","1","0","4585","18","3","20093","PKP2,NFATC3,MYO18B"
"TF","Factor: ETV7; motif: NCCGGAANNN","TF:M02071","1","0","10383","18","8","20093","PRDM16,NOS1AP,SP3,MECOM,PTP4A3,PKP2,NFATC3,MYO18B"
"TF","Factor: ETV6; motif: NSCGGAAGTR","TF:M03985","1","0","1172","18","1","20093","KAT2B"
"TF","Factor: ETV5; motif: ACCGGAAGTN; match class: 1","TF:M13032_1","1","0","3660","18","1","20093","PKP2"
"TF","Factor: ETV5; motif: ACCGGAAGTN","TF:M13032","1","0","9753","18","8","20093","NOS1AP,SP3,CACNA2D2,MECOM,PTP4A3,MYPN,PKP2,NFATC3"
"TF","Factor: ETV5; motif: NNACTTCCGNN","TF:M12557","1","0","4662","18","2","20093","KAT2B,MYPN"
"TF","Factor: ETV5; motif: NCCGGAWGYN","TF:M03983","1","0","3306","18","1","20093","PTP4A3"
"TF","Factor: Erm:E2A; motif: CASGTGNNNCGGAAGNN; match class: 1","TF:M08571_1","1","0","4506","18","5","20093","NOS1AP,SP3,MON1A,PTP4A3,CRYAB"
"TF","Factor: Erm:E2A; motif: CASGTGNNNCGGAAGNN","TF:M08571","1","0","11467","18","12","20093","NOS1AP,SP3,CACNA2D2,MON1A,PTP4A3,TMEM245,MYPN,LDB3,ADM,CRYAB,PKP2,NFATC3"
"TF","Factor: Erm:HOXB13; motif: RSCGGAWGTNRTWAA","TF:M08467","1","0","749","18","1","20093","KAT2B"
"TF","Factor: Erm:HES-7; motif: NCGGANGNNNNNCRCGYG","TF:M08700","1","0","2078","18","4","20093","PRDM16,CACNA2D2,ADM,NFATC3"
"TF","Factor: Erm:FOXI1; motif: GTAAACAGGAWGN","TF:M08275","1","0","381","18","2","20093","SP3,PTP4A3"
"TF","Factor: Erm:EVX1; motif: NNCGGAAATKR","TF:M08461","1","0","3495","18","4","20093","NOS1AP,SP3,TMEM245,PKP2"
"TF","Factor: Erm:Prrxl1; motif: RSMGGAAGYAATTA","TF:M08459","1","0","308","18","1","20093","KAT2B"
"TF","Factor: Erm:C/EBPdelta; motif: RSCGGAWRTTGCGYAAY; match class: 1","TF:M08458_1","1","0","3290","18","5","20093","CACNA2D2,MON1A,MECOM,TMEM245,MYO18B"
"TF","Factor: Erm:C/EBPdelta; motif: RSCGGAWRTTGCGYAAY","TF:M08458","1","0","9956","18","6","20093","CACNA2D2,MON1A,MECOM,PTP4A3,TMEM245,MYO18B"
"TF","Factor: FEV; motif: CAGGAART","TF:M02269","1","0","2211","18","1","20093","NFATC3"
"TF","Factor: FAC1; motif: NNNCAMAACACRNA; match class: 1","TF:M00456_1","1","0","2788","18","2","20093","GNRHR,MYPN"
"TF","Factor: FAC1; motif: NNNCAMAACACRNA","TF:M00456","1","0","8273","18","6","20093","NOS1AP,MON1A,GNRHR,MYPN,LDB3,MYO18B"
"TF","Factor: EZI; motif: GGGGAGGGGRRGGRGRRGGRRR; match class: 1","TF:M10151_1","1","0","555","18","3","20093","PRDM16,SP3,KAT2B"
"TF","Factor: EZF2; motif: NNCCNSNSCNMCTCCMYCTT; match class: 1","TF:M12604_1","1","0","703","18","1","20093","PTP4A3"
"TF","Factor: EZF2; motif: NNCCNSNSCNMCTCCMYCTT","TF:M12604","1","0","3442","18","5","20093","NOS1AP,SP3,KAT2B,MECOM,PTP4A3"
"TF","Factor: EVX2; motif: NNTTTATKRCYNN","TF:M09917","1","0","942","18","2","20093","MON1A,LDB3"
"TF","Factor: EVX2; motif: TTTTATKRCNNN","TF:M09612","1","0","1156","18","2","20093","MON1A,LDB3"
"TF","Factor: EVX2; motif: NNTNATTANN; match class: 1","TF:M04321_1","1","0","1597","18","1","20093","NOS1AP"
"TF","Factor: EVX2; motif: NNTNATTANN","TF:M04321","1","0","3237","18","1","20093","NOS1AP"
"TF","Factor: EVX1; motif: NTCATTAN; match class: 1","TF:M10864_1","1","0","1235","18","1","20093","MYPN"
"TF","Factor: EVX1; motif: NTCATTAN","TF:M10864","1","0","5696","18","5","20093","KAT2B,MON1A,GNRHR,MYPN,PKP2"
"TF","Factor: EVX1; motif: NNTNATTANN; match class: 1","TF:M04320_1","1","0","2023","18","2","20093","NOS1AP,GNRHR"
"TF","Factor: EVX1; motif: NNTNATTANN","TF:M04320","1","0","3541","18","3","20093","NOS1AP,KAT2B,GNRHR"
"TF","Factor: ETV7; motif: NNSCGGAAGTR","TF:M08760","1","0","2474","18","1","20093","KAT2B"
"TF","Factor: Fli-1:Prrxl1; motif: ACCGGAAGTAATTAN","TF:M08282","1","0","2285","18","1","20093","KAT2B"
"TF","Factor: Fli-1:Dlx-2; motif: RNCGGAARYAATTA; match class: 1","TF:M08470_1","1","0","1288","18","1","20093","NFATC3"
"TF","Factor: Fli-1:Dlx-2; motif: RNCGGAARYAATTA","TF:M08470","1","0","6124","18","4","20093","NOS1AP,KAT2B,MYPN,NFATC3"
"TF","Factor: Fli-1:C/EBPdelta; motif: NNCGGAWATTGCGCAAT; match class: 1","TF:M08469_1","1","0","1541","18","1","20093","TMEM245"
"TF","Factor: Fli-1:C/EBPdelta; motif: NNCGGAWATTGCGCAAT","TF:M08469","1","0","6967","18","7","20093","CACNA2D2,MON1A,MECOM,PTP4A3,TMEM245,ADM,MYO18B"
"TF","Factor: Fli-1:C/EBPbeta; motif: RNCGGAWRTTGCGCAAY; match class: 1","TF:M08281_1","1","0","2007","18","3","20093","CACNA2D2,MON1A,MECOM"
"TF","Factor: Fli-1:C/EBPbeta; motif: RNCGGAWRTTGCGCAAY","TF:M08281","1","0","7802","18","5","20093","CACNA2D2,MON1A,MECOM,TMEM245,PKP2"
"TF","Factor: FKLF; motif: BGGGNGGVMD; match class: 1","TF:M01837_1","1","0","1434","18","5","20093","PRDM16,SP3,KAT2B,CACNA2D2,MECOM"
"TF","Factor: FKLF; motif: BGGGNGGVMD","TF:M01837","1","0","5509","18","10","20093","PRDM16,HSPG2,SP3,KAT2B,CACNA2D2,MECOM,TMEM245,CRYAB,NFATC3,MYO18B"
"TF","Factor: FKHL5; motif: ATGTTTAT","TF:M03573","1","0","1551","18","1","20093","MYPN"
"TF","Factor: FKHL14; motif: TMNAAACARKAASA; match class: 1","TF:M08882_1","1","0","274","18","1","20093","NOS1AP"
"TF","Factor: FKHL14; motif: TMNAAACARKAASA","TF:M08882","1","0","2500","18","3","20093","NOS1AP,MECOM,GNRHR"
"TF","Factor: FIGLA; motif: NMCACCTGKN","TF:M04169","1","0","1235","18","1","20093","CRYAB"
"TF","Factor: FEZF1; motif: NYTGYYCTTTTN; match class: 1","TF:M09919_1","1","0","213","18","1","20093","MYPN"
"TF","Factor: FEZF1; motif: NYTGYYCTTTTN","TF:M09919","1","0","2468","18","4","20093","GNRHR,MYPN,CRYAB,MYO18B"
"TF","Factor: Pet-1; motif: NACCGGAAGTN","TF:M11406","1","0","1373","18","1","20093","MYPN"
"TF","Factor: FLI1; motif: ACCGGAAATCCGGT","TF:M03989","1","0","10567","18","8","20093","HSPG2,SP3,CACNA2D2,ADM,CRYAB,PKP2,NFATC3,MYO18B"
"TF","Factor: FLI1; motif: ACCGGAARTN; match class: 1","TF:M03988_1","1","0","3015","18","1","20093","PKP2"
"TF","Factor: FLI1; motif: ACCGGAARTN","TF:M03988","1","0","8626","18","7","20093","NOS1AP,SP3,MECOM,PTP4A3,MYPN,PKP2,NFATC3"
"TF","Factor: Fli-1; motif: ACCGGAAGYN","TF:M02073","1","0","6076","18","2","20093","NOS1AP,PTP4A3"
"TF","Factor: Fli-1:E2A; motif: NCCGGAWRCASCTGN; match class: 1","TF:M08472_1","1","0","2290","18","3","20093","CACNA2D2,PTP4A3,LDB3"
"TF","Factor: Fli-1:E2A; motif: NCCGGAWRCASCTGN","TF:M08472","1","0","8532","18","7","20093","CACNA2D2,MON1A,GNRHR,PTP4A3,MYPN,LDB3,ADM"
"TF","Factor: Fli-1:Max; motif: NCCGGAAACACGTGN; match class: 1","TF:M08289_1","1","0","3404","18","3","20093","CACNA2D2,LDB3,CRYAB"
"TF","Factor: Fli-1:Max; motif: NCCGGAAACACGTGN","TF:M08289","1","0","10186","18","10","20093","PRDM16,CACNA2D2,MECOM,PTP4A3,TMEM245,MYPN,LDB3,CRYAB,PKP2,MYO18B"
"TF","Factor: Fli-1:HOXB13; motif: NNCGGAARYNRTWAA; match class: 1","TF:M08471_1","1","0","945","18","1","20093","MYPN"
"TF","Factor: Fli-1:HOXB13; motif: NNCGGAARYNRTWAA","TF:M08471","1","0","5360","18","9","20093","PRDM16,KAT2B,MON1A,MECOM,GNRHR,MYPN,LDB3,NFATC3,MYO18B"
"TF","Factor: Fli-1:FOXI1; motif: RTAAACAGGAARYN","TF:M08287","1","0","498","18","2","20093","SP3,MYPN"
"TF","Factor: Fli-1:FOXI1; motif: NCCGGATGTTKAY","TF:M08286","1","0","4516","18","2","20093","ADM,PKP2"
"TF","Factor: Fli-1:FIGLA; motif: NCCGGAARCASSTGN; match class: 1","TF:M08284_1","1","0","2044","18","1","20093","LDB3"
"TF","Factor: Fli-1:FIGLA; motif: NCCGGAARCASSTGN","TF:M08284","1","0","8130","18","6","20093","PRDM16,CACNA2D2,GNRHR,PTP4A3,LDB3,CRYAB"
"TF","Factor: Fli-1:ETV7; motif: NSMGGAMGGATNTCCGNN; match class: 1","TF:M08283_1","1","0","293","18","2","20093","SP3,NFATC3"
"TF","Factor: Fli-1:ETV7; motif: NSMGGAMGGATNTCCGNN","TF:M08283","1","0","2938","18","4","20093","HSPG2,SP3,PKP2,NFATC3"
"TF","Factor: Fli-1; motif: NACCGGATATCCGGTN; match class: 1","TF:M11401_1","1","0","11993","18","11","20093","HSPG2,NOS1AP,SP3,CACNA2D2,MON1A,TMEM245,ADM,CRYAB,PKP2,NFATC3,MYO18B"
"TF","Factor: Fli-1; motif: NACCGGATATCCGGTN","TF:M11401","1","0","12149","18","11","20093","HSPG2,NOS1AP,SP3,CACNA2D2,MON1A,TMEM245,ADM,CRYAB,PKP2,NFATC3,MYO18B"
"TF","Factor: Fli-1; motif: NACCGGAARTN; match class: 1","TF:M11400_1","1","0","4319","18","2","20093","PKP2,NFATC3"
"TF","Factor: Fli-1; motif: NACCGGAARTN","TF:M11400","1","0","10244","18","8","20093","NOS1AP,SP3,MON1A,MECOM,PTP4A3,PKP2,NFATC3,MYO18B"
"TF","Factor: Fli-1; motif: NACCGGAWWTCCGGTY; match class: 1","TF:M11399_1","1","0","11719","18","10","20093","HSPG2,NOS1AP,SP3,CACNA2D2,MON1A,ADM,CRYAB,PKP2,NFATC3,MYO18B"
"TF","Factor: Fli-1; motif: NACCGGAWWTCCGGTY","TF:M11399","1","0","13204","18","11","20093","HSPG2,NOS1AP,SP3,CACNA2D2,MON1A,TMEM245,ADM,CRYAB,PKP2,NFATC3,MYO18B"
"TF","Factor: Fli-1; motif: NACMGGAARTN","TF:M11398","1","0","2511","18","2","20093","NOS1AP,MYPN"
"TF","Factor: Fli-1; motif: NNRGGMAGGAAGGRRRGR; match class: 1","TF:M09920_1","1","0","3453","18","4","20093","PTP4A3,LDB3,CRYAB,NFATC3"
"TF","Factor: Fli-1; motif: NNRGGMAGGAAGGRRRGR","TF:M09920","1","0","9488","18","8","20093","NOS1AP,SP3,PTP4A3,LDB3,CRYAB,PKP2,NFATC3,MYO18B"
"TF","Factor: Fli-1; motif: RCMGGAAGYGNNN; match class: 1","TF:M09613_1","1","0","939","18","1","20093","PTP4A3"
"TF","Factor: Fli-1; motif: RCMGGAAGYGNNN","TF:M09613","1","0","5413","18","4","20093","NOS1AP,SP3,PTP4A3,MYPN"
"TF","Factor: FLI-1; motif: NAYTTCCGGT; match class: 1","TF:M08913_1","1","0","3123","18","1","20093","PKP2"
"TF","Factor: FLI-1; motif: NAYTTCCGGT","TF:M08913","1","0","8627","18","6","20093","NOS1AP,SP3,MECOM,PTP4A3,PKP2,NFATC3"
"TF","Factor: Fli-1; motif: RCAGGAAGTGR; match class: 1","TF:M07089_1","1","0","810","18","1","20093","PTP4A3"
"TF","Factor: Fli-1; motif: RCAGGAAGTGR","TF:M07089","1","0","5137","18","6","20093","NOS1AP,SP3,KAT2B,PTP4A3,MYPN,CRYAB"
"TF","Factor: FLI1; motif: ACCGGAAATCCGGT; match class: 1","TF:M03989_1","1","0","5674","18","5","20093","SP3,CACNA2D2,ADM,PKP2,MYO18B"
"TF","Factor: Fra-1; motif: GRTGACGTCATC","TF:M11285","1","0","8098","18","5","20093","MON1A,PTP4A3,LDB3,ADM,CRYAB"
"TF","Factor: Fra-1; motif: NATGASTCAYM","TF:M11284","1","0","3429","18","1","20093","LDB3"
"TF","Factor: Fra-1; motif: NNNTGAGTCAYN","TF:M09922","1","0","4898","18","2","20093","LDB3,ADM"
"TF","Factor: Fra-1; motif: NRTGACTCATN","TF:M09615","1","0","4423","18","2","20093","LDB3,ADM"
"TF","Factor: Fra-1; motif: RRTGASTCAKN","TF:M07091","1","0","1863","18","1","20093","LDB3"
"TF","Factor: Fra-1; motif: ACTCATG","TF:M04897","1","0","2671","18","1","20093","MYO18B"
"TF","Factor: C-FOS:C-JUN; motif: ATGAGTCAYN; match class: 1","TF:M08942_1","1","0","854","18","1","20093","LDB3"
"TF","Factor: C-FOS:C-JUN; motif: ATGAGTCAYN","TF:M08942","1","0","3554","18","1","20093","LDB3"
"TF","Factor: FOSB:JUND; motif: NNTNACTNATN","TF:M08928","1","0","6507","18","5","20093","PRDM16,TMEM245,MYPN,LDB3,MYO18B"
"TF","Factor: FLI-1; motif: CMGGAWGTSAN; match class: 1","TF:M01208_1","1","0","1367","18","1","20093","PTP4A3"
"TF","Factor: FLI-1; motif: CMGGAWGTSAN","TF:M01208","1","0","6512","18","5","20093","NOS1AP,KAT2B,GNRHR,PTP4A3,MYPN"
"TF","Factor: Fli-1; motif: MGGAAGT; match class: 1","TF:M07382_1","1","0","1544","18","1","20093","MYPN"
"TF","Factor: Fli-1; motif: MGGAAGT","TF:M07382","1","0","7071","18","6","20093","PRDM16,KAT2B,GNRHR,PTP4A3,MYPN,NFATC3"
"TF","Factor: Fli-1; motif: NACCGGAARTN; match class: 1","TF:M11404_1","1","0","3252","18","1","20093","PKP2"
"TF","Factor: Fli-1; motif: NACCGGAARTN","TF:M11404","1","0","9053","18","8","20093","NOS1AP,SP3,MON1A,MECOM,PTP4A3,MYPN,PKP2,NFATC3"
"TF","Factor: Fli-1; motif: NACCGGAARTN","TF:M11402","1","0","4098","18","2","20093","NOS1AP,MYPN"
"TF","Factor: C-FOS; motif: NNNKATGACGTCATNNN; match class: 1","TF:M08947_1","1","0","2856","18","1","20093","ADM"
"TF","Factor: C-FOS; motif: NNNKATGACGTCATNNN","TF:M08947","1","0","7357","18","2","20093","ADM,MYO18B"
"TF","Factor: C-FOS; motif: NATGAGTCATN","TF:M08946","1","0","2822","18","2","20093","LDB3,CRYAB"
"TF","Factor: c-Fos; motif: NNTGASTCATN; match class: 1","TF:M07090_1","1","0","1869","18","1","20093","LDB3"
"TF","Factor: c-Fos; motif: NNTGASTCATN","TF:M07090","1","0","4701","18","2","20093","MECOM,LDB3"
"TF","Factor: c-Fos; motif: ACTCACCA; match class: 1","TF:M04802_1","1","0","1517","18","1","20093","CRYAB"
"TF","Factor: c-Fos; motif: ACTCACCA","TF:M04802","1","0","7484","18","11","20093","PRDM16,HSPG2,MON1A,GNRHR,PTP4A3,TMEM245,LDB3,ADM,CRYAB,PKP2,NFATC3"
"TF","Factor: c-Fos; motif: RTGASTCAY; match class: 1","TF:M04693_1","1","0","2015","18","1","20093","LDB3"
"TF","Factor: c-Fos; motif: RTGASTCAY","TF:M04693","1","0","2901","18","1","20093","LDB3"
"TF","Factor: Fra-2; motif: NRRTGASTCAB; match class: 1","TF:M07092_1","1","0","1261","18","1","20093","LDB3"
"TF","Factor: Fra-2; motif: NRRTGASTCAB","TF:M07092","1","0","3400","18","1","20093","LDB3"
"TF","Factor: FOSL1; motif: NNATGACTCATNN; match class: 1","TF:M12518_1","1","0","2144","18","1","20093","LDB3"
"TF","Factor: FOSL1; motif: NNATGACTCATNN","TF:M12518","1","0","4994","18","2","20093","LDB3,ADM"
"TF","Factor: Fra-1; motif: NATGAWTCAYN; match class: 1","TF:M11286_1","1","0","2481","18","2","20093","MECOM,LDB3"
"TF","Factor: Fra-1; motif: NATGAWTCAYN","TF:M11286","1","0","3369","18","2","20093","MECOM,LDB3"
"TF","Factor: Fra-1; motif: GRTGACGTCATC; match class: 1","TF:M11285_1","1","0","4812","18","3","20093","MON1A,PTP4A3,ADM"
"TF","Factor: HNF-3beta; motif: TGTTTACWYWG","TF:M09619","1","0","2965","18","2","20093","PTP4A3,CRYAB"
"TF","Factor: HNF3ALPHA; motif: TGTTTACWYWGN","TF:M12619","1","0","3536","18","3","20093","PTP4A3,CRYAB,MYO18B"
"TF","Factor: FOXA1; motif: NWGTAAACATNN; match class: 1","TF:M12506_1","1","0","625","18","2","20093","PTP4A3,MYO18B"
"TF","Factor: FOXA1; motif: NWGTAAACATNN","TF:M12506","1","0","4019","18","3","20093","PTP4A3,CRYAB,MYO18B"
"TF","Factor: HNF-3alpha; motif: YTRWGTMAATATTTRCWYWN","TF:M11571","1","0","4562","18","1","20093","MYPN"
"TF","Factor: HNF-3alpha; motif: CNYTAAGTAAACAAAN","TF:M11570","1","0","3877","18","1","20093","KAT2B"
"TF","Factor: HNF-3alpha; motif: NNYTAWGTAAACAAAN","TF:M11568","1","0","2445","18","1","20093","KAT2B"
"TF","Factor: HNF-3alpha; motif: NWRTGTAAAYAN; match class: 1","TF:M11567_1","1","0","1271","18","1","20093","PTP4A3"
"TF","Factor: HNF-3alpha; motif: NWRTGTAAAYAN","TF:M11567","1","0","5270","18","4","20093","PTP4A3,MYPN,CRYAB,MYO18B"
"TF","Factor: HNF-3alpha; motif: NWRWGTMAAYAW","TF:M11566","1","0","3753","18","2","20093","CRYAB,MYO18B"
"TF","Factor: HNF-3alpha; motif: NTRTTTACWYWNN","TF:M09618","1","0","2601","18","2","20093","PTP4A3,CRYAB"
"TF","Factor: HNF-3alpha; motif: WRWGTAAAYA; match class: 1","TF:M08764_1","1","0","576","18","1","20093","PTP4A3"
"TF","Factor: HNF-3alpha; motif: WRWGTAAAYA","TF:M08764","1","0","4238","18","3","20093","PTP4A3,CRYAB,MYO18B"
"TF","Factor: HNF-3alpha; motif: WRWGTAAAC","TF:M04737","1","0","5077","18","2","20093","MYPN,CRYAB"
"TF","Factor: c-Fos; motif: NTGAGTCAN","TF:M09924","1","0","2631","18","1","20093","LDB3"
"TF","Factor: c-Fos; motif: RTGAGTCAYNN","TF:M09617","1","0","2898","18","1","20093","LDB3"
"TF","Factor: FOXD2; motif: NYTAARYAAACA","TF:M13043","1","0","674","18","2","20093","GNRHR,NFATC3"
"TF","Factor: FOXD2; motif: NWACAATAAYATTN","TF:M11553","1","0","298","18","1","20093","MECOM"
"TF","Factor: FOXD2; motif: NWACAATAACAWTN","TF:M11551","1","0","352","18","1","20093","MECOM"
"TF","Factor: FOXD2; motif: GYTRNGTMAACAN","TF:M11550","1","0","2422","18","2","20093","MYPN,CRYAB"
"TF","Factor: FOXD2; motif: GTAAACA; match class: 1","TF:M04239_1","1","0","530","18","2","20093","PTP4A3,MYO18B"
"TF","Factor: FOXD2; motif: GTAAACA","TF:M04239","1","0","4055","18","3","20093","PTP4A3,CRYAB,MYO18B"
"TF","Factor: FOXD1; motif: GTAAACAN","TF:M02149","1","0","1043","18","1","20093","MYO18B"
"TF","Factor: FKHL14; motif: NNANRYAAACAN","TF:M11560","1","0","2399","18","2","20093","GNRHR,MYO18B"
"TF","Factor: FKHL14; motif: NWNNGTMAACAN; match class: 1","TF:M11558_1","1","0","669","18","2","20093","PTP4A3,MYO18B"
"TF","Factor: FKHL14; motif: NWNNGTMAACAN","TF:M11558","1","0","4489","18","4","20093","GNRHR,PTP4A3,CRYAB,MYO18B"
"TF","Factor: FOXC2; motif: WAWGTAAACAWW","TF:M04237","1","0","1676","18","1","20093","MYO18B"
"TF","Factor: Foxc1; motif: TTVYTTTNW; match class: 1","TF:M07254_1","1","0","2679","18","2","20093","MON1A,MYPN"
"TF","Factor: Foxc1; motif: TTVYTTTNW","TF:M07254","1","0","7992","18","7","20093","HSPG2,SP3,MON1A,GNRHR,MYPN,NFATC3,MYO18B"
"TF","Factor: HNF3BETA; motif: NWRWGTAAACA","TF:M12620","1","0","3160","18","2","20093","PTP4A3,CRYAB"
"TF","Factor: FOXA2; motif: NWGTAAACANN; match class: 1","TF:M12491_1","1","0","650","18","2","20093","PTP4A3,MYO18B"
"TF","Factor: FOXA2; motif: NWGTAAACANN","TF:M12491","1","0","4396","18","3","20093","PTP4A3,CRYAB,MYO18B"
"TF","Factor: FOXJ2; motif: AYMATAATATTTKN; match class: 1","TF:M00423_1","1","0","2857","18","1","20093","MYPN"
"TF","Factor: FOXJ2; motif: AYMATAATATTTKN","TF:M00423","1","0","7274","18","6","20093","KAT2B,GNRHR,TMEM245,MYPN,PKP2,MYO18B"
"TF","Factor: FOXJ2:pitx1; motif: YTAATCCCNAMAACA","TF:M08477","1","0","459","18","1","20093","TMEM245"
"TF","Factor: FOXJ2:Elf-1; motif: NNAAACMGGAAGTN","TF:M08290","1","0","1714","18","3","20093","SP3,KAT2B,MYPN"
"TF","Factor: FOXI1; motif: AAYRTAAACAAT","TF:M11582","1","0","1248","18","1","20093","MYPN"
"TF","Factor: FOXI1; motif: GTAAACA; match class: 1","TF:M04244_1","1","0","530","18","2","20093","PTP4A3,MYO18B"
"TF","Factor: FOXI1; motif: GTAAACA","TF:M04244","1","0","4055","18","3","20093","PTP4A3,CRYAB,MYO18B"
"TF","Factor: FoxH1; motif: TGTGGATTS","TF:M09928","1","0","1099","18","1","20093","MECOM"
"TF","Factor: BF-1; motif: NACRYMMACAN","TF:M11577","1","0","1807","18","2","20093","GNRHR,CRYAB"
"TF","Factor: BF-1; motif: NACGYMAACAN","TF:M11576","1","0","1724","18","3","20093","NOS1AP,MON1A,NFATC3"
"TF","Factor: FOXG1; motif: RTAAACAW","TF:M07989","1","0","1307","18","2","20093","PTP4A3,MYO18B"
"TF","Factor: FOXE1; motif: NYTAAAYAAACAAN","TF:M13089","1","0","427","18","1","20093","GNRHR"
"TF","Factor: HFH2; motif: NNWAYRTAAACW","TF:M11555","1","0","4932","18","2","20093","GNRHR,MYO18B"
"TF","Factor: HFH2; motif: NYWAYRTAAACA","TF:M11554","1","0","4633","18","3","20093","KAT2B,GNRHR,MYO18B"
"TF","Factor: FOXD3; motif: GTAAAYA","TF:M04241","1","0","2059","18","2","20093","PTP4A3,CRYAB"
"TF","Factor: FOXD3; motif: NAWTGTTTRTTT","TF:M00130","1","0","4388","18","5","20093","PRDM16,GNRHR,MYPN,PKP2,MYO18B"
"TF","Factor: FOXK1; motif: NNNGTAAACAN","TF:M11589","1","0","4958","18","4","20093","NOS1AP,PTP4A3,CRYAB,MYO18B"
"TF","Factor: FOXK1; motif: NWYGTAAAYAR; match class: 1","TF:M11588_1","1","0","1181","18","2","20093","PTP4A3,MYO18B"
"TF","Factor: FOXK1; motif: NWYGTAAAYAR","TF:M11588","1","0","5707","18","4","20093","MECOM,PTP4A3,CRYAB,MYO18B"
"TF","Factor: FOXK1; motif: TGTTTNCNNT; match class: 1","TF:M09929_1","1","0","678","18","2","20093","GNRHR,MYO18B"
"TF","Factor: FOXK1; motif: TGTTTNCNNT","TF:M09929","1","0","4430","18","4","20093","CACNA2D2,GNRHR,TMEM245,MYO18B"
"TF","Factor: FOXK1; motif: NNNGTAAACANGNN; match class: 1","TF:M09805_1","1","0","34","18","1","20093","PTP4A3"
"TF","Factor: FOXK1; motif: NNNGTAAACANGNN","TF:M09805","1","0","967","18","2","20093","PTP4A3,CRYAB"
"TF","Factor: FOXJ3; motif: TGTTTACNYW","TF:M12605","1","0","2715","18","2","20093","CRYAB,MYO18B"
"TF","Factor: foxj3; motif: RCGTMAACAN","TF:M11587","1","0","1057","18","1","20093","MYO18B"
"TF","Factor: foxj3; motif: ACGTAAACAN","TF:M11586","1","0","1425","18","1","20093","MYO18B"
"TF","Factor: FOXJ3; motif: RTAAACAA","TF:M04249","1","0","4085","18","2","20093","PTP4A3,MYO18B"
"TF","Factor: FOXJ2; motif: NNTGTTGTAAAYAN; match class: 1","TF:M11585_1","1","0","1431","18","1","20093","MYPN"
"TF","Factor: FOXJ2; motif: NNTGTTGTAAAYAN","TF:M11585","1","0","5775","18","3","20093","SP3,MYPN,PKP2"
"TF","Factor: FOXJ2; motif: NNTGTTGTAAAYAN; match class: 1","TF:M11584_1","1","0","1011","18","1","20093","MYPN"
"TF","Factor: FOXJ2; motif: NNTGTTGTAAAYAN","TF:M11584","1","0","4989","18","5","20093","SP3,TMEM245,MYPN,PKP2,MYO18B"
"TF","Factor: FOXJ2; motif: RTAAACAA","TF:M04247","1","0","1307","18","2","20093","PTP4A3,MYO18B"
"TF","Factor: foxm1; motif: TGTTTRCTYWNN; match class: 1","TF:M09930_1","1","0","1645","18","3","20093","GNRHR,MYPN,CRYAB"
"TF","Factor: foxm1; motif: TGTTTRCTYWNN","TF:M09930","1","0","7148","18","8","20093","CACNA2D2,GNRHR,TMEM245,MYPN,LDB3,CRYAB,PKP2,MYO18B"
"TF","Factor: FOXL2; motif: AGHCWAAAYAN; match class: 1","TF:M08811_1","1","0","876","18","1","20093","GNRHR"
"TF","Factor: FOXL2; motif: AGHCWAAAYAN","TF:M08811","1","0","4200","18","3","20093","NOS1AP,GNRHR,LDB3"
"TF","Factor: FOXL2; motif: TWAKACWAMTTT","TF:M03548","1","0","4919","18","6","20093","NOS1AP,KAT2B,GNRHR,MYPN,CRYAB,NFATC3"
"TF","Factor: foxl2; motif: NNYGTAAACAN; match class: 1","TF:M11579_1","1","0","1281","18","3","20093","GNRHR,PTP4A3,MYO18B"
"TF","Factor: foxl2; motif: NNYGTAAACAN","TF:M11579","1","0","6237","18","6","20093","NOS1AP,GNRHR,PTP4A3,MYPN,CRYAB,MYO18B"
"TF","Factor: foxl2; motif: NACGTMAACAN; match class: 1","TF:M11578_1","1","0","1016","18","2","20093","NOS1AP,MON1A"
"TF","Factor: foxl2; motif: NACGTMAACAN","TF:M11578","1","0","5641","18","5","20093","NOS1AP,MON1A,MECOM,PKP2,NFATC3"
"TF","Factor: FOXL1; motif: RTAAACA; match class: 1","TF:M04253_1","1","0","530","18","2","20093","PTP4A3,MYO18B"
"TF","Factor: FOXL1; motif: RTAAACA","TF:M04253","1","0","4055","18","3","20093","PTP4A3,CRYAB,MYO18B"
"TF","Factor: FOXK2; motif: NNGTAAACANN","TF:M12570","1","0","811","18","1","20093","MYO18B"
"TF","Factor: FOXK2; motif: NNGTAAACANN","TF:M09770","1","0","1106","18","1","20093","MYO18B"
"TF","Factor: FOXK1; motif: GTAAACA; match class: 1","TF:M12606_1","1","0","530","18","2","20093","PTP4A3,MYO18B"
"TF","Factor: FOXK1; motif: GTAAACA","TF:M12606","1","0","4055","18","3","20093","PTP4A3,CRYAB,MYO18B"
"TF","Factor: FOXK1; motif: NNNGTAAACAN; match class: 1","TF:M11589_1","1","0","838","18","2","20093","PTP4A3,MYO18B"
"TF","Factor: FOXO1A:Elf-1; motif: NTGTTGCCGGAAGNN","TF:M08296","1","0","10746","18","6","20093","HSPG2,CACNA2D2,PTP4A3,LDB3,PKP2,MYO18B"
"TF","Factor: FOXO1A:Elf-1; motif: NAGAAAACCGAANM; match class: 1","TF:M08295_1","1","0","5135","18","4","20093","PRDM16,MECOM,TMEM245,PKP2"
"TF","Factor: FOXO1A:Elf-1; motif: NAGAAAACCGAANM","TF:M08295","1","0","12009","18","9","20093","PRDM16,NOS1AP,SP3,CACNA2D2,MECOM,TMEM245,MYPN,PKP2,NFATC3"
"TF","Factor: FOXO1A; motif: AAACAA; match class: 1","TF:M03823_1","1","0","9475","18","8","20093","NOS1AP,KAT2B,MON1A,MECOM,GNRHR,MYPN,CRYAB,MYO18B"
"TF","Factor: FOXO1A; motif: AAACAA","TF:M03823","1","0","14650","18","13","20093","PRDM16,HSPG2,NOS1AP,SP3,KAT2B,MON1A,MECOM,GNRHR,PTP4A3,TMEM245,MYPN,CRYAB,MYO18B"
"TF","Factor: FOXO1A; motif: TTGTTTWN; match class: 1","TF:M07286_1","1","0","1297","18","3","20093","NOS1AP,MON1A,MYPN"
"TF","Factor: FOXO1A; motif: TTGTTTWN","TF:M07286","1","0","5060","18","7","20093","PRDM16,HSPG2,NOS1AP,MON1A,MECOM,MYPN,MYO18B"
"TF","Factor: FOXN3; motif: GTAAACAA","TF:M12402","1","0","1307","18","2","20093","PTP4A3,MYO18B"
"TF","Factor: Foxn2; motif: NNGCGTCNNNNNGACGCNN; match class: 1","TF:M11541_1","1","0","5524","18","4","20093","KAT2B,MECOM,GNRHR,ADM"
"TF","Factor: Foxn2; motif: NNGCGTCNNNNNGACGCNN","TF:M11541","1","0","5782","18","5","20093","KAT2B,MECOM,GNRHR,ADM,NFATC3"
"TF","Factor: Foxn2; motif: NGCATCRNNNYGATGCN; match class: 1","TF:M11540_1","1","0","343","18","1","20093","GNRHR"
"TF","Factor: Foxn2; motif: NGCATCRNNNYGATGCN","TF:M11540","1","0","423","18","1","20093","GNRHR"
"TF","Factor: Foxm1; motif: NTGTTTRT","TF:M07255","1","0","6079","18","2","20093","MON1A,MYPN"
"TF","Factor: FOXM1; motif: TRTTTATNN","TF:M08883","1","0","7180","18","6","20093","NOS1AP,GNRHR,MYPN,CRYAB,PKP2,MYO18B"
"TF","Factor: FOXM1; motif: NAGASTGATTA; match class: 1","TF:M04611_1","1","0","3612","18","4","20093","NOS1AP,GNRHR,MYPN,PKP2"
"TF","Factor: FOXM1; motif: NAGASTGATTA","TF:M04611","1","0","9741","18","9","20093","NOS1AP,MECOM,GNRHR,MYPN,LDB3,ADM,CRYAB,PKP2,MYO18B"
"TF","Factor: FOXO1; motif: GNNTTGTTTACNTT; match class: 1","TF:M00474_1","1","0","309","18","1","20093","MYO18B"
"TF","Factor: FOXO1; motif: GNNTTGTTTACNTT","TF:M00474","1","0","3048","18","4","20093","NOS1AP,GNRHR,PTP4A3,MYO18B"
"TF","Factor: FOXO1A:PDEF; motif: WNCCGGATGTTDN; match class: 1","TF:M08486_1","1","0","4675","18","2","20093","MON1A,ADM"
"TF","Factor: FOXO1A:PDEF; motif: WNCCGGATGTTDN","TF:M08486","1","0","11905","18","10","20093","HSPG2,SP3,MON1A,GNRHR,PTP4A3,MYPN,ADM,PKP2,NFATC3,MYO18B"
"TF","Factor: FOXO1A:HOXA10; motif: RWMAACANCRTWAA; match class: 1","TF:M08482_1","1","0","737","18","2","20093","MYPN,PKP2"
"TF","Factor: FOXO1A:HOXA10; motif: RWMAACANCRTWAA","TF:M08482","1","0","4409","18","3","20093","TMEM245,MYPN,PKP2"
"TF","Factor: FOXO1A:ETV7; motif: NWMAACAGGAMNNNCTTCCNN; match class: 1","TF:M08304_1","1","0","7775","18","6","20093","SP3,MON1A,MYPN,PKP2,NFATC3,MYO18B"
"TF","Factor: FOXO1A:ETV7; motif: NWMAACAGGAMNNNCTTCCNN","TF:M08304","1","0","14484","18","12","20093","PRDM16,NOS1AP,SP3,KAT2B,CACNA2D2,MON1A,MECOM,GNRHR,MYPN,PKP2,NFATC3,MYO18B"
"TF","Factor: FOXO1A:Net; motif: RWMAACAGGAAGTN; match class: 1","TF:M08302_1","1","0","2927","18","2","20093","SP3,PTP4A3"
"TF","Factor: FOXO1A:Net; motif: RWMAACAGGAAGTN","TF:M08302","1","0","9628","18","9","20093","SP3,KAT2B,MON1A,MECOM,GNRHR,PTP4A3,MYPN,CRYAB,NFATC3"
"TF","Factor: FOXO1A:Elk-1; motif: RWMAACAGGAAGTN; match class: 1","TF:M08299_1","1","0","1684","18","1","20093","PTP4A3"
"TF","Factor: FOXO1A:Elk-1; motif: RWMAACAGGAAGTN","TF:M08299","1","0","7449","18","8","20093","SP3,KAT2B,MON1A,MECOM,GNRHR,PTP4A3,MYPN,NFATC3"
"TF","Factor: FOXO1A:Elk-1; motif: RCCGGAWGTTNTN; match class: 1","TF:M08298_1","1","0","3937","18","1","20093","KAT2B"
"TF","Factor: FOXO1A:Elk-1; motif: RCCGGAWGTTNTN","TF:M08298","1","0","10723","18","9","20093","HSPG2,KAT2B,MON1A,MECOM,PTP4A3,MYPN,ADM,PKP2,NFATC3"
"TF","Factor: FOXO1A:Elf-1; motif: RTMAACAGGAAGTN","TF:M08297","1","0","3727","18","7","20093","SP3,KAT2B,MON1A,MECOM,PTP4A3,MYPN,NFATC3"
"TF","Factor: FOXO1A:Elf-1; motif: NTGTTGCCGGAAGNN; match class: 1","TF:M08296_1","1","0","3744","18","1","20093","MYO18B"
"TF","Factor: FOXO3; motif: GTAAACATGTTTAC","TF:M04258","1","0","3035","18","2","20093","GNRHR,CRYAB"
"TF","Factor: FOXO3; motif: KGTAAACA; match class: 1","TF:M02270_1","1","0","219","18","2","20093","PTP4A3,MYO18B"
"TF","Factor: FOXO3; motif: KGTAAACA","TF:M02270","1","0","2438","18","2","20093","PTP4A3,MYO18B"
"TF","Factor: FOXO3; motif: TNNTTGTTTACNTW; match class: 1","TF:M00477_1","1","0","303","18","1","20093","GNRHR"
"TF","Factor: FOXO3; motif: TNNTTGTTTACNTW","TF:M00477","1","0","2775","18","5","20093","KAT2B,GNRHR,PTP4A3,MYPN,MYO18B"
"TF","Factor: FOXO3A; motif: TRTAAACAANWN","TF:M01137","1","0","4082","18","4","20093","KAT2B,GNRHR,PTP4A3,MYO18B"
"TF","Factor: FOXO1; motif: NWAAACAAN; match class: 1","TF:M01216_1","1","0","756","18","1","20093","NOS1AP"
"TF","Factor: FOXO1; motif: NWAAACAAN","TF:M01216","1","0","3363","18","3","20093","NOS1AP,MYPN,MYO18B"
"TF","Factor: FOXO1A; motif: NGTAAACAN; match class: 1","TF:M12607_1","1","0","528","18","2","20093","PTP4A3,MYO18B"
"TF","Factor: FOXO1A; motif: NGTAAACAN","TF:M12607","1","0","4054","18","3","20093","PTP4A3,CRYAB,MYO18B"
"TF","Factor: FOXO1A; motif: NNNYTGTTTNCN; match class: 1","TF:M09931_1","1","0","1444","18","2","20093","PTP4A3,MYO18B"
"TF","Factor: FOXO1A; motif: NNNYTGTTTNCN","TF:M09931","1","0","6888","18","7","20093","SP3,MON1A,PTP4A3,MYPN,CRYAB,PKP2,MYO18B"
"TF","Factor: FOXO1; motif: GTAAACATGTTTAC","TF:M04256","1","0","4134","18","3","20093","GNRHR,TMEM245,MYPN"
"TF","Factor: FOXO1; motif: GTAAACAW; match class: 1","TF:M04255_1","1","0","529","18","2","20093","PTP4A3,MYO18B"
"TF","Factor: FOXO1; motif: GTAAACAW","TF:M04255","1","0","4055","18","3","20093","PTP4A3,CRYAB,MYO18B"
"TF","Factor: FOXO1; motif: TGTTKAC","TF:M01968","1","0","2759","18","3","20093","MON1A,TMEM245,CRYAB"
"TF","Factor: FOXP1; motif: CTGTTTNYTYTKN","TF:M09855","1","0","7935","18","9","20093","HSPG2,MON1A,GNRHR,TMEM245,MYPN,LDB3,CRYAB,PKP2,MYO18B"
"TF","Factor: FOXP1; motif: NNGTAAACAGNN","TF:M09806","1","0","812","18","2","20093","PTP4A3,CRYAB"
"TF","Factor: FOXO6; motif: GTAAACA; match class: 1","TF:M04265_1","1","0","530","18","2","20093","PTP4A3,MYO18B"
"TF","Factor: FOXO6; motif: GTAAACA","TF:M04265","1","0","4055","18","3","20093","PTP4A3,CRYAB,MYO18B"
"TF","Factor: foxo4; motif: NCGTMMACAN; match class: 1","TF:M11547_1","1","0","463","18","2","20093","PTP4A3,MYO18B"
"TF","Factor: foxo4; motif: NCGTMMACAN","TF:M11547","1","0","3737","18","3","20093","PTP4A3,CRYAB,MYO18B"
"TF","Factor: foxo4; motif: NNGTMAACAN; match class: 1","TF:M11546_1","1","0","705","18","2","20093","PTP4A3,MYO18B"
"TF","Factor: foxo4; motif: NNGTMAACAN","TF:M11546","1","0","4570","18","3","20093","PTP4A3,CRYAB,MYO18B"
"TF","Factor: FOXO4; motif: TTTCCCCACACG","TF:M04263","1","0","400","18","1","20093","LDB3"
"TF","Factor: FOXO4; motif: GTAAACA","TF:M04262","1","0","2059","18","2","20093","PTP4A3,CRYAB"
"TF","Factor: FOXO4; motif: NNGTTGTTTACNTN; match class: 1","TF:M00476_1","1","0","256","18","2","20093","GNRHR,MYO18B"
"TF","Factor: FOXO4; motif: NNGTTGTTTACNTN","TF:M00476","1","0","2932","18","4","20093","NOS1AP,GNRHR,PTP4A3,MYO18B"
"TF","Factor: FOXO3a; motif: NYTGTTTACN; match class: 1","TF:M09932_1","1","0","315","18","1","20093","PTP4A3"
"TF","Factor: FOXO3a; motif: NYTGTTTACN","TF:M09932","1","0","3165","18","3","20093","PTP4A3,CRYAB,MYO18B"
"TF","Factor: FOXO3; motif: GTAAACAW; match class: 1","TF:M04259_1","1","0","183","18","1","20093","MYO18B"
"TF","Factor: FOXO3; motif: GTAAACAW","TF:M04259","1","0","2265","18","2","20093","PTP4A3,MYO18B"
"TF","Factor: FPM315; motif: SRGGGAGGAGGN; match class: 1","TF:M01587_1","1","0","548","18","1","20093","SP3"
"TF","Factor: FPM315; motif: SRGGGAGGAGGN","TF:M01587","1","0","3306","18","2","20093","SP3,MECOM"
"TF","Factor: FOX; motif: KWTTGTTTRTTTW","TF:M00809","1","0","3923","18","2","20093","GNRHR,PKP2"
"TF","Factor: FOXS1; motif: TGTAAACA","TF:M13206","1","0","1548","18","2","20093","PTP4A3,MYO18B"
"TF","Factor: FOXQ1; motif: NYWRNGTAAACAN","TF:M13139","1","0","3063","18","2","20093","PTP4A3,CRYAB"
"TF","Factor: HFH-1; motif: YTAYRTAAACAN","TF:M11548","1","0","1786","18","1","20093","GNRHR"
"TF","Factor: FOXP4; motif: GTAAACA","TF:M13205","1","0","2059","18","2","20093","PTP4A3,CRYAB"
"TF","Factor: FOXP4; motif: TGTTTRCTNW","TF:M12608","1","0","1422","18","1","20093","CRYAB"
"TF","Factor: FOXP3; motif: NNNVAAACANWD; match class: 1","TF:M07419_1","1","0","2210","18","3","20093","NOS1AP,GNRHR,MYPN"
"TF","Factor: FOXP3; motif: NNNVAAACANWD","TF:M07419","1","0","6500","18","8","20093","NOS1AP,SP3,GNRHR,TMEM245,MYPN,ADM,PKP2,MYO18B"
"TF","Factor: FOXP3; motif: RTAAACA; match class: 1","TF:M04267_1","1","0","530","18","2","20093","PTP4A3,MYO18B"
"TF","Factor: FOXP3; motif: RTAAACA","TF:M04267","1","0","4055","18","3","20093","PTP4A3,CRYAB,MYO18B"
"TF","Factor: FOXP2; motif: NTGTTTACN","TF:M09934","1","0","1536","18","2","20093","PTP4A3,CRYAB"
"TF","Factor: FOXP1; motif: NNGTAAACANN","TF:M12519","1","0","1069","18","1","20093","MYO18B"
"TF","Factor: FOXP1; motif: TNTGTTTMY","TF:M09933","1","0","4425","18","2","20093","MECOM,GNRHR"
"TF","Factor: FOXP1; motif: CTGTTTNYTYTKN; match class: 1","TF:M09855_1","1","0","2266","18","3","20093","TMEM245,MYPN,CRYAB"
"TF","Factor: Freac-7; motif: WNNANATAAAYANNNN; match class: 1","TF:M00293_1","1","0","1029","18","1","20093","GNRHR"
"TF","Factor: Freac-7; motif: WNNANATAAAYANNNN","TF:M00293","1","0","4801","18","3","20093","NOS1AP,GNRHR,MYPN"
"TF","Factor: Freac-4; motif: CTWAWGTAAACANWGN","TF:M00292","1","0","2970","18","3","20093","PTP4A3,CRYAB,MYO18B"
"TF","Factor: Freac-3; motif: NNNNNGTAAATAAACA; match class: 1","TF:M00291_1","1","0","1201","18","1","20093","MYO18B"
"TF","Factor: Freac-3; motif: NNNNNGTAAATAAACA","TF:M00291","1","0","5550","18","3","20093","NOS1AP,PTP4A3,MYO18B"
"TF","Factor: Freac-2; motif: NNANNGTAAACAANNN; match class: 1","TF:M00290_1","1","0","299","18","1","20093","MYO18B"
"TF","Factor: Freac-2; motif: NNANNGTAAACAANNN","TF:M00290","1","0","3064","18","2","20093","PTP4A3,MYO18B"
"TF","Factor: Fra-2; motif: TGASTCANCN","TF:M03870","1","0","3871","18","1","20093","HSPG2"
"TF","Factor: FRA2; motif: RTGAGTCAYN","TF:M12610","1","0","1917","18","1","20093","LDB3"
"TF","Factor: Fra-2; motif: NNRTGAGTCAYN","TF:M09923","1","0","4652","18","2","20093","LDB3,ADM"
"TF","Factor: Fra-2; motif: RTGACTCANNN","TF:M09616","1","0","5089","18","2","20093","LDB3,ADM"
"TF","Factor: FRA-2; motif: RTGANTCA","TF:M08914","1","0","4217","18","2","20093","MECOM,LDB3"
"TF","Factor: Fra-1; motif: TGACTCAN","TF:M03869","1","0","3799","18","1","20093","LDB3"
"TF","Factor: Fra-1; motif: TGAGTCAN","TF:M02095","1","0","1663","18","1","20093","ADM"
"TF","Factor: Fra-1; motif: TGAGTCAN","TF:M01267","1","0","1008","18","1","20093","LDB3"
"TF","Factor: FPM315; motif: GGGAGGAGGRRGRGGRGGRR","TF:M10134","1","0","2509","18","5","20093","PRDM16,NOS1AP,SP3,CACNA2D2,MECOM"
"TF","Factor: GABP-alpha; motif: NNNRCCGGAAGTGN","TF:M09935","1","0","4615","18","2","20093","KAT2B,PTP4A3"
"TF","Factor: GABP-ALPHA; motif: RCCGGAARTNN","TF:M08917","1","0","2817","18","1","20093","NOS1AP"
"TF","Factor: GABP-alpha; motif: AACCGGAAR; match class: 1","TF:M04748_1","1","0","10501","18","10","20093","HSPG2,SP3,CACNA2D2,GNRHR,TMEM245,ADM,CRYAB,PKP2,NFATC3,MYO18B"
"TF","Factor: GABP-alpha; motif: AACCGGAAR","TF:M04748","1","0","16274","18","16","20093","PRDM16,HSPG2,NOS1AP,SP3,KAT2B,CACNA2D2,MECOM,GNRHR,TMEM245,MYPN,LDB3,ADM,CRYAB,PKP2,NFATC3,MYO18B"
"TF","Factor: GABP-alpha; motif: CACTTCCGG","TF:M04698","1","0","3340","18","1","20093","KAT2B"
"TF","Factor: GABPA; motif: ACCGGAAGTN","TF:M03990","1","0","5459","18","3","20093","NOS1AP,PTP4A3,PKP2"
"TF","Factor: GABPalpha; motif: RCCGGAWRYN","TF:M02074","1","0","4759","18","2","20093","NOS1AP,PKP2"
"TF","Factor: GABPalpha_GABPbeta; motif: CTTCCKGY","TF:M03791","1","0","3114","18","2","20093","MECOM,PTP4A3"
"TF","Factor: FXR:RXR-alpha; motif: CAAGGTSAWTAACC","TF:M00631","1","0","3646","18","5","20093","PRDM16,MON1A,GNRHR,MYPN,CRYAB"
"TF","Factor: FXR; motif: NRGGKCANTGRCCNNNNGG; match class: 1","TF:M10014_1","1","0","1497","18","2","20093","SP3,CACNA2D2"
"TF","Factor: FXR; motif: NRGGKCANTGRCCNNNNGG","TF:M10014","1","0","5691","18","5","20093","PRDM16,SP3,CACNA2D2,MON1A,LDB3"
"TF","Factor: FXR; motif: NAGGTCAWNKN","TF:M08953","1","0","5032","18","2","20093","GNRHR,PTP4A3"
"TF","Factor: FXR:RXR-ALPHA; motif: NRGGTCANRGGKN; match class: 1","TF:M08955_1","1","0","3391","18","1","20093","PTP4A3"
"TF","Factor: FXR:RXR-ALPHA; motif: NRGGTCANRGGKN","TF:M08955","1","0","9923","18","8","20093","HSPG2,NOS1AP,SP3,CACNA2D2,GNRHR,PTP4A3,LDB3,ADM"
"TF","Factor: FXR:RXR-ALPHA; motif: NAGKTCATTGACCYN; match class: 1","TF:M08954_1","1","0","2863","18","2","20093","MON1A,PTP4A3"
"TF","Factor: FXR:RXR-ALPHA; motif: NAGKTCATTGACCYN","TF:M08954","1","0","7602","18","6","20093","CACNA2D2,MON1A,GNRHR,PTP4A3,TMEM245,NFATC3"
"TF","Factor: GATA-1; motif: NCWGATAACA","TF:M00346","1","0","4523","18","6","20093","GNRHR,PTP4A3,CRYAB,PKP2,NFATC3,MYO18B"
"TF","Factor: GATA-1; motif: NNCWGATARNNNN","TF:M00128","1","0","2637","18","3","20093","GNRHR,MYPN,MYO18B"
"TF","Factor: GATA-1; motif: NNNNNGATANKGGN","TF:M00126","1","0","4047","18","2","20093","GNRHR,LDB3"
"TF","Factor: GATA-1; motif: SNNGATNNNN; match class: 1","TF:M00075_1","1","0","1683","18","1","20093","LDB3"
"TF","Factor: GATA-1; motif: SNNGATNNNN","TF:M00075","1","0","7157","18","8","20093","PRDM16,HSPG2,SP3,MECOM,GNRHR,LDB3,CRYAB,NFATC3"
"TF","Factor: GAF; motif: CRNATTCCYNK","TF:M01209","1","0","1467","18","2","20093","CACNA2D2,CRYAB"
"TF","Factor: GABP; motif: VCCGGAAGNGCR; match class: 1","TF:M00341_1","1","0","2374","18","3","20093","SP3,KAT2B,PTP4A3"
"TF","Factor: GABP; motif: VCCGGAAGNGCR","TF:M00341","1","0","8422","18","7","20093","NOS1AP,SP3,KAT2B,PTP4A3,MYPN,LDB3,PKP2"
"TF","Factor: GABP-beta; motif: ASMGGAAGKGN; match class: 1","TF:M01876_1","1","0","206","18","1","20093","KAT2B"
"TF","Factor: GABP-beta; motif: ASMGGAAGKGN","TF:M01876","1","0","2288","18","3","20093","KAT2B,PTP4A3,MYPN"
"TF","Factor: GABPBETA; motif: YCACTTCCKGN","TF:M09843","1","0","2514","18","4","20093","NOS1AP,KAT2B,PTP4A3,MYPN"
"TF","Factor: GABP-alpha; motif: CTTCCK; match class: 1","TF:M01660_1","1","0","5221","18","3","20093","KAT2B,MECOM,PTP4A3"
"TF","Factor: GABP-alpha; motif: CTTCCK","TF:M01660","1","0","11351","18","10","20093","NOS1AP,SP3,KAT2B,MECOM,PTP4A3,LDB3,ADM,PKP2,NFATC3,MYO18B"
"TF","Factor: GABPA; motif: NNCACTTCCTGTNN","TF:M12494","1","0","2183","18","2","20093","PTP4A3,MYPN"
"TF","Factor: GABP-alpha; motif: NRCCGGAAGTN","TF:M11415","1","0","3423","18","1","20093","PTP4A3"
"TF","Factor: GABP-alpha; motif: NACCGGAAGTN","TF:M11414","1","0","3075","18","1","20093","PTP4A3"
"TF","Factor: GATA-2; motif: NSAGATAAGNN","TF:M09622","1","0","3216","18","6","20093","PRDM16,GNRHR,MYPN,ADM,CRYAB,MYO18B"
"TF","Factor: GATA2; motif: NNNTTCTTATCTSN; match class: 1","TF:M07213_1","1","0","501","18","1","20093","CRYAB"
"TF","Factor: GATA2; motif: NNNTTCTTATCTSN","TF:M07213","1","0","4021","18","6","20093","PRDM16,GNRHR,MYPN,ADM,CRYAB,MYO18B"
"TF","Factor: GATA-2; motif: ASAGATAANA","TF:M00349","1","0","4271","18","3","20093","GNRHR,CRYAB,MYO18B"
"TF","Factor: GATA-2; motif: NNWGATAASA; match class: 1","TF:M00348_1","1","0","168","18","1","20093","CRYAB"
"TF","Factor: GATA-2; motif: NNWGATAASA","TF:M00348","1","0","2291","18","3","20093","PRDM16,CRYAB,MYO18B"
"TF","Factor: GATA-2; motif: NNNGATRNNN","TF:M00076","1","0","3276","18","4","20093","CACNA2D2,GNRHR,LDB3,MYO18B"
"TF","Factor: GATA-1; motif: NNNNNWGATARNNNN","TF:M02004","1","0","2419","18","6","20093","PRDM16,GNRHR,MYPN,ADM,CRYAB,MYO18B"
"TF","Factor: GATA-1; motif: NTGNNNNNNNNAGATAAGN; match class: 1","TF:M09936_1","1","0","701","18","1","20093","GNRHR"
"TF","Factor: GATA-1; motif: NTGNNNNNNNNAGATAAGN","TF:M09936","1","0","4594","18","5","20093","GNRHR,PTP4A3,MYPN,CRYAB,PKP2"
"TF","Factor: GATA-1; motif: NTGNNNNNNNSAGATAAGR; match class: 1","TF:M09621_1","1","0","1113","18","1","20093","GNRHR"
"TF","Factor: GATA-1; motif: NTGNNNNNNNSAGATAAGR","TF:M09621","1","0","5806","18","8","20093","PRDM16,GNRHR,PTP4A3,MYPN,ADM,CRYAB,PKP2,MYO18B"
"TF","Factor: GATA-1; motif: NGATAAN","TF:M08765","1","0","3605","18","6","20093","PRDM16,GNRHR,MYPN,ADM,CRYAB,MYO18B"
"TF","Factor: GATA-1; motif: CCTTATCTS","TF:M04713","1","0","3647","18","6","20093","PRDM16,GNRHR,MYPN,ADM,CRYAB,MYO18B"
"TF","Factor: GATA-1; motif: MNAGATAANR","TF:M00347","1","0","4760","18","4","20093","GNRHR,TMEM245,CRYAB,MYO18B"
"TF","Factor: GATA-1; motif: NCWGATAACA; match class: 1","TF:M00346_1","1","0","702","18","2","20093","GNRHR,MYO18B"
"TF","Factor: GATA-3; motif: AGATAACGATCW","TF:M12192","1","0","5040","18","5","20093","MYPN,ADM,CRYAB,PKP2,NFATC3"
"TF","Factor: GATA-3; motif: NNAGATAANAN","TF:M09938","1","0","3353","18","2","20093","GNRHR,CRYAB"
"TF","Factor: GATA-3; motif: WGATAASN; match class: 1","TF:M08918_1","1","0","669","18","1","20093","CRYAB"
"TF","Factor: GATA-3; motif: WGATAASN","TF:M08918","1","0","4541","18","7","20093","PRDM16,GNRHR,MYPN,ADM,CRYAB,PKP2,MYO18B"
"TF","Factor: GATA3; motif: AGATAAGA","TF:M07214","1","0","3602","18","6","20093","PRDM16,GNRHR,MYPN,ADM,CRYAB,MYO18B"
"TF","Factor: GATA3; motif: NGATAANN; match class: 1","TF:M03997_1","1","0","669","18","1","20093","CRYAB"
"TF","Factor: GATA3; motif: NGATAANN","TF:M03997","1","0","4541","18","7","20093","PRDM16,GNRHR,MYPN,ADM,CRYAB,PKP2,MYO18B"
"TF","Factor: GATA-3; motif: ANAGATMWWA","TF:M00351","1","0","2827","18","1","20093","MYPN"
"TF","Factor: GATA-3; motif: NGAGATAANA","TF:M00350","1","0","2266","18","1","20093","CRYAB"
"TF","Factor: GATA-3; motif: NNGATARNG","TF:M00077","1","0","1491","18","1","20093","LDB3"
"TF","Factor: GATA-2; motif: GATAANN","TF:M01877","1","0","1759","18","3","20093","MYPN,ADM,CRYAB"
"TF","Factor: GATA2; motif: NNCTTATCTS","TF:M12611","1","0","3491","18","6","20093","PRDM16,GNRHR,MYPN,ADM,CRYAB,MYO18B"
"TF","Factor: GATA-2; motif: NNGATAASN","TF:M12191","1","0","1562","18","2","20093","NFATC3,MYO18B"
"TF","Factor: GATA-2; motif: NWGATAASN","TF:M12190","1","0","1265","18","2","20093","CRYAB,PKP2"
"TF","Factor: GATA-2; motif: NTGNNNNNNNNAGATAAGN; match class: 1","TF:M09937_1","1","0","286","18","1","20093","GNRHR"
"TF","Factor: GATA-2; motif: NTGNNNNNNNNAGATAAGN","TF:M09937","1","0","2997","18","3","20093","GNRHR,MYPN,PKP2"
"TF","Factor: GATA-5; motif: WGATAACGATCT","TF:M12205","1","0","266","18","1","20093","MYPN"
"TF","Factor: GATA-5; motif: TTAMCAR","TF:M05445","1","0","3363","18","2","20093","MECOM,TMEM245"
"TF","Factor: GATA5; motif: WGATAANN","TF:M03999","1","0","1192","18","1","20093","MYO18B"
"TF","Factor: GATA-4; motif: AGATAAN","TF:M03549","1","0","5044","18","3","20093","GNRHR,TMEM245,MYPN"
"TF","Factor: GATA4; motif: NNCCTTATCTNN","TF:M12520","1","0","1468","18","1","20093","GNRHR"
"TF","Factor: GATA-4; motif: NNGATAASNN","TF:M12207","1","0","2963","18","5","20093","GNRHR,PTP4A3,CRYAB,PKP2,MYO18B"
"TF","Factor: GATA-4; motif: NNAGATAAGA","TF:M09939","1","0","1028","18","1","20093","MYO18B"
"TF","Factor: GATA4; motif: WGATAANN","TF:M03998","1","0","1192","18","1","20093","MYO18B"
"TF","Factor: GATA-3; motif: AGATAA; match class: 1","TF:M01878_1","1","0","4377","18","5","20093","GNRHR,MYPN,ADM,CRYAB,MYO18B"
"TF","Factor: GATA-3; motif: AGATAA","TF:M01878","1","0","10564","18","11","20093","PRDM16,NOS1AP,GNRHR,PTP4A3,TMEM245,MYPN,LDB3,ADM,CRYAB,PKP2,MYO18B"
"TF","Factor: GATA-3; motif: MGATAASATCT; match class: 1","TF:M12195_1","1","0","548","18","1","20093","GNRHR"
"TF","Factor: GATA-3; motif: MGATAASATCT","TF:M12195","1","0","3999","18","3","20093","MECOM,GNRHR,MYPN"
"TF","Factor: GATA-3; motif: MGATAACGATCT","TF:M12194","1","0","3549","18","3","20093","MYPN,ADM,CRYAB"
"TF","Factor: GATA-3; motif: AGATAAGATCT; match class: 1","TF:M12193_1","1","0","1751","18","1","20093","GNRHR"
"TF","Factor: GATA-3; motif: AGATAAGATCT","TF:M12193","1","0","6648","18","4","20093","MECOM,GNRHR,MYPN,CRYAB"
"TF","Factor: GATA-3; motif: AGATAACGATCW; match class: 1","TF:M12192_1","1","0","1150","18","1","20093","ADM"
"TF","Factor: GATA; motif: WGATARN","TF:M00789","1","0","3605","18","6","20093","PRDM16,GNRHR,MYPN,ADM,CRYAB,MYO18B"
"TF","Factor: GATA-X; motif: NGATAAGNMNN; match class: 1","TF:M00203_1","1","0","532","18","2","20093","GNRHR,ADM"
"TF","Factor: GATA-X; motif: NGATAAGNMNN","TF:M00203","1","0","3920","18","5","20093","GNRHR,MYPN,ADM,CRYAB,MYO18B"
"TF","Factor: GATAD2B; motif: NNCTGNMCTTTGNNCNN; match class: 1","TF:M13126_1","1","0","1448","18","2","20093","MON1A,LDB3"
"TF","Factor: GATAD2B; motif: NNCTGNMCTTTGNNCNN","TF:M13126","1","0","6612","18","4","20093","CACNA2D2,MON1A,LDB3,NFATC3"
"TF","Factor: GATAD2A; motif: CCTKTG; match class: 1","TF:M09726_1","1","0","9267","18","10","20093","HSPG2,NOS1AP,GNRHR,PTP4A3,TMEM245,MYPN,LDB3,ADM,NFATC3,MYO18B"
"TF","Factor: GATAD2A; motif: CCTKTG","TF:M09726","1","0","15542","18","15","20093","HSPG2,NOS1AP,SP3,KAT2B,CACNA2D2,MON1A,GNRHR,PTP4A3,TMEM245,MYPN,LDB3,ADM,PKP2,NFATC3,MYO18B"
"TF","Factor: GATA-6; motif: AGATAAN","TF:M03216","1","0","3605","18","6","20093","PRDM16,GNRHR,MYPN,ADM,CRYAB,MYO18B"
"TF","Factor: GATA6; motif: NNNTCTTATCTNN","TF:M12571","1","0","4119","18","6","20093","PRDM16,GNRHR,MYPN,ADM,CRYAB,MYO18B"
"TF","Factor: GATA-6; motif: NGATAACGATCN","TF:M12209","1","0","2201","18","3","20093","MYPN,ADM,CRYAB"
"TF","Factor: GATA-6; motif: WGATAACGATCW","TF:M12208","1","0","4434","18","4","20093","TMEM245,MYPN,ADM,CRYAB"
"TF","Factor: GATA-6; motif: NNAGATAAGANAA","TF:M09940","1","0","3018","18","5","20093","PRDM16,GNRHR,MYPN,CRYAB,MYO18B"
"TF","Factor: GATA6; motif: NNNAGATAAGANN","TF:M09771","1","0","3044","18","5","20093","GNRHR,MYPN,ADM,CRYAB,MYO18B"
"TF","Factor: GATA-6; motif: NNNAGATAAGAWAN","TF:M09624","1","0","3381","18","5","20093","PRDM16,GNRHR,MYPN,CRYAB,MYO18B"
"TF","Factor: GATA-5; motif: TATCTN; match class: 1","TF:M02006_1","1","0","3216","18","7","20093","NOS1AP,SP3,GNRHR,TMEM245,LDB3,ADM,MYO18B"
"TF","Factor: GATA-5; motif: TATCTN","TF:M02006","1","0","9363","18","13","20093","NOS1AP,SP3,CACNA2D2,MON1A,MECOM,GNRHR,PTP4A3,TMEM245,MYPN,LDB3,ADM,CRYAB,MYO18B"
"TF","Factor: GCMa:Erg; motif: ATGCGGGCGGAARKG","TF:M08487","1","0","14185","18","16","20093","PRDM16,HSPG2,NOS1AP,SP3,KAT2B,CACNA2D2,MON1A,MECOM,PTP4A3,TMEM245,MYPN,LDB3,CRYAB,PKP2,NFATC3,MYO18B"
"TF","Factor: GCMa:Elk-1; motif: RTGNGGGCGGAAGNN; match class: 1","TF:M08309_1","1","0","7086","18","10","20093","PRDM16,HSPG2,NOS1AP,SP3,KAT2B,CACNA2D2,MON1A,PTP4A3,TMEM245,CRYAB"
"TF","Factor: GCMa:Elk-1; motif: RTGNGGGCGGAAGNN","TF:M08309","1","0","12932","18","13","20093","PRDM16,HSPG2,NOS1AP,SP3,KAT2B,CACNA2D2,MON1A,MECOM,PTP4A3,TMEM245,LDB3,CRYAB,PKP2"
"TF","Factor: GCMa:Elf-1; motif: NRCCCGCACGGAAGTN; match class: 1","TF:M08307_1","1","0","3022","18","1","20093","SP3"
"TF","Factor: GCMa:Elf-1; motif: NRCCCGCACGGAAGTN","TF:M08307","1","0","9180","18","5","20093","HSPG2,SP3,KAT2B,PKP2,NFATC3"
"TF","Factor: GCMa:Elf-1; motif: NNCGGAARTGCKGGT","TF:M08306","1","0","2808","18","1","20093","NFATC3"
"TF","Factor: GCMa:C/EBPbeta; motif: ATGCGGGTNNRTTGCGCAAY; match class: 1","TF:M08575_1","1","0","1629","18","1","20093","NFATC3"
"TF","Factor: GCMa:C/EBPbeta; motif: ATGCGGGTNNRTTGCGCAAY","TF:M08575","1","0","7019","18","4","20093","PRDM16,KAT2B,CACNA2D2,NFATC3"
"TF","Factor: Gbx2; motif: NTCRTTAN","TF:M10575","1","0","2330","18","1","20093","TMEM245"
"TF","Factor: Gbx2; motif: NYAATTAN","TF:M10574","1","0","657","18","2","20093","KAT2B,NFATC3"
"TF","Factor: Gbx2; motif: NYAATTAN","TF:M10573","1","0","657","18","2","20093","KAT2B,NFATC3"
"TF","Factor: Gbx2; motif: NTCRTTAN; match class: 1","TF:M10572_1","1","0","1086","18","1","20093","TMEM245"
"TF","Factor: Gbx2; motif: NTCRTTAN","TF:M10572","1","0","5840","18","3","20093","NOS1AP,TMEM245,MYPN"
"TF","Factor: Gbx2; motif: NYAATTAN","TF:M10571","1","0","657","18","2","20093","KAT2B,NFATC3"
"TF","Factor: GBX2; motif: NNYAATTANN","TF:M04324","1","0","3650","18","3","20093","KAT2B,GNRHR,NFATC3"
"TF","Factor: GBX1; motif: NCYAATTANN","TF:M04322","1","0","228","18","1","20093","KAT2B"
"TF","Factor: GCMb:Dlx-3; motif: ATGCGGGYNNNNNTAATTR","TF:M08587","1","0","828","18","1","20093","PKP2"
"TF","Factor: GCMa; motif: RTGCGGGTN; match class: 1","TF:M11595_1","1","0","5621","18","9","20093","PRDM16,HSPG2,SP3,KAT2B,MECOM,PTP4A3,CRYAB,PKP2,MYO18B"
"TF","Factor: GCMa; motif: RTGCGGGTN","TF:M11595","1","0","12110","18","14","20093","PRDM16,HSPG2,NOS1AP,SP3,KAT2B,CACNA2D2,MECOM,GNRHR,PTP4A3,MYPN,ADM,CRYAB,PKP2,MYO18B"
"TF","Factor: GCMa:PDEF; motif: RTGNGGGCGGATGYRNNTCCGGN; match class: 1","TF:M08323_1","1","0","3","18","1","20093","KAT2B"
"TF","Factor: GCMa:PDEF; motif: RTGNGGGCGGATGYRNNTCCGGN","TF:M08323","1","0","281","18","2","20093","PRDM16,KAT2B"
"TF","Factor: GCMa:HEN1; motif: GCAGCTGNGNNNNNRTGCGGG","TF:M08705","1","0","527","18","1","20093","KAT2B"
"TF","Factor: GCMa:HOXB13; motif: RTGCGGGTMATAAAN","TF:M08320","1","0","862","18","2","20093","PKP2,NFATC3"
"TF","Factor: GCMa:HOXA2; motif: RTRNGGGYNTAATNN","TF:M08704","1","0","348","18","1","20093","PKP2"
"TF","Factor: GCMa:HOXA13; motif: RTGCGGGTAATAAA","TF:M08319","1","0","467","18","2","20093","PKP2,NFATC3"
"TF","Factor: GCMa:FOXO1A; motif: GTMAATAMGGGTRN; match class: 1","TF:M08318_1","1","0","4863","18","2","20093","NOS1AP,CRYAB"
"TF","Factor: GCMa:FOXO1A; motif: GTMAATAMGGGTRN","TF:M08318","1","0","12008","18","10","20093","NOS1AP,CACNA2D2,MON1A,GNRHR,TMEM245,LDB3,ADM,CRYAB,NFATC3,MYO18B"
"TF","Factor: GCMa:FIGLA; motif: CASSTGNACCCGCAY","TF:M08315","1","0","991","18","3","20093","KAT2B,LDB3,CRYAB"
"TF","Factor: GCMa:PEA3; motif: ATRCGGGCGGAAGTR; match class: 1","TF:M08313_1","1","0","9837","18","12","20093","PRDM16,NOS1AP,SP3,KAT2B,CACNA2D2,MON1A,PTP4A3,LDB3,ADM,PKP2,NFATC3,MYO18B"
"TF","Factor: GCMa:PEA3; motif: ATRCGGGCGGAAGTR","TF:M08313","1","0","15672","18","15","20093","PRDM16,NOS1AP,SP3,KAT2B,CACNA2D2,MON1A,MECOM,PTP4A3,TMEM245,LDB3,ADM,CRYAB,PKP2,NFATC3,MYO18B"
"TF","Factor: GCMa:ER81; motif: ATRNGGGCGGAWGKN","TF:M08312","1","0","664","18","1","20093","KAT2B"
"TF","Factor: GCMa:Erg; motif: ATGCGGGCGGAARKG; match class: 1","TF:M08487_1","1","0","8905","18","12","20093","PRDM16,HSPG2,NOS1AP,SP3,KAT2B,CACNA2D2,MECOM,PTP4A3,TMEM245,CRYAB,PKP2,NFATC3"
"TF","Factor: Gfi1; motif: NNAAATCANNGSN","TF:M01067","1","0","692","18","1","20093","GNRHR"
"TF","Factor: GFI1; motif: AAATCWSWGCN","TF:M12612","1","0","1559","18","1","20093","GNRHR"
"TF","Factor: Gfi-1; motif: NNNNNNNAAATCACWGYNNNNNNN","TF:M00250","1","0","1082","18","1","20093","GNRHR"
"TF","Factor: Gfi1b; motif: YYCAATCWSD","TF:M03825","1","0","1657","18","1","20093","PRDM16"
"TF","Factor: Gfi1b; motif: TAAATCACTGCW","TF:M01058","1","0","1857","18","1","20093","TMEM245"
"TF","Factor: GEMIN3; motif: NCWGGRARRGRGNGNG; match class: 1","TF:M09727_1","1","0","3236","18","4","20093","CACNA2D2,MECOM,LDB3,PKP2"
"TF","Factor: GEMIN3; motif: NCWGGRARRGRGNGNG","TF:M09727","1","0","8705","18","9","20093","PRDM16,NOS1AP,CACNA2D2,MON1A,MECOM,LDB3,ADM,PKP2,NFATC3"
"TF","Factor: GCM; motif: NNNNATGMGGGN","TF:M08884","1","0","1208","18","1","20093","NOS1AP"
"TF","Factor: GCMb; motif: RCCCKCAT","TF:M03824","1","0","1564","18","2","20093","NOS1AP,SP3"
"TF","Factor: GCMa; motif: CCCGCAT","TF:M03574","1","0","2390","18","3","20093","NOS1AP,SP3,PTP4A3"
"TF","Factor: GCMb; motif: ATGCGGGTN","TF:M11597","1","0","1221","18","1","20093","NOS1AP"
"TF","Factor: GCMb; motif: NATGCGGGTN","TF:M04002","1","0","1294","18","2","20093","NOS1AP,SP3"
"TF","Factor: GCMb:Max; motif: ATGCGGGYNNCAYGTG","TF:M08710","1","0","681","18","1","20093","LDB3"
"TF","Factor: GCMb:FIGLA; motif: ATGCGGGTNCASSTG","TF:M08330","1","0","403","18","3","20093","KAT2B,LDB3,CRYAB"
"TF","Factor: GCMb:E2F-8; motif: ATRNGGGTWANSGCGGGAAA","TF:M08488","1","0","1557","18","1","20093","MYO18B"
"TF","Factor: GCMb:Prrxl1; motif: ATRCGGGTNATTAN","TF:M08326","1","0","596","18","1","20093","PKP2"
"TF","Factor: Gli2; motif: NTGGGTGGTCNN","TF:M07455","1","0","2952","18","2","20093","MYPN,CRYAB"
"TF","Factor: Gli2; motif: NTRAAGTAGGGTGGCCC","TF:M05331","1","0","1944","18","3","20093","HSPG2,MYPN,CRYAB"
"TF","Factor: GLI2; motif: GCGACCACMCTR","TF:M03902","1","0","1578","18","3","20093","NOS1AP,KAT2B,NFATC3"
"TF","Factor: Gli2; motif: GACCACCCANG","TF:M01703","1","0","3907","18","1","20093","HSPG2"
"TF","Factor: GLI; motif: NGACCMCCCAN; match class: 1","TF:M07290_1","1","0","1956","18","1","20093","KAT2B"
"TF","Factor: GLI; motif: NGACCMCCCAN","TF:M07290","1","0","7309","18","8","20093","NOS1AP,KAT2B,CACNA2D2,MECOM,MYPN,LDB3,CRYAB,NFATC3"
"TF","Factor: GLI1; motif: GACCACCCAMG","TF:M01702","1","0","2420","18","1","20093","HSPG2"
"TF","Factor: GKLF; motif: CCTCCYN; match class: 1","TF:M01835_1","1","0","10330","18","9","20093","NOS1AP,SP3,KAT2B,CACNA2D2,MECOM,PTP4A3,TMEM245,LDB3,CRYAB"
"TF","Factor: GKLF; motif: CCTCCYN","TF:M01835","1","0","15880","18","15","20093","PRDM16,NOS1AP,SP3,KAT2B,CACNA2D2,MON1A,MECOM,PTP4A3,TMEM245,LDB3,ADM,CRYAB,PKP2,NFATC3,MYO18B"
"TF","Factor: GKLF; motif: NNNRGGNGNGGSN; match class: 1","TF:M07289_1","1","0","10807","18","14","20093","PRDM16,HSPG2,SP3,KAT2B,CACNA2D2,MON1A,MECOM,PTP4A3,TMEM245,ADM,CRYAB,PKP2,NFATC3,MYO18B"
"TF","Factor: GKLF; motif: NNNRGGNGNGGSN","TF:M07289","1","0","14949","18","16","20093","PRDM16,HSPG2,NOS1AP,SP3,KAT2B,CACNA2D2,MON1A,MECOM,PTP4A3,TMEM245,LDB3,ADM,CRYAB,PKP2,NFATC3,MYO18B"
"TF","Factor: GKLF; motif: NNRRGRRNGNSNNN; match class: 1","TF:M07040_1","1","0","8294","18","14","20093","PRDM16,HSPG2,NOS1AP,SP3,KAT2B,CACNA2D2,MECOM,PTP4A3,TMEM245,LDB3,ADM,CRYAB,PKP2,NFATC3"
"TF","Factor: GKLF; motif: NNRRGRRNGNSNNN","TF:M07040","1","0","12961","18","16","20093","PRDM16,HSPG2,NOS1AP,SP3,KAT2B,CACNA2D2,MON1A,MECOM,PTP4A3,TMEM245,LDB3,ADM,CRYAB,PKP2,NFATC3,MYO18B"
"TF","Factor: GKLF; motif: WGGGYGKGGC","TF:M09971","1","0","5651","18","1","20093","HSPG2"
"TF","Factor: GKLF; motif: GCCMCRCCCNNN; match class: 1","TF:M01588_1","1","0","3987","18","4","20093","HSPG2,ADM,PKP2,NFATC3"
"TF","Factor: GKLF; motif: GCCMCRCCCNNN","TF:M01588","1","0","9101","18","6","20093","HSPG2,NOS1AP,MON1A,ADM,PKP2,NFATC3"
"TF","Factor: GR; motif: NNNNNNNGKACNNNNTGTTCTNNNNNN","TF:M00955","1","0","5174","18","8","20093","KAT2B,CACNA2D2,PTP4A3,MYPN,LDB3,ADM,CRYAB,PKP2"
"TF","Factor: GRHL2; motif: AACCNGTYNKNC","TF:M09943","1","0","1441","18","2","20093","SP3,MON1A"
"TF","Factor: GRHL2; motif: NNNAAACCAGTTNNN","TF:M09772","1","0","333","18","1","20093","MECOM"
"TF","Factor: GR; motif: GGTACAANNTGTYCTK; match class: 1","TF:M00205_1","1","0","1652","18","1","20093","CRYAB"
"TF","Factor: GR; motif: GGTACAANNTGTYCTK","TF:M00205","1","0","7051","18","6","20093","PTP4A3,MYPN,LDB3,ADM,CRYAB,PKP2"
"TF","Factor: GMEB2; motif: TTACGYAM","TF:M04112","1","0","315","18","1","20093","SP3"
"TF","Factor: GMEB-1; motif: KNACGTNRNNACGTAN; match class: 1","TF:M12005_1","1","0","469","18","1","20093","NFATC3"
"TF","Factor: GMEB-1; motif: KNACGTNRNNACGTAN","TF:M12005","1","0","1186","18","1","20093","NFATC3"
"TF","Factor: GLI; motif: MCVNNGACCACCCAV","TF:M03871","1","0","3392","18","2","20093","CACNA2D2,NFATC3"
"TF","Factor: GLI; motif: NTGGGTGGTN; match class: 1","TF:M07292_1","1","0","1202","18","1","20093","PTP4A3"
"TF","Factor: GLI; motif: NTGGGTGGTN","TF:M07292","1","0","5927","18","3","20093","PTP4A3,MYPN,CRYAB"
"TF","Factor: GLI; motif: NBTGGGTGGTCN","TF:M01037","1","0","2081","18","1","20093","CRYAB"
"TF","Factor: GLIS2; motif: ACCCCCCRCGWNGC","TF:M12217","1","0","560","18","2","20093","SP3,PKP2"
"TF","Factor: GLI4; motif: RGGCCTTGAATGCCANGCYMA; match class: 1","TF:M10514_1","1","0","5960","18","4","20093","PRDM16,CACNA2D2,CRYAB,MYO18B"
"TF","Factor: GLI4; motif: RGGCCTTGAATGCCANGCYMA","TF:M10514","1","0","12869","18","8","20093","PRDM16,CACNA2D2,MYPN,LDB3,ADM,CRYAB,PKP2,MYO18B"
"TF","Factor: GLI2; motif: TGGGTGGTCNS","TF:M07291","1","0","3106","18","2","20093","MYPN,CRYAB"
"TF","Factor: gsh-1; motif: NTMATNRN","TF:M10750","1","0","8495","18","7","20093","NOS1AP,KAT2B,MON1A,MECOM,ADM,PKP2,NFATC3"
"TF","Factor: gsh-1; motif: NTCRTTAN; match class: 1","TF:M10749_1","1","0","1086","18","1","20093","TMEM245"
"TF","Factor: gsh-1; motif: NTCRTTAN","TF:M10749","1","0","5840","18","3","20093","NOS1AP,TMEM245,MYPN"
"TF","Factor: GSX1; motif: NNYMATTANN; match class: 1","TF:M04327_1","1","0","5964","18","4","20093","NOS1AP,KAT2B,MECOM,PKP2"
"TF","Factor: GSX1; motif: NNYMATTANN","TF:M04327","1","0","6140","18","4","20093","NOS1AP,KAT2B,MECOM,PKP2"
"TF","Factor: Gscl; motif: NTAATCCN","TF:M10924","1","0","7129","18","5","20093","HSPG2,MECOM,TMEM245,MYPN,ADM"
"TF","Factor: GR; motif: CNNNNTGTYCTNN; match class: 1","TF:M01836_1","1","0","1207","18","2","20093","PTP4A3,MYPN"
"TF","Factor: GR; motif: CNNNNTGTYCTNN","TF:M01836","1","0","6165","18","9","20093","KAT2B,GNRHR,PTP4A3,MYPN,LDB3,ADM,CRYAB,PKP2,MYO18B"
"TF","Factor: GR; motif: NNTGTYCT","TF:M00921","1","0","1986","18","2","20093","GNRHR,MYPN"
"TF","Factor: GR; motif: NNNNNNCNNTNTGTNCTNN; match class: 1","TF:M00192_1","1","0","2059","18","3","20093","CACNA2D2,LDB3,PKP2"
"TF","Factor: GR; motif: NNNNNNCNNTNTGTNCTNN","TF:M00192","1","0","7814","18","9","20093","CACNA2D2,GNRHR,PTP4A3,MYPN,LDB3,ADM,CRYAB,PKP2,MYO18B"
"TF","Factor: GR; motif: AGAACAN; match class: 1","TF:M07355_1","1","0","1080","18","2","20093","ADM,CRYAB"
"TF","Factor: GR; motif: AGAACAN","TF:M07355","1","0","6005","18","9","20093","CACNA2D2,MON1A,GNRHR,PTP4A3,MYPN,LDB3,ADM,CRYAB,PKP2"
"TF","Factor: GR; motif: RGNACANMNTGTNCY; match class: 1","TF:M09941_1","1","0","2154","18","2","20093","LDB3,PKP2"
"TF","Factor: GR; motif: RGNACANMNTGTNCY","TF:M09941","1","0","6032","18","6","20093","NOS1AP,KAT2B,MON1A,MYPN,LDB3,PKP2"
"TF","Factor: GR; motif: NNNNNNNGKACNNNNTGTTCTNNNNNN; match class: 1","TF:M00955_1","1","0","788","18","3","20093","MYPN,CRYAB,PKP2"
"TF","Factor: Hand1; motif: TCCAGACCT","TF:M13210","1","0","822","18","1","20093","PTP4A3"
"TF","Factor: HAIRYLIKE; motif: NNNNCANGTG; match class: 1","TF:M08885_1","1","0","2222","18","2","20093","HSPG2,PTP4A3"
"TF","Factor: HAIRYLIKE; motif: NNNNCANGTG","TF:M08885","1","0","6234","18","4","20093","HSPG2,PTP4A3,LDB3,NFATC3"
"TF","Factor: HA95; motif: CCSNSSCCNSCNCCWSCCNS; match class: 1","TF:M13127_1","1","0","8444","18","13","20093","PRDM16,HSPG2,NOS1AP,SP3,KAT2B,CACNA2D2,MON1A,MECOM,TMEM245,ADM,CRYAB,PKP2,NFATC3"
"TF","Factor: HA95; motif: CCSNSSCCNSCNCCWSCCNS","TF:M13127","1","0","12464","18","15","20093","PRDM16,HSPG2,NOS1AP,SP3,KAT2B,CACNA2D2,MON1A,MECOM,PTP4A3,TMEM245,LDB3,ADM,CRYAB,PKP2,NFATC3"
"TF","Factor: GZF1; motif: TNYTNNRRNAAWTACGGYA","TF:M12613","1","0","613","18","1","20093","MYPN"
"TF","Factor: TF3C-beta; motif: CCNGGAGGGCTTCCTGGAGGAG; match class: 1","TF:M04863_1","1","0","8573","18","7","20093","PRDM16,HSPG2,NOS1AP,SP3,MECOM,PTP4A3,TMEM245"
"TF","Factor: TF3C-beta; motif: CCNGGAGGGCTTCCTGGAGGAG","TF:M04863","1","0","13779","18","13","20093","PRDM16,HSPG2,NOS1AP,SP3,KAT2B,CACNA2D2,MECOM,PTP4A3,TMEM245,LDB3,CRYAB,PKP2,NFATC3"
"TF","Factor: GTF2IRD1-isoform2; motif: GGGATTRNR; match class: 1","TF:M01229_1","1","0","9686","18","6","20093","HSPG2,MON1A,MECOM,GNRHR,TMEM245,ADM"
"TF","Factor: GTF2IRD1-isoform2; motif: GGGATTRNR","TF:M01229","1","0","15579","18","14","20093","PRDM16,HSPG2,NOS1AP,KAT2B,CACNA2D2,MON1A,MECOM,GNRHR,TMEM245,MYPN,ADM,CRYAB,PKP2,MYO18B"
"TF","Factor: GSH2; motif: SYMATTAR","TF:M10748","1","0","1867","18","1","20093","MECOM"
"TF","Factor: GSH2; motif: NTCRTTAN; match class: 1","TF:M10747_1","1","0","343","18","1","20093","TMEM245"
"TF","Factor: GSH2; motif: NTCRTTAN","TF:M10747","1","0","3170","18","1","20093","TMEM245"
"TF","Factor: GSX2; motif: NNYMATTANN; match class: 1","TF:M04328_1","1","0","4207","18","2","20093","MECOM,PKP2"
"TF","Factor: GSX2; motif: NNYMATTANN","TF:M04328","1","0","6580","18","6","20093","NOS1AP,KAT2B,MON1A,MECOM,GNRHR,PKP2"
"TF","Factor: gsh-1; motif: NTMATNRN; match class: 1","TF:M10750_1","1","0","4279","18","1","20093","PKP2"
"TF","Factor: HES-1; motif: GSCACGMGMC","TF:M02011","1","0","4308","18","6","20093","NOS1AP,SP3,CACNA2D2,ADM,CRYAB,PKP2"
"TF","Factor: HES-1; motif: NCTNGTGN","TF:M07420","1","0","977","18","1","20093","HSPG2"
"TF","Factor: HES-1; motif: NNCKYGTGNNN; match class: 1","TF:M07042_1","1","0","653","18","1","20093","ADM"
"TF","Factor: HES-1; motif: NNCKYGTGNNN","TF:M07042","1","0","4034","18","5","20093","PRDM16,MON1A,TMEM245,ADM,CRYAB"
"TF","Factor: HES-1; motif: ANSBCKYGTGSCNNG","TF:M01009","1","0","3056","18","4","20093","SP3,ADM,CRYAB,PKP2"
"TF","Factor: HES-1; motif: GGCRCGTGNC; match class: 1","TF:M11061_1","1","0","2562","18","2","20093","ADM,NFATC3"
"TF","Factor: HES-1; motif: GGCRCGTGNC","TF:M11061","1","0","6419","18","7","20093","PRDM16,NOS1AP,CACNA2D2,MON1A,ADM,PKP2,NFATC3"
"TF","Factor: HES-1; motif: GNCACGTGNC; match class: 1","TF:M08767_1","1","0","7949","18","11","20093","PRDM16,HSPG2,NOS1AP,CACNA2D2,MON1A,PTP4A3,LDB3,ADM,CRYAB,PKP2,NFATC3"
"TF","Factor: HES-1; motif: GNCACGTGNC","TF:M08767","1","0","8054","18","11","20093","PRDM16,HSPG2,NOS1AP,CACNA2D2,MON1A,PTP4A3,LDB3,ADM,CRYAB,PKP2,NFATC3"
"TF","Factor: HEN2; motif: CATYTGNNN","TF:M03575","1","0","583","18","1","20093","PKP2"
"TF","Factor: HELIOS; motif: RNARRRGGAASTGARAN; match class: 1","TF:M09745_1","1","0","500","18","2","20093","MECOM,GNRHR"
"TF","Factor: HELIOS; motif: RNARRRGGAASTGARAN","TF:M09745","1","0","3660","18","3","20093","MECOM,GNRHR,CRYAB"
"TF","Factor: Helios; motif: NNTWGGGANNN","TF:M01003","1","0","3782","18","1","20093","LDB3"
"TF","Factor: HEB; motif: RCCWGCTG","TF:M00698","1","0","2877","18","4","20093","PTP4A3,LDB3,ADM,CRYAB"
"TF","Factor: HDAC1; motif: KGCARGGTC; match class: 1","TF:M07041_1","1","0","6363","18","9","20093","PRDM16,HSPG2,NOS1AP,CACNA2D2,PTP4A3,TMEM245,LDB3,ADM,CRYAB"
"TF","Factor: HDAC1; motif: KGCARGGTC","TF:M07041","1","0","12699","18","14","20093","PRDM16,HSPG2,NOS1AP,SP3,KAT2B,CACNA2D2,PTP4A3,TMEM245,LDB3,ADM,CRYAB,PKP2,NFATC3,MYO18B"
"TF","Factor: Hey2; motif: NGCACGTGYN","TF:M11053","1","0","1335","18","3","20093","HSPG2,LDB3,NFATC3"
"TF","Factor: Hey2; motif: NNCACGYGNN; match class: 1","TF:M11052_1","1","0","9765","18","9","20093","PRDM16,HSPG2,CACNA2D2,MON1A,PTP4A3,LDB3,ADM,PKP2,NFATC3"
"TF","Factor: Hey2; motif: NNCACGYGNN","TF:M11052","1","0","12756","18","12","20093","PRDM16,HSPG2,NOS1AP,SP3,CACNA2D2,MON1A,PTP4A3,LDB3,ADM,CRYAB,PKP2,NFATC3"
"TF","Factor: HEY1; motif: NYYYYATCTNN","TF:M12614","1","0","5809","18","3","20093","NOS1AP,GNRHR,MYPN"
"TF","Factor: Hey1; motif: NGCACGTGYN","TF:M11059","1","0","1905","18","3","20093","HSPG2,LDB3,NFATC3"
"TF","Factor: Hey1; motif: NGCRCGYGYN; match class: 1","TF:M11058_1","1","0","11140","18","10","20093","PRDM16,HSPG2,CACNA2D2,MON1A,PTP4A3,LDB3,ADM,CRYAB,PKP2,NFATC3"
"TF","Factor: Hey1; motif: NGCRCGYGYN","TF:M11058","1","0","13397","18","14","20093","PRDM16,HSPG2,NOS1AP,SP3,KAT2B,CACNA2D2,MON1A,PTP4A3,TMEM245,LDB3,ADM,CRYAB,PKP2,NFATC3"
"TF","Factor: Hey1; motif: NGCACGTGYN","TF:M11057","1","0","1178","18","3","20093","HSPG2,LDB3,NFATC3"
"TF","Factor: Hey1; motif: NGCACGYGYN","TF:M11056","1","0","2659","18","3","20093","HSPG2,LDB3,NFATC3"
"TF","Factor: HES-7; motif: GNCACGYGNN; match class: 1","TF:M11066_1","1","0","8423","18","9","20093","PRDM16,HSPG2,CACNA2D2,MON1A,PTP4A3,LDB3,ADM,PKP2,NFATC3"
"TF","Factor: HES-7; motif: GNCACGYGNN","TF:M11066","1","0","11750","18","11","20093","PRDM16,HSPG2,NOS1AP,CACNA2D2,MON1A,PTP4A3,LDB3,ADM,CRYAB,PKP2,NFATC3"
"TF","Factor: HES6; motif: GGCACGTGTY","TF:M11065","1","0","92","18","1","20093","NFATC3"
"TF","Factor: HES-5; motif: NCACACKY; match class: 1","TF:M11069_1","1","0","4297","18","6","20093","HSPG2,KAT2B,MECOM,LDB3,CRYAB,MYO18B"
"TF","Factor: HES-5; motif: NCACACKY","TF:M11069","1","0","11243","18","11","20093","PRDM16,HSPG2,KAT2B,CACNA2D2,MON1A,MECOM,TMEM245,LDB3,CRYAB,PKP2,MYO18B"
"TF","Factor: HES-5; motif: GGCACGTGYC","TF:M11068","1","0","343","18","1","20093","NFATC3"
"TF","Factor: HES-1; motif: GSCACGMGMC; match class: 1","TF:M02011_1","1","0","872","18","1","20093","ADM"
"TF","Factor: HIF1; motif: GNNKACGTGCGGNN","TF:M00797","1","0","3653","18","2","20093","PTP4A3,PKP2"
"TF","Factor: HIF-1alpha; motif: NCACGT; match class: 1","TF:M02012_1","1","0","1871","18","1","20093","PTP4A3"
"TF","Factor: HIF-1alpha; motif: NCACGT","TF:M02012","1","0","6816","18","6","20093","HSPG2,PTP4A3,LDB3,CRYAB,PKP2,NFATC3"
"TF","Factor: HIF-1alpha; motif: NNACGTGNN","TF:M07043","1","0","1438","18","1","20093","PKP2"
"TF","Factor: HIF-1alpha; motif: NCACGTNN","TF:M07384","1","0","1281","18","1","20093","PTP4A3"
"TF","Factor: HIF-1alpha; motif: GNACGTGM","TF:M09944","1","0","5697","18","3","20093","SP3,PTP4A3,CRYAB"
"TF","Factor: HIF1A; motif: NNACGTGCNN","TF:M09773","1","0","2486","18","1","20093","PTP4A3"
"TF","Factor: HIF1A:ARNT; motif: VNACGTGN","TF:M02378","1","0","882","18","1","20093","PTP4A3"
"TF","Factor: HIC2; motif: RTGCCCRNN","TF:M03906","1","0","3534","18","5","20093","HSPG2,CACNA2D2,MON1A,PTP4A3,MYO18B"
"TF","Factor: HIC1; motif: NNNGGKTGCCCSNNNNNN","TF:M01073","1","0","4113","18","5","20093","PRDM16,CACNA2D2,LDB3,ADM,CRYAB"
"TF","Factor: HIC1; motif: NSNNNNTGCCCSSNN; match class: 1","TF:M01072_1","1","0","867","18","2","20093","NOS1AP,CRYAB"
"TF","Factor: HIC1; motif: NSNNNNTGCCCSSNN","TF:M01072","1","0","4150","18","5","20093","NOS1AP,CACNA2D2,PTP4A3,CRYAB,PKP2"
"TF","Factor: HFH8; motif: NNNTGTTTATNTR","TF:M00294","1","0","3827","18","3","20093","GNRHR,MYPN,PKP2"
"TF","Factor: HFH2; motif: AAACAAAN","TF:M07319","1","0","2541","18","1","20093","GNRHR"
"TF","Factor: Hey2; motif: NGCACGTGYN","TF:M11055","1","0","443","18","1","20093","NFATC3"
"TF","Factor: Hey2; motif: NGCACGYGYN","TF:M11054","1","0","3480","18","4","20093","HSPG2,PTP4A3,LDB3,NFATC3"
"TF","Factor: HMGIY; motif: NNKKNAWTTTNYTNN","TF:M01010","1","0","8571","18","7","20093","SP3,MON1A,MECOM,GNRHR,MYPN,ADM,PKP2"
"TF","Factor: HMGIY; motif: NGWWATTN; match class: 1","TF:M01653_1","1","0","1563","18","2","20093","MYPN,MYO18B"
"TF","Factor: HMGIY; motif: NGWWATTN","TF:M01653","1","0","6273","18","8","20093","NOS1AP,SP3,MECOM,GNRHR,TMEM245,MYPN,ADM,MYO18B"
"TF","Factor: HMG20A; motif: NSAGATAAGN","TF:M13114","1","0","2674","18","5","20093","PRDM16,GNRHR,ADM,CRYAB,MYO18B"
"TF","Factor: MEF-2A; motif: SKYTAAAAATAACYCH","TF:M00406","1","0","1216","18","1","20093","TMEM245"
"TF","Factor: HMBOX1; motif: NCTAGTTAN","TF:M11043","1","0","607","18","1","20093","GNRHR"
"TF","Factor: HMBOX1; motif: MYTAGTTAMN","TF:M04332","1","0","1529","18","2","20093","HSPG2,PKP2"
"TF","Factor: HLTF; motif: AGSCARAAAGYRGSTGS; match class: 1","TF:M04613_1","1","0","2112","18","1","20093","MYPN"
"TF","Factor: HLTF; motif: AGSCARAAAGYRGSTGS","TF:M04613","1","0","8285","18","7","20093","HSPG2,CACNA2D2,GNRHR,MYPN,LDB3,PKP2,MYO18B"
"TF","Factor: HLF; motif: NNRTTATGCAACNN","TF:M12490","1","0","1452","18","1","20093","PKP2"
"TF","Factor: HLF; motif: GTTACRYAAT","TF:M00260","1","0","2913","18","1","20093","NFATC3"
"TF","Factor: HIF2A; motif: ACGTGNNN","TF:M07356","1","0","1862","18","3","20093","MON1A,PTP4A3,PKP2"
"TF","Factor: EPAS1; motif: CGCACGTAS","TF:M13363","1","0","3069","18","2","20093","PTP4A3,PKP2"
"TF","Factor: HIF2alpha; motif: NNACGTGCNN","TF:M01249","1","0","1549","18","1","20093","PTP4A3"
"TF","Factor: HIF1; motif: NGTACGTGCNGB","TF:M00466","1","0","3058","18","3","20093","CACNA2D2,PTP4A3,ADM"
"TF","Factor: HIF1; motif: GNNKACGTGCGGNN; match class: 1","TF:M00797_1","1","0","580","18","1","20093","PTP4A3"
"TF","Factor: HNF-1alpha; motif: RGTTAATNWTT; match class: 1","TF:M02013_1","1","0","165","18","1","20093","GNRHR"
"TF","Factor: HNF-1alpha; motif: RGTTAATNWTT","TF:M02013","1","0","1985","18","1","20093","GNRHR"
"TF","Factor: HNF-1alpha; motif: NGNNAAWNATTAACNN","TF:M07044","1","0","1831","18","1","20093","GNRHR"
"TF","Factor: HNF1A; motif: GGTTAATNATTAMC","TF:M02162","1","0","1284","18","1","20093","GNRHR"
"TF","Factor: HMX3; motif: NNCAMTTAANN; match class: 1","TF:M04335_1","1","0","1353","18","2","20093","MON1A,MYPN"
"TF","Factor: HMX3; motif: NNCAMTTAANN","TF:M04335","1","0","5733","18","5","20093","SP3,MON1A,GNRHR,MYPN,NFATC3"
"TF","Factor: HMX2; motif: ANCACTTAAN","TF:M10648","1","0","1391","18","1","20093","MYPN"
"TF","Factor: HMX2; motif: ACCACTTAAN","TF:M10647","1","0","1139","18","1","20093","MYPN"
"TF","Factor: HMX2; motif: SCACTTANC","TF:M10646","1","0","7383","18","5","20093","PRDM16,HSPG2,KAT2B,MYPN,MYO18B"
"TF","Factor: HMX2; motif: NCAMTTAAN","TF:M10645","1","0","4339","18","5","20093","HSPG2,SP3,GNRHR,MYPN,MYO18B"
"TF","Factor: HMX2; motif: ANCAMTTAANN","TF:M04334","1","0","5199","18","5","20093","SP3,MON1A,GNRHR,MYPN,NFATC3"
"TF","Factor: Homeobox; motif: NCAMTTANC","TF:M10644","1","0","3844","18","3","20093","HSPG2,SP3,MYPN"
"TF","Factor: Homeobox; motif: NCAMTTANC","TF:M10643","1","0","4070","18","3","20093","PRDM16,HSPG2,MYPN"
"TF","Factor: HMX1; motif: ANCAATTAANN","TF:M04333","1","0","1843","18","1","20093","GNRHR"
"TF","Factor: HMGXB3; motif: NRGCCAATSRGNRNNS","TF:M12616","1","0","2862","18","1","20093","NFATC3"
"TF","Factor: HMGIY; motif: NNKKNAWTTTNYTNN; match class: 1","TF:M01010_1","1","0","3264","18","5","20093","MON1A,MECOM,GNRHR,MYPN,PKP2"
"TF","Factor: HNF-3alpha; motif: TGTTTACWYWNN","TF:M09925","1","0","2573","18","2","20093","PTP4A3,CRYAB"
"TF","Factor: HNF3A; motif: RWGTAAACAN; match class: 1","TF:M01261_1","1","0","423","18","1","20093","PTP4A3"
"TF","Factor: HNF3A; motif: RWGTAAACAN","TF:M01261","1","0","3576","18","3","20093","PTP4A3,CRYAB,MYO18B"
"TF","Factor: HNF3alpha; motif: TRTTTGYTYWN","TF:M00724","1","0","2764","18","1","20093","CRYAB"
"TF","Factor: HNF-1; motif: NNNNGNTAAWNATTAACYNNN","TF:M01011","1","0","2493","18","2","20093","GNRHR,MYO18B"
"TF","Factor: HNF-1; motif: WRGTTAATNATTAACNNN","TF:M00790","1","0","2962","18","2","20093","MECOM,GNRHR"
"TF","Factor: HNF-1; motif: DGTTAATKAWTNACCAM","TF:M00206","1","0","1627","18","1","20093","ADM"
"TF","Factor: HNF-1alpha; motif: NNKNNGTTAACTAANNN; match class: 1","TF:M01379_1","1","0","1101","18","1","20093","MYO18B"
"TF","Factor: HNF-1alpha; motif: NNKNNGTTAACTAANNN","TF:M01379","1","0","3470","18","8","20093","HSPG2,KAT2B,GNRHR,TMEM245,MYPN,PKP2,NFATC3,MYO18B"
"TF","Factor: HNF-1alpha; motif: GGTTAATNWTTAMCN","TF:M00132","1","0","912","18","1","20093","GNRHR"
"TF","Factor: HNF-1beta; motif: GTTAATYATTAACY; match class: 1","TF:M03872_1","1","0","804","18","1","20093","GNRHR"
"TF","Factor: HNF-1beta; motif: GTTAATYATTAACY","TF:M03872","1","0","4392","18","2","20093","KAT2B,GNRHR"
"TF","Factor: HNF-1beta; motif: NNNYAAHCATTAACYN","TF:M03826","1","0","2994","18","3","20093","MECOM,GNRHR,MYPN"
"TF","Factor: HNF1B; motif: GTTAAWCATTAACYNN","TF:M12618","1","0","810","18","1","20093","GNRHR"
"TF","Factor: HNF-1beta; motif: NNNNGTTAACTAGNNNT; match class: 1","TF:M01425_1","1","0","1800","18","2","20093","MYPN,MYO18B"
"TF","Factor: HNF-1beta; motif: NNNNGTTAACTAGNNNT","TF:M01425","1","0","5360","18","7","20093","HSPG2,KAT2B,GNRHR,MYPN,PKP2,NFATC3,MYO18B"
"TF","Factor: HNF-4alpha; motif: AGTCCAAR","TF:M04903","1","0","7135","18","7","20093","PRDM16,MON1A,GNRHR,MYPN,ADM,CRYAB,PKP2"
"TF","Factor: HNF4alpha; motif: AAGTYCAG","TF:M04808","1","0","3033","18","3","20093","CACNA2D2,MECOM,NFATC3"
"TF","Factor: HNF4A; motif: RRGTCCAAAGGTCAN","TF:M04468","1","0","1329","18","1","20093","MYPN"
"TF","Factor: HNF4A; motif: RRGGTCAAAGTCCANN","TF:M04467","1","0","1691","18","3","20093","NOS1AP,MON1A,PKP2"
"TF","Factor: HNF4A; motif: GGGGTCAAAGGTCA","TF:M04466","1","0","1302","18","1","20093","PTP4A3"
"TF","Factor: HNF4A; motif: RRGTCCAAAGTCCANN","TF:M04465","1","0","1372","18","2","20093","MON1A,PKP2"
"TF","Factor: HNF4A; motif: RGGNCAAAGKYCA","TF:M02220","1","0","1885","18","2","20093","LDB3,PKP2"
"TF","Factor: HNF4alpha; motif: VTGAACTTTGMMB","TF:M00638","1","0","2989","18","5","20093","GNRHR,PTP4A3,LDB3,ADM,CRYAB"
"TF","Factor: HNF3; motif: NNNNNTRTTTRYTYWNKN","TF:M01012","1","0","2472","18","1","20093","CRYAB"
"TF","Factor: HNF-3gamma; motif: TGTTTRYT","TF:M02015","1","0","2955","18","2","20093","MYPN,PKP2"
"TF","Factor: HNF3G; motif: NCTRWGTAAACANNN","TF:M12621","1","0","585","18","2","20093","PTP4A3,CRYAB"
"TF","Factor: HNF-3gamma; motif: NNGTAAACANN","TF:M12469","1","0","589","18","1","20093","MYO18B"
"TF","Factor: HNF-3gamma; motif: NNTGTTTACWTWG","TF:M09927","1","0","1211","18","1","20093","PTP4A3"
"TF","Factor: HNF-3beta; motif: NTRTTTRYT","TF:M02014","1","0","2823","18","3","20093","MYPN,LDB3,CRYAB"
"TF","Factor: HNF-3beta; motif: TGTTTACWYWGN","TF:M09926","1","0","2484","18","2","20093","PTP4A3,CRYAB"
"TF","Factor: HNF3beta; motif: KGNANTRTTTRYTTW","TF:M00131","1","0","2760","18","2","20093","PRDM16,GNRHR"
"TF","Factor: HNF4A; motif: TGGACTTTG","TF:M12622","1","0","2624","18","1","20093","MON1A"
"TF","Factor: HNF4A; motif: NNCAAAGTCCANN; match class: 1","TF:M12503_1","1","0","260","18","1","20093","MON1A"
"TF","Factor: HNF4A; motif: NNCAAAGTCCANN","TF:M12503","1","0","3097","18","2","20093","MON1A,PKP2"
"TF","Factor: HNF-4alpha; motif: RRGTCCAAAGTCCAN; match class: 1","TF:M11760_1","1","0","110","18","1","20093","MON1A"
"TF","Factor: HNF-4alpha; motif: RRGTCCAAAGTCCAN","TF:M11760","1","0","1814","18","3","20093","MON1A,ADM,PKP2"
"TF","Factor: HNF-4alpha; motif: RRGGTCAAAGTCCAN","TF:M11759","1","0","1825","18","3","20093","NOS1AP,MON1A,PKP2"
"TF","Factor: HNF-4alpha; motif: RRGGTCAAAGGTCAN","TF:M11758","1","0","1492","18","1","20093","PTP4A3"
"TF","Factor: HNF-4alpha; motif: RRGTCCAAAGGTCAN","TF:M11757","1","0","2179","18","1","20093","ADM"
"TF","Factor: HNF-4alpha; motif: RRGTCCAAAGTCCAN; match class: 1","TF:M11756_1","1","0","323","18","2","20093","MON1A,PKP2"
"TF","Factor: HNF-4alpha; motif: RRGTCCAAAGTCCAN","TF:M11756","1","0","3190","18","3","20093","MON1A,ADM,PKP2"
"TF","Factor: HNF-4alpha; motif: RRGGTCAAAGTCCAN","TF:M11755","1","0","2341","18","3","20093","NOS1AP,MON1A,PKP2"
"TF","Factor: HNF-4alpha; motif: RRGGTCAAAGGTCAN","TF:M11754","1","0","1395","18","1","20093","PTP4A3"
"TF","Factor: HNF-4alpha; motif: NRGKNCAAAGTCCA","TF:M09947","1","0","2226","18","2","20093","MON1A,PKP2"
"TF","Factor: HNF-4alpha; motif: NRGNNCAAAGTYCA","TF:M09626","1","0","1925","18","2","20093","MON1A,PKP2"
"TF","Factor: HNF4A; motif: NTGRACTTTGNNCYN","TF:M07215","1","0","1518","18","1","20093","LDB3"
"TF","Factor: HNF-4alpha; motif: AGTCCAAR; match class: 1","TF:M04903_1","1","0","1613","18","3","20093","MON1A,ADM,PKP2"
"TF","Factor: HOXA10; motif: NNNGYAATAAAATNNW","TF:M01464","1","0","3588","18","4","20093","MON1A,MECOM,CRYAB,PKP2"
"TF","Factor: HOXA5; motif: ANGNTAATTANCNNAN","TF:M01452","1","0","3984","18","2","20093","KAT2B,PKP2"
"TF","Factor: HOXA5; motif: TGCNHNCWYCCYCATTAKTGNDCNMNHYCN","TF:M00023","1","0","3589","18","5","20093","NOS1AP,SP3,MECOM,GNRHR,MYPN"
"TF","Factor: HOMEZ; motif: AAAACGATTAWA","TF:M04007","1","0","409","18","1","20093","LDB3"
"TF","Factor: HNRPUL1; motif: NCNCAGN; match class: 1","TF:M09746_1","1","0","7693","18","7","20093","NOS1AP,CACNA2D2,PTP4A3,TMEM245,LDB3,ADM,NFATC3"
"TF","Factor: HNRPUL1; motif: NCNCAGN","TF:M09746","1","0","13949","18","14","20093","PRDM16,NOS1AP,SP3,KAT2B,CACNA2D2,MON1A,MECOM,PTP4A3,TMEM245,LDB3,ADM,CRYAB,PKP2,NFATC3"
"TF","Factor: HNF-4; motif: NNNNNNNGNNCAAAGKYCAN","TF:M03828","1","0","1243","18","1","20093","LDB3"
"TF","Factor: HNF-4; motif: NGGNCAAAGKYCAN","TF:M01031","1","0","979","18","1","20093","LDB3"
"TF","Factor: HNF4alpha1; motif: NRGGNCAAAGGTCAN","TF:M00411","1","0","1993","18","1","20093","PKP2"
"TF","Factor: HNF-4; motif: NNNRGGNCAAAGKTCANNN","TF:M00134","1","0","1226","18","1","20093","LDB3"
"TF","Factor: HNF4G; motif: NRGKNCAAAGKYCA","TF:M12623","1","0","1089","18","2","20093","MON1A,PKP2"
"TF","Factor: HNF-4gamma; motif: NRGNNCAAAGKYCA","TF:M09627","1","0","1248","18","3","20093","MON1A,LDB3,PKP2"
"TF","Factor: HNF-4gamma; motif: NRGNNCAAAGKYCA","TF:M09948","1","0","1054","18","2","20093","MON1A,PKP2"
"TF","Factor: HNF4; motif: TGAMCTTTGNCCN","TF:M00764","1","0","1835","18","2","20093","LDB3,ADM"
"TF","Factor: HNF-4alpha; motif: GNNCAAAGKYCANNN","TF:M02016","1","0","2534","18","3","20093","MON1A,LDB3,PKP2"
"TF","Factor: HNF-4A; motif: NGNNCAAAGKYCAN","TF:M07321","1","0","1705","18","1","20093","LDB3"
"TF","Factor: HOXA13; motif: NCCAATAAAAN","TF:M10832","1","0","729","18","1","20093","MON1A"
"TF","Factor: HOXA13; motif: AMRTAAAMC","TF:M01297","1","0","1610","18","2","20093","GNRHR,MYPN"
"TF","Factor: HOXA13; motif: ATAAMA; match class: 1","TF:M01292_1","1","0","8696","18","4","20093","GNRHR,TMEM245,MYPN,PKP2"
"TF","Factor: HOXA13; motif: ATAAMA","TF:M01292","1","0","13890","18","10","20093","NOS1AP,MON1A,GNRHR,TMEM245,MYPN,LDB3,CRYAB,PKP2,NFATC3,MYO18B"
"TF","Factor: HOXA11; motif: NGYMATAAAAN","TF:M10822","1","0","2427","18","3","20093","MON1A,LDB3,NFATC3"
"TF","Factor: HOXA11; motif: NGYMATAAAAN","TF:M10820","1","0","956","18","1","20093","MON1A"
"TF","Factor: HOXA10; motif: TTATNNYWN","TF:M07257","1","0","3923","18","3","20093","KAT2B,MECOM,ADM"
"TF","Factor: HOXA10; motif: ANTTTATG","TF:M03873","1","0","2412","18","2","20093","TMEM245,NFATC3"
"TF","Factor: HOXA10; motif: NGYMATAAANN","TF:M10802","1","0","3843","18","5","20093","MON1A,LDB3,CRYAB,PKP2,NFATC3"
"TF","Factor: HOXA10; motif: NRTCGTAAANN","TF:M10801","1","0","4040","18","2","20093","ADM,NFATC3"
"TF","Factor: HOXA10; motif: NGYMATAAANN","TF:M10800","1","0","3773","18","5","20093","MON1A,LDB3,CRYAB,PKP2,NFATC3"
"TF","Factor: HOXA10; motif: NRTCGTAAANN","TF:M10799","1","0","5842","18","4","20093","PRDM16,SP3,ADM,NFATC3"
"TF","Factor: HOXA10; motif: RGTCGTAAAAN","TF:M10797","1","0","5719","18","3","20093","GNRHR,ADM,NFATC3"
"TF","Factor: HOXA10; motif: NGTCGTAAAAN","TF:M10795","1","0","7145","18","6","20093","PRDM16,SP3,TMEM245,ADM,NFATC3,MYO18B"
"TF","Factor: HOXA10; motif: NGYMATAAAAN","TF:M04340","1","0","2134","18","3","20093","MON1A,LDB3,CRYAB"
"TF","Factor: HOXA10; motif: NNNGYAATAAAATNNW; match class: 1","TF:M01464_1","1","0","564","18","1","20093","PKP2"
"TF","Factor: HoxA5; motif: NYMATTAN","TF:M10706","1","0","3828","18","1","20093","MECOM"
"TF","Factor: HoxA5; motif: GYMATTAS; match class: 1","TF:M10705_1","1","0","3828","18","1","20093","MECOM"
"TF","Factor: HoxA5; motif: GYMATTAS","TF:M10705","1","0","3828","18","1","20093","MECOM"
"TF","Factor: HoxA5; motif: RTCATTAN; match class: 1","TF:M10704_1","1","0","1255","18","1","20093","MYPN"
"TF","Factor: HoxA5; motif: RTCATTAN","TF:M10704","1","0","5756","18","7","20093","NOS1AP,KAT2B,MON1A,MECOM,GNRHR,MYPN,PKP2"
"TF","Factor: HoxA5; motif: NYAATTAN","TF:M10703","1","0","3828","18","1","20093","MECOM"
"TF","Factor: HOXA5; motif: CDBWAATK","TF:M02271","1","0","2029","18","2","20093","MON1A,MYO18B"
"TF","Factor: HOXA4; motif: RTMATTAN","TF:M10716","1","0","4285","18","5","20093","KAT2B,MON1A,MECOM,MYPN,PKP2"
"TF","Factor: HOXA4; motif: RYCATTRN","TF:M08771","1","0","3062","18","5","20093","KAT2B,MON1A,MECOM,MYPN,PKP2"
"TF","Factor: HOXA3; motif: NNNNRNTAATTARY; match class: 1","TF:M01337_1","1","0","12595","18","10","20093","NOS1AP,KAT2B,MON1A,MECOM,GNRHR,MYPN,ADM,PKP2,NFATC3,MYO18B"
"TF","Factor: HOXA3; motif: NNNNRNTAATTARY","TF:M01337","1","0","16379","18","12","20093","PRDM16,HSPG2,NOS1AP,KAT2B,MON1A,MECOM,GNRHR,MYPN,ADM,PKP2,NFATC3,MYO18B"
"TF","Factor: HOXA3:TBR2; motif: TAATGAGGTGTNA","TF:M08338","1","0","1201","18","2","20093","MYPN,CRYAB"
"TF","Factor: HOXA2; motif: RTCRTTAR","TF:M10736","1","0","2085","18","4","20093","KAT2B,MON1A,MYPN,PKP2"
"TF","Factor: HOXA2; motif: RTCRTTAN","TF:M10733","1","0","2515","18","4","20093","KAT2B,MON1A,MYPN,PKP2"
"TF","Factor: HOXA2; motif: NNTMATTANN","TF:M04344","1","0","2820","18","2","20093","NOS1AP,KAT2B"
"TF","Factor: HOXA1; motif: NTAATTAN","TF:M10753","1","0","2135","18","1","20093","MECOM"
"TF","Factor: HOXA9; motif: DTGATTTATKGY","TF:M07450","1","0","4928","18","5","20093","MON1A,MECOM,GNRHR,TMEM245,MYPN"
"TF","Factor: hoxa9; motif: NCGGYCATWAAAWTANW","TF:M01351","1","0","2326","18","4","20093","MON1A,LDB3,NFATC3,MYO18B"
"TF","Factor: HOX; motif: TTWATKNN","TF:M07456","1","0","2139","18","1","20093","PKP2"
"TF","Factor: HOXA7; motif: GYMATTAN; match class: 1","TF:M10690_1","1","0","6526","18","6","20093","NOS1AP,MON1A,MECOM,GNRHR,MYPN,NFATC3"
"TF","Factor: HOXA7; motif: GYMATTAN","TF:M10690","1","0","11271","18","8","20093","NOS1AP,KAT2B,MON1A,MECOM,GNRHR,PTP4A3,MYPN,NFATC3"
"TF","Factor: HOXA7; motif: NYMATTAN; match class: 1","TF:M08773_1","1","0","886","18","1","20093","NFATC3"
"TF","Factor: HOXA7; motif: NYMATTAN","TF:M08773","1","0","4784","18","3","20093","KAT2B,GNRHR,NFATC3"
"TF","Factor: HOXA7; motif: YCAATCT","TF:M01108","1","0","3031","18","2","20093","TMEM245,CRYAB"
"TF","Factor: HOXA6; motif: NGYMATTANN","TF:M10696","1","0","5239","18","2","20093","MECOM,PKP2"
"TF","Factor: HOXA6; motif: RTCRTTAN; match class: 1","TF:M10695_1","1","0","1567","18","3","20093","TMEM245,MYPN,NFATC3"
"TF","Factor: HOXA6; motif: RTCRTTAN","TF:M10695","1","0","6844","18","6","20093","KAT2B,MON1A,TMEM245,MYPN,PKP2,NFATC3"
"TF","Factor: HOXA6; motif: NGYMATTANN","TF:M10694","1","0","3559","18","1","20093","MECOM"
"TF","Factor: HOXA6; motif: NYMATTAN; match class: 1","TF:M08772_1","1","0","2749","18","2","20093","GNRHR,NFATC3"
"TF","Factor: HOXA6; motif: NYMATTAN","TF:M08772","1","0","8221","18","6","20093","KAT2B,MECOM,GNRHR,PTP4A3,PKP2,NFATC3"
"TF","Factor: HoxA5; motif: RTCATTAN","TF:M10707","1","0","3175","18","3","20093","GNRHR,MYPN,PKP2"
"TF","Factor: HoxA5; motif: NYMATTAN; match class: 1","TF:M10706_1","1","0","3110","18","1","20093","MECOM"
"TF","Factor: HOXB2:Elk-1; motif: TAATKRCCGGAAGTN","TF:M08341","1","0","6359","18","3","20093","MECOM,GNRHR,PTP4A3"
"TF","Factor: HOXB2:Elf-1; motif: SCGGAAGTMRTTA","TF:M08339","1","0","1757","18","2","20093","KAT2B,MYPN"
"TF","Factor: HOXB1; motif: STAATTAN","TF:M10759","1","0","1005","18","1","20093","MECOM"
"TF","Factor: HOXB1; motif: NTCRTTAN","TF:M10758","1","0","2911","18","2","20093","MECOM,TMEM245"
"TF","Factor: HOXB13; motif: TTTTATNGSN","TF:M09953","1","0","1650","18","3","20093","MON1A,GNRHR,TMEM245"
"TF","Factor: HOXB13:Tbx3; motif: CYCRTAAATCACACST","TF:M08498","1","0","183","18","1","20093","NOS1AP"
"TF","Factor: HOXB13:OC-2; motif: NNNRTAAAWATYGATY","TF:M08494","1","0","756","18","1","20093","NFATC3"
"TF","Factor: HOXB13:TBR2; motif: ANGTGTNNMATAAAN","TF:M08491","1","0","3099","18","5","20093","GNRHR,TMEM245,MYPN,PKP2,NFATC3"
"TF","Factor: HOXB13:Elk-1; motif: RCMGGAAGYNATAAAN; match class: 1","TF:M08490_1","1","0","1655","18","1","20093","MYPN"
"TF","Factor: HOXB13:Elk-1; motif: RCMGGAAGYNATAAAN","TF:M08490","1","0","7002","18","7","20093","KAT2B,MON1A,MECOM,GNRHR,MYPN,NFATC3,MYO18B"
"TF","Factor: Hoxa9; motif: NTTAAWTAMA; match class: 1","TF:M07457_1","1","0","1769","18","1","20093","MYPN"
"TF","Factor: Hoxa9; motif: NTTAAWTAMA","TF:M07457","1","0","4929","18","7","20093","MON1A,MECOM,GNRHR,TMEM245,MYPN,PKP2,NFATC3"
"TF","Factor: hoxa9; motif: GYMATWANNN","TF:M10786","1","0","8242","18","6","20093","MON1A,GNRHR,PTP4A3,TMEM245,LDB3,NFATC3"
"TF","Factor: hoxa9; motif: RTCGTWANNN; match class: 1","TF:M10785_1","1","0","1224","18","1","20093","TMEM245"
"TF","Factor: hoxa9; motif: RTCGTWANNN","TF:M10785","1","0","5784","18","4","20093","TMEM245,ADM,PKP2,MYO18B"
"TF","Factor: hoxa9; motif: RTCGTWAANN","TF:M10783","1","0","1933","18","1","20093","ADM"
"TF","Factor: HOXB5; motif: RTCRTTAN","TF:M10698","1","0","4967","18","6","20093","KAT2B,MON1A,MECOM,GNRHR,MYPN,PKP2"
"TF","Factor: HOXB5; motif: NNYMATTANN; match class: 1","TF:M04349_1","1","0","4396","18","2","20093","KAT2B,PKP2"
"TF","Factor: HOXB5; motif: NNYMATTANN","TF:M04349","1","0","6155","18","5","20093","NOS1AP,KAT2B,MECOM,GNRHR,PKP2"
"TF","Factor: HOXB4; motif: NTMATTAN","TF:M10720","1","0","1978","18","2","20093","MON1A,PKP2"
"TF","Factor: HOXB4; motif: YTAATGRC","TF:M09954","1","0","1976","18","3","20093","PTP4A3,PKP2,NFATC3"
"TF","Factor: HOXB2; motif: RTCATTAN; match class: 1","TF:M10739_1","1","0","690","18","1","20093","MYPN"
"TF","Factor: HOXB2; motif: RTCATTAN","TF:M10739","1","0","4156","18","5","20093","KAT2B,MON1A,GNRHR,MYPN,PKP2"
"TF","Factor: HOXB2; motif: NNTMATTANN","TF:M04347","1","0","3707","18","2","20093","KAT2B,MECOM"
"TF","Factor: HOXB2:E2A; motif: NCACCTGNNNNNCATTA","TF:M08606","1","0","694","18","1","20093","PRDM16"
"TF","Factor: HOXB2:T-bet; motif: NAGGTGTTAATKN","TF:M08355","1","0","702","18","2","20093","KAT2B,GNRHR"
"TF","Factor: HOXB2:Sox-20; motif: ACAATRSNNNNNNNATYA","TF:M08719","1","0","1961","18","3","20093","PRDM16,GNRHR,TMEM245"
"TF","Factor: HOXB2:pitx1; motif: TAATKANGGGATTA","TF:M08501","1","0","328","18","1","20093","MECOM"
"TF","Factor: HOXB2:Pax-5; motif: NCGTCACGCNYCATTRN","TF:M08351","1","0","7882","18","2","20093","MON1A,PKP2"
"TF","Factor: HOXB2:PEA3; motif: ACCGGAAATGRN","TF:M08345","1","0","8296","18","3","20093","NOS1AP,CACNA2D2,PKP2"
"TF","Factor: HOXB2:TBR2; motif: NNGTGNTAATKN","TF:M08342","1","0","2314","18","3","20093","KAT2B,GNRHR,MYPN"
"TF","Factor: HOXB2:Elk-1; motif: TAATKRCCGGAAGTN; match class: 1","TF:M08341_1","1","0","1366","18","1","20093","MECOM"
"TF","Factor: HOXB9; motif: GYMATAAAAN","TF:M10770","1","0","1093","18","1","20093","MON1A"
"TF","Factor: HOXB8; motif: RTCRTTAN; match class: 1","TF:M10727_1","1","0","1437","18","4","20093","MON1A,TMEM245,MYPN,NFATC3"
"TF","Factor: HOXB8; motif: RTCRTTAN","TF:M10727","1","0","6628","18","6","20093","KAT2B,MON1A,TMEM245,MYPN,PKP2,NFATC3"
"TF","Factor: HOXB8; motif: NNNNGYAATTAATANW","TF:M01451","1","0","1523","18","1","20093","MECOM"
"TF","Factor: HOXB7; motif: GTCRTTAN; match class: 1","TF:M10686_1","1","0","492","18","1","20093","TMEM245"
"TF","Factor: HOXB7; motif: GTCRTTAN","TF:M10686","1","0","3930","18","2","20093","TMEM245,PKP2"
"TF","Factor: HOXB7; motif: NGYAATTANN","TF:M10685","1","0","3747","18","3","20093","MECOM,MYPN,PKP2"
"TF","Factor: HOXB7; motif: GTCRTTAN","TF:M10683","1","0","1719","18","1","20093","TMEM245"
"TF","Factor: HOXB6; motif: NTAATKRC","TF:M10693","1","0","2589","18","1","20093","MECOM"
"TF","Factor: HOXB6; motif: GTCGTTAN; match class: 1","TF:M10692_1","1","0","1045","18","1","20093","TMEM245"
"TF","Factor: HOXB6; motif: GTCGTTAN","TF:M10692","1","0","5678","18","6","20093","KAT2B,MON1A,TMEM245,MYPN,PKP2,NFATC3"
"TF","Factor: HOXB6; motif: NTAATKRC; match class: 1","TF:M10691_1","1","0","1569","18","1","20093","PKP2"
"TF","Factor: HOXB6; motif: NTAATKRC","TF:M10691","1","0","5642","18","3","20093","KAT2B,MECOM,PKP2"
"TF","Factor: HOXB5; motif: GTCATTAN; match class: 1","TF:M10701_1","1","0","1255","18","1","20093","MYPN"
"TF","Factor: HOXB5; motif: GTCATTAN","TF:M10701","1","0","5756","18","7","20093","NOS1AP,KAT2B,MON1A,MECOM,GNRHR,MYPN,PKP2"
"TF","Factor: HOXB5; motif: RTCRTTAN; match class: 1","TF:M10698_1","1","0","961","18","1","20093","MYPN"
"TF","Factor: HOXC4; motif: RTCRTTAN","TF:M10718","1","0","2939","18","4","20093","KAT2B,MON1A,MYPN,PKP2"
"TF","Factor: HOXC4; motif: NTMATTAN","TF:M10717","1","0","3872","18","2","20093","MON1A,PKP2"
"TF","Factor: HOXC13; motif: CTMATTAAANNRKT","TF:M07458","1","0","289","18","1","20093","MYPN"
"TF","Factor: HOXC12; motif: GYAATAAAA","TF:M04355","1","0","969","18","1","20093","MON1A"
"TF","Factor: HOXC11; motif: NGYMATAAAAN","TF:M10818","1","0","1677","18","2","20093","MON1A,LDB3"
"TF","Factor: HOXC11; motif: NGTCGTAAANN","TF:M10817","1","0","580","18","1","20093","ADM"
"TF","Factor: HOXC11; motif: NGYMATWAANN; match class: 1","TF:M10816_1","1","0","1171","18","1","20093","NFATC3"
"TF","Factor: HOXC11; motif: NGYMATWAANN","TF:M10816","1","0","5542","18","7","20093","MON1A,PTP4A3,TMEM245,LDB3,CRYAB,PKP2,NFATC3"
"TF","Factor: HOXC11; motif: NRTCGTAAANN","TF:M10815","1","0","1177","18","1","20093","ADM"
"TF","Factor: HOXC11; motif: NGYMATAAAAN","TF:M10814","1","0","832","18","1","20093","LDB3"
"TF","Factor: HOXC11; motif: NRTCGTAAANN","TF:M10813","1","0","470","18","1","20093","ADM"
"TF","Factor: HOXC11; motif: NGYMATAAAAN","TF:M10812","1","0","788","18","1","20093","LDB3"
"TF","Factor: HOXC11; motif: NGYMATAAAAN","TF:M04354","1","0","3004","18","4","20093","MON1A,GNRHR,TMEM245,LDB3"
"TF","Factor: HOXC10; motif: NGYMATAAAAN","TF:M10806","1","0","847","18","2","20093","MON1A,LDB3"
"TF","Factor: HOXC10; motif: NGTCGTAAANN","TF:M10805","1","0","431","18","1","20093","ADM"
"TF","Factor: HOXC10; motif: GYMATWAAAN","TF:M04351","1","0","2302","18","4","20093","MON1A,MECOM,LDB3,PKP2"
"TF","Factor: HOXD12:PEA3; motif: RCCGGAAGTAATAAAM","TF:M08369","1","0","4748","18","4","20093","KAT2B,MON1A,TMEM245,MYO18B"
"TF","Factor: HOXD12:Elk-1; motif: NRNCGGAAGTCGTAAAN; match class: 1","TF:M08359_1","1","0","1205","18","1","20093","MYPN"
"TF","Factor: HOXD12:Elk-1; motif: NRNCGGAAGTCGTAAAN","TF:M08359","1","0","6326","18","4","20093","KAT2B,MON1A,MECOM,MYPN"
"TF","Factor: HOXD11; motif: NNYMATAAAA; match class: 1","TF:M04360_1","1","0","1134","18","1","20093","GNRHR"
"TF","Factor: HOXD11; motif: NNYMATAAAA","TF:M04360","1","0","5285","18","5","20093","MON1A,GNRHR,LDB3,CRYAB,PKP2"
"TF","Factor: HOXD10; motif: TTTTATTM","TF:M08816","1","0","2688","18","2","20093","CRYAB,PKP2"
"TF","Factor: HOXD10; motif: GRTAATAAAAN","TF:M10794","1","0","710","18","1","20093","CRYAB"
"TF","Factor: HOXC9; motif: GYMATAAAAN","TF:M10780","1","0","498","18","1","20093","MON1A"
"TF","Factor: HOXC9; motif: WTTTATKGCN","TF:M09955","1","0","1284","18","2","20093","MON1A,LDB3"
"TF","Factor: HOXC-8; motif: GAATWAYARN","TF:M07421","1","0","1554","18","1","20093","LDB3"
"TF","Factor: HOXC-8; motif: NTAATTAN","TF:M10731","1","0","1300","18","1","20093","MECOM"
"TF","Factor: HOXC-8; motif: RTCRTTAN; match class: 1","TF:M10729_1","1","0","561","18","1","20093","TMEM245"
"TF","Factor: HOXC-8; motif: RTCRTTAN","TF:M10729","1","0","4187","18","4","20093","KAT2B,TMEM245,MYPN,PKP2"
"TF","Factor: HOXC-8; motif: NNNNNGTAATTANNNT; match class: 1","TF:M01321_1","1","0","4682","18","4","20093","KAT2B,MECOM,GNRHR,PKP2"
"TF","Factor: HOXC-8; motif: NNNNNGTAATTANNNT","TF:M01321","1","0","6035","18","5","20093","NOS1AP,KAT2B,MECOM,GNRHR,PKP2"
"TF","Factor: HOXC4; motif: NTMATTAN","TF:M10719","1","0","899","18","1","20093","PKP2"
"TF","Factor: HOXD1; motif: NATYCAKCAN","TF:M12625","1","0","5749","18","3","20093","PRDM16,NOS1AP,GNRHR"
"TF","Factor: hoxd1; motif: NTCRTTAN","TF:M10755","1","0","3127","18","2","20093","TMEM245,PKP2"
"TF","Factor: hoxd1; motif: NTAATTAS","TF:M10754","1","0","2135","18","1","20093","MECOM"
"TF","Factor: HOXD13; motif: WNNAATAAWAY; match class: 1","TF:M08817_1","1","0","1703","18","2","20093","GNRHR,PKP2"
"TF","Factor: HOXD13; motif: WNNAATAAWAY","TF:M08817","1","0","5906","18","5","20093","KAT2B,GNRHR,MYPN,CRYAB,PKP2"
"TF","Factor: HOXD13; motif: TTTTATNRSN","TF:M13140","1","0","3392","18","2","20093","TMEM245,PKP2"
"TF","Factor: HOXD13; motif: NSYAATAAAAN","TF:M10843","1","0","1056","18","1","20093","MON1A"
"TF","Factor: HOXD13; motif: NNNYYAATAAAANNNN; match class: 1","TF:M01404_1","1","0","919","18","1","20093","GNRHR"
"TF","Factor: HOXD13; motif: NNNYYAATAAAANNNN","TF:M01404","1","0","4654","18","4","20093","MON1A,GNRHR,TMEM245,PKP2"
"TF","Factor: HOXD12; motif: NGTCGTWAAN","TF:M10830","1","0","714","18","1","20093","ADM"
"TF","Factor: HOXD12; motif: NRTCGTAAAN","TF:M10829","1","0","492","18","1","20093","ADM"
"TF","Factor: HOXD12; motif: GTAATAAAA","TF:M04361","1","0","972","18","1","20093","PKP2"
"TF","Factor: HOXD12:HOXA3; motif: NTAATKGNTMATAAAN","TF:M08507","1","0","891","18","1","20093","MON1A"
"TF","Factor: HOXD12:FIGLA; motif: GYNRTWAANNNNCASSTGN","TF:M08608","1","0","278","18","1","20093","NOS1AP"
"TF","Factor: HOXD12:PEA3; motif: ACCGGAAGTCGTAAAA; match class: 1","TF:M08370_1","1","0","918","18","1","20093","MON1A"
"TF","Factor: HOXD12:PEA3; motif: ACCGGAAGTCGTAAAA","TF:M08370","1","0","5659","18","4","20093","KAT2B,MON1A,MECOM,MYO18B"
"TF","Factor: hoxd9; motif: GYMATAAAAN","TF:M10776","1","0","1026","18","1","20093","MON1A"
"TF","Factor: hoxd9; motif: GYMATAAAAN","TF:M10773","1","0","498","18","1","20093","MON1A"
"TF","Factor: hoxd9; motif: GYMATAAAAN","TF:M10772","1","0","1829","18","2","20093","MON1A,LDB3"
"TF","Factor: hoxd9; motif: GTCGTAAANN","TF:M10771","1","0","399","18","1","20093","ADM"
"TF","Factor: HOXD8; motif: GYMATTAN","TF:M10724","1","0","3009","18","1","20093","MYPN"
"TF","Factor: HOXD8; motif: RTCRTTAN; match class: 1","TF:M10723_1","1","0","654","18","1","20093","TMEM245"
"TF","Factor: HOXD8; motif: RTCRTTAN","TF:M10723","1","0","4500","18","4","20093","KAT2B,TMEM245,MYPN,PKP2"
"TF","Factor: HOXD4; motif: RTCRTTAN","TF:M10713","1","0","4097","18","5","20093","MON1A,MECOM,GNRHR,MYPN,PKP2"
"TF","Factor: HOXD4; motif: NYMATTAN","TF:M10712","1","0","4421","18","4","20093","KAT2B,MON1A,MYPN,PKP2"
"TF","Factor: HOXD4; motif: NYMATTAN","TF:M10711","1","0","1863","18","1","20093","MECOM"
"TF","Factor: HOXD4; motif: RTCRTTAN","TF:M10710","1","0","3612","18","4","20093","MON1A,GNRHR,MYPN,PKP2"
"TF","Factor: HOXD4; motif: NYMATKAN","TF:M10709","1","0","547","18","1","20093","MON1A"
"TF","Factor: HOXD4; motif: NNYMATTANN; match class: 1","TF:M08774_1","1","0","533","18","1","20093","TMEM245"
"TF","Factor: HOXD4; motif: NNYMATTANN","TF:M08774","1","0","4123","18","4","20093","NOS1AP,PTP4A3,TMEM245,LDB3"
"TF","Factor: Hox-D3; motif: GTCRTTAR","TF:M10742","1","0","547","18","1","20093","MON1A"
"TF","Factor: HOXD1; motif: NATYCAKCAN; match class: 1","TF:M12625_1","1","0","1056","18","1","20093","GNRHR"
"TF","Factor: HSF1; motif: NGAANRTTCKAGAAN","TF:M11657","1","0","352","18","1","20093","NFATC3"
"TF","Factor: HSF1; motif: RGAANRTTCYRGAAN; match class: 1","TF:M11656_1","1","0","237","18","2","20093","CRYAB,NFATC3"
"TF","Factor: HSF1; motif: RGAANRTTCYRGAAN","TF:M11656","1","0","2133","18","2","20093","CRYAB,NFATC3"
"TF","Factor: HSF1; motif: NGAANGTTCKRGAAN; match class: 1","TF:M11655_1","1","0","90","18","1","20093","CRYAB"
"TF","Factor: HSF1; motif: NGAANGTTCKRGAAN","TF:M11655","1","0","1251","18","3","20093","CACNA2D2,CRYAB,NFATC3"
"TF","Factor: HSF1; motif: RGAANRTTCYRGAAN; match class: 1","TF:M11654_1","1","0","114","18","2","20093","CRYAB,NFATC3"
"TF","Factor: HSF1; motif: RGAANRTTCYRGAAN","TF:M11654","1","0","1398","18","2","20093","CRYAB,NFATC3"
"TF","Factor: HSF1; motif: NRGAANNTTCYRGAA; match class: 1","TF:M09950_1","1","0","260","18","2","20093","CRYAB,NFATC3"
"TF","Factor: HSF1; motif: NRGAANNTTCYRGAA","TF:M09950","1","0","2559","18","3","20093","MECOM,CRYAB,NFATC3"
"TF","Factor: HSF1; motif: NTTCTRGAANNTTCY; match class: 1","TF:M07100_1","1","0","518","18","2","20093","CRYAB,NFATC3"
"TF","Factor: HSF1; motif: NTTCTRGAANNTTCY","TF:M07100","1","0","3474","18","3","20093","MECOM,CRYAB,NFATC3"
"TF","Factor: HSF1; motif: TTCTAGAAYNTTC","TF:M04008","1","0","374","18","2","20093","CRYAB,NFATC3"
"TF","Factor: HSF1; motif: AGAANRTTCN; match class: 1","TF:M00146_1","1","0","794","18","2","20093","CRYAB,NFATC3"
"TF","Factor: HSF1; motif: AGAANRTTCN","TF:M00146","1","0","2739","18","4","20093","ADM,CRYAB,NFATC3,MYO18B"
"TF","Factor: Hoxd9; motif: AVNCATWAAA","TF:M01834","1","0","337","18","1","20093","TMEM245"
"TF","Factor: hoxd9; motif: GYMATAAAAN","TF:M10778","1","0","498","18","1","20093","MON1A"
"TF","Factor: HSF2; motif: NGAANNTTCTAGAAN","TF:M11663","1","0","68","18","1","20093","NFATC3"
"TF","Factor: HSF2; motif: RGAANGTTCYRGAAN","TF:M11662","1","0","284","18","1","20093","NFATC3"
"TF","Factor: HSF2; motif: NGAANNTTCKMGAAN","TF:M11661","1","0","76","18","1","20093","NFATC3"
"TF","Factor: HSF2; motif: RGAAYRTTCYRGAAN","TF:M11660","1","0","67","18","1","20093","NFATC3"
"TF","Factor: HSF2; motif: TTCTAGAANNTTC","TF:M04009","1","0","34","18","1","20093","NFATC3"
"TF","Factor: HSF2; motif: GAANRTTCTAGAA","TF:M01244","1","0","600","18","2","20093","CRYAB,NFATC3"
"TF","Factor: HSF2; motif: NGAANNWTCK; match class: 1","TF:M00147_1","1","0","4528","18","5","20093","MYPN,ADM,CRYAB,PKP2,NFATC3"
"TF","Factor: HSF2; motif: NGAANNWTCK","TF:M00147","1","0","6027","18","7","20093","CACNA2D2,MYPN,ADM,CRYAB,PKP2,NFATC3,MYO18B"
"TF","Factor: HSF1; motif: GAANNTTCTRGNAN; match class: 1","TF:M02017_1","1","0","554","18","1","20093","NFATC3"
"TF","Factor: HSF1; motif: GAANNTTCTRGNAN","TF:M02017","1","0","4151","18","2","20093","CRYAB,NFATC3"
"TF","Factor: HSF1; motif: NTTCTRGAAVNTTCTYM; match class: 1","TF:M01023_1","1","0","266","18","2","20093","CRYAB,NFATC3"
"TF","Factor: HSF1; motif: NTTCTRGAAVNTTCTYM","TF:M01023","1","0","2786","18","3","20093","MECOM,CRYAB,NFATC3"
"TF","Factor: HSF1; motif: GAANNTTCTNGN; match class: 1","TF:M07459_1","1","0","439","18","1","20093","NFATC3"
"TF","Factor: HSF1; motif: GAANNTTCTNGN","TF:M07459","1","0","3536","18","3","20093","KAT2B,CRYAB,NFATC3"
"TF","Factor: HSF1; motif: TCYAGAANNTTC; match class: 1","TF:M07259_1","1","0","774","18","1","20093","NFATC3"
"TF","Factor: HSF1; motif: TCYAGAANNTTC","TF:M07259","1","0","4881","18","3","20093","KAT2B,CRYAB,NFATC3"
"TF","Factor: Ik-2; motif: NNNTGGGAWNNC","TF:M00087","1","0","3624","18","3","20093","KAT2B,NFATC3,MYO18B"
"TF","Factor: Ik-1; motif: NHNTGGGAATRCC","TF:M00086","1","0","4608","18","3","20093","MECOM,PTP4A3,LDB3"
"TF","Factor: ICSBP; motif: RAARTGAAACTG","TF:M00699","1","0","1228","18","1","20093","NOS1AP"
"TF","Factor: HTF4; motif: CASCTGB; match class: 1","TF:M02018_1","1","0","2861","18","4","20093","NOS1AP,PTP4A3,LDB3,PKP2"
"TF","Factor: HTF4; motif: CASCTGB","TF:M02018","1","0","8922","18","8","20093","NOS1AP,KAT2B,CACNA2D2,PTP4A3,TMEM245,LDB3,PKP2,NFATC3"
"TF","Factor: HSF; motif: TTCCMGARGYTTC; match class: 1","TF:M00641_1","1","0","391","18","1","20093","CRYAB"
"TF","Factor: HSF; motif: TTCCMGARGYTTC","TF:M00641","1","0","3681","18","6","20093","KAT2B,CACNA2D2,MECOM,PTP4A3,CRYAB,NFATC3"
"TF","Factor: HSFY1; motif: TTCGAANSRTTCGAA","TF:M04013","1","0","982","18","3","20093","PRDM16,MECOM,GNRHR"
"TF","Factor: HSF4; motif: CTGCMRN; match class: 1","TF:M07322_1","1","0","11977","18","15","20093","HSPG2,NOS1AP,SP3,KAT2B,CACNA2D2,MON1A,MECOM,PTP4A3,TMEM245,MYPN,LDB3,ADM,PKP2,NFATC3,MYO18B"
"TF","Factor: HSF4; motif: CTGCMRN","TF:M07322","1","0","16859","18","17","20093","PRDM16,HSPG2,NOS1AP,SP3,KAT2B,CACNA2D2,MON1A,MECOM,PTP4A3,TMEM245,MYPN,LDB3,ADM,CRYAB,PKP2,NFATC3,MYO18B"
"TF","Factor: HSF4; motif: NGAANRTTCTAGAAN","TF:M11659","1","0","346","18","2","20093","CRYAB,NFATC3"
"TF","Factor: HSF4; motif: RGAANNTTCYRGAAN; match class: 1","TF:M11658_1","1","0","20","18","1","20093","CRYAB"
"TF","Factor: HSF4; motif: RGAANNTTCYRGAAN","TF:M11658","1","0","410","18","2","20093","CRYAB,NFATC3"
"TF","Factor: HSF4; motif: TTCTAGAANNTTC","TF:M04010","1","0","180","18","1","20093","NFATC3"
"TF","Factor: HSF2; motif: NGGAATNTTCTNGNRN","TF:M07358","1","0","602","18","1","20093","CRYAB"
"TF","Factor: HSF2; motif: TTCTRGAANNTTCY","TF:M12626","1","0","63","18","1","20093","NFATC3"
"TF","Factor: ipf1; motif: NNRNTAATTAGYNCAN; match class: 1","TF:M01438_1","1","0","1161","18","1","20093","GNRHR"
"TF","Factor: ipf1; motif: NNRNTAATTAGYNCAN","TF:M01438","1","0","3570","18","4","20093","NOS1AP,KAT2B,GNRHR,PKP2"
"TF","Factor: ipf1; motif: RNWCATTAANWN; match class: 1","TF:M01255_1","1","0","892","18","1","20093","MYPN"
"TF","Factor: ipf1; motif: RNWCATTAANWN","TF:M01255","1","0","4475","18","6","20093","MON1A,GNRHR,MYPN,CRYAB,PKP2,MYO18B"
"TF","Factor: ipf1; motif: NVSTAATTAC; match class: 1","TF:M01235_1","1","0","1712","18","1","20093","NOS1AP"
"TF","Factor: ipf1; motif: NVSTAATTAC","TF:M01235","1","0","3814","18","1","20093","NOS1AP"
"TF","Factor: ipf1; motif: AVCTAATGAG","TF:M01234","1","0","2931","18","1","20093","MON1A"
"TF","Factor: ipf1; motif: MVCTAATTAS","TF:M01233","1","0","2286","18","1","20093","MON1A"
"TF","Factor: INSM1; motif: TGYCAGGGGGCR","TF:M02268","1","0","576","18","2","20093","LDB3,NFATC3"
"TF","Factor: ING4; motif: CCACCA; match class: 1","TF:M01743_1","1","0","10796","18","11","20093","PRDM16,HSPG2,KAT2B,CACNA2D2,MECOM,PTP4A3,MYPN,CRYAB,PKP2,NFATC3,MYO18B"
"TF","Factor: ING4; motif: CCACCA","TF:M01743","1","0","16453","18","16","20093","PRDM16,HSPG2,NOS1AP,KAT2B,CACNA2D2,MON1A,MECOM,GNRHR,PTP4A3,TMEM245,MYPN,LDB3,CRYAB,PKP2,NFATC3,MYO18B"
"TF","Factor: Ikaros; motif: TGGGAGN; match class: 1","TF:M07260_1","1","0","7310","18","4","20093","KAT2B,MON1A,MECOM,LDB3"
"TF","Factor: Ikaros; motif: TGGGAGN","TF:M07260","1","0","13784","18","6","20093","KAT2B,MON1A,MECOM,PTP4A3,LDB3,PKP2"
"TF","Factor: IKZF2; motif: AGGAAG; match class: 1","TF:M13364_1","1","0","14064","18","14","20093","PRDM16,NOS1AP,SP3,KAT2B,GNRHR,PTP4A3,TMEM245,MYPN,LDB3,ADM,CRYAB,PKP2,NFATC3,MYO18B"
"TF","Factor: IKZF2; motif: AGGAAG","TF:M13364","1","0","18200","18","16","20093","PRDM16,NOS1AP,SP3,KAT2B,CACNA2D2,MON1A,GNRHR,PTP4A3,TMEM245,MYPN,LDB3,ADM,CRYAB,PKP2,NFATC3,MYO18B"
"TF","Factor: Ik-3; motif: TNYTGGGAATACC","TF:M00088","1","0","5997","18","4","20093","CACNA2D2,MON1A,MECOM,LDB3"
"TF","Factor: IRF-2; motif: NGAAASYGAAAS","TF:M11664","1","0","1737","18","2","20093","GNRHR,MYO18B"
"TF","Factor: IRF-2; motif: NAANYGAAASYR; match class: 1","TF:M08775_1","1","0","2858","18","3","20093","GNRHR,TMEM245,MYO18B"
"TF","Factor: IRF-2; motif: NAANYGAAASYR","TF:M08775","1","0","8644","18","13","20093","PRDM16,NOS1AP,SP3,KAT2B,MECOM,GNRHR,TMEM245,MYPN,ADM,CRYAB,PKP2,NFATC3,MYO18B"
"TF","Factor: IRF-2; motif: GAAAAGYGAAASY","TF:M00063","1","0","712","18","1","20093","PRDM16"
"TF","Factor: IRF-1; motif: TTCACTT; match class: 1","TF:M00747_1","1","0","1002","18","1","20093","GNRHR"
"TF","Factor: IRF-1; motif: TTCACTT","TF:M00747","1","0","5440","18","5","20093","PRDM16,GNRHR,MYPN,ADM,MYO18B"
"TF","Factor: IRF-1; motif: NAAANNGAAAGTGAAASTRN","TF:M09629","1","0","486","18","1","20093","PRDM16"
"TF","Factor: IRF-1; motif: SAAAAGYGAAACC","TF:M00062","1","0","602","18","2","20093","PRDM16,GNRHR"
"TF","Factor: ipf1; motif: CATTAR; match class: 1","TF:M01275_1","1","0","3619","18","6","20093","GNRHR,TMEM245,MYPN,CRYAB,NFATC3,MYO18B"
"TF","Factor: ipf1; motif: CATTAR","TF:M01275","1","0","9197","18","13","20093","NOS1AP,CACNA2D2,MON1A,MECOM,GNRHR,PTP4A3,TMEM245,MYPN,ADM,CRYAB,PKP2,NFATC3,MYO18B"
"TF","Factor: Ipf1; motif: NNNNTAATKR","TF:M04614","1","0","1826","18","1","20093","NOS1AP"
"TF","Factor: ipf1; motif: TSNGYCATTANNNNC","TF:M01013","1","0","3071","18","6","20093","KAT2B,MON1A,GNRHR,MYPN,PKP2,NFATC3"
"TF","Factor: ipf1; motif: GHNNTAATGACM; match class: 1","TF:M00436_1","1","0","468","18","1","20093","CRYAB"
"TF","Factor: ipf1; motif: GHNNTAATGACM","TF:M00436","1","0","3698","18","8","20093","NOS1AP,KAT2B,MECOM,TMEM245,ADM,CRYAB,PKP2,NFATC3"
"TF","Factor: ipf1; motif: TGATTGATK; match class: 1","TF:M10031_1","1","0","3426","18","1","20093","GNRHR"
"TF","Factor: ipf1; motif: TGATTGATK","TF:M10031","1","0","9312","18","9","20093","HSPG2,SP3,KAT2B,MECOM,GNRHR,PTP4A3,TMEM245,MYPN,PKP2"
"TF","Factor: IRF-4; motif: NAANGRGGAASTGAAASN","TF:M09959","1","0","3502","18","6","20093","CACNA2D2,MECOM,GNRHR,TMEM245,ADM,CRYAB"
"TF","Factor: IRF-4; motif: RRRGRGGAASTGARAS","TF:M09630","1","0","978","18","2","20093","MECOM,GNRHR"
"TF","Factor: IRF-4; motif: AAGTTTC; match class: 1","TF:M04855_1","1","0","2032","18","2","20093","HSPG2,GNRHR"
"TF","Factor: IRF-4; motif: AAGTTTC","TF:M04855","1","0","7864","18","5","20093","HSPG2,CACNA2D2,GNRHR,ADM,CRYAB"
"TF","Factor: IRF-4; motif: RGGAASWGR; match class: 1","TF:M04818_1","1","0","3092","18","1","20093","CACNA2D2"
"TF","Factor: IRF-4; motif: RGGAASWGR","TF:M04818","1","0","9601","18","8","20093","KAT2B,CACNA2D2,MECOM,GNRHR,TMEM245,LDB3,ADM,MYO18B"
"TF","Factor: IRF-4; motif: NCGAAACCGAAACYA","TF:M04015","1","0","2104","18","1","20093","NOS1AP"
"TF","Factor: IRF-3; motif: NBNBTTTCSCTTT","TF:M01279","1","0","1667","18","2","20093","GNRHR,MYO18B"
"TF","Factor: IRF-3; motif: NGGAAACNGAAACCGAAACN","TF:M11677","1","0","491","18","1","20093","GNRHR"
"TF","Factor: IRF-3; motif: NGGAAANGGAAASNGAAACN","TF:M11676","1","0","583","18","1","20093","GNRHR"
"TF","Factor: IRF-3; motif: KCNGTTTCSNSGAAACCGAAACN; match class: 1","TF:M11675_1","1","0","1849","18","2","20093","HSPG2,NFATC3"
"TF","Factor: IRF-3; motif: KCNGTTTCSNSGAAACCGAAACN","TF:M11675","1","0","4743","18","5","20093","HSPG2,NOS1AP,PTP4A3,MYPN,NFATC3"
"TF","Factor: IRF-3; motif: GCNGTTTCCWGGAAACNGAAAC; match class: 1","TF:M11674_1","1","0","1684","18","2","20093","PKP2,NFATC3"
"TF","Factor: IRF-3; motif: GCNGTTTCCWGGAAACNGAAAC","TF:M11674","1","0","4729","18","4","20093","MYPN,PKP2,NFATC3,MYO18B"
"TF","Factor: IRF-3; motif: RAAARGGAAANNGAAASNGA","TF:M09958","1","0","624","18","1","20093","GNRHR"
"TF","Factor: IRF-2; motif: NGAAASYGAAAS","TF:M11665","1","0","2512","18","2","20093","GNRHR,MYO18B"
"TF","Factor: IRF-8; motif: NYGAAASYGAAACYN; match class: 1","TF:M11682_1","1","0","579","18","1","20093","GNRHR"
"TF","Factor: IRF-8; motif: NYGAAASYGAAACYN","TF:M11682","1","0","3998","18","4","20093","GNRHR,MYPN,NFATC3,MYO18B"
"TF","Factor: IRF-8; motif: NNAARRGGAASTGAAASTNN","TF:M09960","1","0","289","18","1","20093","GNRHR"
"TF","Factor: IRF-7; motif: AARGGAAANNGAA","TF:M03793","1","0","1997","18","3","20093","SP3,GNRHR,NFATC3"
"TF","Factor: IRF-7; motif: AAGWGAA; match class: 1","TF:M01884_1","1","0","4783","18","2","20093","NOS1AP,GNRHR"
"TF","Factor: IRF-7; motif: AAGWGAA","TF:M01884","1","0","11179","18","9","20093","PRDM16,NOS1AP,KAT2B,MECOM,GNRHR,MYPN,ADM,PKP2,MYO18B"
"TF","Factor: IRF-7; motif: TNSGAAWNCGAAANTNNN","TF:M00453","1","0","3239","18","4","20093","MYPN,ADM,NFATC3,MYO18B"
"TF","Factor: IRF-4; motif: GAAARTA; match class: 1","TF:M01883_1","1","0","3072","18","3","20093","GNRHR,MYPN,MYO18B"
"TF","Factor: IRF-4; motif: GAAARTA","TF:M01883","1","0","8605","18","6","20093","KAT2B,MECOM,GNRHR,MYPN,CRYAB,MYO18B"
"TF","Factor: IRF4; motif: MNNRAAANGAAA; match class: 1","TF:M08886_1","1","0","978","18","1","20093","GNRHR"
"TF","Factor: IRF4; motif: MNNRAAANGAAA","TF:M08886","1","0","4222","18","4","20093","NOS1AP,SP3,GNRHR,MYPN"
"TF","Factor: IRF-4; motif: KRAAMNGAAANYN","TF:M07323","1","0","1003","18","1","20093","MYPN"
"TF","Factor: IRF-4; motif: NCGAAACCGAAACYN; match class: 1","TF:M11687_1","1","0","500","18","1","20093","GNRHR"
"TF","Factor: IRF-4; motif: NCGAAACCGAAACYN","TF:M11687","1","0","3758","18","3","20093","GNRHR,NFATC3,MYO18B"
"TF","Factor: IRF-4; motif: NYGAAASYGAAACYN; match class: 1","TF:M11686_1","1","0","481","18","1","20093","GNRHR"
"TF","Factor: IRF-4; motif: NYGAAASYGAAACYN","TF:M11686","1","0","3558","18","4","20093","GNRHR,MYPN,NFATC3,MYO18B"
"TF","Factor: IRX2a; motif: NCRTGTWNWACAYGN","TF:M11023","1","0","1651","18","2","20093","MYPN,LDB3"
"TF","Factor: IRX2a; motif: ACRYGNNNNACRYGT; match class: 1","TF:M11022_1","1","0","6288","18","8","20093","PRDM16,HSPG2,NOS1AP,KAT2B,CACNA2D2,TMEM245,ADM,NFATC3"
"TF","Factor: IRX2a; motif: ACRYGNNNNACRYGT","TF:M11022","1","0","9589","18","12","20093","PRDM16,HSPG2,NOS1AP,KAT2B,CACNA2D2,MON1A,MECOM,TMEM245,LDB3,ADM,PKP2,NFATC3"
"TF","Factor: IRX5; motif: NWACAYRACAWN; match class: 1","TF:M04378_1","1","0","622","18","1","20093","MYPN"
"TF","Factor: IRX5; motif: NWACAYRACAWN","TF:M04378","1","0","4111","18","3","20093","GNRHR,TMEM245,MYPN"
"TF","Factor: IRX-1; motif: NACRYNNNNNNNNRYGNN; match class: 1","TF:M11018_1","1","0","16124","18","15","20093","PRDM16,HSPG2,NOS1AP,SP3,KAT2B,CACNA2D2,MON1A,MECOM,PTP4A3,TMEM245,LDB3,ADM,PKP2,NFATC3,MYO18B"
"TF","Factor: IRX-1; motif: NACRYNNNNNNNNRYGNN","TF:M11018","1","0","17188","18","16","20093","PRDM16,HSPG2,NOS1AP,SP3,KAT2B,CACNA2D2,MON1A,MECOM,GNRHR,PTP4A3,TMEM245,LDB3,ADM,PKP2,NFATC3,MYO18B"
"TF","Factor: IRF; motif: RAAANTGAAAN","TF:M00972","1","0","2084","18","3","20093","PRDM16,GNRHR,MYO18B"
"TF","Factor: IRF; motif: RRAANTGAAASYGNV","TF:M00772","1","0","1061","18","3","20093","PRDM16,GNRHR,MYO18B"
"TF","Factor: IRF; motif: NNGAAANTGAAANN","TF:M08887","1","0","1351","18","2","20093","PRDM16,MYO18B"
"TF","Factor: IRF-8; motif: AGTTTCW","TF:M01665","1","0","4882","18","3","20093","HSPG2,MON1A,GNRHR"
"TF","Factor: IRF-8; motif: NCGAAACYGAAACYN","TF:M11685","1","0","1706","18","1","20093","MYO18B"
"TF","Factor: IRF-8; motif: NYGAAACYGAAACTN; match class: 1","TF:M11684_1","1","0","887","18","1","20093","GNRHR"
"TF","Factor: IRF-8; motif: NYGAAACYGAAACTN","TF:M11684","1","0","4903","18","5","20093","GNRHR,MYPN,PKP2,NFATC3,MYO18B"
"TF","Factor: IRF-8; motif: NCGAAACCGAAACYN; match class: 1","TF:M11683_1","1","0","871","18","1","20093","GNRHR"
"TF","Factor: IRF-8; motif: NCGAAACCGAAACYN","TF:M11683","1","0","4915","18","6","20093","KAT2B,GNRHR,MYPN,PKP2,NFATC3,MYO18B"
"TF","Factor: isx; motif: NTCRTTAA","TF:M10953","1","0","5846","18","6","20093","NOS1AP,TMEM245,MYPN,ADM,PKP2,NFATC3"
"TF","Factor: ISGF-3; motif: CAGTTTCWCTTTYCC","TF:M00258","1","0","846","18","2","20093","NOS1AP,TMEM245"
"TF","Factor: ISL2; motif: SCACTTAN; match class: 1","TF:M11015_1","1","0","607","18","2","20093","GNRHR,MYPN"
"TF","Factor: ISL2; motif: SCACTTAN","TF:M11015","1","0","4382","18","4","20093","SP3,GNRHR,TMEM245,MYPN"
"TF","Factor: ISL2; motif: NCAMTTAN","TF:M11014","1","0","3760","18","3","20093","SP3,GNRHR,MYPN"
"TF","Factor: ISL2; motif: GCAMTTAR","TF:M04379","1","0","4601","18","4","20093","HSPG2,SP3,GNRHR,MYPN"
"TF","Factor: Isl2; motif: YTAAGTG; match class: 1","TF:M02082_1","1","0","2158","18","2","20093","GNRHR,MYPN"
"TF","Factor: Isl2; motif: YTAAGTG","TF:M02082","1","0","7859","18","8","20093","PRDM16,HSPG2,SP3,GNRHR,TMEM245,MYPN,ADM,MYO18B"
"TF","Factor: Isl2; motif: YTAAGTG; match class: 1","TF:M02080_1","1","0","1264","18","2","20093","GNRHR,MYPN"
"TF","Factor: Isl2; motif: YTAAGTG","TF:M02080","1","0","6295","18","6","20093","HSPG2,SP3,GNRHR,TMEM245,MYPN,MYO18B"
"TF","Factor: Isl2; motif: CTAATKR; match class: 1","TF:M02079_1","1","0","1218","18","1","20093","MON1A"
"TF","Factor: Isl2; motif: CTAATKR","TF:M02079","1","0","5971","18","4","20093","NOS1AP,KAT2B,MON1A,NFATC3"
"TF","Factor: islet1; motif: NGNTAATG","TF:M04616","1","0","1189","18","1","20093","GNRHR"
"TF","Factor: islet1; motif: SCAMTTAN; match class: 1","TF:M11012_1","1","0","1335","18","2","20093","GNRHR,MYPN"
"TF","Factor: islet1; motif: SCAMTTAN","TF:M11012","1","0","6439","18","7","20093","HSPG2,SP3,CACNA2D2,GNRHR,TMEM245,MYPN,ADM"
"TF","Factor: IRX2a; motif: NCRTGTWNWACAYGN; match class: 1","TF:M11023_1","1","0","1347","18","2","20093","MYPN,LDB3"
"TF","Factor: JUNB:FRA-1; motif: NNRTGACTCATNN","TF:M08922","1","0","1994","18","1","20093","LDB3"
"TF","Factor: JUNB:C-FOS; motif: NATGAGTCATNN; match class: 1","TF:M08925_1","1","0","1622","18","1","20093","LDB3"
"TF","Factor: JUNB:C-FOS; motif: NATGAGTCATNN","TF:M08925","1","0","3761","18","1","20093","LDB3"
"TF","Factor: JUNB:FOSB; motif: NRTGASTCAT; match class: 1","TF:M08920_1","1","0","1764","18","1","20093","LDB3"
"TF","Factor: JUNB:FOSB; motif: NRTGASTCAT","TF:M08920","1","0","3404","18","1","20093","LDB3"
"TF","Factor: jdp2; motif: NRTGASTCAYN","TF:M11299","1","0","765","18","1","20093","LDB3"
"TF","Factor: jdp2; motif: NRTGACGTCAYN","TF:M11298","1","0","1670","18","1","20093","CRYAB"
"TF","Factor: jdp2; motif: NRTGASTCAYN; match class: 1","TF:M11297_1","1","0","1833","18","1","20093","LDB3"
"TF","Factor: jdp2; motif: NRTGASTCAYN","TF:M11297","1","0","1984","18","1","20093","LDB3"
"TF","Factor: jdp2; motif: NRTGAYGTCAYN","TF:M11296","1","0","3097","18","1","20093","CRYAB"
"TF","Factor: ITF-2; motif: NGCAGSTGKS; match class: 1","TF:M09962_1","1","0","894","18","2","20093","LDB3,ADM"
"TF","Factor: ITF-2; motif: NGCAGSTGKS","TF:M09962","1","0","5193","18","8","20093","HSPG2,KAT2B,CACNA2D2,PTP4A3,LDB3,ADM,NFATC3,MYO18B"
"TF","Factor: ITF-2; motif: NNCACCTGNN","TF:M04191","1","0","5585","18","2","20093","CACNA2D2,TMEM245"
"TF","Factor: isx; motif: NTCRTTAA; match class: 1","TF:M10956_1","1","0","3490","18","5","20093","NOS1AP,TMEM245,MYPN,PKP2,NFATC3"
"TF","Factor: isx; motif: NTCRTTAA","TF:M10956","1","0","9752","18","7","20093","NOS1AP,MON1A,TMEM245,MYPN,ADM,PKP2,NFATC3"
"TF","Factor: isx; motif: NTCRTTAA; match class: 1","TF:M10953_1","1","0","1209","18","1","20093","TMEM245"
"TF","Factor: JunD; motif: RTGACGTCA","TF:M04681","1","0","6315","18","2","20093","MON1A,CRYAB"
"TF","Factor: JUND:FRA-2; motif: NATGACTCAT","TF:M08931","1","0","1530","18","1","20093","LDB3"
"TF","Factor: JUND:FRA-1; motif: NRTGACTCAN","TF:M08929","1","0","1710","18","1","20093","LDB3"
"TF","Factor: JUND:C-FOS; motif: NNATGAGTCATNN","TF:M08933","1","0","5162","18","2","20093","LDB3,ADM"
"TF","Factor: JunB; motif: TGACTCAN","TF:M03551","1","0","4562","18","2","20093","LDB3,ADM"
"TF","Factor: JunB; motif: GATGACGTCAYC; match class: 1","TF:M11273_1","1","0","6906","18","3","20093","KAT2B,PTP4A3,ADM"
"TF","Factor: JunB; motif: GATGACGTCAYC","TF:M11273","1","0","9401","18","7","20093","KAT2B,MON1A,PTP4A3,LDB3,ADM,CRYAB,MYO18B"
"TF","Factor: JunB; motif: NATGASTCAYN","TF:M11272","1","0","875","18","1","20093","LDB3"
"TF","Factor: JunB; motif: NNNTGAGTCAY","TF:M09631","1","0","2097","18","1","20093","LDB3"
"TF","Factor: JUNB; motif: ATGACTCA","TF:M08926","1","0","1008","18","1","20093","LDB3"
"TF","Factor: JunB; motif: NRRTGASTCAK","TF:M07103","1","0","2597","18","1","20093","LDB3"
"TF","Factor: JUNB:C-JUN; motif: KRTGACGTCATN; match class: 1","TF:M08945_1","1","0","6148","18","3","20093","PTP4A3,ADM,MYO18B"
"TF","Factor: JUNB:C-JUN; motif: KRTGACGTCATN","TF:M08945","1","0","9879","18","6","20093","MON1A,PTP4A3,LDB3,ADM,CRYAB,MYO18B"
"TF","Factor: JUNB:C-JUN; motif: NATGACKCAT","TF:M08944","1","0","5659","18","3","20093","LDB3,ADM,NFATC3"
"TF","Factor: JUNB:FRA-2; motif: NRTGASTCAT; match class: 1","TF:M08923_1","1","0","1840","18","1","20093","LDB3"
"TF","Factor: JUNB:FRA-2; motif: NRTGASTCAT","TF:M08923","1","0","3166","18","1","20093","LDB3"
"TF","Factor: C-JUN:FRA-2; motif: NRTGACGTMAT; match class: 1","TF:M08941_1","1","0","3554","18","2","20093","ADM,CRYAB"
"TF","Factor: C-JUN:FRA-2; motif: NRTGACGTMAT","TF:M08941","1","0","7286","18","2","20093","ADM,CRYAB"
"TF","Factor: C-JUN:FRA-2; motif: NNRTGAGTCAYN","TF:M08940","1","0","3905","18","1","20093","LDB3"
"TF","Factor: C-JUN:FRA-1; motif: NNATGACTCATNN","TF:M08938","1","0","3999","18","1","20093","LDB3"
"TF","Factor: C-JUN:FOSB; motif: NATGACTCAY","TF:M08936","1","0","3534","18","1","20093","LDB3"
"TF","Factor: JUND; motif: NNATGACTCATNN; match class: 1","TF:M12524_1","1","0","1576","18","1","20093","LDB3"
"TF","Factor: JUND; motif: NNATGACTCATNN","TF:M12524","1","0","4582","18","2","20093","MECOM,LDB3"
"TF","Factor: JunD; motif: NRTGACGCAYN","TF:M11271","1","0","7148","18","3","20093","HSPG2,TMEM245,ADM"
"TF","Factor: JunD; motif: NRTGACGTCATS; match class: 1","TF:M11270_1","1","0","4529","18","2","20093","MON1A,ADM"
"TF","Factor: JunD; motif: NRTGACGTCATS","TF:M11270","1","0","9796","18","5","20093","MON1A,PTP4A3,TMEM245,ADM,CRYAB"
"TF","Factor: JunD; motif: SATGACTCATN","TF:M11269","1","0","4119","18","2","20093","LDB3,CRYAB"
"TF","Factor: JunD; motif: NATGASTCATS","TF:M11268","1","0","3113","18","1","20093","LDB3"
"TF","Factor: JunD; motif: NRTGAGTCAYN","TF:M09964","1","0","5324","18","3","20093","SP3,LDB3,ADM"
"TF","Factor: JUND; motif: NATGAGTCAT","TF:M08934","1","0","4625","18","2","20093","LDB3,NFATC3"
"TF","Factor: JunD; motif: NRTGASTCATN","TF:M07104","1","0","2881","18","1","20093","LDB3"
"TF","Factor: JunD; motif: RTGACGTCA; match class: 1","TF:M04681_1","1","0","1796","18","1","20093","MON1A"
"TF","Factor: Kid3; motif: CCACN; match class: 1","TF:M01160_1","1","0","19811","18","17","20093","PRDM16,HSPG2,NOS1AP,SP3,KAT2B,CACNA2D2,MON1A,MECOM,PTP4A3,TMEM245,MYPN,LDB3,ADM,CRYAB,PKP2,NFATC3,MYO18B"
"TF","Factor: Kid3; motif: CCACN","TF:M01160","1","0","20011","18","18","20093","PRDM16,HSPG2,NOS1AP,SP3,KAT2B,CACNA2D2,MON1A,MECOM,GNRHR,PTP4A3,TMEM245,MYPN,LDB3,ADM,CRYAB,PKP2,NFATC3,MYO18B"
"TF","Factor: Kaiso; motif: GCMGGGRGCRGS; match class: 1","TF:M03876_1","1","0","9168","18","10","20093","PRDM16,HSPG2,NOS1AP,SP3,KAT2B,CACNA2D2,PTP4A3,TMEM245,LDB3,PKP2"
"TF","Factor: Kaiso; motif: GCMGGGRGCRGS","TF:M03876","1","0","13835","18","14","20093","PRDM16,HSPG2,NOS1AP,SP3,KAT2B,CACNA2D2,MON1A,MECOM,PTP4A3,TMEM245,LDB3,ADM,PKP2,MYO18B"
"TF","Factor: Kaiso; motif: NTCCTGCNAN; match class: 1","TF:M01119_1","1","0","552","18","1","20093","TMEM245"
"TF","Factor: Kaiso; motif: NTCCTGCNAN","TF:M01119","1","0","4338","18","4","20093","HSPG2,PTP4A3,TMEM245,NFATC3"
"TF","Factor: JUN; motif: NRTGACTCA","TF:M12589","1","0","4155","18","2","20093","LDB3,ADM"
"TF","Factor: c-Jun; motif: NATGACKCATN","TF:M11267","1","0","3389","18","3","20093","LDB3,CRYAB,NFATC3"
"TF","Factor: c-Jun; motif: NATGACGTCAYN; match class: 1","TF:M11266_1","1","0","6613","18","2","20093","PTP4A3,ADM"
"TF","Factor: c-Jun; motif: NATGACGTCAYN","TF:M11266","1","0","9075","18","4","20093","MON1A,PTP4A3,ADM,CRYAB"
"TF","Factor: c-Jun; motif: NATGACTCATN","TF:M11265","1","0","4939","18","1","20093","LDB3"
"TF","Factor: c-Jun; motif: NATGASTCATN; match class: 1","TF:M11264_1","1","0","4214","18","2","20093","MECOM,LDB3"
"TF","Factor: c-Jun; motif: NATGASTCATN","TF:M11264","1","0","4726","18","2","20093","MECOM,LDB3"
"TF","Factor: c-Jun; motif: NRTGAGTCAYN","TF:M09965","1","0","4822","18","2","20093","LDB3,ADM"
"TF","Factor: c-Jun; motif: NNNNRRTGASTCAN; match class: 1","TF:M07102_1","1","0","3294","18","1","20093","LDB3"
"TF","Factor: c-Jun; motif: NNNNRRTGASTCAN","TF:M07102","1","0","5427","18","2","20093","MECOM,LDB3"
"TF","Factor: KLF15; motif: GAGNNGGGGNGTDG","TF:M01714","1","0","2195","18","3","20093","HSPG2,KAT2B,MON1A"
"TF","Factor: KLF15; motif: NCCCCGCCCCN; match class: 1","TF:M12404_1","1","0","163","18","2","20093","HSPG2,NFATC3"
"TF","Factor: KLF15; motif: NCCCCGCCCCN","TF:M12404","1","0","1116","18","2","20093","HSPG2,NFATC3"
"TF","Factor: KLF15; motif: RCCMCRCCCMCN; match class: 1","TF:M12160_1","1","0","8164","18","14","20093","PRDM16,HSPG2,NOS1AP,SP3,KAT2B,CACNA2D2,MON1A,MECOM,PTP4A3,TMEM245,ADM,CRYAB,PKP2,NFATC3"
"TF","Factor: KLF15; motif: RCCMCRCCCMCN","TF:M12160","1","0","12970","18","15","20093","PRDM16,HSPG2,NOS1AP,SP3,KAT2B,CACNA2D2,MON1A,MECOM,PTP4A3,TMEM245,MYPN,ADM,CRYAB,PKP2,NFATC3"
"TF","Factor: KLF15; motif: GCCACGCCCMCN; match class: 1","TF:M12159_1","1","0","173","18","1","20093","NFATC3"
"TF","Factor: KLF15; motif: GCCACGCCCMCN","TF:M12159","1","0","1464","18","1","20093","NFATC3"
"TF","Factor: KLF15; motif: NCCMCGCCCMCN; match class: 1","TF:M12158_1","1","0","6085","18","10","20093","PRDM16,HSPG2,SP3,KAT2B,MON1A,MECOM,TMEM245,CRYAB,PKP2,NFATC3"
"TF","Factor: KLF15; motif: NCCMCGCCCMCN","TF:M12158","1","0","11280","18","14","20093","PRDM16,HSPG2,NOS1AP,SP3,KAT2B,CACNA2D2,MON1A,MECOM,PTP4A3,TMEM245,MYPN,CRYAB,PKP2,NFATC3"
"TF","Factor: KLF15; motif: RCCACGCCCCCC; match class: 1","TF:M12157_1","1","0","806","18","2","20093","HSPG2,NFATC3"
"TF","Factor: KLF15; motif: RCCACGCCCCCC","TF:M12157","1","0","3680","18","3","20093","HSPG2,KAT2B,NFATC3"
"TF","Factor: KLF15; motif: RGGGMGGRGNNGGGGGNGG; match class: 1","TF:M09968_1","1","0","1016","18","3","20093","PRDM16,KAT2B,MECOM"
"TF","Factor: KLF15; motif: RGGGMGGRGNNGGGGGNGG","TF:M09968","1","0","3317","18","8","20093","PRDM16,NOS1AP,SP3,KAT2B,CACNA2D2,MECOM,CRYAB,PKP2"
"TF","Factor: KLF14; motif: NRCCACGCCCMCN","TF:M12184","1","0","2576","18","2","20093","HSPG2,KAT2B"
"TF","Factor: KLF14; motif: NRCCACRCCCMCN; match class: 1","TF:M12183_1","1","0","2503","18","6","20093","HSPG2,KAT2B,CACNA2D2,MECOM,PKP2,NFATC3"
"TF","Factor: KLF14; motif: NRCCACRCCCMCN","TF:M12183","1","0","6962","18","9","20093","PRDM16,HSPG2,KAT2B,CACNA2D2,MECOM,ADM,CRYAB,PKP2,NFATC3"
"TF","Factor: GKLF; motif: NNCCMCRCCCN; match class: 1","TF:M12173_1","1","0","5016","18","4","20093","HSPG2,ADM,PKP2,NFATC3"
"TF","Factor: GKLF; motif: NNCCMCRCCCN","TF:M12173","1","0","10188","18","8","20093","HSPG2,NOS1AP,KAT2B,MON1A,ADM,PKP2,NFATC3,MYO18B"
"TF","Factor: KLF4; motif: MCACACCCTNN; match class: 1","TF:M09808_1","1","0","542","18","1","20093","CRYAB"
"TF","Factor: KLF4; motif: MCACACCCTNN","TF:M09808","1","0","3866","18","6","20093","HSPG2,KAT2B,PTP4A3,CRYAB,PKP2,MYO18B"
"TF","Factor: KLF3; motif: CCMCRCCCNG","TF:M07460","1","0","1445","18","2","20093","PRDM16,CACNA2D2"
"TF","Factor: KLF3; motif: CCMCACCCNG","TF:M03553","1","0","1901","18","2","20093","MECOM,CRYAB"
"TF","Factor: KLF3; motif: NNNNNNGGGCGGGGCNNGN; match class: 1","TF:M09970_1","1","0","3794","18","5","20093","HSPG2,KAT2B,ADM,PKP2,NFATC3"
"TF","Factor: KLF3; motif: NNNNNNGGGCGGGGCNNGN","TF:M09970","1","0","7805","18","9","20093","PRDM16,HSPG2,NOS1AP,KAT2B,MON1A,MECOM,ADM,PKP2,NFATC3"
"TF","Factor: KLF17; motif: NMCCACNCWCCCNTN","TF:M12187","1","0","2901","18","3","20093","SP3,PTP4A3,CRYAB"
"TF","Factor: KLF17; motif: NGGGCGG; match class: 1","TF:M05386_1","1","0","2497","18","1","20093","NFATC3"
"TF","Factor: KLF17; motif: NGGGCGG","TF:M05386","1","0","8007","18","4","20093","HSPG2,MON1A,PTP4A3,NFATC3"
"TF","Factor: BTEB4; motif: NCCACGCCCM; match class: 1","TF:M12186_1","1","0","4010","18","3","20093","HSPG2,PKP2,NFATC3"
"TF","Factor: BTEB4; motif: NCCACGCCCM","TF:M12186","1","0","9283","18","8","20093","HSPG2,KAT2B,MON1A,ADM,CRYAB,PKP2,NFATC3,MYO18B"
"TF","Factor: BTEB4; motif: RCCACGCCCC","TF:M12185","1","0","2334","18","2","20093","HSPG2,PKP2"
"TF","Factor: KLF16; motif: GMCACGCCCCC; match class: 1","TF:M03914_1","1","0","715","18","2","20093","HSPG2,NFATC3"
"TF","Factor: KLF16; motif: GMCACGCCCCC","TF:M03914","1","0","3413","18","2","20093","HSPG2,NFATC3"
"TF","Factor: LBP-1; motif: NRCCGGTNNNNACCGGYN","TF:M11490","1","0","6811","18","7","20093","SP3,KAT2B,CACNA2D2,MON1A,MECOM,LDB3,CRYAB"
"TF","Factor: LBP-1; motif: AACYRGTTNNAACYRGTT; match class: 1","TF:M11489_1","1","0","1929","18","1","20093","MECOM"
"TF","Factor: LBP-1; motif: AACYRGTTNNAACYRGTT","TF:M11489","1","0","2125","18","1","20093","MECOM"
"TF","Factor: KROX; motif: CCCGCCCCCRCCCC; match class: 1","TF:M00982_1","1","0","3554","18","6","20093","PRDM16,HSPG2,KAT2B,CACNA2D2,PKP2,NFATC3"
"TF","Factor: KROX; motif: CCCGCCCCCRCCCC","TF:M00982","1","0","7938","18","9","20093","PRDM16,HSPG2,NOS1AP,KAT2B,CACNA2D2,TMEM245,CRYAB,PKP2,NFATC3"
"TF","Factor: KLF; motif: GGGNGGGG; match class: 1","TF:M07461_1","1","0","3473","18","7","20093","PRDM16,SP3,KAT2B,CACNA2D2,MECOM,ADM,CRYAB"
"TF","Factor: KLF; motif: GGGNGGGG","TF:M07461","1","0","8960","18","10","20093","PRDM16,SP3,KAT2B,CACNA2D2,MON1A,MECOM,PTP4A3,ADM,CRYAB,MYO18B"
"TF","Factor: KLF9; motif: NNCCACACCCACN","TF:M09774","1","0","829","18","1","20093","KAT2B"
"TF","Factor: KLF8; motif: HMNDGGGTGT","TF:M07294","1","0","1363","18","2","20093","MYPN,CRYAB"
"TF","Factor: KLF8; motif: NGGGCGGGGG","TF:M05318","1","0","818","18","2","20093","KAT2B,TMEM245"
"TF","Factor: KLF7; motif: NGGGCGGGGG","TF:M05319","1","0","818","18","2","20093","KAT2B,TMEM245"
"TF","Factor: BTEB2; motif: GCCCCRCCCH; match class: 1","TF:M07409_1","1","0","1832","18","3","20093","HSPG2,PKP2,NFATC3"
"TF","Factor: BTEB2; motif: GCCCCRCCCH","TF:M07409","1","0","5270","18","4","20093","HSPG2,ADM,PKP2,NFATC3"
"TF","Factor: KLF4; motif: NNCCCCACCCNN; match class: 1","TF:M12489_1","1","0","1700","18","4","20093","SP3,KAT2B,MECOM,CRYAB"
"TF","Factor: KLF4; motif: NNCCCCACCCNN","TF:M12489","1","0","6222","18","8","20093","SP3,KAT2B,MON1A,MECOM,PTP4A3,ADM,CRYAB,MYO18B"
"TF","Factor: GKLF; motif: NNCCACRCCCN","TF:M12174","1","0","2742","18","1","20093","MON1A"
"TF","Factor: LEF-1; motif: AAAGATCAAAGGRWW","TF:M04003","1","0","1802","18","2","20093","GNRHR,TMEM245"
"TF","Factor: LEF-1,; motif: MCTTTGWTSNY","TF:M00978","1","0","1883","18","1","20093","TMEM245"
"TF","Factor: LCOR; motif: CMAAGKNCANN","TF:M12628","1","0","3699","18","1","20093","LDB3"
"TF","Factor: LBX2; motif: NYYAATTANN","TF:M10663","1","0","2530","18","1","20093","NOS1AP"
"TF","Factor: LBX2; motif: CTMATTAATTAT","TF:M10661","1","0","202","18","1","20093","PKP2"
"TF","Factor: LBX2; motif: NNYAATTANN","TF:M04384","1","0","3832","18","5","20093","NOS1AP,KAT2B,MON1A,GNRHR,NFATC3"
"TF","Factor: LBX2; motif: CTNRANSTAATTA; match class: 1","TF:M04383_1","1","0","2531","18","2","20093","GNRHR,NFATC3"
"TF","Factor: LBX2; motif: CTNRANSTAATTA","TF:M04383","1","0","8351","18","5","20093","NOS1AP,GNRHR,ADM,PKP2,NFATC3"
"TF","Factor: LBP9; motif: ACYRGTNNNNACYRGT; match class: 1","TF:M11492_1","1","0","6093","18","6","20093","SP3,KAT2B,CACNA2D2,MON1A,LDB3,CRYAB"
"TF","Factor: LBP9; motif: ACYRGTNNNNACYRGT","TF:M11492","1","0","7712","18","7","20093","SP3,KAT2B,CACNA2D2,MON1A,MECOM,LDB3,CRYAB"
"TF","Factor: LBP9; motif: ACYRGTTNNAACYRGT; match class: 1","TF:M11491_1","1","0","4247","18","1","20093","LDB3"
"TF","Factor: LBP9; motif: ACYRGTTNNAACYRGT","TF:M11491","1","0","5244","18","2","20093","KAT2B,LDB3"
"TF","Factor: LBP9; motif: CCRGNNNNARCCRGYYN","TF:M01592","1","0","1438","18","1","20093","KAT2B"
"TF","Factor: LBP-1; motif: CAGCTGS; match class: 1","TF:M00644_1","1","0","4159","18","7","20093","HSPG2,KAT2B,PTP4A3,LDB3,ADM,CRYAB,NFATC3"
"TF","Factor: LBP-1; motif: CAGCTGS","TF:M00644","1","0","9000","18","10","20093","HSPG2,KAT2B,CACNA2D2,PTP4A3,TMEM245,LDB3,ADM,CRYAB,NFATC3,MYO18B"
"TF","Factor: LBP-1; motif: NRCCGGTNNNNACCGGYN; match class: 1","TF:M11490_1","1","0","6046","18","7","20093","SP3,KAT2B,CACNA2D2,MON1A,MECOM,LDB3,CRYAB"
"TF","Factor: LIM-1; motif: NNCGTTAN; match class: 1","TF:M10999_1","1","0","1300","18","1","20093","TMEM245"
"TF","Factor: LIM-1; motif: NNCGTTAN","TF:M10999","1","0","6075","18","2","20093","TMEM245,ADM"
"TF","Factor: LF-A1; motif: GGGSTCWR; match class: 1","TF:M00646_1","1","0","6440","18","4","20093","PTP4A3,LDB3,ADM,CRYAB"
"TF","Factor: LF-A1; motif: GGGSTCWR","TF:M00646","1","0","12947","18","11","20093","HSPG2,NOS1AP,SP3,KAT2B,MECOM,PTP4A3,LDB3,ADM,CRYAB,PKP2,NFATC3"
"TF","Factor: LEF-1; motif: WCAAAGN","TF:M03794","1","0","4786","18","1","20093","GNRHR"
"TF","Factor: LEF-1; motif: WCAAAGN","TF:M02019","1","0","4786","18","1","20093","GNRHR"
"TF","Factor: LEF-1; motif: NANNWWCAAAGNN","TF:M07605","1","0","1812","18","2","20093","KAT2B,MON1A"
"TF","Factor: LEF-1; motif: NWTCAAAGNN","TF:M01022","1","0","3319","18","3","20093","MECOM,GNRHR,TMEM245"
"TF","Factor: TCF-7; motif: TCAAAG; match class: 1","TF:M00805_1","1","0","5751","18","2","20093","GNRHR,MYO18B"
"TF","Factor: TCF-7; motif: TCAAAG","TF:M00805","1","0","12428","18","10","20093","HSPG2,NOS1AP,MECOM,GNRHR,PTP4A3,TMEM245,MYPN,ADM,CRYAB,MYO18B"
"TF","Factor: LEF-1; motif: ASATCAAAG","TF:M11611","1","0","3702","18","3","20093","MECOM,TMEM245,MYPN"
"TF","Factor: LEF-1; motif: ASATCAAAG","TF:M11609","1","0","3261","18","3","20093","MECOM,TMEM245,MYPN"
"TF","Factor: LEF-1; motif: ASATCAAAG","TF:M11606","1","0","6341","18","3","20093","MECOM,TMEM245,MYPN"
"TF","Factor: LEF-1; motif: ASATCAAAG","TF:M11604","1","0","3900","18","3","20093","MECOM,TMEM245,MYPN"
"TF","Factor: LEF-1; motif: NCCTTTSWNNTNYN","TF:M09975","1","0","4093","18","4","20093","GNRHR,CRYAB,PKP2,MYO18B"
"TF","Factor: LEF-1; motif: NNNCTTTGAT","TF:M08948","1","0","3710","18","4","20093","MECOM,GNRHR,TMEM245,MYPN"
"TF","Factor: Lhx8; motif: TGATTG; match class: 1","TF:M07476_1","1","0","3205","18","1","20093","MYPN"
"TF","Factor: Lhx8; motif: TGATTG","TF:M07476","1","0","9306","18","8","20093","SP3,KAT2B,MON1A,GNRHR,TMEM245,MYPN,CRYAB,NFATC3"
"TF","Factor: Lhx8; motif: NNNNCTAATTAGCNGTG","TF:M01440","1","0","1515","18","2","20093","NOS1AP,KAT2B"
"TF","Factor: LHX5; motif: NTCGTTAN","TF:M11002","1","0","1715","18","1","20093","TMEM245"
"TF","Factor: LHX5; motif: STAATTAN","TF:M11001","1","0","1005","18","1","20093","MECOM"
"TF","Factor: LHX4; motif: NTCRTTAN; match class: 1","TF:M11008_1","1","0","1733","18","3","20093","TMEM245,MYPN,NFATC3"
"TF","Factor: LHX4; motif: NTCRTTAN","TF:M11008","1","0","6953","18","6","20093","NOS1AP,TMEM245,MYPN,ADM,PKP2,NFATC3"
"TF","Factor: LHX4; motif: NNCRTTAN; match class: 1","TF:M11005_1","1","0","4376","18","5","20093","NOS1AP,TMEM245,MYPN,PKP2,NFATC3"
"TF","Factor: LHX4; motif: NNCRTTAN","TF:M11005","1","0","10953","18","7","20093","NOS1AP,MON1A,TMEM245,MYPN,ADM,PKP2,NFATC3"
"TF","Factor: LHX3; motif: ATTAAW; match class: 1","TF:M02097_1","1","0","6780","18","8","20093","MON1A,MECOM,GNRHR,TMEM245,MYPN,PKP2,NFATC3,MYO18B"
"TF","Factor: LHX3; motif: ATTAAW","TF:M02097","1","0","12285","18","13","20093","HSPG2,SP3,KAT2B,CACNA2D2,MON1A,MECOM,GNRHR,TMEM245,MYPN,CRYAB,PKP2,NFATC3,MYO18B"
"TF","Factor: Lhx2; motif: WATTAN; match class: 1","TF:M07047_1","1","0","4881","18","5","20093","NOS1AP,KAT2B,MON1A,GNRHR,MYO18B"
"TF","Factor: Lhx2; motif: WATTAN","TF:M07047","1","0","11236","18","10","20093","PRDM16,HSPG2,NOS1AP,KAT2B,MON1A,GNRHR,MYPN,ADM,NFATC3,MYO18B"
"TF","Factor: LHX2; motif: NNCCAATTANN","TF:M12549","1","0","872","18","2","20093","GNRHR,NFATC3"
"TF","Factor: LHX2; motif: NNYTAATTRNNN","TF:M09976","1","0","2618","18","1","20093","KAT2B"
"TF","Factor: LIM-1; motif: NYAATTAN","TF:M11000","1","0","6088","18","6","20093","NOS1AP,KAT2B,MON1A,GNRHR,MYPN,NFATC3"
"TF","Factor: lmx1b; motif: CTCGTTAA","TF:M10991","1","0","1657","18","1","20093","TMEM245"
"TF","Factor: lmx1b; motif: NNNNTAATTAN","TF:M10990","1","0","1424","18","1","20093","MECOM"
"TF","Factor: LMX1A; motif: NTCRTTAN","TF:M10997","1","0","1825","18","2","20093","NOS1AP,MYPN"
"TF","Factor: LMX1A; motif: YTAATTAN","TF:M10996","1","0","1583","18","1","20093","MECOM"
"TF","Factor: LMX1A; motif: NTAATTAA","TF:M04392","1","0","2835","18","1","20093","MECOM"
"TF","Factor: LKLF; motif: CNCCACCCS; match class: 1","TF:M08819_1","1","0","1602","18","3","20093","SP3,MECOM,CRYAB"
"TF","Factor: LKLF; motif: CNCCACCCS","TF:M08819","1","0","5759","18","8","20093","SP3,KAT2B,CACNA2D2,MON1A,MECOM,PTP4A3,ADM,CRYAB"
"TF","Factor: LKLF; motif: GGGGTGGKSN; match class: 1","TF:M07261_1","1","0","4157","18","5","20093","PRDM16,SP3,KAT2B,MECOM,CRYAB"
"TF","Factor: LKLF; motif: GGGGTGGKSN","TF:M07261","1","0","9966","18","11","20093","PRDM16,HSPG2,SP3,KAT2B,CACNA2D2,MON1A,MECOM,PTP4A3,ADM,CRYAB,MYO18B"
"TF","Factor: LKLF; motif: NRCCACRCCCN","TF:M12172","1","0","2154","18","1","20093","MON1A"
"TF","Factor: LKLF; motif: NRCCMCRCCCN","TF:M12171","1","0","593","18","1","20093","MON1A"
"TF","Factor: LKLF; motif: NGGGCGG; match class: 1","TF:M05499_1","1","0","2497","18","1","20093","NFATC3"
"TF","Factor: LKLF; motif: NGGGCGG","TF:M05499","1","0","8007","18","4","20093","HSPG2,MON1A,PTP4A3,NFATC3"
"TF","Factor: LIN28B; motif: CGCGATATRACRGCG","TF:M12250","1","0","208","18","1","20093","MON1A"
"TF","Factor: LIN28B; motif: CGCGATANNACNGCG","TF:M12249","1","0","277","18","1","20093","MON1A"
"TF","Factor: LHX9; motif: NYAATTAN","TF:M04390","1","0","1426","18","3","20093","KAT2B,GNRHR,NFATC3"
"TF","Factor: LRH-1; motif: NTCAAGGTCAN; match class: 1","TF:M11829_1","1","0","187","18","1","20093","LDB3"
"TF","Factor: LRH-1; motif: NTCAAGGTCAN","TF:M11829","1","0","2323","18","3","20093","GNRHR,MYPN,LDB3"
"TF","Factor: LRH-1; motif: TCAAGGTCRYGACCTTGR; match class: 1","TF:M11828_1","1","0","8015","18","6","20093","NOS1AP,CACNA2D2,MECOM,PTP4A3,MYPN,ADM"
"TF","Factor: LRH-1; motif: TCAAGGTCRYGACCTTGR","TF:M11828","1","0","10867","18","7","20093","NOS1AP,CACNA2D2,MECOM,PTP4A3,MYPN,ADM,MYO18B"
"TF","Factor: LRH-1; motif: NTCAAGGTCRN; match class: 1","TF:M11826_1","1","0","187","18","1","20093","LDB3"
"TF","Factor: LRH-1; motif: NTCAAGGTCRN","TF:M11826","1","0","2339","18","3","20093","GNRHR,MYPN,LDB3"
"TF","Factor: LRH-1; motif: NNYCAAGGYCA; match class: 1","TF:M10017_1","1","0","290","18","1","20093","LDB3"
"TF","Factor: LRH-1; motif: NNYCAAGGYCA","TF:M10017","1","0","2786","18","4","20093","NOS1AP,MYPN,LDB3,MYO18B"
"TF","Factor: LRF; motif: NGNAGNGGGTYN; match class: 1","TF:M04617_1","1","0","1447","18","2","20093","PRDM16,KAT2B"
"TF","Factor: LRF; motif: NGNAGNGGGTYN","TF:M04617","1","0","6230","18","8","20093","PRDM16,NOS1AP,SP3,KAT2B,MECOM,PTP4A3,TMEM245,PKP2"
"TF","Factor: LRF; motif: NGKGGGTSNCN; match class: 1","TF:M07387_1","1","0","1047","18","1","20093","NFATC3"
"TF","Factor: LRF; motif: NGKGGGTSNCN","TF:M07387","1","0","5241","18","5","20093","PRDM16,HSPG2,KAT2B,TMEM245,NFATC3"
"TF","Factor: LRF; motif: GGGGKYNNB; match class: 1","TF:M01100_1","1","0","2734","18","4","20093","PRDM16,HSPG2,NOS1AP,NFATC3"
"TF","Factor: LRF; motif: GGGGKYNNB","TF:M01100","1","0","7671","18","12","20093","PRDM16,HSPG2,NOS1AP,SP3,KAT2B,CACNA2D2,MON1A,PTP4A3,LDB3,CRYAB,PKP2,NFATC3"
"TF","Factor: Lmx1; motif: RDNTAATT; match class: 1","TF:M07386_1","1","0","1414","18","1","20093","MYO18B"
"TF","Factor: Lmx1; motif: RDNTAATT","TF:M07386","1","0","6330","18","4","20093","HSPG2,KAT2B,MON1A,MYO18B"
"TF","Factor: LXR; motif: TGGGGTYACTNGCGGTCA","TF:M00647","1","0","2624","18","1","20093","KAT2B"
"TF","Factor: LXR; motif: TGACCGNNAGTRACCC","TF:M00766","1","0","1022","18","2","20093","KAT2B,MON1A"
"TF","Factor: LXR-beta:RXR-alpha; motif: NNTGACCKNCAGTGACCYCN","TF:M03809","1","0","741","18","1","20093","MON1A"
"TF","Factor: LXR-alpha; motif: NNRRGGTYACTNNAGGNCA","TF:M10013","1","0","3302","18","3","20093","KAT2B,CRYAB,NFATC3"
"TF","Factor: LUMAN; motif: CYCAGCYYCY; match class: 1","TF:M09729_1","1","0","4664","18","5","20093","HSPG2,SP3,CACNA2D2,LDB3,CRYAB"
"TF","Factor: LUMAN; motif: CYCAGCYYCY","TF:M09729","1","0","10899","18","11","20093","HSPG2,NOS1AP,SP3,CACNA2D2,MON1A,PTP4A3,MYPN,LDB3,CRYAB,PKP2,MYO18B"
"TF","Factor: LTF; motif: GKVACTTNC","TF:M01692","1","0","4316","18","4","20093","NOS1AP,TMEM245,MYPN,MYO18B"
"TF","Factor: LRH-1; motif: NNNYCAAGGYCAN","TF:M07360","1","0","1649","18","2","20093","MYPN,LDB3"
"TF","Factor: LRH-1; motif: NNYCAAGGYYN; match class: 1","TF:M02098_1","1","0","351","18","1","20093","LDB3"
"TF","Factor: LRH-1; motif: NNYCAAGGYYN","TF:M02098","1","0","3173","18","4","20093","NOS1AP,MYPN,LDB3,MYO18B"
"TF","Factor: LRH1; motif: NNRRCCTTGVAN","TF:M01142","1","0","3105","18","3","20093","HSPG2,NOS1AP,LDB3"
"TF","Factor: LRH1; motif: NTGRCCTTGRNN; match class: 1","TF:M12629_1","1","0","277","18","1","20093","LDB3"
"TF","Factor: LRH1; motif: NTGRCCTTGRNN","TF:M12629","1","0","2767","18","4","20093","NOS1AP,MYPN,LDB3,MYO18B"
"TF","Factor: LRH-1; motif: TCAAGGTCRTGACCTTGA","TF:M11831","1","0","3683","18","3","20093","MECOM,PTP4A3,ADM"
"TF","Factor: LRH-1; motif: TGACCTTGRNYCAAGGTCA; match class: 1","TF:M11830_1","1","0","6207","18","3","20093","NOS1AP,KAT2B,CACNA2D2"
"TF","Factor: LRH-1; motif: TGACCTTGRNYCAAGGTCA","TF:M11830","1","0","7195","18","3","20093","NOS1AP,KAT2B,CACNA2D2"
"TF","Factor: MafF; motif: NCTNASTCAGCANWWTNN","TF:M07108","1","0","263","18","1","20093","LDB3"
"TF","Factor: MAFB; motif: NTCAGCN; match class: 1","TF:M08888_1","1","0","3477","18","1","20093","LDB3"
"TF","Factor: MAFB; motif: NTCAGCN","TF:M08888","1","0","10394","18","7","20093","CACNA2D2,GNRHR,PTP4A3,TMEM245,LDB3,ADM,NFATC3"
"TF","Factor: MafB; motif: CRCTGACNANN","TF:M03830","1","0","7431","18","5","20093","SP3,CACNA2D2,TMEM245,ADM,NFATC3"
"TF","Factor: MafB; motif: TGCTGASTNNN","TF:M09978","1","0","3450","18","1","20093","LDB3"
"TF","Factor: MafB; motif: GNTGAC; match class: 1","TF:M01227_1","1","0","4844","18","3","20093","CACNA2D2,ADM,CRYAB"
"TF","Factor: MafB; motif: GNTGAC","TF:M01227","1","0","11959","18","7","20093","CACNA2D2,PTP4A3,TMEM245,MYPN,LDB3,ADM,CRYAB"
"TF","Factor: MaFA; motif: TCTGCTGASCNN; match class: 1","TF:M07325_1","1","0","914","18","1","20093","PTP4A3"
"TF","Factor: MaFA; motif: TCTGCTGASCNN","TF:M07325","1","0","5344","18","2","20093","GNRHR,PTP4A3"
"TF","Factor: MAFA; motif: TCAGCAN; match class: 1","TF:M01709_1","1","0","1327","18","1","20093","PTP4A3"
"TF","Factor: MAFA; motif: TCAGCAN","TF:M01709","1","0","6530","18","4","20093","GNRHR,PTP4A3,TMEM245,ADM"
"TF","Factor: Lyl-1; motif: NCAKCTGYTNYCNN; match class: 1","TF:M09977_1","1","0","7535","18","8","20093","KAT2B,CACNA2D2,PTP4A3,TMEM245,LDB3,CRYAB,PKP2,MYO18B"
"TF","Factor: Lyl-1; motif: NCAKCTGYTNYCNN","TF:M09977","1","0","13871","18","15","20093","PRDM16,HSPG2,KAT2B,CACNA2D2,MON1A,MECOM,PTP4A3,TMEM245,MYPN,LDB3,ADM,CRYAB,PKP2,NFATC3,MYO18B"
"TF","Factor: Lyf-1; motif: TTTGGGAGR","TF:M00141","1","0","812","18","1","20093","MON1A"
"TF","Factor: LXR;; motif: NTGACCKNNAGTRACCYNN; match class: 1","TF:M03795_1","1","0","1510","18","1","20093","MON1A"
"TF","Factor: LXR;; motif: NTGACCKNNAGTRACCYNN","TF:M03795","1","0","6765","18","4","20093","KAT2B,MON1A,TMEM245,CRYAB"
"TF","Factor: MASH-1; motif: NNACACCTGC","TF:M08820","1","0","550","18","1","20093","CACNA2D2"
"TF","Factor: MASH-1; motif: YMMCACCTGCY","TF:M03877","1","0","1156","18","2","20093","CACNA2D2,LDB3"
"TF","Factor: MASH-1; motif: NNNCASCTGCYNYN","TF:M09865","1","0","855","18","3","20093","PTP4A3,LDB3,PKP2"
"TF","Factor: MAF; motif: NGCTGAGTCAN","TF:M00983","1","0","6335","18","3","20093","CACNA2D2,LDB3,ADM"
"TF","Factor: MAF; motif: GCTGAGTCAN","TF:M07296","1","0","5843","18","4","20093","NOS1AP,SP3,MYPN,LDB3"
"TF","Factor: MafK; motif: MNNASTCAGCANWWW","TF:M07109","1","0","173","18","1","20093","LDB3"
"TF","Factor: MAFK; motif: NAWWNTGCTGAS","TF:M04217","1","0","1041","18","1","20093","LDB3"
"TF","Factor: MafG; motif: CMATGACTCAGCAGA; match class: 1","TF:M07048_1","1","0","1574","18","2","20093","NFATC3,MYO18B"
"TF","Factor: MafG; motif: CMATGACTCAGCAGA","TF:M07048","1","0","7080","18","3","20093","MON1A,NFATC3,MYO18B"
"TF","Factor: MAFG; motif: NAGTCAGCATTTNNN","TF:M12545","1","0","407","18","1","20093","LDB3"
"TF","Factor: MafG; motif: TGCTGACNNNGCR","TF:M11355","1","0","1259","18","1","20093","CACNA2D2"
"TF","Factor: MafG; motif: TGCTGACNTR","TF:M11354","1","0","1947","18","2","20093","PTP4A3,CRYAB"
"TF","Factor: MafG; motif: TGCTGACNNNGCR","TF:M11353","1","0","1415","18","1","20093","CACNA2D2"
"TF","Factor: MafG; motif: TGCTGACNNN","TF:M11352","1","0","2245","18","2","20093","PTP4A3,CRYAB"
"TF","Factor: MAFF; motif: NWGTCAGCATTTTNNN","TF:M12525","1","0","400","18","1","20093","LDB3"
"TF","Factor: MafF; motif: TGCTGASTCAGCANTTTT","TF:M09979","1","0","1567","18","1","20093","MYO18B"
"TF","Factor: MAZ; motif: GGGMGGGGS; match class: 1","TF:M10432_1","1","0","4394","18","10","20093","PRDM16,HSPG2,SP3,KAT2B,CACNA2D2,MON1A,MECOM,TMEM245,CRYAB,PKP2"
"TF","Factor: MAZ; motif: GGGMGGGGS","TF:M10432","1","0","9467","18","15","20093","PRDM16,HSPG2,NOS1AP,SP3,KAT2B,CACNA2D2,MON1A,MECOM,PTP4A3,TMEM245,LDB3,ADM,CRYAB,PKP2,MYO18B"
"TF","Factor: MAZ; motif: GGGGGAGGGGGNGRGRRRGNRG","TF:M09984","1","0","9715","18","15","20093","PRDM16,HSPG2,NOS1AP,SP3,KAT2B,CACNA2D2,MON1A,MECOM,PTP4A3,TMEM245,ADM,CRYAB,PKP2,NFATC3,MYO18B"
"TF","Factor: MAZ; motif: GGGMGGGGSSGGGGGGGGGGGG; match class: 1","TF:M09636_1","1","0","14348","18","16","20093","PRDM16,HSPG2,NOS1AP,SP3,KAT2B,CACNA2D2,MON1A,MECOM,PTP4A3,TMEM245,LDB3,ADM,CRYAB,PKP2,NFATC3,MYO18B"
"TF","Factor: MAZ; motif: GGGMGGGGSSGGGGGGGGGGGG","TF:M09636","1","0","16569","18","16","20093","PRDM16,HSPG2,NOS1AP,SP3,KAT2B,CACNA2D2,MON1A,MECOM,PTP4A3,TMEM245,LDB3,ADM,CRYAB,PKP2,NFATC3,MYO18B"
"TF","Factor: MAZR; motif: NSGGGGGGGGMCN; match class: 1","TF:M00491_1","1","0","391","18","2","20093","TMEM245,NFATC3"
"TF","Factor: MAZR; motif: NSGGGGGGGGMCN","TF:M00491","1","0","1257","18","4","20093","PRDM16,CACNA2D2,TMEM245,NFATC3"
"TF","Factor: MAX; motif: SCACGTGSNCNSSSSSN","TF:M12631","1","0","395","18","2","20093","MON1A,PTP4A3"
"TF","Factor: Max; motif: NNGCACGTGG","TF:M09983","1","0","128","18","1","20093","PTP4A3"
"TF","Factor: MAX; motif: CACGTG; match class: 1","TF:M08950_1","1","0","6191","18","5","20093","HSPG2,MON1A,PTP4A3,LDB3,NFATC3"
"TF","Factor: MAX; motif: CACGTG","TF:M08950","1","0","6191","18","5","20093","HSPG2,MON1A,PTP4A3,LDB3,NFATC3"
"TF","Factor: Max; motif: AACACGT","TF:M04844","1","0","1679","18","2","20093","CRYAB,NFATC3"
"TF","Factor: Max; motif: NNANCACGTGNTNN; match class: 1","TF:M00119_1","1","0","7010","18","6","20093","HSPG2,MON1A,PTP4A3,LDB3,PKP2,NFATC3"
"TF","Factor: Max; motif: NNANCACGTGNTNN","TF:M00119","1","0","7010","18","6","20093","HSPG2,MON1A,PTP4A3,LDB3,PKP2,NFATC3"
"TF","Factor: MATH1; motif: RRCAGMTGG","TF:M09870","1","0","565","18","1","20093","GNRHR"
"TF","Factor: MED8; motif: CYYNSCYYCCTSCNCC","TF:M13128","1","0","13001","18","14","20093","PRDM16,HSPG2,NOS1AP,SP3,KAT2B,CACNA2D2,MON1A,MECOM,PTP4A3,TMEM245,LDB3,ADM,CRYAB,PKP2"
"TF","Factor: MECP2; motif: CCGGNNTTWA; match class: 1","TF:M01299_1","1","0","1027","18","3","20093","PRDM16,SP3,MYO18B"
"TF","Factor: MECP2; motif: CCGGNNTTWA","TF:M01299","1","0","5305","18","9","20093","PRDM16,NOS1AP,SP3,CACNA2D2,MON1A,PTP4A3,ADM,CRYAB,MYO18B"
"TF","Factor: MECP2; motif: CCGGSNNNANNAWWT","TF:M01298","1","0","1298","18","2","20093","PRDM16,MECOM"
"TF","Factor: mbnl2; motif: NYGCYTYGCYTN; match class: 1","TF:M12136_1","1","0","922","18","1","20093","CACNA2D2"
"TF","Factor: mbnl2; motif: NYGCYTYGCYTN","TF:M12136","1","0","5463","18","2","20093","CACNA2D2,MYPN"
"TF","Factor: mbnl2; motif: NYGCYTYGCTTN; match class: 1","TF:M12135_1","1","0","1079","18","1","20093","CACNA2D2"
"TF","Factor: mbnl2; motif: NYGCYTYGCTTN","TF:M12135","1","0","5989","18","5","20093","CACNA2D2,MON1A,MYPN,ADM,PKP2"
"TF","Factor: MBD1; motif: RCTCCAKCYTS","TF:M13115","1","0","652","18","1","20093","NOS1AP"
"TF","Factor: MAZ; motif: NKGGGAGGGGRGGR","TF:M02023","1","0","7258","18","12","20093","PRDM16,HSPG2,NOS1AP,SP3,KAT2B,CACNA2D2,MECOM,PTP4A3,TMEM245,ADM,CRYAB,NFATC3"
"TF","Factor: MAZ; motif: GGGGAGGG; match class: 1","TF:M00649_1","1","0","4182","18","7","20093","PRDM16,NOS1AP,SP3,KAT2B,MECOM,PTP4A3,CRYAB"
"TF","Factor: MAZ; motif: GGGGAGGG","TF:M00649","1","0","9510","18","12","20093","PRDM16,HSPG2,NOS1AP,SP3,KAT2B,CACNA2D2,MECOM,PTP4A3,LDB3,ADM,CRYAB,MYO18B"
"TF","Factor: MAZ; motif: CCCTCCCYCYN; match class: 1","TF:M07297_1","1","0","683","18","3","20093","SP3,CACNA2D2,MECOM"
"TF","Factor: MAZ; motif: NNCCCCTCCCN","TF:M12405","1","0","844","18","2","20093","PRDM16,HSPG2"
"TF","Factor: meis1:TBR2; motif: NNGTGNTGACAN","TF:M08378","1","0","3704","18","3","20093","PTP4A3,CRYAB,NFATC3"
"TF","Factor: meis1:Elf-1; motif: NTGCCGGAAGTN; match class: 1","TF:M08377_1","1","0","5121","18","5","20093","NOS1AP,KAT2B,PTP4A3,NFATC3,MYO18B"
"TF","Factor: meis1:Elf-1; motif: NTGCCGGAAGTN","TF:M08377","1","0","11500","18","10","20093","NOS1AP,SP3,KAT2B,MON1A,MECOM,PTP4A3,LDB3,ADM,NFATC3,MYO18B"
"TF","Factor: meis1:Prrxl1; motif: TGACANTAATTN","TF:M08375","1","0","1937","18","1","20093","MON1A"
"TF","Factor: MEIS1B:HOXA9; motif: TGACASTTTWAYRR","TF:M00421","1","0","6905","18","2","20093","CACNA2D2,CRYAB"
"TF","Factor: MEIS1A:HOXA9; motif: TGACAGKTTTAYGA; match class: 1","TF:M00420_1","1","0","1006","18","1","20093","SP3"
"TF","Factor: MEIS1A:HOXA9; motif: TGACAGKTTTAYGA","TF:M00420","1","0","5691","18","5","20093","SP3,CACNA2D2,MON1A,ADM,CRYAB"
"TF","Factor: MEF-2; motif: RGCTATWTTTAR","TF:M00941","1","0","1363","18","1","20093","CACNA2D2"
"TF","Factor: MEF-2A; motif: CTCTAAAAATAACYCY","TF:M00006","1","0","849","18","1","20093","TMEM245"
"TF","Factor: MEF-2D; motif: WAAATAR","TF:M02026","1","0","7907","18","9","20093","SP3,KAT2B,MECOM,GNRHR,TMEM245,MYPN,CRYAB,PKP2,MYO18B"
"TF","Factor: MEF2D; motif: NNCYAAAAATAGMN","TF:M12633","1","0","3354","18","2","20093","MYPN,MYO18B"
"TF","Factor: MEF-2C; motif: TATTTWT; match class: 1","TF:M02025_1","1","0","8060","18","7","20093","KAT2B,MON1A,MECOM,GNRHR,MYPN,PKP2,MYO18B"
"TF","Factor: MEF-2C; motif: TATTTWT","TF:M02025","1","0","13236","18","11","20093","HSPG2,KAT2B,MON1A,MECOM,GNRHR,TMEM245,MYPN,CRYAB,PKP2,NFATC3,MYO18B"
"TF","Factor: MEF-2B1; motif: CCNWATWWRG","TF:M11696","1","0","2308","18","1","20093","LDB3"
"TF","Factor: MEF-2A; motif: YTAAAAATARCY","TF:M01301","1","0","1293","18","2","20093","CACNA2D2,TMEM245"
"TF","Factor: MED8; motif: CYYNSCYYCCTSCNCC; match class: 1","TF:M13128_1","1","0","7939","18","11","20093","PRDM16,HSPG2,NOS1AP,SP3,KAT2B,MON1A,PTP4A3,LDB3,ADM,CRYAB,PKP2"
"TF","Factor: MESP2; motif: NAMCATATGKYN; match class: 1","TF:M11153_1","1","0","163","18","1","20093","PKP2"
"TF","Factor: MESP2; motif: NAMCATATGKYN","TF:M11153","1","0","661","18","1","20093","PKP2"
"TF","Factor: MESP1; motif: NRCACCTGNN","TF:M04177","1","0","1545","18","1","20093","TMEM245"
"TF","Factor: Meox2; motif: NTCRTTAN","TF:M10765","1","0","2515","18","4","20093","KAT2B,MON1A,MYPN,PKP2"
"TF","Factor: MEOX2; motif: NSTAATTANN","TF:M04399","1","0","4160","18","2","20093","NOS1AP,MECOM"
"TF","Factor: MOX1; motif: NTCRTTAN","TF:M10761","1","0","3343","18","4","20093","KAT2B,MON1A,MYPN,PKP2"
"TF","Factor: MEOX1; motif: NSTAATTANN","TF:M04398","1","0","618","18","1","20093","NOS1AP"
"TF","Factor: MEIS3; motif: NTGACAGN","TF:M04030","1","0","1847","18","1","20093","NFATC3"
"TF","Factor: MEIS2; motif: TTGACAGS","TF:M04029","1","0","976","18","1","20093","NFATC3"
"TF","Factor: MEIS1; motif: NTGACAN; match class: 1","TF:M04027_1","1","0","369","18","1","20093","CRYAB"
"TF","Factor: MEIS1; motif: NTGACAN","TF:M04027","1","0","3494","18","3","20093","KAT2B,CRYAB,NFATC3"
"TF","Factor: Meis1; motif: WANNASCTGTCAAWNN","TF:M01419","1","0","1780","18","1","20093","MON1A"
"TF","Factor: MEIS1; motif: NNNTGACAGNNN","TF:M00419","1","0","275","18","1","20093","KAT2B"
"TF","Factor: meis1:Sox-2; motif: TGACAKGTTAACAATGT","TF:M08726","1","0","2986","18","3","20093","TMEM245,MYPN,CRYAB"
"TF","Factor: meis1:Max; motif: NTGACRNNNNNNCACGTGC","TF:M08725","1","0","941","18","3","20093","MON1A,PTP4A3,MYO18B"
"TF","Factor: meis1:TBR2; motif: NNGTGNTGACAN; match class: 1","TF:M08378_1","1","0","444","18","2","20093","PTP4A3,CRYAB"
"TF","Factor: MIXL1; motif: NNYAATTANN","TF:M04402","1","0","2727","18","1","20093","MECOM"
"TF","Factor: MITF; motif: CATGTGM","TF:M02099","1","0","3339","18","3","20093","HSPG2,TMEM245,LDB3"
"TF","Factor: MITF; motif: NNNNRTCACGTGAYNNNN; match class: 1","TF:M12542_1","1","0","1140","18","1","20093","NFATC3"
"TF","Factor: MITF; motif: NNNNRTCACGTGAYNNNN","TF:M12542","1","0","1140","18","1","20093","NFATC3"
"TF","Factor: MITF; motif: TCACGTGACC","TF:M09989","1","0","1424","18","1","20093","NFATC3"
"TF","Factor: MITF; motif: NNNNGTCACGTGACNNNN; match class: 1","TF:M09811_1","1","0","1398","18","1","20093","NFATC3"
"TF","Factor: MITF; motif: NNNNGTCACGTGACNNNN","TF:M09811","1","0","1398","18","1","20093","NFATC3"
"TF","Factor: MIF-1; motif: NNGTTGCWWGGYAACNGS; match class: 1","TF:M00279_1","1","0","5449","18","3","20093","CACNA2D2,GNRHR,NFATC3"
"TF","Factor: MIF-1; motif: NNGTTGCWWGGYAACNGS","TF:M00279","1","0","11464","18","10","20093","PRDM16,HSPG2,CACNA2D2,MECOM,GNRHR,PTP4A3,TMEM245,LDB3,ADM,NFATC3"
"TF","Factor: MIBP1; motif: WNWCCCCAGCTR; match class: 1","TF:M03878_1","1","0","297","18","2","20093","MON1A,PTP4A3"
"TF","Factor: MIBP1; motif: WNWCCCCAGCTR","TF:M03878","1","0","2855","18","5","20093","SP3,MON1A,PTP4A3,CRYAB,MYO18B"
"TF","Factor: MAD5; motif: SSNSSSNSSSSGCCACGTGC; match class: 1","TF:M13141_1","1","0","1233","18","3","20093","PRDM16,HSPG2,PTP4A3"
"TF","Factor: MAD5; motif: SSNSSSNSSSSGCCACGTGC","TF:M13141","1","0","4422","18","8","20093","PRDM16,HSPG2,CACNA2D2,MON1A,PTP4A3,LDB3,CRYAB,PKP2"
"TF","Factor: MGA; motif: AGGTGTGA","TF:M04117","1","0","2264","18","1","20093","TMEM245"
"TF","Factor: MRF4; motif: CASCTGC; match class: 1","TF:M03831_1","1","0","2861","18","4","20093","NOS1AP,PTP4A3,LDB3,PKP2"
"TF","Factor: MRF4; motif: CASCTGC","TF:M03831","1","0","8922","18","8","20093","NOS1AP,KAT2B,CACNA2D2,PTP4A3,TMEM245,LDB3,PKP2,NFATC3"
"TF","Factor: MOVO-B; motif: GNGGGGG; match class: 1","TF:M01104_1","1","0","5667","18","10","20093","PRDM16,HSPG2,SP3,KAT2B,CACNA2D2,MECOM,PTP4A3,TMEM245,PKP2,NFATC3"
"TF","Factor: MOVO-B; motif: GNGGGGG","TF:M01104","1","0","10403","18","14","20093","PRDM16,HSPG2,NOS1AP,SP3,KAT2B,CACNA2D2,MON1A,MECOM,PTP4A3,TMEM245,ADM,CRYAB,PKP2,NFATC3"
"TF","Factor: HB9; motif: NTCRTTAN","TF:M10569","1","0","3416","18","4","20093","KAT2B,MON1A,MYPN,PKP2"
"TF","Factor: MNX1; motif: NNYAATTAAN","TF:M04403","1","0","2849","18","2","20093","MECOM,PKP2"
"TF","Factor: MEF-2A; motif: CKSTYTAAAAAWRMCY","TF:M00405","1","0","1854","18","4","20093","TMEM245,MYPN,CRYAB,MYO18B"
"TF","Factor: MLR1; motif: NTGNMCYYTGNNCYN; match class: 1","TF:M12637_1","1","0","694","18","1","20093","MON1A"
"TF","Factor: MLR1; motif: NTGNMCYYTGNNCYN","TF:M12637","1","0","4561","18","5","20093","MON1A,PTP4A3,LDB3,PKP2,MYO18B"
"TF","Factor: MLLT10; motif: CYNNCCNNGGNGCTG; match class: 1","TF:M12636_1","1","0","3532","18","6","20093","PRDM16,SP3,KAT2B,TMEM245,PKP2,NFATC3"
"TF","Factor: MLLT10; motif: CYNNCCNNGGNGCTG","TF:M12636","1","0","9568","18","13","20093","PRDM16,HSPG2,SP3,KAT2B,CACNA2D2,MON1A,PTP4A3,TMEM245,ADM,CRYAB,PKP2,NFATC3,MYO18B"
"TF","Factor: MIZF; motif: GNYCYCNNCNNSGTCCGCNNNNN","TF:M12635","1","0","1058","18","5","20093","NOS1AP,SP3,CACNA2D2,MON1A,TMEM245"
"TF","Factor: MIZF; motif: WTGCGTG","TF:M06887","1","0","1545","18","1","20093","HSPG2"
"TF","Factor: ZBTB17; motif: AATCGATT; match class: 1","TF:M13192_1","1","0","669","18","1","20093","KAT2B"
"TF","Factor: ZBTB17; motif: AATCGATT","TF:M13192","1","0","669","18","1","20093","KAT2B"
"TF","Factor: MIZ1; motif: CAGRCANNASYARTCGAKCNCMGMN","TF:M12634","1","0","1045","18","1","20093","ADM"
"TF","Factor: Msx-1; motif: NTCRTTAN","TF:M10563","1","0","3170","18","1","20093","TMEM245"
"TF","Factor: Msx-1; motif: NCAATTAN","TF:M04405","1","0","657","18","2","20093","KAT2B,NFATC3"
"TF","Factor: Msx-1; motif: NNNNANTAATTANTNN; match class: 1","TF:M01412_1","1","0","1396","18","1","20093","PKP2"
"TF","Factor: Msx-1; motif: NNNNANTAATTANTNN","TF:M01412","1","0","3346","18","1","20093","PKP2"
"TF","Factor: Msx-1; motif: CNGTAWNTG; match class: 1","TF:M00394_1","1","0","2804","18","1","20093","SP3"
"TF","Factor: Msx-1; motif: CNGTAWNTG","TF:M00394","1","0","9196","18","8","20093","NOS1AP,SP3,MON1A,GNRHR,PTP4A3,LDB3,NFATC3,MYO18B"
"TF","Factor: msc; motif: NRACAGCTGTYN; match class: 1","TF:M11150_1","1","0","352","18","1","20093","LDB3"
"TF","Factor: msc; motif: NRACAGCTGTYN","TF:M11150","1","0","419","18","1","20093","LDB3"
"TF","Factor: msc; motif: NRMCATATGNYN; match class: 1","TF:M11146_1","1","0","3315","18","3","20093","CACNA2D2,MYPN,PKP2"
"TF","Factor: msc; motif: NRMCATATGNYN","TF:M11146","1","0","3492","18","3","20093","CACNA2D2,MYPN,PKP2"
"TF","Factor: msc; motif: NRACAGCTGTYN; match class: 1","TF:M11145_1","1","0","958","18","1","20093","LDB3"
"TF","Factor: msc; motif: NRACAGCTGTYN","TF:M11145","1","0","1197","18","1","20093","LDB3"
"TF","Factor: msc; motif: NAMCAGCTGKYN; match class: 1","TF:M11143_1","1","0","786","18","1","20093","LDB3"
"TF","Factor: msc; motif: NAMCAGCTGKYN","TF:M11143","1","0","1034","18","2","20093","MECOM,LDB3"
"TF","Factor: MSANTD3; motif: SNNCACTCAC; match class: 1","TF:M12406_1","1","0","647","18","1","20093","HSPG2"
"TF","Factor: MSANTD3; motif: SNNCACTCAC","TF:M12406","1","0","4715","18","6","20093","HSPG2,MECOM,GNRHR,TMEM245,LDB3,PKP2"
"TF","Factor: Msx-2; motif: TWWTTGGDGABN","TF:M03797","1","0","5057","18","4","20093","NOS1AP,CACNA2D2,GNRHR,PKP2"
"TF","Factor: MSX2; motif: NCAATTAN","TF:M13025","1","0","802","18","1","20093","GNRHR"
"TF","Factor: Msx-2; motif: NCAATTAN","TF:M10561","1","0","802","18","1","20093","GNRHR"
"TF","Factor: Msx-2; motif: NTCRTTAN; match class: 1","TF:M10560_1","1","0","728","18","1","20093","TMEM245"
"TF","Factor: Msx-2; motif: NTCRTTAN","TF:M10560","1","0","4820","18","3","20093","NOS1AP,TMEM245,MYPN"
"TF","Factor: MSX2; motif: NCAATTAN","TF:M04407","1","0","802","18","1","20093","GNRHR"
"TF","Factor: Msx-2; motif: NNNGACYAATTAGYNNT; match class: 1","TF:M01393_1","1","0","4259","18","4","20093","GNRHR,MYPN,PKP2,NFATC3"
"TF","Factor: Msx-2; motif: NNNGACYAATTAGYNNT","TF:M01393","1","0","9241","18","8","20093","NOS1AP,KAT2B,MON1A,GNRHR,MYPN,PKP2,NFATC3,MYO18B"
"TF","Factor: Msx-1; motif: WNGNAATTANV; match class: 1","TF:M08822_1","1","0","2402","18","1","20093","GNRHR"
"TF","Factor: Msx-1; motif: WNGNAATTANV","TF:M08822","1","0","7185","18","4","20093","NOS1AP,KAT2B,MON1A,GNRHR"
"TF","Factor: Msx-1; motif: AHAWWTSMYYCAATTAN","TF:M07298","1","0","2011","18","3","20093","MECOM,MYPN,ADM"
"TF","Factor: MSX1; motif: NCAATTAN","TF:M13018","1","0","468","18","1","20093","GNRHR"
"TF","Factor: Msx-1; motif: NTCRTTAN; match class: 1","TF:M10566_1","1","0","1086","18","1","20093","TMEM245"
"TF","Factor: Msx-1; motif: NTCRTTAN","TF:M10566","1","0","5840","18","3","20093","NOS1AP,TMEM245,MYPN"
"TF","Factor: Msx-1; motif: NCAATTAN","TF:M10565","1","0","2520","18","3","20093","KAT2B,GNRHR,NFATC3"
"TF","Factor: Msx-1; motif: NTCRTTAN; match class: 1","TF:M10563_1","1","0","343","18","1","20093","TMEM245"
"TF","Factor: B-Myb; motif: NTRACSGTYNN","TF:M11724","1","0","1180","18","3","20093","NOS1AP,GNRHR,CRYAB"
"TF","Factor: MYBL2; motif: NNAACCGTTAN","TF:M04048","1","0","423","18","1","20093","GNRHR"
"TF","Factor: MYBL1; motif: NNAACCGTTAA","TF:M04044","1","0","533","18","2","20093","NOS1AP,GNRHR"
"TF","Factor: A-Myb:TBR2; motif: NNGTGNNNAACGG","TF:M08392","1","0","2111","18","1","20093","PKP2"
"TF","Factor: A-Myb:Elf-1; motif: NMCCGGAACCGTTA; match class: 1","TF:M08390_1","1","0","4873","18","5","20093","NOS1AP,SP3,TMEM245,PKP2,NFATC3"
"TF","Factor: A-Myb:Elf-1; motif: NMCCGGAACCGTTA","TF:M08390","1","0","11279","18","12","20093","PRDM16,HSPG2,NOS1AP,SP3,KAT2B,MON1A,PTP4A3,TMEM245,ADM,PKP2,NFATC3,MYO18B"
"TF","Factor: MXI1; motif: NNNCCACGTGSNN","TF:M09775","1","0","870","18","1","20093","PTP4A3"
"TF","Factor: MTF-1; motif: NTTTTGCACACGGCNNN; match class: 1","TF:M12280_1","1","0","1516","18","1","20093","PKP2"
"TF","Factor: MTF-1; motif: NTTTTGCACACGGCNNN","TF:M12280","1","0","7013","18","8","20093","PRDM16,SP3,MON1A,GNRHR,MYPN,LDB3,ADM,PKP2"
"TF","Factor: MTF-1; motif: NTTTTGCACACGGCNYN; match class: 1","TF:M12279_1","1","0","1447","18","2","20093","ADM,PKP2"
"TF","Factor: MTF-1; motif: NTTTTGCACACGGCNYN","TF:M12279","1","0","6832","18","8","20093","PRDM16,KAT2B,MYPN,LDB3,ADM,CRYAB,PKP2,MYO18B"
"TF","Factor: MTF-1; motif: TGCGCAC","TF:M01243","1","0","2863","18","1","20093","PRDM16"
"TF","Factor: MTF-1; motif: GTGTGCANMACTTTGCGCAC","TF:M01242","1","0","4030","18","2","20093","PRDM16,TMEM245"
"TF","Factor: Msx-2; motif: TAATTAN; match class: 1","TF:M07425_1","1","0","1431","18","1","20093","PKP2"
"TF","Factor: Msx-2; motif: TAATTAN","TF:M07425","1","0","4008","18","3","20093","KAT2B,MECOM,PKP2"
"TF","Factor: Msx-2; motif: TWWTTGGDGABN; match class: 1","TF:M03797_1","1","0","772","18","1","20093","GNRHR"
"TF","Factor: c-Myc:Max; motif: NANCACGTGNNW","TF:M00123","1","0","3462","18","4","20093","MECOM,PTP4A3,LDB3,NFATC3"
"TF","Factor: c-Myc:Max; motif: NNACCACGTGGTNN; match class: 1","TF:M00118_1","1","0","7212","18","6","20093","HSPG2,MON1A,PTP4A3,LDB3,PKP2,NFATC3"
"TF","Factor: c-Myc:Max; motif: NNACCACGTGGTNN","TF:M00118","1","0","7212","18","6","20093","HSPG2,MON1A,PTP4A3,LDB3,PKP2,NFATC3"
"TF","Factor: MYB; motif: NNAACTGN","TF:M08890","1","0","1342","18","1","20093","LDB3"
"TF","Factor: MYB; motif: NAACNGNCN; match class: 1","TF:M00913_1","1","0","842","18","1","20093","LDB3"
"TF","Factor: MYB; motif: NAACNGNCN","TF:M00913","1","0","5356","18","3","20093","GNRHR,TMEM245,LDB3"
"TF","Factor: c-Myb; motif: NNNNCMGTTNNN","TF:M07299","1","0","3883","18","2","20093","GNRHR,LDB3"
"TF","Factor: c-MYB; motif: NNNGNCAGTTN; match class: 1","TF:M00773_1","1","0","332","18","1","20093","LDB3"
"TF","Factor: c-MYB; motif: NNNGNCAGTTN","TF:M00773","1","0","3559","18","3","20093","PRDM16,GNRHR,LDB3"
"TF","Factor: c-Myb; motif: NNWGRCAGTTRN; match class: 1","TF:M09990_1","1","0","3958","18","3","20093","TMEM245,LDB3,ADM"
"TF","Factor: c-Myb; motif: NNWGRCAGTTRN","TF:M09990","1","0","10938","18","9","20093","NOS1AP,GNRHR,PTP4A3,TMEM245,LDB3,ADM,PKP2,NFATC3,MYO18B"
"TF","Factor: MYB; motif: NNCAACTGNN","TF:M09813","1","0","5639","18","4","20093","NOS1AP,GNRHR,TMEM245,LDB3"
"TF","Factor: BMYB; motif: NTTCAAAN","TF:M12586","1","0","2222","18","2","20093","GNRHR,TMEM245"
"TF","Factor: B-Myb; motif: NTAACSGTYRN; match class: 1","TF:M11725_1","1","0","168","18","1","20093","GNRHR"
"TF","Factor: B-Myb; motif: NTAACSGTYRN","TF:M11725","1","0","882","18","3","20093","NOS1AP,GNRHR,CRYAB"
"TF","Factor: B-Myb; motif: NTRACSGTYNN; match class: 1","TF:M11724_1","1","0","1180","18","3","20093","NOS1AP,GNRHR,CRYAB"
"TF","Factor: Myc; motif: CACGTGS","TF:M00799","1","0","5225","18","5","20093","HSPG2,MON1A,PTP4A3,LDB3,NFATC3"
"TF","Factor: c-Myc; motif: NCCACGTGCNN; match class: 1","TF:M09992_1","1","0","1707","18","3","20093","HSPG2,MON1A,PTP4A3"
"TF","Factor: c-Myc; motif: NCCACGTGCNN","TF:M09992","1","0","5841","18","6","20093","HSPG2,MON1A,MECOM,PTP4A3,LDB3,NFATC3"
"TF","Factor: MYC; motif: NNCCACGTGCNN; match class: 1","TF:M09812_1","1","0","5483","18","5","20093","HSPG2,MON1A,PTP4A3,LDB3,NFATC3"
"TF","Factor: MYC; motif: NNCCACGTGCNN","TF:M09812","1","0","5741","18","5","20093","HSPG2,MON1A,PTP4A3,LDB3,NFATC3"
"TF","Factor: c-Myc; motif: NSCACGTGGN; match class: 1","TF:M04743_1","1","0","3239","18","3","20093","HSPG2,MON1A,PTP4A3"
"TF","Factor: c-Myc; motif: NSCACGTGGN","TF:M04743","1","0","5056","18","5","20093","HSPG2,MON1A,PTP4A3,LDB3,NFATC3"
"TF","Factor: N-Myc; motif: NNCACGTGNN","TF:M11215","1","0","1280","18","1","20093","PTP4A3"
"TF","Factor: MYCN; motif: NNCCACGTGGNN; match class: 1","TF:M09814_1","1","0","2159","18","3","20093","HSPG2,MON1A,PTP4A3"
"TF","Factor: MYCN; motif: NNCCACGTGGNN","TF:M09814","1","0","2159","18","3","20093","HSPG2,MON1A,PTP4A3"
"TF","Factor: c-Myc:Max; motif: GCCAYGYGSN; match class: 1","TF:M00322_1","1","0","2905","18","3","20093","PRDM16,HSPG2,MON1A"
"TF","Factor: c-Myc:Max; motif: GCCAYGYGSN","TF:M00322","1","0","7984","18","10","20093","PRDM16,HSPG2,NOS1AP,KAT2B,CACNA2D2,MON1A,PTP4A3,ADM,CRYAB,PKP2"
"TF","Factor: MYC:MAX; motif: RASCACGTGGT; match class: 1","TF:M02174_1","1","0","3875","18","5","20093","HSPG2,MON1A,PTP4A3,LDB3,NFATC3"
"TF","Factor: MYC:MAX; motif: RASCACGTGGT","TF:M02174","1","0","5902","18","5","20093","HSPG2,MON1A,PTP4A3,LDB3,NFATC3"
"TF","Factor: c-Myc:Max; motif: NNNNNNNCACGTGNNNNNNN; match class: 1","TF:M00615_1","1","0","6941","18","5","20093","HSPG2,MON1A,PTP4A3,LDB3,NFATC3"
"TF","Factor: c-Myc:Max; motif: NNNNNNNCACGTGNNNNNNN","TF:M00615","1","0","6941","18","5","20093","HSPG2,MON1A,PTP4A3,LDB3,NFATC3"
"TF","Factor: myogenin; motif: CAGCTG; match class: 1","TF:M02101_1","1","0","13178","18","14","20093","HSPG2,KAT2B,CACNA2D2,MON1A,MECOM,PTP4A3,TMEM245,MYPN,LDB3,ADM,CRYAB,PKP2,NFATC3,MYO18B"
"TF","Factor: myogenin; motif: CAGCTG","TF:M02101","1","0","13178","18","14","20093","HSPG2,KAT2B,CACNA2D2,MON1A,MECOM,PTP4A3,TMEM245,MYPN,LDB3,ADM,CRYAB,PKP2,NFATC3,MYO18B"
"TF","Factor: myogenin; motif: RGCAGSTG; match class: 1","TF:M00712_1","1","0","1950","18","2","20093","PTP4A3,LDB3"
"TF","Factor: myogenin; motif: RGCAGSTG","TF:M00712","1","0","7136","18","7","20093","HSPG2,KAT2B,CACNA2D2,PTP4A3,LDB3,CRYAB,PKP2"
"TF","Factor: Myogenin; motif: NNNCAGCTGYYNN","TF:M09994","1","0","629","18","1","20093","CRYAB"
"TF","Factor: MyoD; motif: CASCTGNCN","TF:M02100","1","0","626","18","1","20093","LDB3"
"TF","Factor: MyoD; motif: CNGNRNCAGGTGNNGNAN","TF:M00929","1","0","2152","18","2","20093","CRYAB,PKP2"
"TF","Factor: MyoD; motif: SRACAGGTGKYG","TF:M00001","1","0","1393","18","1","20093","CRYAB"
"TF","Factor: MYOD1; motif: NNGCACCTGTCNN","TF:M12527","1","0","1311","18","1","20093","CRYAB"
"TF","Factor: MyoD; motif: NAACAGCTGTYN","TF:M11186","1","0","715","18","1","20093","TMEM245"
"TF","Factor: MyoD; motif: CGNCAGSTGTTN","TF:M11183","1","0","3369","18","3","20093","NOS1AP,KAT2B,CRYAB"
"TF","Factor: MyoD; motif: CGNCAGSTGTYN","TF:M11181","1","0","3514","18","2","20093","KAT2B,CRYAB"
"TF","Factor: MyoD; motif: NCAGCTGYYNCNNNC","TF:M09993","1","0","1171","18","1","20093","TMEM245"
"TF","Factor: Myf-6; motif: YGTCAGSTGTYN","TF:M11199","1","0","308","18","1","20093","CACNA2D2"
"TF","Factor: Myf-5; motif: WGRCAGCTGSWGB","TF:M03880","1","0","213","18","1","20093","LDB3"
"TF","Factor: Myc; motif: CACGTGS; match class: 1","TF:M00799_1","1","0","2869","18","3","20093","HSPG2,MON1A,PTP4A3"
"TF","Factor: nerf; motif: NNNCCGGAAGTGN","TF:M09901","1","0","5605","18","4","20093","KAT2B,MECOM,PTP4A3,PKP2"
"TF","Factor: Ncx; motif: NAATNAATTAATAANWW; match class: 1","TF:M01420_1","1","0","2274","18","2","20093","GNRHR,PKP2"
"TF","Factor: Ncx; motif: NAATNAATTAATAANWW","TF:M01420","1","0","5976","18","2","20093","GNRHR,PKP2"
"TF","Factor: nanog; motif: CCATTAAAWNGTK","TF:M07362","1","0","1758","18","2","20093","MON1A,MECOM"
"TF","Factor: Nanog; motif: NTNTAATGSN","TF:M07327","1","0","1973","18","3","20093","CACNA2D2,GNRHR,NFATC3"
"TF","Factor: nanog; motif: NYYWTTGWNATGCAAAT","TF:M09996","1","0","1509","18","1","20093","MYPN"
"TF","Factor: nanog; motif: NYWTTGWNATGCAAATN","TF:M09639","1","0","1973","18","1","20093","MYPN"
"TF","Factor: MZF-1; motif: TGGGGAR; match class: 1","TF:M01733_1","1","0","4993","18","9","20093","PRDM16,HSPG2,SP3,CACNA2D2,MON1A,PTP4A3,LDB3,CRYAB,MYO18B"
"TF","Factor: MZF-1; motif: TGGGGAR","TF:M01733","1","0","11553","18","12","20093","PRDM16,HSPG2,SP3,CACNA2D2,MON1A,GNRHR,PTP4A3,LDB3,ADM,CRYAB,PKP2,MYO18B"
"TF","Factor: MZF-1; motif: NRNRGGGAWTNRN","TF:M09995","1","0","1713","18","2","20093","MECOM,LDB3"
"TF","Factor: MZF-1; motif: KNGNKAGGGGNAA; match class: 1","TF:M00084_1","1","0","1725","18","5","20093","KAT2B,MECOM,PTP4A3,LDB3,CRYAB"
"TF","Factor: MZF-1; motif: KNGNKAGGGGNAA","TF:M00084","1","0","6645","18","10","20093","PRDM16,HSPG2,SP3,KAT2B,MON1A,MECOM,PTP4A3,LDB3,ADM,CRYAB"
"TF","Factor: MZF-1; motif: NGNGGGGA; match class: 1","TF:M00083_1","1","0","303","18","2","20093","NFATC3,MYO18B"
"TF","Factor: MZF-1; motif: NGNGGGGA","TF:M00083","1","0","2976","18","5","20093","CACNA2D2,MON1A,GNRHR,NFATC3,MYO18B"
"TF","Factor: myogenin; motif: CRSCTGTTBNNTTTGGCACGSNGCCARCH; match class: 1","TF:M00056_1","1","0","4466","18","7","20093","PRDM16,HSPG2,PTP4A3,LDB3,CRYAB,NFATC3,MYO18B"
"TF","Factor: myogenin; motif: CRSCTGTTBNNTTTGGCACGSNGCCARCH","TF:M00056","1","0","11153","18","10","20093","PRDM16,HSPG2,CACNA2D2,MECOM,PTP4A3,LDB3,CRYAB,PKP2,NFATC3,MYO18B"
"TF","Factor: Ngn-2; motif: RACATATGTC","TF:M04183","1","0","1103","18","1","20093","PKP2"
"TF","Factor: Ngn-1; motif: RACATATGTY; match class: 1","TF:M11129_1","1","0","38","18","1","20093","PKP2"
"TF","Factor: Ngn-1; motif: RACATATGTY","TF:M11129","1","0","38","18","1","20093","PKP2"
"TF","Factor: NeuroD; motif: AAWTANNNYRMCATATGKY","TF:M11136","1","0","1379","18","1","20093","NFATC3"
"TF","Factor: NeuroD; motif: RRCAGATGGY","TF:M09997","1","0","704","18","1","20093","PTP4A3"
"TF","Factor: NeuroD; motif: NNSCWGCTGNSY; match class: 1","TF:M01288_1","1","0","906","18","1","20093","PTP4A3"
"TF","Factor: NeuroD; motif: NNSCWGCTGNSY","TF:M01288","1","0","4933","18","6","20093","NOS1AP,SP3,KAT2B,PTP4A3,ADM,NFATC3"
"TF","Factor: NeuroD-2; motif: RMCATATGKY; match class: 1","TF:M01287_1","1","0","2187","18","3","20093","CACNA2D2,MYPN,PKP2"
"TF","Factor: NeuroD-2; motif: RMCATATGKY","TF:M01287","1","0","2683","18","3","20093","CACNA2D2,MYPN,PKP2"
"TF","Factor: NeuroD-2; motif: RMCATATGYY; match class: 1","TF:M11137_1","1","0","50","18","1","20093","PKP2"
"TF","Factor: NeuroD-2; motif: RMCATATGYY","TF:M11137","1","0","351","18","1","20093","PKP2"
"TF","Factor: NEUROD1; motif: NNACAGATGGNNN","TF:M09776","1","0","942","18","1","20093","PTP4A3"
"TF","Factor: NET; motif: CMGGAARTR","TF:M08824","1","0","1113","18","1","20093","MYPN"
"TF","Factor: Net; motif: CACTTCCKGK","TF:M03832","1","0","990","18","1","20093","MYPN"
"TF","Factor: nerf; motif: YRNCAGGAAGYRGSTBDS; match class: 1","TF:M00531_1","1","0","1991","18","3","20093","NOS1AP,PTP4A3,LDB3"
"TF","Factor: nerf; motif: YRNCAGGAAGYRGSTBDS","TF:M00531","1","0","7866","18","7","20093","NOS1AP,SP3,CACNA2D2,PTP4A3,MYPN,LDB3,CRYAB"
"TF","Factor: NF-1B; motif: CTGGCASGV; match class: 1","TF:M07051_1","1","0","541","18","1","20093","PTP4A3"
"TF","Factor: NF-1B; motif: CTGGCASGV","TF:M07051","1","0","4016","18","4","20093","PTP4A3,LDB3,ADM,MYO18B"
"TF","Factor: NF1B; motif: CYTGGCNYNCWGCCAN; match class: 1","TF:M09762_1","1","0","1492","18","1","20093","LDB3"
"TF","Factor: NF1B; motif: CYTGGCNYNCWGCCAN","TF:M09762","1","0","5735","18","5","20093","HSPG2,CACNA2D2,PTP4A3,LDB3,NFATC3"
"TF","Factor: NF-1A; motif: NGCCARN; match class: 1","TF:M03554_1","1","0","796","18","2","20093","HSPG2,ADM"
"TF","Factor: NF-1A; motif: NGCCARN","TF:M03554","1","0","5054","18","7","20093","HSPG2,NOS1AP,TMEM245,MYPN,LDB3,ADM,PKP2"
"TF","Factor: NEUROG2; motif: NNNNCAGATGGNN","TF:M12453","1","0","1146","18","1","20093","PTP4A3"
"TF","Factor: Ngn-2; motif: RACATATGTY; match class: 1","TF:M11134_1","1","0","1259","18","1","20093","PKP2"
"TF","Factor: Ngn-2; motif: RACATATGTY","TF:M11134","1","0","1602","18","2","20093","CACNA2D2,PKP2"
"TF","Factor: Ngn-2; motif: RMCATATGYY; match class: 1","TF:M11133_1","1","0","652","18","1","20093","PKP2"
"TF","Factor: Ngn-2; motif: RMCATATGYY","TF:M11133","1","0","1522","18","3","20093","CACNA2D2,GNRHR,PKP2"
"TF","Factor: Ngn-2; motif: RACATATGTY; match class: 1","TF:M11132_1","1","0","874","18","1","20093","PKP2"
"TF","Factor: Ngn-2; motif: RACATATGTY","TF:M11132","1","0","886","18","1","20093","PKP2"
"TF","Factor: Ngn-2; motif: RACATATGTY; match class: 1","TF:M11131_1","1","0","831","18","1","20093","PKP2"
"TF","Factor: Ngn-2; motif: RACATATGTY","TF:M11131","1","0","937","18","1","20093","PKP2"
"TF","Factor: Ngn-2; motif: RACATATGTC; match class: 1","TF:M04183_1","1","0","440","18","1","20093","PKP2"
"TF","Factor: NFATc2; motif: GGAAAA","TF:M01281","1","0","16627","18","16","20093","PRDM16,SP3,KAT2B,CACNA2D2,MON1A,MECOM,GNRHR,PTP4A3,TMEM245,MYPN,LDB3,ADM,CRYAB,PKP2,NFATC3,MYO18B"
"TF","Factor: NFATc2; motif: GGAAAA; match class: 1","TF:M03555_1","1","0","11387","18","11","20093","PRDM16,SP3,KAT2B,MECOM,GNRHR,TMEM245,ADM,CRYAB,PKP2,NFATC3,MYO18B"
"TF","Factor: NFATc2; motif: GGAAAA","TF:M03555","1","0","16627","18","16","20093","PRDM16,SP3,KAT2B,CACNA2D2,MON1A,MECOM,GNRHR,PTP4A3,TMEM245,MYPN,LDB3,ADM,CRYAB,PKP2,NFATC3,MYO18B"
"TF","Factor: NF90; motif: NCCNCWGCCYCCNC","TF:M09859","1","0","4797","18","8","20093","PRDM16,HSPG2,SP3,CACNA2D2,PTP4A3,TMEM245,CRYAB,PKP2"
"TF","Factor: NF-1; motif: TTGGCNN; match class: 1","TF:M07364_1","1","0","810","18","1","20093","HSPG2"
"TF","Factor: NF-1; motif: TTGGCNN","TF:M07364","1","0","5071","18","4","20093","HSPG2,NOS1AP,SP3,ADM"
"TF","Factor: NF-1; motif: NTGGNNNNNNGCCAANN","TF:M00806","1","0","4341","18","7","20093","PRDM16,CACNA2D2,MECOM,GNRHR,TMEM245,PKP2,NFATC3"
"TF","Factor: NF-1; motif: NNTTGGCNNNNNNCCNNN","TF:M00193","1","0","5077","18","6","20093","PRDM16,HSPG2,NOS1AP,CACNA2D2,PKP2,NFATC3"
"TF","Factor: NF-1C; motif: TTGGCNN","TF:M07300","1","0","6344","18","6","20093","HSPG2,MON1A,GNRHR,LDB3,ADM,NFATC3"
"TF","Factor: NF-1C; motif: NTTGGCNNNNTGCCARN","TF:M11728","1","0","2637","18","1","20093","CRYAB"
"TF","Factor: NF-1C; motif: NYTGGCNNYNNGCCARN; match class: 1","TF:M10002_1","1","0","1705","18","1","20093","LDB3"
"TF","Factor: NF-1C; motif: NYTGGCNNYNNGCCARN","TF:M10002","1","0","6787","18","5","20093","HSPG2,CACNA2D2,LDB3,CRYAB,NFATC3"
"TF","Factor: NF1C; motif: WGCCARR; match class: 1","TF:M09763_1","1","0","4351","18","6","20093","CACNA2D2,MON1A,LDB3,ADM,CRYAB,MYO18B"
"TF","Factor: NF1C; motif: WGCCARR","TF:M09763","1","0","11103","18","11","20093","HSPG2,KAT2B,CACNA2D2,MON1A,MECOM,GNRHR,LDB3,ADM,CRYAB,NFATC3,MYO18B"
"TF","Factor: NF-1C; motif: NYYTGGCWNNNNKCCMN","TF:M09640","1","0","2812","18","2","20093","CACNA2D2,PKP2"
"TF","Factor: NF-1B; motif: KCCAGANWN","TF:M08825","1","0","5902","18","4","20093","PTP4A3,LDB3,PKP2,MYO18B"
"TF","Factor: NFATc1; motif: NTTTCCRTNNAYGGAAAN","TF:M11979","1","0","9048","18","7","20093","SP3,CACNA2D2,GNRHR,PTP4A3,TMEM245,LDB3,MYO18B"
"TF","Factor: NFATc1; motif: NWGGAAARWNWGANN","TF:M10000","1","0","1582","18","1","20093","ADM"
"TF","Factor: NFATc1; motif: TTTTCCATGGAAAN; match class: 1","TF:M04053_1","1","0","6063","18","7","20093","KAT2B,CACNA2D2,MON1A,GNRHR,MYPN,NFATC3,MYO18B"
"TF","Factor: NFATc1; motif: TTTTCCATGGAAAN","TF:M04053","1","0","8777","18","8","20093","KAT2B,CACNA2D2,MON1A,GNRHR,MYPN,PKP2,NFATC3,MYO18B"
"TF","Factor: NFATc1; motif: TTTCCAYWRTGGAAA; match class: 1","TF:M04052_1","1","0","3972","18","6","20093","SP3,CACNA2D2,PTP4A3,TMEM245,MYPN,LDB3"
"TF","Factor: NFATc1; motif: TTTCCAYWRTGGAAA","TF:M04052","1","0","6768","18","10","20093","SP3,CACNA2D2,MON1A,PTP4A3,TMEM245,MYPN,LDB3,CRYAB,NFATC3,MYO18B"
"TF","Factor: NFATc1; motif: NATGGAAANWNANTTTYCMN; match class: 1","TF:M04051_1","1","0","1962","18","2","20093","ADM,NFATC3"
"TF","Factor: NFATc1; motif: NATGGAAANWNANTTTYCMN","TF:M04051","1","0","5823","18","3","20093","MYPN,ADM,NFATC3"
"TF","Factor: NFATc3; motif: GGAAAA; match class: 1","TF:M01886_1","1","0","11387","18","11","20093","PRDM16,SP3,KAT2B,MECOM,GNRHR,TMEM245,ADM,CRYAB,PKP2,NFATC3,MYO18B"
"TF","Factor: NFATc3; motif: GGAAAA","TF:M01886","1","0","16627","18","16","20093","PRDM16,SP3,KAT2B,CACNA2D2,MON1A,MECOM,GNRHR,PTP4A3,TMEM245,MYPN,LDB3,ADM,CRYAB,PKP2,NFATC3,MYO18B"
"TF","Factor: NFATc4; motif: NGGAAAAN","TF:M07301","1","0","4222","18","1","20093","GNRHR"
"TF","Factor: NFATc4; motif: WNNTTTTCCT; match class: 1","TF:M01734_1","1","0","54","18","1","20093","NFATC3"
"TF","Factor: NFATc4; motif: WNNTTTTCCT","TF:M01734","1","0","1152","18","2","20093","MECOM,NFATC3"
"TF","Factor: NFATc1; motif: TTTCCWN; match class: 1","TF:M01718_1","1","0","1071","18","1","20093","CRYAB"
"TF","Factor: NFATc1; motif: TTTCCWN","TF:M01718","1","0","6084","18","5","20093","PRDM16,KAT2B,PTP4A3,CRYAB,PKP2"
"TF","Factor: NFATc2; motif: GGAAAA; match class: 1","TF:M01281_1","1","0","11387","18","11","20093","PRDM16,SP3,KAT2B,MECOM,GNRHR,TMEM245,ADM,CRYAB,PKP2,NFATC3,MYO18B"
"TF","Factor: NFATc3; motif: NTTTCCRYGGAAAN; match class: 1","TF:M11988_1","1","0","6852","18","5","20093","CACNA2D2,GNRHR,MYPN,NFATC3,MYO18B"
"TF","Factor: NFATc3; motif: NTTTCCRYGGAAAN","TF:M11988","1","0","7392","18","5","20093","CACNA2D2,GNRHR,MYPN,NFATC3,MYO18B"
"TF","Factor: NFATc3; motif: NAYGGAAANW","TF:M11987","1","0","2482","18","2","20093","SP3,ADM"
"TF","Factor: NFATc2; motif: NTTTCCATNNATGGAAAN; match class: 1","TF:M11986_1","1","0","5919","18","6","20093","SP3,CACNA2D2,PTP4A3,TMEM245,LDB3,MYO18B"
"TF","Factor: NFATc2; motif: NTTTCCATNNATGGAAAN","TF:M11986","1","0","6190","18","7","20093","SP3,CACNA2D2,GNRHR,PTP4A3,TMEM245,LDB3,MYO18B"
"TF","Factor: NFATc2; motif: TTTTCCATGGAAAA; match class: 1","TF:M11985_1","1","0","4651","18","3","20093","CACNA2D2,NFATC3,MYO18B"
"TF","Factor: NFATc2; motif: TTTTCCATGGAAAA","TF:M11985","1","0","6006","18","5","20093","CACNA2D2,GNRHR,PKP2,NFATC3,MYO18B"
"TF","Factor: NFATc2; motif: NTTTCCRTNNAYGGAAAN; match class: 1","TF:M11984_1","1","0","11123","18","8","20093","SP3,CACNA2D2,GNRHR,PTP4A3,TMEM245,LDB3,ADM,MYO18B"
"TF","Factor: NFATc2; motif: NTTTCCRTNNAYGGAAAN","TF:M11984","1","0","11184","18","8","20093","SP3,CACNA2D2,GNRHR,PTP4A3,TMEM245,LDB3,ADM,MYO18B"
"TF","Factor: NFATc2; motif: NTTTCCGCGGAAAN; match class: 1","TF:M11983_1","1","0","7477","18","7","20093","PRDM16,KAT2B,CACNA2D2,GNRHR,MYPN,NFATC3,MYO18B"
"TF","Factor: NFATc2; motif: NTTTCCGCGGAAAN","TF:M11983","1","0","8240","18","7","20093","PRDM16,KAT2B,CACNA2D2,GNRHR,MYPN,NFATC3,MYO18B"
"TF","Factor: NFATc2; motif: TTTTCCA; match class: 1","TF:M02265_1","1","0","2117","18","1","20093","ADM"
"TF","Factor: NFATc2; motif: TTTTCCA","TF:M02265","1","0","8006","18","9","20093","PRDM16,SP3,KAT2B,TMEM245,LDB3,ADM,CRYAB,PKP2,MYO18B"
"TF","Factor: NFATc1; motif: NTTTCCRTNNAYGGAAAN; match class: 1","TF:M11981_1","1","0","5865","18","6","20093","SP3,CACNA2D2,PTP4A3,TMEM245,LDB3,MYO18B"
"TF","Factor: NFATc1; motif: NTTTCCRTNNAYGGAAAN","TF:M11981","1","0","6492","18","7","20093","SP3,CACNA2D2,GNRHR,PTP4A3,TMEM245,LDB3,MYO18B"
"TF","Factor: NFATc1; motif: NTTTCCRTNNAYGGAAAN; match class: 1","TF:M11979_1","1","0","8881","18","7","20093","SP3,CACNA2D2,GNRHR,PTP4A3,TMEM245,LDB3,MYO18B"
"TF","Factor: NF-kappaB; motif: GGGGATYCCC","TF:M00051","1","0","6473","18","4","20093","SP3,TMEM245,PKP2,MYO18B"
"TF","Factor: NFIC; motif: NNCTTGGCANN","TF:M09815","1","0","28","18","1","20093","ADM"
"TF","Factor: NF-E4; motif: GTGAGGS; match class: 1","TF:M08826_1","1","0","4771","18","5","20093","HSPG2,NOS1AP,KAT2B,CRYAB,PKP2"
"TF","Factor: NF-E4; motif: GTGAGGS","TF:M08826","1","0","11523","18","10","20093","HSPG2,NOS1AP,KAT2B,CACNA2D2,MON1A,LDB3,ADM,CRYAB,PKP2,NFATC3"
"TF","Factor: NF-E4; motif: CHCCCTCKCCWG","TF:M02105","1","0","2697","18","4","20093","PRDM16,NOS1AP,SP3,CRYAB"
"TF","Factor: NF-E2; motif: CATGACTCAGCANNCN","TF:M02104","1","0","1209","18","1","20093","MON1A"
"TF","Factor: NF-E2; motif: TGCTGAGTCAY","TF:M00037","1","0","6855","18","4","20093","MON1A,PKP2,NFATC3,MYO18B"
"TF","Factor: NFE2L2; motif: RTGACWCAGCA","TF:M02263","1","0","3166","18","3","20093","MYPN,ADM,PKP2"
"TF","Factor: Nfe2l1; motif: TGYNNAGTCATT; match class: 1","TF:M07390_1","1","0","1653","18","1","20093","MYPN"
"TF","Factor: Nfe2l1; motif: TGYNNAGTCATT","TF:M07390","1","0","7052","18","5","20093","NOS1AP,KAT2B,MYPN,LDB3,MYO18B"
"TF","Factor: NFE2L1; motif: NNNATGACTCAGCANW; match class: 1","TF:M12499_1","1","0","3671","18","2","20093","MYPN,PKP2"
"TF","Factor: NFE2L1; motif: NNNATGACTCAGCANW","TF:M12499","1","0","10252","18","3","20093","KAT2B,MYPN,PKP2"
"TF","Factor: NFAT; motif: NANWGGAAAANN; match class: 1","TF:M00302_1","1","0","23","18","1","20093","KAT2B"
"TF","Factor: NFAT; motif: NANWGGAAAANN","TF:M00302","1","0","815","18","2","20093","KAT2B,TMEM245"
"TF","Factor: NFATc3; motif: RYGGAAANNNNNNNTTTCCRY; match class: 1","TF:M11989_1","1","0","163","18","1","20093","PKP2"
"TF","Factor: NFATc3; motif: RYGGAAANNNNNNNTTTCCRY","TF:M11989","1","0","1266","18","1","20093","PKP2"
"TF","Factor: NFYB; motif: CYCATTGGCCNN; match class: 1","TF:M12529_1","1","0","110","18","1","20093","NFATC3"
"TF","Factor: NFYB; motif: CYCATTGGCCNN","TF:M12529","1","0","1566","18","2","20093","NFATC3,MYO18B"
"TF","Factor: NF-YB; motif: NNNYNRRCCAATCAG","TF:M07115","1","0","545","18","1","20093","NFATC3"
"TF","Factor: NFYA; motif: NNRGCCAATSRGMRSSNNSN","TF:M12642","1","0","2791","18","1","20093","NFATC3"
"TF","Factor: NF-YA; motif: NYRRCCAATCAGAR","TF:M10005","1","0","2303","18","1","20093","NFATC3"
"TF","Factor: NFYA; motif: RRCCAATCAGN","TF:M09816","1","0","1993","18","1","20093","NFATC3"
"TF","Factor: NFYA; motif: AGNSYKCTGATTGGTNNR","TF:M07222","1","0","639","18","1","20093","NFATC3"
"TF","Factor: NF-kappaB; motif: NGGGANTTYCCMNNNN","TF:M00774","1","0","1876","18","1","20093","MYO18B"
"TF","Factor: NF-kappaB2; motif: NGGGGAANYACCN","TF:M11997","1","0","360","18","2","20093","ADM,MYO18B"
"TF","Factor: NF-kappaB2; motif: GGGRAANYCCC","TF:M10004","1","0","1092","18","2","20093","PTP4A3,MYO18B"
"TF","Factor: NF-kappaB1; motif: AGGGAAAK","TF:M10003","1","0","2020","18","2","20093","LDB3,PKP2"
"TF","Factor: NF-KAPPAB1; motif: NGGKRNTTYCCCN; match class: 1","TF:M08952_1","1","0","3503","18","1","20093","MYO18B"
"TF","Factor: NF-KAPPAB1; motif: NGGKRNTTYCCCN","TF:M08952","1","0","7942","18","8","20093","HSPG2,SP3,MON1A,PTP4A3,TMEM245,LDB3,ADM,MYO18B"
"TF","Factor: NF-kappaB; motif: AGGGGAWTCCCCT; match class: 1","TF:M04054_1","1","0","1317","18","1","20093","TMEM245"
"TF","Factor: NF-kappaB; motif: AGGGGAWTCCCCT","TF:M04054","1","0","2946","18","2","20093","CACNA2D2,TMEM245"
"TF","Factor: NF-kappaB; motif: GGGGATYCCC; match class: 1","TF:M00051_1","1","0","2806","18","2","20093","SP3,PKP2"
"TF","Factor: TFF-1; motif: NNANCCACTTGAMNTT; match class: 1","TF:M01312_1","1","0","960","18","2","20093","MYPN,MYO18B"
"TF","Factor: TFF-1; motif: NNANCCACTTGAMNTT","TF:M01312","1","0","5754","18","5","20093","MON1A,GNRHR,MYPN,ADM,MYO18B"
"TF","Factor: NHLH1; motif: CGCAGCTGCK; match class: 1","TF:M04184_1","1","0","380","18","1","20093","NFATC3"
"TF","Factor: NHLH1; motif: CGCAGCTGCK","TF:M04184","1","0","925","18","2","20093","HSPG2,NFATC3"
"TF","Factor: Ngn-2; motif: GNNNNNCAGMTGGNNN","TF:M07609","1","0","1599","18","1","20093","PTP4A3"
"TF","Factor: NGFI-C; motif: WTGCGTGGGYGG; match class: 1","TF:M00244_1","1","0","1781","18","5","20093","HSPG2,KAT2B,CRYAB,PKP2,NFATC3"
"TF","Factor: NGFI-C; motif: WTGCGTGGGYGG","TF:M00244","1","0","6245","18","8","20093","HSPG2,NOS1AP,KAT2B,CACNA2D2,MECOM,CRYAB,PKP2,NFATC3"
"TF","Factor: NF-Y; motif: RGCCAATCRGN; match class: 1","TF:M07302_1","1","0","194","18","1","20093","NFATC3"
"TF","Factor: NF-Y; motif: RGCCAATCRGN","TF:M07302","1","0","1621","18","1","20093","NFATC3"
"TF","Factor: NF-Y; motif: NCTGATTGGYTASY","TF:M00209","1","0","3873","18","2","20093","TMEM245,NFATC3"
"TF","Factor: NF-Y; motif: NNNRRCCAATSRGNNN","TF:M00287","1","0","1670","18","1","20093","NFATC3"
"TF","Factor: NF-YC; motif: NRGCCAATYAGMGC","TF:M02107","1","0","1029","18","1","20093","NFATC3"
"TF","Factor: NFYC; motif: NNCCAATCANN","TF:M12455","1","0","1340","18","1","20093","NFATC3"
"TF","Factor: NF-YC; motif: NNRRCCAATCAGNR; match class: 1","TF:M10006_1","1","0","416","18","1","20093","NFATC3"
"TF","Factor: NF-YC; motif: NNRRCCAATCAGNR","TF:M10006","1","0","2578","18","1","20093","NFATC3"
"TF","Factor: NFYB; motif: RGCCAATSRGNRNNNNSNG","TF:M12643","1","0","1995","18","1","20093","NFATC3"
"TF","Factor: Nkx2-5; motif: TYAAGTG","TF:M00240","1","0","5051","18","3","20093","MON1A,ADM,CRYAB"
"TF","Factor: NKX2-4; motif: CCACTTSANN","TF:M12919","1","0","2412","18","2","20093","MON1A,ADM"
"TF","Factor: Nkx2-3; motif: NSCACTTRNC","TF:M10639","1","0","912","18","2","20093","MYPN,ADM"
"TF","Factor: Nkx2-3; motif: NNCGTTRWS; match class: 1","TF:M10638_1","1","0","4153","18","4","20093","MYPN,PKP2,NFATC3,MYO18B"
"TF","Factor: Nkx2-3; motif: NNCGTTRWS","TF:M10638","1","0","11015","18","11","20093","NOS1AP,SP3,MON1A,GNRHR,PTP4A3,TMEM245,MYPN,LDB3,PKP2,NFATC3,MYO18B"
"TF","Factor: Nkx2-3; motif: NSCACTTNNC","TF:M10637","1","0","1940","18","1","20093","MYPN"
"TF","Factor: Nkx2-3; motif: NSCACTTNNN","TF:M10636","1","0","3225","18","2","20093","MYPN,ADM"
"TF","Factor: Nkx2-3; motif: GNCGTTRAG; match class: 1","TF:M10635_1","1","0","729","18","1","20093","NFATC3"
"TF","Factor: Nkx2-3; motif: GNCGTTRAG","TF:M10635","1","0","4689","18","6","20093","MON1A,PTP4A3,TMEM245,PKP2,NFATC3,MYO18B"
"TF","Factor: Nkx2-3; motif: NSCACTTNNC","TF:M10634","1","0","2697","18","1","20093","MYPN"
"TF","Factor: NKX2-3; motif: NCCACTTRAN","TF:M04411","1","0","812","18","1","20093","ADM"
"TF","Factor: NKX2-2; motif: NNNCCACTCAANNN; match class: 1","TF:M12456_1","1","0","3108","18","2","20093","PTP4A3,LDB3"
"TF","Factor: NKX2-2; motif: NNNCCACTCAANNN","TF:M12456","1","0","9842","18","10","20093","PRDM16,HSPG2,KAT2B,MECOM,PTP4A3,MYPN,LDB3,ADM,CRYAB,PKP2"
"TF","Factor: NKX2B; motif: NNNRCCACTTGARANNN; match class: 1","TF:M01372_1","1","0","338","18","1","20093","MYPN"
"TF","Factor: NKX2B; motif: NNNRCCACTTGARANNN","TF:M01372","1","0","3511","18","4","20093","MON1A,MYPN,ADM,CRYAB"
"TF","Factor: Nkx2-2; motif: TTAAGTRSTT","TF:M00485","1","0","2728","18","1","20093","ADM"
"TF","Factor: Nkx2-8; motif: STCGTTGAN","TF:M10632","1","0","5031","18","4","20093","NOS1AP,PTP4A3,TMEM245,NFATC3"
"TF","Factor: NKX2-8; motif: NCACTTSAN","TF:M04412","1","0","3234","18","3","20093","MON1A,ADM,CRYAB"
"TF","Factor: CSX; motif: NNCACTTGNRN; match class: 1","TF:M02108_1","1","0","1611","18","2","20093","MON1A,MYO18B"
"TF","Factor: CSX; motif: NNCACTTGNRN","TF:M02108","1","0","7239","18","7","20093","PRDM16,NOS1AP,MON1A,ADM,CRYAB,PKP2,MYO18B"
"TF","Factor: CSX; motif: TSYCACTTSM; match class: 1","TF:M01043_1","1","0","1236","18","1","20093","MON1A"
"TF","Factor: CSX; motif: TSYCACTTSM","TF:M01043","1","0","6450","18","8","20093","SP3,CACNA2D2,MON1A,MECOM,TMEM245,MYPN,ADM,CRYAB"
"TF","Factor: NKX2-5; motif: NNCACTCAANN","TF:M12495","1","0","2396","18","2","20093","PRDM16,MYPN"
"TF","Factor: CSX; motif: NCCACTTRAN; match class: 1","TF:M10642_1","1","0","728","18","1","20093","MYPN"
"TF","Factor: CSX; motif: NCCACTTRAN","TF:M10642","1","0","5083","18","4","20093","MON1A,MYPN,ADM,MYO18B"
"TF","Factor: CSX; motif: NCCACTTRAN; match class: 1","TF:M10640_1","1","0","1281","18","2","20093","MYPN,MYO18B"
"TF","Factor: CSX; motif: NCCACTTRAN","TF:M10640","1","0","6673","18","5","20093","MON1A,MYPN,ADM,CRYAB,MYO18B"
"TF","Factor: CSX; motif: NKRAGWGS; match class: 1","TF:M10008_1","1","0","3958","18","6","20093","PRDM16,HSPG2,NOS1AP,SP3,PTP4A3,PKP2"
"TF","Factor: CSX; motif: NKRAGWGS","TF:M10008","1","0","10291","18","11","20093","PRDM16,HSPG2,NOS1AP,SP3,MON1A,PTP4A3,TMEM245,LDB3,ADM,PKP2,MYO18B"
"TF","Factor: NKX25; motif: NNANCCACTTRAAWTT; match class: 1","TF:M01414_1","1","0","3401","18","4","20093","MON1A,TMEM245,MYPN,MYO18B"
"TF","Factor: NKX25; motif: NNANCCACTTRAAWTT","TF:M01414","1","0","10183","18","9","20093","SP3,MON1A,GNRHR,TMEM245,MYPN,ADM,CRYAB,PKP2,MYO18B"
"TF","Factor: Nkx2-5; motif: TYAAGTG; match class: 1","TF:M00240_1","1","0","920","18","1","20093","MON1A"
"TF","Factor: Nkx3-2; motif: NNCACTTANN","TF:M10624","1","0","1790","18","2","20093","GNRHR,MYPN"
"TF","Factor: NKX3-2; motif: NCCACTTAA","TF:M04414","1","0","1167","18","2","20093","GNRHR,MYPN"
"TF","Factor: Nkx3-2; motif: NNNAACCACTTAANNAN; match class: 1","TF:M01482_1","1","0","474","18","1","20093","MYPN"
"TF","Factor: Nkx3-2; motif: NNNAACCACTTAANNAN","TF:M01482","1","0","3843","18","4","20093","GNRHR,TMEM245,MYPN,ADM"
"TF","Factor: Nkx3-2; motif: TRAGTG; match class: 1","TF:M01181_1","1","0","3399","18","2","20093","GNRHR,MYPN"
"TF","Factor: Nkx3-2; motif: TRAGTG","TF:M01181","1","0","9759","18","9","20093","PRDM16,HSPG2,SP3,CACNA2D2,GNRHR,TMEM245,MYPN,ADM,MYO18B"
"TF","Factor: NKX3A; motif: NCCACTTANN","TF:M10629","1","0","2100","18","3","20093","CACNA2D2,GNRHR,MYPN"
"TF","Factor: NKX3A; motif: NTCGTTAN; match class: 1","TF:M10628_1","1","0","759","18","1","20093","TMEM245"
"TF","Factor: NKX3A; motif: NTCGTTAN","TF:M10628","1","0","4735","18","2","20093","TMEM245,MYO18B"
"TF","Factor: NKX3A; motif: NCCACTTANN; match class: 1","TF:M10627_1","1","0","209","18","1","20093","MYPN"
"TF","Factor: NKX3A; motif: NCCACTTANN","TF:M10627","1","0","2663","18","4","20093","CACNA2D2,GNRHR,TMEM245,MYPN"
"TF","Factor: NKX3-1; motif: NCCACTTAA; match class: 1","TF:M04413_1","1","0","57","18","1","20093","MYPN"
"TF","Factor: NKX3-1; motif: NCCACTTAA","TF:M04413","1","0","1393","18","2","20093","GNRHR,MYPN"
"TF","Factor: NKX2B; motif: CACTTNA; match class: 1","TF:M02109_1","1","0","3818","18","1","20093","MON1A"
"TF","Factor: NKX2B; motif: CACTTNA","TF:M02109","1","0","10525","18","11","20093","HSPG2,SP3,CACNA2D2,MON1A,MECOM,GNRHR,MYPN,ADM,CRYAB,PKP2,MYO18B"
"TF","Factor: Nkx2-8; motif: NSCACTTGAN","TF:M10633","1","0","1757","18","1","20093","ADM"
"TF","Factor: NKX6B; motif: NYAATTAN","TF:M10656","1","0","1005","18","1","20093","MECOM"
"TF","Factor: NKX6B; motif: NYAATTAN","TF:M10655","1","0","1005","18","1","20093","MECOM"
"TF","Factor: Nkx6A; motif: TTAATTAC","TF:M07399","1","0","1005","18","1","20093","MECOM"
"TF","Factor: NKX6-1; motif: NTMATTAA","TF:M04415","1","0","2028","18","1","20093","MECOM"
"TF","Factor: NKX6A; motif: NNNAATTAATTAMYNNG","TF:M01489","1","0","1055","18","1","20093","PKP2"
"TF","Factor: NKX6A; motif: NNTWATTAATTANNYC; match class: 1","TF:M01469_1","1","0","170","18","1","20093","PKP2"
"TF","Factor: NKX6A; motif: NNTWATTAATTANNYC","TF:M01469","1","0","736","18","1","20093","PKP2"
"TF","Factor: Nkx6-1; motif: TWTTTAATTGGTT","TF:M00424","1","0","592","18","2","20093","MON1A,GNRHR"
"TF","Factor: NKX3A; motif: NCACTTANTYN","TF:M03833","1","0","945","18","2","20093","MYPN,ADM"
"TF","Factor: NKX3A; motif: NTNAAGTGNTTN","TF:M10009","1","0","3755","18","2","20093","TMEM245,MYO18B"
"TF","Factor: Nkx3A; motif: NNNNAAGTACTTAAANN; match class: 1","TF:M01383_1","1","0","1266","18","2","20093","ADM,PKP2"
"TF","Factor: Nkx3A; motif: NNNNAAGTACTTAAANN","TF:M01383","1","0","2843","18","4","20093","GNRHR,TMEM245,ADM,PKP2"
"TF","Factor: Nkx3-2; motif: NCCACTTANN","TF:M10626","1","0","737","18","1","20093","MYPN"
"TF","Factor: Nkx3-2; motif: NTCGTTAN; match class: 1","TF:M10625_1","1","0","1375","18","1","20093","TMEM245"
"TF","Factor: Nkx3-2; motif: NTCGTTAN","TF:M10625","1","0","6265","18","5","20093","MON1A,TMEM245,MYPN,PKP2,NFATC3"
"TF","Factor: Nkx3-2; motif: NNCACTTANN; match class: 1","TF:M10624_1","1","0","93","18","1","20093","MYPN"
"TF","Factor: NR1B1:RXR-ALPHA; motif: RRGGTCANNNNNRGGTCA","TF:M08964","1","0","7179","18","6","20093","CACNA2D2,MON1A,GNRHR,LDB3,ADM,CRYAB"
"TF","Factor: MOP4; motif: RMCAYGYGYN; match class: 1","TF:M11044_1","1","0","62","18","1","20093","MYPN"
"TF","Factor: MOP4; motif: RMCAYGYGYN","TF:M11044","1","0","879","18","1","20093","MYPN"
"TF","Factor: NOTO; motif: NYMATTAN; match class: 1","TF:M10667_1","1","0","2497","18","1","20093","NOS1AP"
"TF","Factor: NOTO; motif: NYMATTAN","TF:M10667","1","0","5483","18","5","20093","NOS1AP,KAT2B,MON1A,GNRHR,NFATC3"
"TF","Factor: N-Myc; motif: GSSCACGYGS","TF:M03834","1","0","1425","18","3","20093","CACNA2D2,PTP4A3,PKP2"
"TF","Factor: N-Myc; motif: NGCCACGTGSNN","TF:M09991","1","0","1927","18","1","20093","MON1A"
"TF","Factor: NMYC; motif: CAYCTG; match class: 1","TF:M01808_1","1","0","6295","18","4","20093","GNRHR,PTP4A3,MYPN,CRYAB"
"TF","Factor: NMYC; motif: CAYCTG","TF:M01808","1","0","13260","18","9","20093","NOS1AP,CACNA2D2,MECOM,GNRHR,PTP4A3,TMEM245,MYPN,CRYAB,PKP2"
"TF","Factor: N-Myc; motif: NNCCACGTGNNN; match class: 1","TF:M00055_1","1","0","1535","18","2","20093","HSPG2,MON1A"
"TF","Factor: N-Myc; motif: NNCCACGTGNNN","TF:M00055","1","0","4362","18","3","20093","HSPG2,MON1A,PTP4A3"
"TF","Factor: NKX6-3; motif: SYCATTAWN","TF:M10660","1","0","757","18","1","20093","MYPN"
"TF","Factor: NKX6-3; motif: SYCATTAWN","TF:M10659","1","0","1785","18","3","20093","NOS1AP,MYPN,PKP2"
"TF","Factor: Nkx6-2; motif: NWADTAAWTANN","TF:M00489","1","0","1672","18","1","20093","PKP2"
"TF","Factor: NKX6B; motif: NTMATTAA","TF:M10658","1","0","1980","18","3","20093","NOS1AP,MYPN,PKP2"
"TF","Factor: NKX6B; motif: NTMATTAW","TF:M10657","1","0","2835","18","3","20093","NOS1AP,MYPN,PKP2"
"TF","Factor: COUP-TF1; motif: GRGGTCAN","TF:M04474","1","0","975","18","1","20093","MECOM"
"TF","Factor: COUP-TF1; motif: RRGGTCAARAGGTCAN","TF:M04473","1","0","1173","18","1","20093","MON1A"
"TF","Factor: COUP-TF1; motif: RRGGTCAAAGGTCAN","TF:M04472","1","0","1780","18","1","20093","PTP4A3"
"TF","Factor: TLX; motif: NNAAGTCAN","TF:M11736","1","0","1883","18","1","20093","GNRHR"
"TF","Factor: TR4; motif: ACCCCGS; match class: 1","TF:M04934_1","1","0","15713","18","14","20093","PRDM16,SP3,KAT2B,CACNA2D2,MON1A,MECOM,PTP4A3,TMEM245,LDB3,ADM,CRYAB,PKP2,NFATC3,MYO18B"
"TF","Factor: TR4; motif: ACCCCGS","TF:M04934","1","0","18452","18","18","20093","PRDM16,HSPG2,NOS1AP,SP3,KAT2B,CACNA2D2,MON1A,MECOM,GNRHR,PTP4A3,TMEM245,MYPN,LDB3,ADM,CRYAB,PKP2,NFATC3,MYO18B"
"TF","Factor: PXR; motif: NYGAACTSNNTGAACTC","TF:M11733","1","0","3094","18","3","20093","ADM,CRYAB,NFATC3"
"TF","Factor: PXR; motif: NYGAACYNNNYGMMCTN","TF:M11732","1","0","2914","18","2","20093","ADM,NFATC3"
"TF","Factor: PXR; motif: AGTTCANNSAGTTC; match class: 1","TF:M08779_1","1","0","475","18","1","20093","CRYAB"
"TF","Factor: PXR; motif: AGTTCANNSAGTTC","TF:M08779","1","0","4044","18","4","20093","LDB3,ADM,CRYAB,NFATC3"
"TF","Factor: NR1H4; motif: NNAATGACCNN","TF:M09777","1","0","4131","18","1","20093","PKP2"
"TF","Factor: NR1B2; motif: NTGACCY; match class: 1","TF:M02111_1","1","0","3422","18","2","20093","CACNA2D2,LDB3"
"TF","Factor: NR1B2; motif: NTGACCY","TF:M02111","1","0","9854","18","6","20093","KAT2B,CACNA2D2,MON1A,PTP4A3,LDB3,CRYAB"
"TF","Factor: NR1B1; motif: RAGGTCA; match class: 1","TF:M08963_1","1","0","923","18","2","20093","GNRHR,LDB3"
"TF","Factor: NR1B1; motif: RAGGTCA","TF:M08963","1","0","5504","18","4","20093","GNRHR,MYPN,LDB3,ADM"
"TF","Factor: NR1B1:RXR-GAMMA; motif: RRGGTCANNNNNRGGTCA","TF:M08965","1","0","4082","18","3","20093","CACNA2D2,GNRHR,LDB3"
"TF","Factor: NR3C1; motif: NRGWACAYNRTGTWCYN","TF:M04476","1","0","7604","18","8","20093","NOS1AP,KAT2B,MON1A,MYPN,LDB3,CRYAB,PKP2,NFATC3"
"TF","Factor: NR3C1; motif: RRGAACATWMYGTYCTRN; match class: 1","TF:M02219_1","1","0","1531","18","1","20093","NFATC3"
"TF","Factor: NR3C1; motif: RRGAACATWMYGTYCTRN","TF:M02219","1","0","6893","18","9","20093","KAT2B,CACNA2D2,MON1A,PTP4A3,TMEM245,MYPN,ADM,PKP2,NFATC3"
"TF","Factor: COUP-TF1; motif: RAGGTCANTGACCTY; match class: 1","TF:M11745_1","1","0","2818","18","1","20093","MON1A"
"TF","Factor: COUP-TF1; motif: RAGGTCANTGACCTY","TF:M11745","1","0","6609","18","5","20093","CACNA2D2,MON1A,PTP4A3,NFATC3,MYO18B"
"TF","Factor: COUP-TF1; motif: RRGGTCAAAGGTCAN","TF:M11744","1","0","1207","18","1","20093","PTP4A3"
"TF","Factor: COUP-TF1; motif: RAGGTCANYGACCTY; match class: 1","TF:M11743_1","1","0","5029","18","4","20093","CACNA2D2,MON1A,PTP4A3,NFATC3"
"TF","Factor: COUP-TF1; motif: RAGGTCANYGACCTY","TF:M11743","1","0","5416","18","4","20093","CACNA2D2,MON1A,PTP4A3,NFATC3"
"TF","Factor: COUP-TF1; motif: NRGGTCAAAGGTCAN","TF:M11742","1","0","1982","18","1","20093","PTP4A3"
"TF","Factor: COUP-TF1; motif: RRGGTCRNTGACCYY; match class: 1","TF:M11741_1","1","0","1252","18","1","20093","MON1A"
"TF","Factor: COUP-TF1; motif: RRGGTCRNTGACCYY","TF:M11741","1","0","3966","18","5","20093","CACNA2D2,MON1A,PTP4A3,NFATC3,MYO18B"
"TF","Factor: COUP-TF1; motif: RRGGTCRNTGACCTN; match class: 1","TF:M11739_1","1","0","1133","18","1","20093","MON1A"
"TF","Factor: COUP-TF1; motif: RRGGTCRNTGACCTN","TF:M11739","1","0","3088","18","3","20093","CACNA2D2,MON1A,PTP4A3"
"TF","Factor: COUP-TF1; motif: NRGGTCAAAGGTCRN","TF:M11738","1","0","2455","18","1","20093","PTP4A3"
"TF","Factor: COUP-TF1; motif: GRGGKSARAGGTCAGNG","TF:M09886","1","0","5787","18","1","20093","PTP4A3"
"TF","Factor: COUP-TF1; motif: NARAGGTCANNNG","TF:M08016","1","0","1408","18","2","20093","GNRHR,LDB3"
"TF","Factor: NURR1; motif: NAAAGGTCAN","TF:M11772","1","0","3131","18","1","20093","GNRHR"
"TF","Factor: NURR1; motif: AAGGTCAC; match class: 1","TF:M02273_1","1","0","657","18","1","20093","LDB3"
"TF","Factor: NURR1; motif: AAGGTCAC","TF:M02273","1","0","4383","18","4","20093","GNRHR,PTP4A3,MYPN,LDB3"
"TF","Factor: NURR1:RXR-ALPHA; motif: NRGGTCRTTGACCYN; match class: 1","TF:M08957_1","1","0","5234","18","6","20093","NOS1AP,KAT2B,MON1A,PTP4A3,TMEM245,ADM"
"TF","Factor: NURR1:RXR-ALPHA; motif: NRGGTCRTTGACCYN","TF:M08957","1","0","11345","18","10","20093","NOS1AP,SP3,KAT2B,CACNA2D2,MON1A,PTP4A3,TMEM245,LDB3,ADM,MYO18B"
"TF","Factor: MR; motif: NGNACRNNNYGTNCN; match class: 1","TF:M11849_1","1","0","4316","18","4","20093","KAT2B,MON1A,LDB3,PKP2"
"TF","Factor: MR; motif: NGNACRNNNYGTNCN","TF:M11849","1","0","4375","18","4","20093","KAT2B,MON1A,LDB3,PKP2"
"TF","Factor: GR; motif: RGWACATWATGTWCY; match class: 1","TF:M11847_1","1","0","4257","18","5","20093","NOS1AP,MYPN,LDB3,PKP2,NFATC3"
"TF","Factor: GR; motif: RGWACATWATGTWCY","TF:M11847","1","0","5716","18","7","20093","NOS1AP,MON1A,MYPN,LDB3,CRYAB,PKP2,NFATC3"
"TF","Factor: GR; motif: RGWACATWAYGTWCY; match class: 1","TF:M11846_1","1","0","4133","18","4","20093","KAT2B,MON1A,LDB3,PKP2"
"TF","Factor: GR; motif: RGWACATWAYGTWCY","TF:M11846","1","0","6282","18","5","20093","KAT2B,MON1A,LDB3,PKP2,NFATC3"
"TF","Factor: GR; motif: RGNACANKNTGTNCY; match class: 1","TF:M09625_1","1","0","4362","18","4","20093","MON1A,LDB3,PKP2,NFATC3"
"TF","Factor: GR; motif: RGNACANKNTGTNCY","TF:M09625","1","0","9529","18","8","20093","NOS1AP,KAT2B,MON1A,MYPN,LDB3,CRYAB,PKP2,NFATC3"
"TF","Factor: GR; motif: RGRACATTNTGTYC; match class: 1","TF:M04750_1","1","0","1778","18","1","20093","PKP2"
"TF","Factor: GR; motif: RGRACATTNTGTYC","TF:M04750","1","0","5470","18","6","20093","NOS1AP,KAT2B,MON1A,MYPN,LDB3,PKP2"
"TF","Factor: NR3C1; motif: NRGWACAYNRTGTWCYN; match class: 1","TF:M04476_1","1","0","5563","18","6","20093","MON1A,MYPN,LDB3,CRYAB,PKP2,NFATC3"
"TF","Factor: Oct-1; motif: NNGAATATKCANNNN; match class: 1","TF:M00136_1","1","0","1411","18","1","20093","MYPN"
"TF","Factor: Oct-1; motif: NNGAATATKCANNNN","TF:M00136","1","0","4457","18","3","20093","MYPN,CRYAB,PKP2"
"TF","Factor: Oct-1; motif: NNNNWTATGCAAATNTNNN","TF:M00135","1","0","2276","18","2","20093","NOS1AP,ADM"
"TF","Factor: OC-2; motif: TCAATA; match class: 1","TF:M02112_1","1","0","2548","18","2","20093","GNRHR,MYPN"
"TF","Factor: OC-2; motif: TCAATA","TF:M02112","1","0","7854","18","3","20093","MECOM,GNRHR,MYPN"
"TF","Factor: NURR1; motif: YRRCCTT","TF:M01269","1","0","6097","18","2","20093","NOS1AP,MYO18B"
"TF","Factor: NUR77; motif: NTGACCTTBN","TF:M01217","1","0","1419","18","1","20093","LDB3"
"TF","Factor: Nur77; motif: NAAAGGTCAN","TF:M11770","1","0","1580","18","1","20093","GNRHR"
"TF","Factor: NRSE; motif: TTYAGCWCCDCGGASAGYRCC","TF:M00325","1","0","1599","18","2","20093","CRYAB,PKP2"
"TF","Factor: NRL; motif: NNNNTGCTGAC","TF:M04224","1","0","4771","18","2","20093","PTP4A3,CRYAB"
"TF","Factor: Nrf2; motif: NNTGACTCAGCAN; match class: 1","TF:M07265_1","1","0","834","18","1","20093","MYPN"
"TF","Factor: Nrf2; motif: NNTGACTCAGCAN","TF:M07265","1","0","5031","18","3","20093","KAT2B,MYPN,ADM"
"TF","Factor: Nrf-2; motif: NTGCTGAGTCAKN; match class: 1","TF:M00821_1","1","0","756","18","1","20093","MYPN"
"TF","Factor: Nrf-2; motif: NTGCTGAGTCAKN","TF:M00821","1","0","4922","18","3","20093","CACNA2D2,MYPN,PKP2"
"TF","Factor: NRF-1; motif: SYGCGCMTGCGCRNNGSN; match class: 1","TF:M09641_1","1","0","974","18","1","20093","MON1A"
"TF","Factor: NRF-1; motif: SYGCGCMTGCGCRNNGSN","TF:M09641","1","0","3232","18","1","20093","MON1A"
"TF","Factor: oct-2; motif: NNWNATGCAAATNN","TF:M03836","1","0","3919","18","2","20093","NOS1AP,MYPN"
"TF","Factor: Oct-2; motif: NYATGCAAATN; match class: 1","TF:M10034_1","1","0","1482","18","1","20093","MYPN"
"TF","Factor: Oct-2; motif: NYATGCAAATN","TF:M10034","1","0","6312","18","3","20093","NOS1AP,MYPN,NFATC3"
"TF","Factor: Oct-2; motif: NNNTATGCAAATNNNN","TF:M01368","1","0","2521","18","2","20093","NOS1AP,ADM"
"TF","Factor: Oct-1; motif: NNNNATGCAAATNAN; match class: 1","TF:M00195_1","1","0","564","18","1","20093","MYPN"
"TF","Factor: Oct-1; motif: NNNNATGCAAATNAN","TF:M00195","1","0","3813","18","3","20093","NOS1AP,MYPN,ADM"
"TF","Factor: Oct-1; motif: TNATTTGCATW","TF:M00930","1","0","2046","18","2","20093","NOS1AP,MYPN"
"TF","Factor: Oct-1; motif: TATGCAAATN","TF:M00342","1","0","3087","18","1","20093","NOS1AP"
"TF","Factor: Oct-1; motif: TNTATGBTAATT","TF:M00248","1","0","1913","18","1","20093","MYO18B"
"TF","Factor: Oct-1; motif: CWNAWTKWSATRYN; match class: 1","TF:M00162_1","1","0","567","18","1","20093","GNRHR"
"TF","Factor: Oct-1; motif: CWNAWTKWSATRYN","TF:M00162","1","0","3783","18","2","20093","GNRHR,MYPN"
"TF","Factor: Oct-1; motif: MKVATTTGCATATT; match class: 1","TF:M00161_1","1","0","417","18","1","20093","ADM"
"TF","Factor: Oct-1; motif: MKVATTTGCATATT","TF:M00161","1","0","3145","18","3","20093","NOS1AP,MYPN,ADM"
"TF","Factor: Oct-1; motif: NNNNNNNWATGCAAATNNNWNNA","TF:M00138","1","0","2648","18","2","20093","NOS1AP,ADM"
"TF","Factor: Oct-1; motif: NNNRTAATNANNN; match class: 1","TF:M00137_1","1","0","2292","18","2","20093","GNRHR,MYPN"
"TF","Factor: Oct-1; motif: NNNRTAATNANNN","TF:M00137","1","0","7125","18","5","20093","PRDM16,MECOM,GNRHR,MYPN,PKP2"
"TF","Factor: OLIG2; motif: AACAKMTGKT; match class: 1","TF:M11118_1","1","0","208","18","1","20093","PKP2"
"TF","Factor: OLIG2; motif: AACAKMTGKT","TF:M11118","1","0","208","18","1","20093","PKP2"
"TF","Factor: OLIG2; motif: CCAKCTGYTYNYNNNNNN; match class: 1","TF:M10019_1","1","0","611","18","1","20093","LDB3"
"TF","Factor: OLIG2; motif: CCAKCTGYTYNYNNNNNN","TF:M10019","1","0","4098","18","7","20093","CACNA2D2,GNRHR,PTP4A3,MYPN,LDB3,CRYAB,MYO18B"
"TF","Factor: OLIG2; motif: AMCATATGKT; match class: 1","TF:M04186_1","1","0","88","18","1","20093","PKP2"
"TF","Factor: OLIG2; motif: AMCATATGKT","TF:M04186","1","0","88","18","1","20093","PKP2"
"TF","Factor: OLIG1; motif: AMCATATGKT; match class: 1","TF:M04185_1","1","0","38","18","1","20093","PKP2"
"TF","Factor: OLIG1; motif: AMCATATGKT","TF:M04185","1","0","38","18","1","20093","PKP2"
"TF","Factor: Olf-1; motif: NNCDABTCCCYAGRGARBNKGN","TF:M00261","1","0","3594","18","1","20093","LDB3"
"TF","Factor: Octamer; motif: TNATTTGCATN","TF:M00795","1","0","4800","18","3","20093","NOS1AP,MYPN,ADM"
"TF","Factor: OCT-x; motif: CTNATTTGCATAY","TF:M00210","1","0","4333","18","3","20093","NOS1AP,MYPN,ADM"
"TF","Factor: BRN1; motif: NANNTATGCATAATNNA; match class: 1","TF:M01324_1","1","0","1764","18","3","20093","GNRHR,PKP2,NFATC3"
"TF","Factor: BRN1; motif: NANNTATGCATAATNNA","TF:M01324","1","0","5168","18","7","20093","NOS1AP,GNRHR,MYPN,LDB3,PKP2,NFATC3,MYO18B"
"TF","Factor: Oct-4; motif: ATTGWSWTGCWAAWN","TF:M01124","1","0","6234","18","3","20093","MON1A,GNRHR,TMEM245"
"TF","Factor: Oct-4; motif: YWTTSTNATGCAAAT","TF:M01125","1","0","2142","18","1","20093","MYPN"
"TF","Factor: Oct3; motif: TKWNATGCAWATN","TF:M03837","1","0","1155","18","1","20093","NOS1AP"
"TF","Factor: Osx; motif: CCNCCCCCNNN; match class: 1","TF:M07329_1","1","0","2516","18","5","20093","HSPG2,SP3,KAT2B,PKP2,NFATC3"
"TF","Factor: Osx; motif: CCNCCCCCNNN","TF:M07329","1","0","6927","18","11","20093","HSPG2,NOS1AP,SP3,KAT2B,CACNA2D2,MON1A,PTP4A3,TMEM245,CRYAB,PKP2,NFATC3"
"TF","Factor: OSR2; motif: NGCTACYGNN","TF:M12052","1","0","1669","18","2","20093","MECOM,LDB3"
"TF","Factor: OSR2; motif: NGCTACTGNN; match class: 1","TF:M12051_1","1","0","186","18","1","20093","MECOM"
"TF","Factor: OSR2; motif: NGCTACTGNN","TF:M12051","1","0","2566","18","4","20093","NOS1AP,SP3,MECOM,LDB3"
"TF","Factor: OSR2; motif: NNNNCWGCTNCTGNNG; match class: 1","TF:M10020_1","1","0","673","18","2","20093","SP3,TMEM245"
"TF","Factor: OSR2; motif: NNNNCWGCTNCTGNNG","TF:M10020","1","0","2604","18","4","20093","SP3,CACNA2D2,MECOM,TMEM245"
"TF","Factor: Osf2; motif: ACCACANM","TF:M00731","1","0","1324","18","1","20093","MYPN"
"TF","Factor: OC-2; motif: NNATCGATYN; match class: 1","TF:M11498_1","1","0","422","18","1","20093","KAT2B"
"TF","Factor: OC-2; motif: NNATCGATYN","TF:M11498","1","0","1150","18","1","20093","KAT2B"
"TF","Factor: Olig3; motif: ANCAKMTGTT","TF:M11124","1","0","1126","18","1","20093","LDB3"
"TF","Factor: Olig3; motif: AMCAKMTGTT; match class: 1","TF:M11122_1","1","0","58","18","1","20093","PKP2"
"TF","Factor: Olig3; motif: AMCAKMTGTT","TF:M11122","1","0","715","18","1","20093","PKP2"
"TF","Factor: OLIG3; motif: AMCATATGNY; match class: 1","TF:M04187_1","1","0","90","18","1","20093","PKP2"
"TF","Factor: OLIG3; motif: AMCATATGNY","TF:M04187","1","0","249","18","1","20093","PKP2"
"TF","Factor: OLIG2; motif: AACAGMTGTK","TF:M11120","1","0","289","18","1","20093","LDB3"
"TF","Factor: P53; motif: RGRCATGYCYRGRCATGYYY; match class: 1","TF:M01651_1","1","0","1832","18","1","20093","CRYAB"
"TF","Factor: P53; motif: RGRCATGYCYRGRCATGYYY","TF:M01651","1","0","2222","18","1","20093","CRYAB"
"TF","Factor: p53; motif: NGRCWTGYCY; match class: 1","TF:M00272_1","1","0","1186","18","1","20093","KAT2B"
"TF","Factor: p53; motif: NGRCWTGYCY","TF:M00272","1","0","4170","18","2","20093","KAT2B,PKP2"
"TF","Factor: p53; motif: GGACATGCCCGGGCATGTCY; match class: 1","TF:M00034_1","1","0","2754","18","1","20093","ADM"
"TF","Factor: p53; motif: GGACATGCCCGGGCATGTCY","TF:M00034","1","0","4667","18","4","20093","HSPG2,NOS1AP,SP3,ADM"
"TF","Factor: p53; motif: RGRCAWGNCY","TF:M00761","1","0","3020","18","2","20093","MON1A,PKP2"
"TF","Factor: P50; motif: GGRRANTCCCNN","TF:M03557","1","0","5062","18","2","20093","NOS1AP,MECOM"
"TF","Factor: P50:RELA-P65; motif: GGANTTYCCCWN","TF:M01224","1","0","2406","18","1","20093","PTP4A3"
"TF","Factor: p300; motif: CTGNCTYMAN; match class: 1","TF:M07266_1","1","0","2293","18","2","20093","CACNA2D2,ADM"
"TF","Factor: p300; motif: CTGNCTYMAN","TF:M07266","1","0","8392","18","6","20093","SP3,CACNA2D2,MON1A,TMEM245,ADM,CRYAB"
"TF","Factor: p300; motif: NNNGGGAGTNNNNS; match class: 1","TF:M00033_1","1","0","2628","18","2","20093","KAT2B,PTP4A3"
"TF","Factor: p300; motif: NNNGGGAGTNNNNS","TF:M00033","1","0","8685","18","8","20093","SP3,KAT2B,MON1A,PTP4A3,LDB3,CRYAB,PKP2,MYO18B"
"TF","Factor: OVOL; motif: ANRTAACGG; match class: 1","TF:M08894_1","1","0","2395","18","3","20093","GNRHR,TMEM245,NFATC3"
"TF","Factor: OVOL; motif: ANRTAACGG","TF:M08894","1","0","8338","18","7","20093","NOS1AP,MON1A,MECOM,GNRHR,TMEM245,NFATC3,MYO18B"
"TF","Factor: OTX2; motif: NNTAATCCGATTANN","TF:M04420","1","0","27","18","1","20093","ADM"
"TF","Factor: p63; motif: NNRCAWGYCTGGRCWTGYN","TF:M09643","1","0","4043","18","3","20093","HSPG2,NOS1AP,PTP4A3"
"TF","Factor: p63; motif: RRACATGTCNRGACATGTYY; match class: 1","TF:M01656_1","1","0","2685","18","3","20093","CACNA2D2,MON1A,CRYAB"
"TF","Factor: p63; motif: RRACATGTCNRGACATGTYY","TF:M01656","1","0","3889","18","4","20093","CACNA2D2,MON1A,PTP4A3,CRYAB"
"TF","Factor: p54NRB; motif: GRNNNMGGATGRMNNCGGA; match class: 1","TF:M07611_1","1","0","1637","18","1","20093","SP3"
"TF","Factor: p54NRB; motif: GRNNNMGGATGRMNNCGGA","TF:M07611","1","0","7047","18","4","20093","SP3,LDB3,NFATC3,MYO18B"
"TF","Factor: P53; motif: NNNNNACAWGCCYNNN; match class: 1","TF:M07054_1","1","0","328","18","2","20093","HSPG2,LDB3"
"TF","Factor: P53; motif: NNNNNACAWGCCYNNN","TF:M07054","1","0","3166","18","4","20093","HSPG2,NOS1AP,MON1A,LDB3"
"TF","Factor: P53; motif: NNACAWGCCYN; match class: 1","TF:M07053_1","1","0","592","18","2","20093","MON1A,LDB3"
"TF","Factor: P53; motif: NNACAWGCCYN","TF:M07053","1","0","4166","18","5","20093","HSPG2,NOS1AP,MON1A,TMEM245,LDB3"
"TF","Factor: P53; motif: NNNGRCATGCCCAGRCATGYCY; match class: 1","TF:M12647_1","1","0","1534","18","2","20093","NOS1AP,CRYAB"
"TF","Factor: P53; motif: NNNGRCATGCCCAGRCATGYCY","TF:M12647","1","0","5696","18","5","20093","NOS1AP,LDB3,ADM,CRYAB,PKP2"
"TF","Factor: p53; motif: NGRCATGYCCAGRCATGYCY","TF:M10023","1","0","2820","18","1","20093","CRYAB"
"TF","Factor: p53; motif: GGACATGYYCGGACATGYYC; match class: 1","TF:M01655_1","1","0","984","18","1","20093","CRYAB"
"TF","Factor: p53; motif: GGACATGYYCGGACATGYYC","TF:M01655","1","0","3535","18","2","20093","CRYAB,MYO18B"
"TF","Factor: p53; motif: RGRCWWGYCYNGRCWWGYYY; match class: 1","TF:M01652_1","1","0","5290","18","5","20093","PRDM16,HSPG2,NOS1AP,SP3,MON1A"
"TF","Factor: p53; motif: RGRCWWGYCYNGRCWWGYYY","TF:M01652","1","0","8181","18","5","20093","PRDM16,HSPG2,NOS1AP,SP3,MON1A"
"TF","Factor: pax-2; motif: NCGTCACGCNYSRNYGCNYN; match class: 1","TF:M11877_1","1","0","5336","18","7","20093","NOS1AP,KAT2B,CACNA2D2,MON1A,PTP4A3,LDB3,PKP2"
"TF","Factor: pax-2; motif: NCGTCACGCNYSRNYGCNYN","TF:M11877","1","0","11716","18","9","20093","NOS1AP,KAT2B,CACNA2D2,MON1A,PTP4A3,TMEM245,LDB3,ADM,PKP2"
"TF","Factor: pax-2; motif: NSGTCACGCWTSANYGMNYN","TF:M11876","1","0","6379","18","4","20093","NOS1AP,LDB3,ADM,PKP2"
"TF","Factor: Pax-2; motif: NNNNGTCANGNRTKANNNN; match class: 1","TF:M00098_1","1","0","2180","18","2","20093","GNRHR,CRYAB"
"TF","Factor: Pax-2; motif: NNNNGTCANGNRTKANNNN","TF:M00098","1","0","8048","18","8","20093","CACNA2D2,MECOM,GNRHR,PTP4A3,ADM,CRYAB,PKP2,MYO18B"
"TF","Factor: PATZ1; motif: SCNCCNCNSCCCCCASCCN; match class: 1","TF:M12648_1","1","0","1263","18","5","20093","PRDM16,HSPG2,MECOM,TMEM245,NFATC3"
"TF","Factor: PATZ; motif: GGGGNGGGGGMKGGRRNGGNRN","TF:M10026","1","0","8545","18","14","20093","PRDM16,HSPG2,NOS1AP,SP3,KAT2B,CACNA2D2,MON1A,MECOM,PTP4A3,TMEM245,ADM,CRYAB,PKP2,NFATC3"
"TF","Factor: PARP; motif: TTTCYN; match class: 1","TF:M02027_1","1","0","12517","18","11","20093","NOS1AP,KAT2B,MECOM,GNRHR,TMEM245,MYPN,LDB3,ADM,CRYAB,PKP2,NFATC3"
"TF","Factor: PARP; motif: TTTCYN","TF:M02027","1","0","16796","18","14","20093","PRDM16,NOS1AP,SP3,KAT2B,MECOM,GNRHR,TMEM245,MYPN,LDB3,ADM,CRYAB,PKP2,NFATC3,MYO18B"
"TF","Factor: PARP; motif: YDRGAAAWAS","TF:M01211","1","0","2720","18","1","20093","NFATC3"
"TF","Factor: P73; motif: GNNNRRRCNTGCMNNTSASN","TF:M03558","1","0","4738","18","8","20093","HSPG2,NOS1AP,SP3,KAT2B,MON1A,PTP4A3,LDB3,ADM"
"TF","Factor: p73; motif: NNRCAWGYCCARRCWTGYC","TF:M10025","1","0","6427","18","5","20093","NOS1AP,MON1A,PTP4A3,CRYAB,MYO18B"
"TF","Factor: p73; motif: NGRCATGYYTGNRCWTGYYN","TF:M09644","1","0","3648","18","2","20093","MON1A,PTP4A3"
"TF","Factor: p63; motif: NRCAWGYCCAGRCWTGYNN","TF:M10024","1","0","2818","18","2","20093","PTP4A3,ADM"
"TF","Factor: Pax-5; motif: RRMSWGANWYCTNRAGCGKRACSRYNSM; match class: 1","TF:M00144_1","1","0","7188","18","7","20093","PRDM16,NOS1AP,SP3,KAT2B,TMEM245,PKP2,NFATC3"
"TF","Factor: Pax-5; motif: RRMSWGANWYCTNRAGCGKRACSRYNSM","TF:M00144","1","0","13356","18","13","20093","PRDM16,HSPG2,NOS1AP,SP3,KAT2B,MON1A,GNRHR,PTP4A3,TMEM245,LDB3,ADM,PKP2,NFATC3"
"TF","Factor: Pax-5; motif: BCNNNRNGCANBGNTGNRTAGCSGCHNB; match class: 1","TF:M00143_1","1","0","5080","18","7","20093","PRDM16,HSPG2,SP3,CACNA2D2,TMEM245,LDB3,NFATC3"
"TF","Factor: Pax-5; motif: BCNNNRNGCANBGNTGNRTAGCSGCHNB","TF:M00143","1","0","11514","18","12","20093","PRDM16,HSPG2,NOS1AP,SP3,KAT2B,CACNA2D2,GNRHR,TMEM245,LDB3,PKP2,NFATC3,MYO18B"
"TF","Factor: Pax-4; motif: DTTTTCCACCN; match class: 1","TF:M04624_1","1","0","9643","18","5","20093","KAT2B,MECOM,MYPN,CRYAB,PKP2"
"TF","Factor: Pax-4; motif: DTTTTCCACCN","TF:M04624","1","0","16065","18","13","20093","PRDM16,HSPG2,NOS1AP,KAT2B,CACNA2D2,MON1A,MECOM,PTP4A3,TMEM245,MYPN,ADM,CRYAB,PKP2"
"TF","Factor: Pax-4; motif: SWAATWAN","TF:M04063","1","0","5042","18","5","20093","SP3,MON1A,TMEM245,MYPN,MYO18B"
"TF","Factor: Pax-4; motif: WNNNYTAATTARYNSNN","TF:M01385","1","0","3646","18","2","20093","NOS1AP,KAT2B"
"TF","Factor: Pax-4; motif: NNNNNYCACCCB; match class: 1","TF:M00378_1","1","0","15026","18","14","20093","PRDM16,HSPG2,SP3,KAT2B,CACNA2D2,MON1A,MECOM,PTP4A3,MYPN,ADM,CRYAB,PKP2,NFATC3,MYO18B"
"TF","Factor: Pax-4; motif: NNNNNYCACCCB","TF:M00378","1","0","18207","18","15","20093","PRDM16,HSPG2,SP3,KAT2B,CACNA2D2,MON1A,MECOM,PTP4A3,MYPN,LDB3,ADM,CRYAB,PKP2,NFATC3,MYO18B"
"TF","Factor: Pax-3; motif: NNNNNNCGTCACGSTYNNNNN; match class: 1","TF:M00327_1","1","0","7021","18","4","20093","HSPG2,NOS1AP,GNRHR,ADM"
"TF","Factor: Pax-3; motif: NNNNNNCGTCACGSTYNNNNN","TF:M00327","1","0","13596","18","11","20093","PRDM16,HSPG2,NOS1AP,KAT2B,MON1A,GNRHR,TMEM245,LDB3,ADM,NFATC3,MYO18B"
"TF","Factor: Pax-3; motif: TCGTCACRCTTHM; match class: 1","TF:M00360_1","1","0","5512","18","3","20093","PRDM16,TMEM245,CRYAB"
"TF","Factor: Pax-3; motif: TCGTCACRCTTHM","TF:M00360","1","0","12487","18","11","20093","PRDM16,NOS1AP,KAT2B,PTP4A3,TMEM245,MYPN,LDB3,ADM,CRYAB,PKP2,MYO18B"
"TF","Factor: Pax-2; motif: CAYSCCTSAGT","TF:M03839","1","0","5120","18","4","20093","MECOM,PTP4A3,TMEM245,PKP2"
"TF","Factor: PAX2; motif: NCANTSRAGCGTGACGR","TF:M12969","1","0","6285","18","3","20093","NOS1AP,MON1A,LDB3"
"TF","Factor: Pax-6; motif: TTTCACGCWTGANTGMNYN; match class: 1","TF:M04065_1","1","0","3679","18","4","20093","HSPG2,LDB3,ADM,PKP2"
"TF","Factor: Pax-6; motif: TTTCACGCWTGANTGMNYN","TF:M04065","1","0","10428","18","11","20093","PRDM16,HSPG2,KAT2B,CACNA2D2,PTP4A3,TMEM245,LDB3,ADM,CRYAB,PKP2,NFATC3"
"TF","Factor: Pax-6; motif: NNNNTTCACGCWTGANTKNNN; match class: 1","TF:M00097_1","1","0","5050","18","5","20093","GNRHR,MYPN,ADM,NFATC3,MYO18B"
"TF","Factor: Pax-6; motif: NNNNTTCACGCWTGANTKNNN","TF:M00097","1","0","11504","18","10","20093","NOS1AP,MON1A,GNRHR,TMEM245,MYPN,ADM,CRYAB,PKP2,NFATC3,MYO18B"
"TF","Factor: Pax-5; motif: RRNGRNGCAN; match class: 1","TF:M03577_1","1","0","2600","18","1","20093","GNRHR"
"TF","Factor: Pax-5; motif: RRNGRNGCAN","TF:M03577","1","0","9027","18","8","20093","HSPG2,NOS1AP,CACNA2D2,MECOM,GNRHR,MYPN,LDB3,MYO18B"
"TF","Factor: Pax-5; motif: SCNNGGGCARCNRAGCGWGAC","TF:M10027","1","0","3447","18","1","20093","MON1A"
"TF","Factor: PAX5; motif: RNGCGTGACCNN; match class: 1","TF:M09817_1","1","0","6297","18","8","20093","HSPG2,NOS1AP,KAT2B,CACNA2D2,LDB3,ADM,PKP2,NFATC3"
"TF","Factor: PAX5; motif: RNGCGTGACCNN","TF:M09817","1","0","12762","18","12","20093","HSPG2,NOS1AP,KAT2B,CACNA2D2,MON1A,TMEM245,MYPN,LDB3,ADM,CRYAB,PKP2,NFATC3"
"TF","Factor: Pax-5; motif: NNNNRNKCAGCNRAGCGTGAC","TF:M09645","1","0","2630","18","2","20093","NOS1AP,MON1A"
"TF","Factor: Pax-5; motif: NNRNKCAGYSRAGCRTGAC","TF:M07223","1","0","5653","18","5","20093","NOS1AP,MON1A,TMEM245,LDB3,PKP2"
"TF","Factor: Pasx-5; motif: GTCACGSTT; match class: 1","TF:M04765_1","1","0","4244","18","4","20093","HSPG2,NOS1AP,CACNA2D2,PKP2"
"TF","Factor: Pasx-5; motif: GTCACGSTT","TF:M04765","1","0","11223","18","10","20093","HSPG2,NOS1AP,CACNA2D2,MON1A,TMEM245,MYPN,LDB3,CRYAB,PKP2,MYO18B"
"TF","Factor: Pax-5; motif: GTYAYGCTTSRCTGVNYN","TF:M04754","1","0","5288","18","4","20093","NOS1AP,CACNA2D2,MON1A,PKP2"
"TF","Factor: Pax-5; motif: NGTCACGCWTSANTGMNY; match class: 1","TF:M04064_1","1","0","3613","18","2","20093","MON1A,LDB3"
"TF","Factor: Pax-5; motif: NGTCACGCWTSANTGMNY","TF:M04064","1","0","10314","18","8","20093","NOS1AP,CACNA2D2,MON1A,PTP4A3,TMEM245,LDB3,ADM,PKP2"
"TF","Factor: Pbx-1b; motif: NNCATCAATCAANNW","TF:M00124","1","0","2211","18","4","20093","SP3,GNRHR,MYPN,PKP2"
"TF","Factor: Pbx-1; motif: ATCAATCAW; match class: 1","TF:M00096_1","1","0","426","18","1","20093","MYPN"
"TF","Factor: Pbx-1; motif: ATCAATCAW","TF:M00096","1","0","2763","18","4","20093","PRDM16,MECOM,GNRHR,MYPN"
"TF","Factor: Pax-9; motif: NCGTCACGCWTSRNYGN","TF:M11875","1","0","777","18","1","20093","NOS1AP"
"TF","Factor: Pax-8; motif: NCNNTNNTGCRTGANNNN","TF:M00328","1","0","9549","18","5","20093","HSPG2,PTP4A3,TMEM245,MYPN,ADM"
"TF","Factor: Pax-7; motif: NTAATTGATTNN","TF:M11854","1","0","226","18","1","20093","MYPN"
"TF","Factor: Pax-6; motif: CTGACCTGGAACTM; match class: 1","TF:M00979_1","1","0","3154","18","2","20093","GNRHR,MYO18B"
"TF","Factor: Pax-6; motif: CTGACCTGGAACTM","TF:M00979","1","0","9928","18","9","20093","SP3,MON1A,GNRHR,MYPN,LDB3,ADM,PKP2,NFATC3,MYO18B"
"TF","Factor: pax-6; motif: NYACGCNTSRNYGCNYN; match class: 1","TF:M11883_1","1","0","7787","18","6","20093","HSPG2,NOS1AP,CACNA2D2,LDB3,ADM,PKP2"
"TF","Factor: pax-6; motif: NYACGCNTSRNYGCNYN","TF:M11883","1","0","13647","18","12","20093","PRDM16,HSPG2,NOS1AP,KAT2B,CACNA2D2,MON1A,TMEM245,LDB3,ADM,CRYAB,PKP2,MYO18B"
"TF","Factor: pax-6; motif: NYACGCNYSANYGMNCN; match class: 1","TF:M11882_1","1","0","11535","18","11","20093","PRDM16,HSPG2,NOS1AP,KAT2B,CACNA2D2,TMEM245,LDB3,ADM,PKP2,NFATC3,MYO18B"
"TF","Factor: pax-6; motif: NYACGCNYSANYGMNCN","TF:M11882","1","0","15741","18","14","20093","PRDM16,HSPG2,NOS1AP,SP3,KAT2B,CACNA2D2,MON1A,MECOM,TMEM245,LDB3,ADM,PKP2,NFATC3,MYO18B"
"TF","Factor: pax-6; motif: NYACGCNTSANYGCNYN; match class: 1","TF:M11881_1","1","0","7210","18","6","20093","HSPG2,NOS1AP,MON1A,LDB3,ADM,PKP2"
"TF","Factor: pax-6; motif: NYACGCNTSANYGCNYN","TF:M11881","1","0","13371","18","13","20093","PRDM16,HSPG2,NOS1AP,SP3,KAT2B,CACNA2D2,MON1A,TMEM245,LDB3,ADM,CRYAB,PKP2,MYO18B"
"TF","Factor: pax-6; motif: NYACGCWTSANYGMNCN; match class: 1","TF:M11880_1","1","0","7074","18","5","20093","HSPG2,NOS1AP,LDB3,ADM,PKP2"
"TF","Factor: pax-6; motif: NYACGCWTSANYGMNCN","TF:M11880","1","0","13276","18","10","20093","HSPG2,NOS1AP,SP3,KAT2B,MON1A,TMEM245,LDB3,ADM,PKP2,NFATC3"
"TF","Factor: PBX3; motif: TGANTGRCRGS","TF:M10030","1","0","2270","18","2","20093","SP3,CACNA2D2"
"TF","Factor: PBX2; motif: TGANTGACAGN","TF:M09736","1","0","5088","18","3","20093","CACNA2D2,MECOM,ADM"
"TF","Factor: Pbx1; motif: ATCAATCAN","TF:M02028","1","0","2217","18","2","20093","SP3,MYPN"
"TF","Factor: Pbx1; motif: KTGATKGAYN","TF:M11041","1","0","2157","18","2","20093","SP3,MYPN"
"TF","Factor: Pbx1; motif: KTGATTGAYG","TF:M11040","1","0","766","18","1","20093","SP3"
"TF","Factor: Pbx1; motif: NTGATTGAYR","TF:M11039","1","0","2897","18","3","20093","SP3,KAT2B,MYPN"
"TF","Factor: Pbx1; motif: NTGATKGACG; match class: 1","TF:M11038_1","1","0","655","18","1","20093","SP3"
"TF","Factor: Pbx1; motif: NTGATKGACG","TF:M11038","1","0","4646","18","4","20093","HSPG2,SP3,GNRHR,MYPN"
"TF","Factor: PBX1; motif: NCATCAATCAAW","TF:M02183","1","0","442","18","1","20093","MYPN"
"TF","Factor: Pbx; motif: NKTGATTGACRKSN; match class: 1","TF:M01967_1","1","0","925","18","2","20093","SP3,GNRHR"
"TF","Factor: Pbx; motif: NKTGATTGACRKSN","TF:M01967","1","0","5203","18","3","20093","SP3,GNRHR,MYPN"
"TF","Factor: Pbx1; motif: NYAYMCATCAAWNWNNN; match class: 1","TF:M01357_1","1","0","379","18","1","20093","GNRHR"
"TF","Factor: Pbx1; motif: NYAYMCATCAAWNWNNN","TF:M01357","1","0","3215","18","1","20093","GNRHR"
"TF","Factor: Pbx-1; motif: NNATCAATCANN; match class: 1","TF:M01017_1","1","0","687","18","3","20093","MECOM,GNRHR,MYPN"
"TF","Factor: Pbx-1; motif: NNATCAATCANN","TF:M01017","1","0","4240","18","5","20093","HSPG2,SP3,MECOM,GNRHR,MYPN"
"TF","Factor: Pbx-1b; motif: NNCATCAATCAANNW; match class: 1","TF:M00124_1","1","0","268","18","1","20093","MYPN"
"TF","Factor: PEA3; motif: NACCGGAAGTN; match class: 1","TF:M11427_1","1","0","4704","18","4","20093","KAT2B,MECOM,PTP4A3,PKP2"
"TF","Factor: PEA3; motif: NACCGGAAGTN","TF:M11427","1","0","10922","18","10","20093","NOS1AP,SP3,KAT2B,CACNA2D2,MECOM,PTP4A3,MYPN,PKP2,NFATC3,MYO18B"
"TF","Factor: PEA3; motif: NACCGGAAGTN; match class: 1","TF:M11425_1","1","0","2416","18","1","20093","PKP2"
"TF","Factor: PEA3; motif: NACCGGAAGTN","TF:M11425","1","0","7735","18","5","20093","MECOM,PTP4A3,MYPN,PKP2,NFATC3"
"TF","Factor: PEA3; motif: NNCAGGAARNN; match class: 1","TF:M09915_1","1","0","5891","18","5","20093","NOS1AP,SP3,PTP4A3,TMEM245,LDB3"
"TF","Factor: PEA3; motif: NNCAGGAARNN","TF:M09915","1","0","12897","18","13","20093","NOS1AP,SP3,KAT2B,CACNA2D2,MON1A,PTP4A3,TMEM245,MYPN,LDB3,CRYAB,PKP2,NFATC3,MYO18B"
"TF","Factor: PEA3; motif: RCCGGAAGYN; match class: 1","TF:M02066_1","1","0","2328","18","2","20093","MECOM,PTP4A3"
"TF","Factor: PEA3; motif: RCCGGAAGYN","TF:M02066","1","0","7333","18","4","20093","NOS1AP,MECOM,PTP4A3,PKP2"
"TF","Factor: ipf1; motif: RTCATTAN","TF:M10745","1","0","3416","18","4","20093","KAT2B,MON1A,MYPN,PKP2"
"TF","Factor: ipf1; motif: YTAATKRC","TF:M10744","1","0","1787","18","1","20093","NOS1AP"
"TF","Factor: PDEF; motif: MCCGGATNTN","TF:M02075","1","0","2678","18","3","20093","SP3,MON1A,PKP2"
"TF","Factor: Pbx; motif: NTGATTGANN","TF:M07304","1","0","1611","18","2","20093","SP3,MYPN"
"TF","Factor: Pbx; motif: GATTGATKGNNS; match class: 1","TF:M00998_1","1","0","1021","18","2","20093","MECOM,GNRHR"
"TF","Factor: Pbx; motif: GATTGATKGNNS","TF:M00998","1","0","5285","18","9","20093","PRDM16,HSPG2,SP3,KAT2B,MECOM,GNRHR,MYPN,LDB3,PKP2"
"TF","Factor: PBX4:HOXA1; motif: NYNATMAATCA","TF:M08394","1","0","1542","18","1","20093","MYPN"
"TF","Factor: PBX4:HOXA10; motif: NCATAAATCA","TF:M08395","1","0","920","18","1","20093","TMEM245"
"TF","Factor: Pet-1; motif: ACCGGAWRTN","TF:M02072","1","0","2508","18","1","20093","NOS1AP"
"TF","Factor: PEG3; motif: NSWTGATTTKGM","TF:M06806","1","0","155","18","1","20093","MECOM"
"TF","Factor: PEBP; motif: GNTNACCACARANNK","TF:M00984","1","0","1391","18","1","20093","MYPN"
"TF","Factor: PEBP2beta; motif: TGTGGTY; match class: 1","TF:M03841_1","1","0","2014","18","1","20093","MYPN"
"TF","Factor: PEBP2beta; motif: TGTGGTY","TF:M03841","1","0","7979","18","8","20093","PRDM16,NOS1AP,SP3,MECOM,GNRHR,MYPN,LDB3,NFATC3"
"TF","Factor: PEA3; motif: AGGAAGT; match class: 1","TF:M03579_1","1","0","1544","18","1","20093","MYPN"
"TF","Factor: PEA3; motif: AGGAAGT","TF:M03579","1","0","7071","18","6","20093","PRDM16,KAT2B,GNRHR,PTP4A3,MYPN,NFATC3"
"TF","Factor: PEA3; motif: ACWTCCK; match class: 1","TF:M00655_1","1","0","3002","18","3","20093","PTP4A3,MYPN,NFATC3"
"TF","Factor: PEA3; motif: ACWTCCK","TF:M00655","1","0","9761","18","7","20093","PRDM16,KAT2B,MON1A,GNRHR,PTP4A3,MYPN,NFATC3"
"TF","Factor: PEA3; motif: NTCGTAAATGCA; match class: 1","TF:M11431_1","1","0","4442","18","2","20093","MECOM,MYPN"
"TF","Factor: PEA3; motif: NTCGTAAATGCA","TF:M11431","1","0","10875","18","10","20093","NOS1AP,SP3,CACNA2D2,MECOM,PTP4A3,TMEM245,MYPN,LDB3,ADM,PKP2"
"TF","Factor: PEA3; motif: NACCGGAAGTN; match class: 1","TF:M11430_1","1","0","5008","18","4","20093","KAT2B,MECOM,PTP4A3,PKP2"
"TF","Factor: PEA3; motif: NACCGGAAGTN","TF:M11430","1","0","11151","18","10","20093","NOS1AP,SP3,KAT2B,CACNA2D2,MON1A,MECOM,PTP4A3,PKP2,NFATC3,MYO18B"
"TF","Factor: PEA3; motif: ACAGGAAGGAAGTN","TF:M11429","1","0","5619","18","4","20093","GNRHR,PTP4A3,CRYAB,NFATC3"
"TF","Factor: PEA3; motif: NACCGGAAGTN; match class: 1","TF:M11428_1","1","0","2223","18","1","20093","PKP2"
"TF","Factor: PEA3; motif: NACCGGAAGTN","TF:M11428","1","0","7461","18","6","20093","NOS1AP,MECOM,PTP4A3,MYPN,PKP2,NFATC3"
"TF","Factor: Pitx1; motif: CACTAATCCYYN","TF:M07055","1","0","1177","18","1","20093","ADM"
"TF","Factor: PITX1; motif: NRGGATTAR","TF:M12652","1","0","2165","18","1","20093","TMEM245"
"TF","Factor: Pitx1; motif: NNNNRGGGATTAAMNNN","TF:M01484","1","0","3566","18","2","20093","TMEM245,ADM"
"TF","Factor: pitx1:HOXA3; motif: TAATNNNNNNGGATTA","TF:M08733","1","0","973","18","1","20093","GNRHR"
"TF","Factor: Pit-1; motif: NNWWATTCAT; match class: 1","TF:M03559_1","1","0","1461","18","2","20093","GNRHR,MYPN"
"TF","Factor: Pit-1; motif: NNWWATTCAT","TF:M03559","1","0","5561","18","4","20093","PRDM16,GNRHR,MYPN,PKP2"
"TF","Factor: Pit-1; motif: NMTTCATAAWTATWNMNA; match class: 1","TF:M00802_1","1","0","1184","18","1","20093","GNRHR"
"TF","Factor: Pit-1; motif: NMTTCATAAWTATWNMNA","TF:M00802","1","0","4928","18","1","20093","GNRHR"
"TF","Factor: PMX2B; motif: NYAATTAS","TF:M10894","1","0","2191","18","2","20093","KAT2B,NFATC3"
"TF","Factor: PMX2B; motif: NCAATTAN","TF:M10893","1","0","2191","18","2","20093","KAT2B,NFATC3"
"TF","Factor: PHOX2B; motif: TAATYYAATTA","TF:M04427","1","0","241","18","1","20093","KAT2B"
"TF","Factor: PHOX2A; motif: TAATYYAATTA","TF:M04426","1","0","370","18","1","20093","KAT2B"
"TF","Factor: PHB; motif: NCCCAGCCCCY; match class: 1","TF:M12725_1","1","0","4876","18","8","20093","HSPG2,SP3,CACNA2D2,PTP4A3,LDB3,CRYAB,PKP2,NFATC3"
"TF","Factor: PHB; motif: NCCCAGCCCCY","TF:M12725","1","0","10410","18","14","20093","PRDM16,HSPG2,SP3,KAT2B,CACNA2D2,MON1A,MECOM,PTP4A3,MYPN,LDB3,CRYAB,PKP2,NFATC3,MYO18B"
"TF","Factor: Pet-1; motif: GCNGGAAGYG; match class: 1","TF:M09918_1","1","0","7332","18","6","20093","SP3,KAT2B,CACNA2D2,MECOM,PTP4A3,PKP2"
"TF","Factor: Pet-1; motif: GCNGGAAGYG","TF:M09918","1","0","13878","18","12","20093","NOS1AP,SP3,KAT2B,CACNA2D2,MECOM,PTP4A3,TMEM245,MYPN,LDB3,ADM,PKP2,MYO18B"
"TF","Factor: PLZF; motif: ACTKTANNTN","TF:M04625","1","0","6317","18","2","20093","GNRHR,MYPN"
"TF","Factor: PLAGL2; motif: AAGGACC","TF:M05548","1","0","4269","18","3","20093","PRDM16,KAT2B,ADM"
"TF","Factor: PLAG1; motif: NTGGGGTGGGGG","TF:M06865","1","0","247","18","1","20093","KAT2B"
"TF","Factor: PLAG1; motif: CCCCCKWNNNGGSCCC; match class: 1","TF:M01973_1","1","0","2404","18","4","20093","PRDM16,KAT2B,PKP2,NFATC3"
"TF","Factor: PLAG1; motif: CCCCCKWNNNGGSCCC","TF:M01973","1","0","6192","18","9","20093","PRDM16,KAT2B,CACNA2D2,MON1A,MECOM,PTP4A3,TMEM245,PKP2,NFATC3"
"TF","Factor: PLAG1; motif: GRGGCNNHNNNRRGGG; match class: 1","TF:M01778_1","1","0","450","18","1","20093","PRDM16"
"TF","Factor: PLAG1; motif: GRGGCNNHNNNRRGGG","TF:M01778","1","0","2781","18","8","20093","PRDM16,NOS1AP,KAT2B,CACNA2D2,MON1A,MECOM,PTP4A3,PKP2"
"TF","Factor: PITX3; motif: NGGATTANM","TF:M01735","1","0","348","18","1","20093","HSPG2"
"TF","Factor: pitx2; motif: NNTAAWCCCA; match class: 1","TF:M02114_1","1","0","1821","18","1","20093","MON1A"
"TF","Factor: pitx2; motif: NNTAAWCCCA","TF:M02114","1","0","4850","18","2","20093","HSPG2,MON1A"
"TF","Factor: Pitx2; motif: WNTAAWCCCA; match class: 1","TF:M07056_1","1","0","1821","18","1","20093","MON1A"
"TF","Factor: Pitx2; motif: WNTAAWCCCA","TF:M07056","1","0","4850","18","2","20093","HSPG2,MON1A"
"TF","Factor: Pitx2; motif: WNTAATCCCAR","TF:M00482","1","0","608","18","1","20093","MON1A"
"TF","Factor: PITX2; motif: YTAATCCY","TF:M13095","1","0","4329","18","2","20093","TMEM245,ADM"
"TF","Factor: PITX2; motif: NNNNRGGATTAATNNNN","TF:M01447","1","0","2459","18","2","20093","TMEM245,ADM"
"TF","Factor: PITX1; motif: GMMACTAATCY","TF:M01826","1","0","1504","18","1","20093","MECOM"
"TF","Factor: POU2F1:PEA3; motif: ACCGGATATGCAN","TF:M08402","1","0","8364","18","5","20093","NOS1AP,MECOM,MYPN,LDB3,PKP2"
"TF","Factor: POU2F1:ER81; motif: ACCGGATATGCAN","TF:M08401","1","0","7657","18","7","20093","NOS1AP,KAT2B,MON1A,MECOM,MYPN,ADM,PKP2"
"TF","Factor: POU2F1:Elk-1; motif: ACCGGAWATGCAW","TF:M08398","1","0","8262","18","5","20093","KAT2B,MON1A,MECOM,MYPN,PKP2"
"TF","Factor: POU1F1; motif: ATGAATAAWT; match class: 1","TF:M00744_1","1","0","369","18","1","20093","GNRHR"
"TF","Factor: POU1F1; motif: ATGAATAAWT","TF:M00744","1","0","2724","18","2","20093","GNRHR,MYPN"
"TF","Factor: Pit-1; motif: NTAATTTATGCRN","TF:M11952","1","0","3769","18","3","20093","GNRHR,MYPN,CRYAB"
"TF","Factor: Pit-1; motif: NTAATGAKATGCRN","TF:M11950","1","0","6371","18","2","20093","PRDM16,MON1A"
"TF","Factor: Pit-1; motif: NTAATTTATKCGY","TF:M11949","1","0","5813","18","5","20093","MECOM,GNRHR,TMEM245,MYPN,MYO18B"
"TF","Factor: POU1F1; motif: AWTATGCWAATKAG","TF:M04069","1","0","3470","18","4","20093","NOS1AP,GNRHR,MYPN,ADM"
"TF","Factor: POU1F1; motif: NNNATGMATAWTTAATN; match class: 1","TF:M04068_1","1","0","710","18","1","20093","GNRHR"
"TF","Factor: POU1F1; motif: NNNATGMATAWTTAATN","TF:M04068","1","0","3673","18","4","20093","GNRHR,MYPN,PKP2,NFATC3"
"TF","Factor: PMX2B; motif: NNNAATTAATTAANNNG; match class: 1","TF:M01356_1","1","0","2295","18","1","20093","PKP2"
"TF","Factor: PMX2B; motif: NNNAATTAATTAANNNG","TF:M01356","1","0","3454","18","2","20093","KAT2B,PKP2"
"TF","Factor: PMX1; motif: TAATHA; match class: 1","TF:M03560_1","1","0","10795","18","8","20093","NOS1AP,KAT2B,MECOM,GNRHR,TMEM245,MYPN,CRYAB,PKP2"
"TF","Factor: PMX1; motif: TAATHA","TF:M03560","1","0","14443","18","11","20093","PRDM16,NOS1AP,KAT2B,MECOM,GNRHR,TMEM245,MYPN,ADM,CRYAB,PKP2,MYO18B"
"TF","Factor: PLZF; motif: ACTKTANNTN; match class: 1","TF:M04625_1","1","0","1555","18","1","20093","GNRHR"
"TF","Factor: Oct-2; motif: ATTTGCA; match class: 1","TF:M04715_1","1","0","1842","18","2","20093","NOS1AP,MYPN"
"TF","Factor: Oct-2; motif: ATTTGCA","TF:M04715","1","0","6583","18","7","20093","NOS1AP,MECOM,TMEM245,MYPN,CRYAB,NFATC3,MYO18B"
"TF","Factor: POU2F2; motif: NWTRMATATKCAWN; match class: 1","TF:M04073_1","1","0","2506","18","2","20093","CRYAB,NFATC3"
"TF","Factor: POU2F2; motif: NWTRMATATKCAWN","TF:M04073","1","0","4334","18","3","20093","CRYAB,PKP2,NFATC3"
"TF","Factor: POU2F2; motif: NTATGCWAATN","TF:M04072","1","0","2541","18","2","20093","NOS1AP,ADM"
"TF","Factor: POU2F1; motif: NNATTTGCATNN","TF:M03561","1","0","2229","18","2","20093","NOS1AP,MYPN"
"TF","Factor: POU2F1; motif: ATGCAAATN","TF:M07059","1","0","1703","18","1","20093","NOS1AP"
"TF","Factor: POU2F1; motif: ATTTGCATN","TF:M07058","1","0","3505","18","3","20093","NOS1AP,MYPN,ADM"
"TF","Factor: POU2F1; motif: ANKNRWATGSAAWYAW; match class: 1","TF:M10033_1","1","0","1081","18","1","20093","MYPN"
"TF","Factor: POU2F1; motif: ANKNRWATGSAAWYAW","TF:M10033","1","0","4963","18","5","20093","NOS1AP,CACNA2D2,MECOM,GNRHR,MYPN"
"TF","Factor: POU2F1; motif: NWTATGCWAATN","TF:M04070","1","0","2908","18","2","20093","NOS1AP,ADM"
"TF","Factor: POU2F1:HOXB13; motif: NGMATATACCAATAAA; match class: 1","TF:M08405_1","1","0","975","18","1","20093","GNRHR"
"TF","Factor: POU2F1:HOXB13; motif: NGMATATACCAATAAA","TF:M08405","1","0","4131","18","6","20093","NOS1AP,SP3,MECOM,GNRHR,TMEM245,MYPN"
"TF","Factor: POU2F1:Gscl; motif: NNGATTANNTATKCANNNN; match class: 1","TF:M08404_1","1","0","1943","18","2","20093","GNRHR,PKP2"
"TF","Factor: POU2F1:Gscl; motif: NNGATTANNTATKCANNNN","TF:M08404","1","0","6722","18","7","20093","PRDM16,HSPG2,GNRHR,CRYAB,PKP2,NFATC3,MYO18B"
"TF","Factor: POU2F1:PEA3; motif: ACCGGATATGCAN; match class: 1","TF:M08402_1","1","0","2199","18","1","20093","MYPN"
"TF","Factor: POU2F3; motif: NYATGCGCATNN","TF:M11902","1","0","2965","18","2","20093","PRDM16,MON1A"
"TF","Factor: POU2F3; motif: NTATGCWAATN","TF:M11901","1","0","1191","18","2","20093","NOS1AP,ADM"
"TF","Factor: POU2F3; motif: ATGMATATKCAW; match class: 1","TF:M04075_1","1","0","778","18","1","20093","NFATC3"
"TF","Factor: POU2F3; motif: ATGMATATKCAW","TF:M04075","1","0","1894","18","1","20093","NFATC3"
"TF","Factor: POU2F3; motif: TATGCWAAT","TF:M04074","1","0","720","18","2","20093","NOS1AP,ADM"
"TF","Factor: POU2F2; motif: NWTATGCAAATKAG","TF:M13000","1","0","2885","18","4","20093","NOS1AP,GNRHR,MYPN,ADM"
"TF","Factor: Oct-2; motif: NTGCATATGCAN; match class: 1","TF:M11899_1","1","0","4619","18","3","20093","MYPN,CRYAB,NFATC3"
"TF","Factor: Oct-2; motif: NTGCATATGCAN","TF:M11899","1","0","5764","18","3","20093","MYPN,CRYAB,NFATC3"
"TF","Factor: Oct-2; motif: NNNATTATGCAN","TF:M11897","1","0","5029","18","5","20093","NOS1AP,TMEM245,MYPN,ADM,MYO18B"
"TF","Factor: Oct-2; motif: NTATGCWAATN","TF:M11896","1","0","5615","18","6","20093","NOS1AP,KAT2B,TMEM245,MYPN,ADM,NFATC3"
"TF","Factor: Oct-2; motif: NTATGCGCATAN","TF:M11895","1","0","4129","18","4","20093","PRDM16,NOS1AP,SP3,MON1A"
"TF","Factor: Oct-2; motif: NNNATTATGCAW","TF:M11894","1","0","3927","18","2","20093","GNRHR,MYPN"
"TF","Factor: Oct-2; motif: WTATGCAAATK","TF:M11892","1","0","1605","18","2","20093","NOS1AP,ADM"
"TF","Factor: OCT-2; motif: ATGMATATGCWAAT; match class: 1","TF:M08836_1","1","0","869","18","1","20093","NOS1AP"
"TF","Factor: OCT-2; motif: ATGMATATGCWAAT","TF:M08836","1","0","3882","18","1","20093","NOS1AP"
"TF","Factor: Oct-2; motif: NNNATTTGCATRT","TF:M07120","1","0","5100","18","4","20093","NOS1AP,MYPN,ADM,NFATC3"
"TF","Factor: POU3F2; motif: WTATGCWAATKAG","TF:M11904","1","0","3359","18","4","20093","NOS1AP,GNRHR,ADM,PKP2"
"TF","Factor: POU3F2; motif: WTATGCWAATKA","TF:M04079","1","0","3474","18","3","20093","NOS1AP,TMEM245,ADM"
"TF","Factor: POU3F2; motif: NWTGCATAAWTTA; match class: 1","TF:M04078_1","1","0","835","18","1","20093","GNRHR"
"TF","Factor: POU3F2; motif: NWTGCATAAWTTA","TF:M04078","1","0","4180","18","4","20093","GNRHR,MYPN,CRYAB,NFATC3"
"TF","Factor: POU3F2; motif: TTATGYTAAT","TF:M00464","1","0","3590","18","4","20093","GNRHR,TMEM245,MYPN,ADM"
"TF","Factor: POU3F2; motif: ATGMATWWATTCAT","TF:M00463","1","0","3290","18","2","20093","GNRHR,MYPN"
"TF","Factor: POU3F1; motif: RNYBCATTTGCATTWCAA","TF:M03842","1","0","5496","18","4","20093","NOS1AP,GNRHR,MYPN,NFATC3"
"TF","Factor: POU3F1; motif: NTAATKWATGCNN","TF:M11929","1","0","6898","18","5","20093","MYPN,ADM,CRYAB,PKP2,MYO18B"
"TF","Factor: POU3F1; motif: NTATGCWAATNNN","TF:M11928","1","0","1780","18","3","20093","NOS1AP,KAT2B,ADM"
"TF","Factor: POU3F1; motif: TAATKANNNNNTMATTA; match class: 1","TF:M11927_1","1","0","1171","18","1","20093","MYPN"
"TF","Factor: POU3F1; motif: TAATKANNNNNTMATTA","TF:M11927","1","0","2072","18","1","20093","MYPN"
"TF","Factor: POU3F1; motif: WTGMATAAWTNA; match class: 1","TF:M04077_1","1","0","436","18","1","20093","GNRHR"
"TF","Factor: POU3F1; motif: WTGMATAAWTNA","TF:M04077","1","0","3012","18","2","20093","GNRHR,PKP2"
"TF","Factor: POU3F1; motif: WTATGCWAATNN","TF:M04076","1","0","673","18","1","20093","NOS1AP"
"TF","Factor: POU2F3; motif: NNTATGCAAATNN","TF:M12543","1","0","220","18","1","20093","NOS1AP"
"TF","Factor: POU2F3; motif: NNAYGCTNATS","TF:M11903","1","0","1813","18","3","20093","KAT2B,CACNA2D2,ADM"
"TF","Factor: POU4F1; motif: NTGMATAATTAATG","TF:M04085","1","0","556","18","1","20093","PKP2"
"TF","Factor: Brn-4; motif: DNATGCRCATMW","TF:M11922","1","0","1910","18","2","20093","PRDM16,MON1A"
"TF","Factor: Brn-4; motif: NATTATGCAWGN","TF:M11921","1","0","1431","18","1","20093","PKP2"
"TF","Factor: POU3F4; motif: TGCATAAWTTA","TF:M04084","1","0","1252","18","1","20093","GNRHR"
"TF","Factor: POU3F4; motif: TATGCWAAT","TF:M04083","1","0","516","18","1","20093","NOS1AP"
"TF","Factor: POU3F3; motif: WTNAATAWKNAW; match class: 1","TF:M04082_1","1","0","1440","18","1","20093","GNRHR"
"TF","Factor: POU3F3; motif: WTNAATAWKNAW","TF:M04082","1","0","3785","18","2","20093","GNRHR,PKP2"
"TF","Factor: POU3F3; motif: WTGMATAAWTWA","TF:M04081","1","0","2022","18","1","20093","GNRHR"
"TF","Factor: POU3F2; motif: TAATTANNNNNNTAATTA; match class: 1","TF:M11913_1","1","0","2163","18","3","20093","KAT2B,GNRHR,PKP2"
"TF","Factor: POU3F2; motif: TAATTANNNNNNTAATTA","TF:M11913","1","0","4278","18","5","20093","KAT2B,GNRHR,MYPN,PKP2,MYO18B"
"TF","Factor: POU3F2; motif: NTAATGAKATGCAN","TF:M11911","1","0","3502","18","1","20093","PRDM16"
"TF","Factor: POU3F2; motif: NTAATTTATGCRN","TF:M11910","1","0","4296","18","3","20093","MYPN,PKP2,MYO18B"
"TF","Factor: POU3F2; motif: NTATGCWAATKAG","TF:M11909","1","0","5409","18","6","20093","NOS1AP,KAT2B,GNRHR,TMEM245,MYPN,ADM"
"TF","Factor: POU3F2; motif: TAATKAGNNNNTAATKA; match class: 1","TF:M11908_1","1","0","1377","18","1","20093","MYPN"
"TF","Factor: POU3F2; motif: TAATKAGNNNNTAATKA","TF:M11908","1","0","3918","18","4","20093","KAT2B,GNRHR,MYPN,PKP2"
"TF","Factor: POU3F2; motif: NTAATTTATGCGY","TF:M11905","1","0","4415","18","3","20093","TMEM245,PKP2,MYO18B"
"TF","Factor: Oct3; motif: NNTTATGYWAATKARN","TF:M11932","1","0","5077","18","6","20093","NOS1AP,CACNA2D2,GNRHR,TMEM245,MYPN,ADM"
"TF","Factor: Oct3; motif: CYWTTSWNATGCAAAT; match class: 1","TF:M10036_1","1","0","922","18","1","20093","MYPN"
"TF","Factor: Oct3; motif: CYWTTSWNATGCAAAT","TF:M10036","1","0","4433","18","3","20093","GNRHR,MYPN,NFATC3"
"TF","Factor: POU5F1; motif: NNATGCAAANN; match class: 1","TF:M09782_1","1","0","518","18","1","20093","MYPN"
"TF","Factor: POU5F1; motif: NNATGCAAANN","TF:M09782","1","0","3768","18","2","20093","NOS1AP,MYPN"
"TF","Factor: Oct3; motif: NYWTTSWTATGCAAAT; match class: 1","TF:M09646_1","1","0","1534","18","2","20093","MYPN,NFATC3"
"TF","Factor: Oct3; motif: NYWTTSWTATGCAAAT","TF:M09646","1","0","5917","18","4","20093","GNRHR,MYPN,CRYAB,NFATC3"
"TF","Factor: Oct3; motif: NATGCAANNN; match class: 1","TF:M01307_1","1","0","616","18","1","20093","MYPN"
"TF","Factor: Oct3; motif: NATGCAANNN","TF:M01307","1","0","4116","18","2","20093","NOS1AP,MYPN"
"TF","Factor: POU5F1B; motif: ATGMATATKCAW","TF:M04089","1","0","515","18","1","20093","NFATC3"
"TF","Factor: POU5F1B; motif: TATGCWAAT","TF:M04088","1","0","1154","18","2","20093","NOS1AP,ADM"
"TF","Factor: POU4F3; motif: CTAATYW; match class: 1","TF:M07061_1","1","0","1961","18","2","20093","GNRHR,MYO18B"
"TF","Factor: POU4F3; motif: CTAATYW","TF:M07061","1","0","7434","18","7","20093","PRDM16,HSPG2,MON1A,GNRHR,MYPN,ADM,MYO18B"
"TF","Factor: POU4F3; motif: TNATGCATNA; match class: 1","TF:M11940_1","1","0","661","18","2","20093","GNRHR,LDB3"
"TF","Factor: POU4F3; motif: TNATGCATNA","TF:M11940","1","0","1019","18","2","20093","GNRHR,LDB3"
"TF","Factor: POU4F3; motif: NTGMATWATTAATGNN","TF:M04087","1","0","407","18","1","20093","PKP2"
"TF","Factor: PPARalpha:RXRalpha; motif: CARAACTAGGNCAAAGGTCA","TF:M00242","1","0","1721","18","3","20093","PTP4A3,CRYAB,MYO18B"
"TF","Factor: PPARALPHA:RXR-ALPHA; motif: AWNTRGGTNAAAGGTCAN; match class: 1","TF:M08960_1","1","0","4838","18","1","20093","PTP4A3"
"TF","Factor: PPARALPHA:RXR-ALPHA; motif: AWNTRGGTNAAAGGTCAN","TF:M08960","1","0","11946","18","6","20093","PTP4A3,LDB3,CRYAB,PKP2,NFATC3,MYO18B"
"TF","Factor: POU6F1; motif: NTAATGAKATGNNN","TF:M11958","1","0","2958","18","1","20093","MON1A"
"TF","Factor: POU6F1; motif: TMATTANNNCTCATTA","TF:M11956","1","0","306","18","1","20093","GNRHR"
"TF","Factor: POU6F1; motif: NTAATGAGNN","TF:M11955","1","0","312","18","1","20093","MYPN"
"TF","Factor: POU6F1; motif: ANTAATTANT; match class: 1","TF:M08003_1","1","0","583","18","1","20093","PKP2"
"TF","Factor: POU6F1; motif: ANTAATTANT","TF:M08003","1","0","583","18","1","20093","PKP2"
"TF","Factor: POU6F1; motif: NNNNWTAATGAGSTNNN; match class: 1","TF:M01479_1","1","0","768","18","1","20093","NOS1AP"
"TF","Factor: POU6F1; motif: NNNNWTAATGAGSTNNN","TF:M01479","1","0","4660","18","2","20093","NOS1AP,MYPN"
"TF","Factor: POU6F1; motif: NNNNATAATGAGSTNNN; match class: 1","TF:M01462_1","1","0","1541","18","1","20093","NOS1AP"
"TF","Factor: POU6F1; motif: NNNNATAATGAGSTNNN","TF:M01462","1","0","6327","18","3","20093","NOS1AP,GNRHR,MYPN"
"TF","Factor: POU6F1; motif: GCATAAWTTAT","TF:M00465","1","0","1598","18","1","20093","PKP2"
"TF","Factor: Oct3; motif: NNWTATGYWAATKANN","TF:M11935","1","0","4727","18","5","20093","NOS1AP,CACNA2D2,TMEM245,MYPN,ADM"
"TF","Factor: Oct3; motif: WTATGCGCATAW; match class: 1","TF:M11934_1","1","0","8936","18","6","20093","PRDM16,NOS1AP,MON1A,MYPN,LDB3,NFATC3"
"TF","Factor: Oct3; motif: WTATGCGCATAW","TF:M11934","1","0","9434","18","6","20093","PRDM16,NOS1AP,MON1A,MYPN,LDB3,NFATC3"
"TF","Factor: PRDM15; motif: NYGGGACTTT","TF:M06798","1","0","194","18","1","20093","NFATC3"
"TF","Factor: PRDM10; motif: NNTGGTNCNGYCCRN","TF:M12653","1","0","1977","18","1","20093","PTP4A3"
"TF","Factor: PPARgamma; motif: NWSTRGGKSARAGGKCA; match class: 1","TF:M10038_1","1","0","1497","18","1","20093","PTP4A3"
"TF","Factor: PPARgamma; motif: NWSTRGGKSARAGGKCA","TF:M10038","1","0","6858","18","1","20093","PTP4A3"
"TF","Factor: PPARGAMMA; motif: NWNTRGGTYANN","TF:M08961","1","0","5606","18","3","20093","KAT2B,PKP2,NFATC3"
"TF","Factor: PPAR; motif: WASNRGGNCAAAGGTCA","TF:M00528","1","0","4167","18","4","20093","PTP4A3,CRYAB,PKP2,MYO18B"
"TF","Factor: PPARgamma:RXRalpha,; motif: AAGTAGGTCACNGTGACCYACTT; match class: 1","TF:M00515_1","1","0","4790","18","1","20093","PKP2"
"TF","Factor: PPARgamma:RXRalpha,; motif: AAGTAGGTCACNGTGACCYACTT","TF:M00515","1","0","8266","18","2","20093","TMEM245,PKP2"
"TF","Factor: PPARgamma:RXRalpha; motif: NNWGRGGTCAAAGGTCANNNN","TF:M00512","1","0","2370","18","1","20093","PTP4A3"
"TF","Factor: PPARGAMMA:RXR-ALPHA; motif: NNRGGTCAAWAGGTCAN","TF:M08962","1","0","4342","18","5","20093","MON1A,GNRHR,CRYAB,PKP2,NFATC3"
"TF","Factor: PPARdelta; motif: NRRGGTCATGACCYYT","TF:M11813","1","0","418","18","2","20093","MON1A,PTP4A3"
"TF","Factor: PPARdelta; motif: NRRGGTCGYGACCYYN","TF:M11811","1","0","427","18","2","20093","MON1A,PTP4A3"
"TF","Factor: PPAR; motif: TGACCTTTGNCCY","TF:M00763","1","0","5420","18","3","20093","PTP4A3,LDB3,MYO18B"
"TF","Factor: PPARalpha; motif: NWSTRGGNSAAAGGTCA","TF:M10037","1","0","6240","18","1","20093","PTP4A3"
"TF","Factor: PPARalpha:RXRalpha; motif: NNRGGTCATWGGGGTSANG; match class: 1","TF:M00518_1","1","0","3085","18","2","20093","PTP4A3,LDB3"
"TF","Factor: PPARalpha:RXRalpha; motif: NNRGGTCATWGGGGTSANG","TF:M00518","1","0","9691","18","9","20093","PRDM16,KAT2B,MON1A,GNRHR,PTP4A3,TMEM245,LDB3,ADM,CRYAB"
"TF","Factor: PRDM6; motif: GGTACCAM","TF:M06727","1","0","535","18","1","20093","LDB3"
"TF","Factor: Blimp-1; motif: NAGKGAAAGTGN","TF:M12243","1","0","2039","18","5","20093","HSPG2,SP3,KAT2B,MECOM,PTP4A3"
"TF","Factor: Blimp-1; motif: NAGKGAAAGTGN","TF:M12242","1","0","1388","18","4","20093","HSPG2,SP3,MECOM,PTP4A3"
"TF","Factor: Blimp-1; motif: RAAAGTGAAAGTNN","TF:M09649","1","0","311","18","2","20093","PRDM16,MYO18B"
"TF","Factor: Blimp-1; motif: NRAAAGTGAAAGTNN","TF:M07121","1","0","410","18","2","20093","PRDM16,MYO18B"
"TF","Factor: Blimp-1; motif: NACTTTCAC","TF:M04731","1","0","4105","18","8","20093","PRDM16,HSPG2,NOS1AP,SP3,KAT2B,MECOM,PTP4A3,MYO18B"
"TF","Factor: PRDM1; motif: NRAAAGTGAAAGTNN","TF:M03916","1","0","981","18","3","20093","PRDM16,GNRHR,MYO18B"
"TF","Factor: MEL1; motif: GARGAT; match class: 1","TF:M08794_1","1","0","4525","18","3","20093","PRDM16,PKP2,NFATC3"
"TF","Factor: MEL1; motif: GARGAT","TF:M08794","1","0","11303","18","10","20093","PRDM16,HSPG2,CACNA2D2,MON1A,TMEM245,MYPN,CRYAB,PKP2,NFATC3,MYO18B"
"TF","Factor: MEL1; motif: GATGAG; match class: 1","TF:M08793_1","1","0","5125","18","2","20093","MON1A,PTP4A3"
"TF","Factor: MEL1; motif: GATGAG","TF:M08793","1","0","12184","18","8","20093","PRDM16,CACNA2D2,MON1A,PTP4A3,TMEM245,MYPN,CRYAB,NFATC3"
"TF","Factor: MEL1; motif: GATAAGATAA","TF:M08792","1","0","2399","18","1","20093","MYO18B"
"TF","Factor: PRDM16; motif: KGGTCATRACCM; match class: 1","TF:M05946_1","1","0","2380","18","4","20093","MON1A,PTP4A3,ADM,NFATC3"
"TF","Factor: PRDM16; motif: KGGTCATRACCM","TF:M05946","1","0","7419","18","7","20093","NOS1AP,MON1A,PTP4A3,MYPN,ADM,CRYAB,NFATC3"
"TF","Factor: PRDM15; motif: NYCCRNTCCRGGTTTTSC","TF:M12654","1","0","1007","18","1","20093","PKP2"
"TF","Factor: PRX-2; motif: NKCGTTAN","TF:M10885","1","0","8181","18","6","20093","MON1A,TMEM245,MYPN,ADM,PKP2,NFATC3"
"TF","Factor: PRX-2; motif: NCAATTAN","TF:M10884","1","0","2191","18","2","20093","KAT2B,NFATC3"
"TF","Factor: PRRX2; motif: NYAATTAN","TF:M04433","1","0","3320","18","4","20093","KAT2B,MON1A,GNRHR,NFATC3"
"TF","Factor: PRRX1; motif: TAATYTAATTA","TF:M04432","1","0","761","18","1","20093","KAT2B"
"TF","Factor: PRRX1; motif: NYAATTAN","TF:M04431","1","0","3715","18","3","20093","KAT2B,GNRHR,NFATC3"
"TF","Factor: PROX1; motif: CYYTGNNCTY","TF:M13134","1","0","2847","18","3","20093","GNRHR,PTP4A3,ADM"
"TF","Factor: Prox-1; motif: NAAGGCGTCNTN","TF:M10558","1","0","1010","18","2","20093","HSPG2,NOS1AP"
"TF","Factor: Prox-1; motif: NAAGRCGTCTTN; match class: 1","TF:M10557_1","1","0","177","18","1","20093","MYO18B"
"TF","Factor: Prox-1; motif: NAAGRCGTCTTN","TF:M10557","1","0","1456","18","3","20093","HSPG2,NOS1AP,MYO18B"
"TF","Factor: Prop-1; motif: TAATTNNRTTA","TF:M10928","1","0","1865","18","2","20093","KAT2B,MON1A"
"TF","Factor: Prop-1; motif: TAATTNNRTTA","TF:M10926","1","0","1085","18","2","20093","KAT2B,MON1A"
"TF","Factor: Prop-1; motif: TAATYNAATTA","TF:M04430","1","0","1040","18","1","20093","KAT2B"
"TF","Factor: Prep-1; motif: GRBTGANAGATN; match class: 1","TF:M07464_1","1","0","608","18","1","20093","PKP2"
"TF","Factor: Prep-1; motif: GRBTGANAGATN","TF:M07464","1","0","4428","18","2","20093","CACNA2D2,PKP2"
"TF","Factor: PRDM9; motif: RGNGGNNAGGGRGGNNRNARNARN","TF:M12743","1","0","1144","18","3","20093","PRDM16,PTP4A3,LDB3"
"TF","Factor: PRDM6; motif: NRRARGAAAAANA","TF:M10041","1","0","2957","18","2","20093","KAT2B,GNRHR"
"TF","Factor: PTF1; motif: SCAGCTGNYNNNNYYCNN","TF:M10043","1","0","3192","18","3","20093","KAT2B,PTP4A3,LDB3"
"TF","Factor: PSF; motif: KWATCCGN; match class: 1","TF:M07612_1","1","0","1126","18","1","20093","PKP2"
"TF","Factor: PSF; motif: KWATCCGN","TF:M07612","1","0","5687","18","4","20093","NOS1AP,CACNA2D2,CRYAB,PKP2"
"TF","Factor: PR; motif: CNNNNTGTTCT","TF:M03799","1","0","1233","18","5","20093","PTP4A3,MYPN,ADM,CRYAB,MYO18B"
"TF","Factor: PR; motif: RGNACATTYTGTNCTN; match class: 1","TF:M10042_1","1","0","1044","18","1","20093","LDB3"
"TF","Factor: PR; motif: RGNACATTYTGTNCTN","TF:M10042","1","0","3340","18","3","20093","MON1A,LDB3,PKP2"
"TF","Factor: PR; motif: NNNNNNRGNACNNKNTGTTCTNNNNNN; match class: 1","TF:M00957_1","1","0","601","18","3","20093","PTP4A3,CRYAB,PKP2"
"TF","Factor: PR; motif: NNNNNNRGNACNNKNTGTTCTNNNNNN","TF:M00957","1","0","4215","18","7","20093","KAT2B,PTP4A3,MYPN,LDB3,ADM,CRYAB,PKP2"
"TF","Factor: PR; motif: NNNNNNGGNACRNNNTGTTCTNNNNNN; match class: 1","TF:M00954_1","1","0","961","18","3","20093","ADM,CRYAB,PKP2"
"TF","Factor: PR; motif: NNNNNNGGNACRNNNTGTTCTNNNNNN","TF:M00954","1","0","5664","18","9","20093","HSPG2,KAT2B,CACNA2D2,PTP4A3,MYPN,LDB3,ADM,CRYAB,PKP2"
"TF","Factor: Prx2; motif: TYAWAKTAA; match class: 1","TF:M02115_1","1","0","705","18","2","20093","GNRHR,MYPN"
"TF","Factor: Prx2; motif: TYAWAKTAA","TF:M02115","1","0","3650","18","6","20093","KAT2B,GNRHR,MYPN,PKP2,NFATC3,MYO18B"
"TF","Factor: PRX-2; motif: NNCRTTAN; match class: 1","TF:M10887_1","1","0","1231","18","1","20093","TMEM245"
"TF","Factor: PRX-2; motif: NNCRTTAN","TF:M10887","1","0","5893","18","2","20093","TMEM245,ADM"
"TF","Factor: PRX-2; motif: NYAATTAN","TF:M10886","1","0","1219","18","2","20093","KAT2B,NFATC3"
"TF","Factor: PRX-2; motif: NKCGTTAN; match class: 1","TF:M10885_1","1","0","2470","18","2","20093","TMEM245,PKP2"
"TF","Factor: RARA; motif: AGGTCANNYAAAGGTCA","TF:M08019","1","0","5705","18","6","20093","MON1A,PTP4A3,LDB3,ADM,CRYAB,MYO18B"
"TF","Factor: RARA; motif: GAGGTCAAAAGGTCAAKK; match class: 1","TF:M08018_1","1","0","992","18","1","20093","MON1A"
"TF","Factor: RARA; motif: GAGGTCAAAAGGTCAAKK","TF:M08018","1","0","4900","18","2","20093","MON1A,GNRHR"
"TF","Factor: RARA; motif: AGGTCAANNARAGGTCA; match class: 1","TF:M04483_1","1","0","804","18","1","20093","PTP4A3"
"TF","Factor: RARA; motif: AGGTCAANNARAGGTCA","TF:M04483","1","0","4968","18","3","20093","PTP4A3,CRYAB,MYO18B"
"TF","Factor: RARA; motif: ARRGGTCANSNGAGGTCA; match class: 1","TF:M04482_1","1","0","533","18","1","20093","MON1A"
"TF","Factor: RARA; motif: ARRGGTCANSNGAGGTCA","TF:M04482","1","0","3994","18","4","20093","HSPG2,MON1A,LDB3,CRYAB"
"TF","Factor: RARA; motif: ARGGTCAAAAGGTCA","TF:M04481","1","0","3378","18","2","20093","MON1A,CRYAB"
"TF","Factor: RAD21; motif: NCCASYAGRKGGCRSNN; match class: 1","TF:M09748_1","1","0","156","18","1","20093","MON1A"
"TF","Factor: RAD21; motif: NCCASYAGRKGGCRSNN","TF:M09748","1","0","2028","18","3","20093","KAT2B,MON1A,PTP4A3"
"TF","Factor: PURBETA; motif: NCWGRGGCTGGGG; match class: 1","TF:M12726_1","1","0","2473","18","3","20093","HSPG2,PTP4A3,LDB3"
"TF","Factor: PURBETA; motif: NCWGRGGCTGGGG","TF:M12726","1","0","7816","18","9","20093","PRDM16,HSPG2,CACNA2D2,MECOM,PTP4A3,LDB3,ADM,CRYAB,MYO18B"
"TF","Factor: PUR1; motif: GGGNCAGNN; match class: 1","TF:M01721_1","1","0","3415","18","9","20093","PRDM16,HSPG2,SP3,KAT2B,CACNA2D2,PTP4A3,LDB3,ADM,PKP2"
"TF","Factor: PUR1; motif: GGGNCAGNN","TF:M01721","1","0","9221","18","10","20093","PRDM16,HSPG2,SP3,KAT2B,CACNA2D2,MON1A,PTP4A3,LDB3,ADM,PKP2"
"TF","Factor: PU.1; motif: WGAGGAAG","TF:M00658","1","0","4532","18","1","20093","MYPN"
"TF","Factor: PU.1; motif: NNNNYYYACTTCCTCTTTY","TF:M01172","1","0","4359","18","2","20093","SP3,PKP2"
"TF","Factor: NR1B2; motif: RAGGTCAAAAGGTCAN","TF:M11799","1","0","1949","18","1","20093","MON1A"
"TF","Factor: NR1B2; motif: NAAAGGTCAN; match class: 1","TF:M11798_1","1","0","363","18","1","20093","GNRHR"
"TF","Factor: NR1B2; motif: NAAAGGTCAN","TF:M11798","1","0","3467","18","4","20093","GNRHR,MYPN,LDB3,ADM"
"TF","Factor: Rarb; motif: AGGTCANNYARAGGTCA; match class: 1","TF:M08035_1","1","0","1224","18","1","20093","PTP4A3"
"TF","Factor: Rarb; motif: AGGTCANNYARAGGTCA","TF:M08035","1","0","6138","18","4","20093","MON1A,PTP4A3,CRYAB,MYO18B"
"TF","Factor: RARB; motif: AAAGGTCAARAGGTCA","TF:M04573","1","0","1208","18","2","20093","MON1A,CRYAB"
"TF","Factor: NR1B1; motif: NRAGGTCANG","TF:M11797","1","0","2045","18","1","20093","GNRHR"
"TF","Factor: NR1B1; motif: NRGGNCRTGACCTN; match class: 1","TF:M11796_1","1","0","4578","18","3","20093","NOS1AP,MON1A,ADM"
"TF","Factor: NR1B1; motif: NRGGNCRTGACCTN","TF:M11796","1","0","10502","18","8","20093","NOS1AP,SP3,KAT2B,MON1A,PTP4A3,ADM,PKP2,MYO18B"
"TF","Factor: NR1B1; motif: NRGGTCANNRGGTCAN","TF:M11795","1","0","6835","18","4","20093","MON1A,GNRHR,PKP2,MYO18B"
"TF","Factor: NR1B1; motif: NRAGGTCANG","TF:M11794","1","0","3095","18","1","20093","GNRHR"
"TF","Factor: NR1B1; motif: NAGGTCRTGACCTN; match class: 1","TF:M11793_1","1","0","2297","18","2","20093","NOS1AP,MON1A"
"TF","Factor: NR1B1; motif: NAGGTCRTGACCTN","TF:M11793","1","0","6667","18","6","20093","NOS1AP,SP3,KAT2B,MON1A,PTP4A3,ADM"
"TF","Factor: NR1B1; motif: NRGGTCANRRGGTCAN","TF:M11792","1","0","5048","18","3","20093","MON1A,NFATC3,MYO18B"
"TF","Factor: NR1B1; motif: GGRNGRNSNRRAGKTCAAGG","TF:M10044","1","0","3783","18","2","20093","MON1A,MYO18B"
"TF","Factor: RARA; motif: AGGTCANNYAAAGGTCA; match class: 1","TF:M08019_1","1","0","1072","18","4","20093","PTP4A3,LDB3,ADM,CRYAB"
"TF","Factor: RAR-gamma; motif: RAGGTCRTGACCTY; match class: 1","TF:M11805_1","1","0","653","18","2","20093","NOS1AP,MON1A"
"TF","Factor: RAR-gamma; motif: RAGGTCRTGACCTY","TF:M11805","1","0","2380","18","3","20093","NOS1AP,MON1A,PTP4A3"
"TF","Factor: RAR-gamma; motif: NRGGTCAAAAGGTCAN","TF:M11804","1","0","3275","18","2","20093","MON1A,NFATC3"
"TF","Factor: RAR-gamma; motif: RGGTCANNNTGNCCNNNN; match class: 1","TF:M10045_1","1","0","2006","18","1","20093","LDB3"
"TF","Factor: RAR-gamma; motif: RGGTCANNNTGNCCNNNN","TF:M10045","1","0","7628","18","5","20093","HSPG2,MON1A,GNRHR,PTP4A3,LDB3"
"TF","Factor: RARG; motif: RAGGTCANNNRAGGTCA; match class: 1","TF:M04486_1","1","0","111","18","1","20093","MON1A"
"TF","Factor: RARG; motif: RAGGTCANNNRAGGTCA","TF:M04486","1","0","1798","18","2","20093","MON1A,CRYAB"
"TF","Factor: RARG; motif: RAGGTCAASYARAGGTCA; match class: 1","TF:M04485_1","1","0","874","18","1","20093","PTP4A3"
"TF","Factor: RARG; motif: RAGGTCAASYARAGGTCA","TF:M04485","1","0","5260","18","5","20093","PTP4A3,MYPN,LDB3,CRYAB,MYO18B"
"TF","Factor: RARG; motif: GAGGTCAAAAGGTCAC","TF:M04484","1","0","2705","18","1","20093","MON1A"
"TF","Factor: NR1B2; motif: RAGGTCATGACCTN; match class: 1","TF:M11803_1","1","0","948","18","2","20093","NOS1AP,ADM"
"TF","Factor: NR1B2; motif: RAGGTCATGACCTN","TF:M11803","1","0","3286","18","4","20093","NOS1AP,MON1A,PTP4A3,ADM"
"TF","Factor: NR1B2; motif: RAGGTCAAAAGGTCAN","TF:M11802","1","0","795","18","1","20093","MON1A"
"TF","Factor: NR1B2; motif: NAAAGGTCAN","TF:M11801","1","0","2424","18","2","20093","GNRHR,ADM"
"TF","Factor: NR1B2; motif: RAGGTCRTGACCTY; match class: 1","TF:M11800_1","1","0","1030","18","4","20093","NOS1AP,MON1A,PTP4A3,ADM"
"TF","Factor: NR1B2; motif: RAGGTCRTGACCTY","TF:M11800","1","0","3837","18","4","20093","NOS1AP,MON1A,PTP4A3,ADM"
"TF","Factor: RelA; motif: GGGRAWTYC","TF:M04706","1","0","2324","18","1","20093","MECOM"
"TF","Factor: RBP-Jkappa; motif: TTCCCACK","TF:M01111","1","0","1038","18","3","20093","HSPG2,PTP4A3,ADM"
"TF","Factor: RBPJK; motif: NSNSTGGGAAN; match class: 1","TF:M10085_1","1","0","357","18","2","20093","HSPG2,PTP4A3"
"TF","Factor: RBPJK; motif: NSNSTGGGAAN","TF:M10085","1","0","3500","18","6","20093","HSPG2,KAT2B,MON1A,MECOM,PTP4A3,ADM"
"TF","Factor: RBPJK; motif: SYGTGRGAANN; match class: 1","TF:M09665_1","1","0","587","18","1","20093","PTP4A3"
"TF","Factor: RBPJK; motif: SYGTGRGAANN","TF:M09665","1","0","4583","18","4","20093","HSPG2,MON1A,PTP4A3,TMEM245"
"TF","Factor: RBP-Jkappa; motif: ANCGTGGGAAM; match class: 1","TF:M01112_1","1","0","253","18","2","20093","HSPG2,PTP4A3"
"TF","Factor: RBP-Jkappa; motif: ANCGTGGGAAM","TF:M01112","1","0","2905","18","6","20093","HSPG2,MON1A,MECOM,PTP4A3,ADM,PKP2"
"TF","Factor: rax; motif: NNCRTTAN; match class: 1","TF:M10948_1","1","0","5474","18","6","20093","NOS1AP,MON1A,TMEM245,MYPN,PKP2,NFATC3"
"TF","Factor: rax; motif: NNCRTTAN","TF:M10948","1","0","12212","18","7","20093","NOS1AP,MON1A,TMEM245,MYPN,ADM,PKP2,NFATC3"
"TF","Factor: RAX2; motif: NYAATTAN","TF:M04434","1","0","3196","18","3","20093","KAT2B,GNRHR,NFATC3"
"TF","Factor: RAR-gamma; motif: TGACCTBYNKN","TF:M03562","1","0","4642","18","2","20093","PTP4A3,MYPN"
"TF","Factor: RAR-gamma; motif: NAGGTCANG","TF:M11808","1","0","2115","18","1","20093","GNRHR"
"TF","Factor: RAR-gamma; motif: RAGGTCATGACCTY; match class: 1","TF:M11807_1","1","0","672","18","1","20093","ADM"
"TF","Factor: RAR-gamma; motif: RAGGTCATGACCTY","TF:M11807","1","0","2115","18","4","20093","NOS1AP,MON1A,PTP4A3,ADM"
"TF","Factor: RAR-gamma; motif: NAGGTCAAAAGGTCAN","TF:M11806","1","0","2325","18","1","20093","MON1A"
"TF","Factor: REST; motif: TGTCCRTGG","TF:M04702","1","0","767","18","2","20093","CRYAB,MYO18B"
"TF","Factor: REST; motif: TTCAGCACCAYGGA","TF:M04695","1","0","1076","18","2","20093","LDB3,NFATC3"
"TF","Factor: REST; motif: NNNNGGNGCTGTCCATGGTGCT","TF:M01256","1","0","2706","18","7","20093","SP3,KAT2B,PTP4A3,MYPN,ADM,CRYAB,PKP2"
"TF","Factor: RERE; motif: CNGCNSCNNGSRCRGSGSS; match class: 1","TF:M13129_1","1","0","5959","18","9","20093","PRDM16,HSPG2,NOS1AP,SP3,KAT2B,CACNA2D2,MON1A,PKP2,NFATC3"
"TF","Factor: RERE; motif: CNGCNSCNNGSRCRGSGSS","TF:M13129","1","0","10357","18","15","20093","PRDM16,HSPG2,NOS1AP,SP3,KAT2B,CACNA2D2,MON1A,PTP4A3,TMEM245,LDB3,ADM,CRYAB,PKP2,NFATC3,MYO18B"
"TF","Factor: RELB; motif: NNATTCCCCNN","TF:M09784","1","0","5478","18","6","20093","CACNA2D2,MON1A,MECOM,ADM,CRYAB,NFATC3"
"TF","Factor: RelB:p50; motif: RGAAANTCCCYNNHGC","TF:M03882","1","0","4578","18","1","20093","NOS1AP"
"TF","Factor: RelA-p65; motif: GGGANTTTCCNN","TF:M03563","1","0","4785","18","1","20093","NOS1AP"
"TF","Factor: RELA; motif: GGGRMTKYCCC; match class: 1","TF:M12657_1","1","0","1532","18","1","20093","TMEM245"
"TF","Factor: RELA; motif: GGGRMTKYCCC","TF:M12657","1","0","6442","18","5","20093","HSPG2,PTP4A3,TMEM245,PKP2,MYO18B"
"TF","Factor: RelA-p65; motif: NWGGGRATTTCCMN","TF:M10094","1","0","2506","18","2","20093","PTP4A3,MYO18B"
"TF","Factor: RelA-p65; motif: GGGRNTTTCCM","TF:M09668","1","0","3656","18","2","20093","PTP4A3,MYO18B"
"TF","Factor: RelA-p65; motif: AAASTCCC","TF:M04849","1","0","6402","18","4","20093","NOS1AP,SP3,PKP2,NFATC3"
"TF","Factor: RelA-p65; motif: AAATCCCCT","TF:M04814","1","0","4649","18","4","20093","SP3,CACNA2D2,LDB3,CRYAB"
"TF","Factor: RelA-p65; motif: BCWGGGRANNK; match class: 1","TF:M04811_1","1","0","1856","18","1","20093","HSPG2"
"TF","Factor: RelA-p65; motif: BCWGGGRANNK","TF:M04811","1","0","7404","18","9","20093","PRDM16,HSPG2,SP3,CACNA2D2,MON1A,PTP4A3,LDB3,ADM,CRYAB"
"TF","Factor: rfx1; motif: NGTTRCCATGGYAACN; match class: 1","TF:M11961_1","1","0","4280","18","2","20093","HSPG2,MYPN"
"TF","Factor: rfx1; motif: NGTTRCCATGGYAACN","TF:M11961","1","0","4353","18","2","20093","HSPG2,MYPN"
"TF","Factor: RFX1; motif: NNGTNRCNATRGYAACNN; match class: 1","TF:M00281_1","1","0","1023","18","1","20093","SP3"
"TF","Factor: RFX1; motif: NNGTNRCNATRGYAACNN","TF:M00281","1","0","5006","18","4","20093","SP3,MECOM,PTP4A3,MYO18B"
"TF","Factor: RFX1; motif: NNGTNRCNWRGYAACNN; match class: 1","TF:M00280_1","1","0","1506","18","2","20093","CACNA2D2,NFATC3"
"TF","Factor: RFX1; motif: NNGTNRCNWRGYAACNN","TF:M00280","1","0","6587","18","7","20093","HSPG2,CACNA2D2,MECOM,GNRHR,TMEM245,ADM,NFATC3"
"TF","Factor: REX-1; motif: GGCMGCCATTTT","TF:M10119","1","0","1952","18","1","20093","SP3"
"TF","Factor: Rev-ErbAalpha; motif: NAWNTRGGTYAGTRGGTCRN","TF:M11788","1","0","1617","18","1","20093","PKP2"
"TF","Factor: REST; motif: CCNNGGTGCTGAA","TF:M03883","1","0","3557","18","3","20093","TMEM245,LDB3,NFATC3"
"TF","Factor: REST; motif: NGGCGCTGTCCRTGGTGCTGAA","TF:M12658","1","0","1226","18","1","20093","ADM"
"TF","Factor: REST; motif: TTCAGCACCAYGGACAGCKCCN","TF:M10047","1","0","1417","18","1","20093","ADM"
"TF","Factor: REST; motif: TTCAGCACCAYGGACAGCKCCN","TF:M09650","1","0","1824","18","2","20093","MYPN,ADM"
"TF","Factor: REST; motif: AAGGTGCT; match class: 1","TF:M04926_1","1","0","1223","18","4","20093","NOS1AP,TMEM245,LDB3,CRYAB"
"TF","Factor: REST; motif: AAGGTGCT","TF:M04926","1","0","6448","18","8","20093","NOS1AP,CACNA2D2,MON1A,MECOM,TMEM245,LDB3,ADM,CRYAB"
"TF","Factor: REST; motif: GGACAGCKC; match class: 1","TF:M04726_1","1","0","1205","18","3","20093","PRDM16,HSPG2,MYO18B"
"TF","Factor: REST; motif: GGACAGCKC","TF:M04726","1","0","5903","18","10","20093","PRDM16,HSPG2,KAT2B,MON1A,GNRHR,TMEM245,ADM,CRYAB,PKP2,MYO18B"
"TF","Factor: RFX; motif: SHGTTGCSN","TF:M00975","1","0","6032","18","2","20093","PKP2,MYO18B"
"TF","Factor: RFX7; motif: CGTTGCYA; match class: 1","TF:M13509_1","1","0","209","18","1","20093","KAT2B"
"TF","Factor: RFX7; motif: CGTTGCYA","TF:M13509","1","0","2413","18","2","20093","KAT2B,CRYAB"
"TF","Factor: RFX7; motif: CGTTGCYAY; match class: 1","TF:M11976_1","1","0","320","18","1","20093","KAT2B"
"TF","Factor: RFX7; motif: CGTTGCYAY","TF:M11976","1","0","3086","18","3","20093","KAT2B,MECOM,CRYAB"
"TF","Factor: RFX7; motif: SGTTGCTRN; match class: 1","TF:M11975_1","1","0","183","18","1","20093","KAT2B"
"TF","Factor: RFX7; motif: SGTTGCTRN","TF:M11975","1","0","2236","18","2","20093","KAT2B,CRYAB"
"TF","Factor: rfx5; motif: NYRGCAACSGTTRCYAN","TF:M11972","1","0","1486","18","2","20093","PRDM16,SP3"
"TF","Factor: RFX3; motif: NYNCCMTGGCAACM","TF:M09732","1","0","5281","18","4","20093","CACNA2D2,PTP4A3,CRYAB,PKP2"
"TF","Factor: rfx3:SRF; motif: TRGCAACNNNNNCCNWATANGGN; match class: 1","TF:M08623_1","1","0","8279","18","10","20093","HSPG2,SP3,KAT2B,CACNA2D2,MON1A,PTP4A3,TMEM245,LDB3,ADM,MYO18B"
"TF","Factor: rfx3:SRF; motif: TRGCAACNNNNNCCNWATANGGN","TF:M08623","1","0","14937","18","14","20093","PRDM16,HSPG2,NOS1AP,SP3,KAT2B,CACNA2D2,MON1A,MECOM,GNRHR,PTP4A3,TMEM245,LDB3,ADM,MYO18B"
"TF","Factor: rfx3:SREBP-2; motif: ATGGYAACRTCACGTGAY; match class: 1","TF:M08412_1","1","0","4537","18","3","20093","MON1A,NFATC3,MYO18B"
"TF","Factor: rfx3:SREBP-2; motif: ATGGYAACRTCACGTGAY","TF:M08412","1","0","10884","18","10","20093","KAT2B,CACNA2D2,MON1A,GNRHR,PTP4A3,TMEM245,LDB3,CRYAB,NFATC3,MYO18B"
"TF","Factor: Rfx1; motif: GTTGCYNNGGARMS","TF:M04627","1","0","3952","18","1","20093","MECOM"
"TF","Factor: rfx1; motif: NGTTRCCATGGYAACN; match class: 1","TF:M11962_1","1","0","3240","18","1","20093","MYPN"
"TF","Factor: rfx1; motif: NGTTRCCATGGYAACN","TF:M11962","1","0","3298","18","1","20093","MYPN"
"TF","Factor: RREB-1; motif: GGGWCSA","TF:M05439","1","0","8668","18","10","20093","PRDM16,HSPG2,NOS1AP,SP3,KAT2B,CACNA2D2,TMEM245,CRYAB,PKP2,NFATC3"
"TF","Factor: RREB-1; motif: CCCCAAACMMCCCC; match class: 1","TF:M00257_1","1","0","4553","18","6","20093","NOS1AP,SP3,CACNA2D2,MON1A,MECOM,PTP4A3"
"TF","Factor: RREB-1; motif: CCCCAAACMMCCCC","TF:M00257","1","0","10698","18","11","20093","PRDM16,HSPG2,NOS1AP,SP3,KAT2B,CACNA2D2,MON1A,MECOM,PTP4A3,ADM,NFATC3"
"TF","Factor: RP58; motif: MACAKCTGG","TF:M10439","1","0","476","18","1","20093","CRYAB"
"TF","Factor: ROX; motif: GNNNCASGTGGS; match class: 1","TF:M09764_1","1","0","1705","18","2","20093","HSPG2,MON1A"
"TF","Factor: ROX; motif: GNNNCASGTGGS","TF:M09764","1","0","6035","18","5","20093","PRDM16,HSPG2,MON1A,PTP4A3,LDB3"
"TF","Factor: RORbeta; motif: TGACCYA; match class: 1","TF:M01722_1","1","0","1169","18","1","20093","KAT2B"
"TF","Factor: RORbeta; motif: TGACCYA","TF:M01722","1","0","6288","18","3","20093","HSPG2,KAT2B,NFATC3"
"TF","Factor: RORA; motif: CCYTGNCCTN","TF:M12659","1","0","8197","18","6","20093","NOS1AP,MECOM,GNRHR,PTP4A3,NFATC3,MYO18B"
"TF","Factor: RORalpha2; motif: NWAWNTAGGTCAN","TF:M00157","1","0","1092","18","1","20093","SP3"
"TF","Factor: RNF96; motif: BCCCGCRGCC; match class: 1","TF:M01199_1","1","0","4322","18","6","20093","HSPG2,NOS1AP,SP3,KAT2B,CACNA2D2,MECOM"
"TF","Factor: RNF96; motif: BCCCGCRGCC","TF:M01199","1","0","8564","18","8","20093","HSPG2,NOS1AP,SP3,KAT2B,CACNA2D2,MECOM,PKP2,NFATC3"
"TF","Factor: RHOXF1; motif: NGGATCAN","TF:M10963","1","0","2703","18","2","20093","LDB3,PKP2"
"TF","Factor: RHOXF1; motif: GGMTNATCC; match class: 1","TF:M04436_1","1","0","396","18","1","20093","MYPN"
"TF","Factor: RHOXF1; motif: GGMTNATCC","TF:M04436","1","0","2151","18","3","20093","HSPG2,NOS1AP,MYPN"
"TF","Factor: RFX; motif: SHGTTGCSN; match class: 1","TF:M00975_1","1","0","1042","18","1","20093","PKP2"
"TF","Factor: AML3; motif: NNAACCGCAAWAACCGCAAN","TF:M12000","1","0","6958","18","6","20093","PRDM16,SP3,KAT2B,MYPN,ADM,MYO18B"
"TF","Factor: AML3; motif: NWAACCACRAAAACCACRAN","TF:M11999","1","0","7069","18","6","20093","SP3,KAT2B,PTP4A3,MYPN,ADM,MYO18B"
"TF","Factor: AML3; motif: KGKNTGTGGTTTKK; match class: 1","TF:M10053_1","1","0","71","18","1","20093","MYPN"
"TF","Factor: AML3; motif: KGKNTGTGGTTTKK","TF:M10053","1","0","1395","18","2","20093","MECOM,MYPN"
"TF","Factor: AML3; motif: KNKNTYTGTGGTTTK; match class: 1","TF:M07124_1","1","0","64","18","1","20093","MYPN"
"TF","Factor: AML3; motif: KNKNTYTGTGGTTTK","TF:M07124","1","0","1499","18","1","20093","MYPN"
"TF","Factor: RUNX2; motif: WAACCGCAA","TF:M04108","1","0","1182","18","1","20093","PRDM16"
"TF","Factor: RUNX2; motif: WRACCGCANWAACCGCAN; match class: 1","TF:M04107_1","1","0","6513","18","4","20093","PRDM16,NOS1AP,SP3,KAT2B"
"TF","Factor: RUNX2; motif: WRACCGCANWAACCGCAN","TF:M04107","1","0","12613","18","11","20093","PRDM16,HSPG2,NOS1AP,SP3,KAT2B,CACNA2D2,MON1A,PTP4A3,TMEM245,MYPN,ADM"
"TF","Factor: RUNX2; motif: NRACCGCAAACCGCAN; match class: 1","TF:M04106_1","1","0","8446","18","8","20093","PRDM16,HSPG2,SP3,KAT2B,CACNA2D2,TMEM245,NFATC3,MYO18B"
"TF","Factor: RUNX2; motif: NRACCGCAAACCGCAN","TF:M04106","1","0","14018","18","13","20093","PRDM16,HSPG2,NOS1AP,SP3,KAT2B,CACNA2D2,MON1A,MECOM,TMEM245,LDB3,ADM,NFATC3,MYO18B"
"TF","Factor: AML1; motif: NNYTGTGGTTT","TF:M02257","1","0","1373","18","1","20093","MYPN"
"TF","Factor: RSRFC4; motif: ANKCTAWAAATAGMHYN","TF:M00407","1","0","1403","18","1","20093","LDB3"
"TF","Factor: RREB-1; motif: GRSDSGGGKTGGGKGG; match class: 1","TF:M07062_1","1","0","175","18","1","20093","MECOM"
"TF","Factor: RREB-1; motif: GRSDSGGGKTGGGKGG","TF:M07062","1","0","1533","18","5","20093","PRDM16,SP3,MON1A,MECOM,CRYAB"
"TF","Factor: RREB-1; motif: GGGWCSA; match class: 1","TF:M05439_1","1","0","3197","18","5","20093","PRDM16,NOS1AP,KAT2B,CACNA2D2,NFATC3"
"TF","Factor: RXRALPHA; motif: CNNTGRCCTYTNN","TF:M09833","1","0","5557","18","5","20093","MON1A,PTP4A3,LDB3,NFATC3,MYO18B"
"TF","Factor: RXR-ALPHA; motif: RAGGTCA; match class: 1","TF:M08968_1","1","0","923","18","2","20093","GNRHR,LDB3"
"TF","Factor: RXR-ALPHA; motif: RAGGTCA","TF:M08968","1","0","5504","18","4","20093","GNRHR,MYPN,LDB3,ADM"
"TF","Factor: RXR-alpha; motif: NSNRGCGCCCYCTGGYGGCN; match class: 1","TF:M04787_1","1","0","11165","18","13","20093","PRDM16,HSPG2,NOS1AP,SP3,KAT2B,CACNA2D2,MON1A,MECOM,PTP4A3,TMEM245,ADM,NFATC3,MYO18B"
"TF","Factor: RXR-alpha; motif: NSNRGCGCCCYCTGGYGGCN","TF:M04787","1","0","15684","18","14","20093","PRDM16,HSPG2,NOS1AP,SP3,KAT2B,CACNA2D2,MON1A,MECOM,PTP4A3,TMEM245,ADM,CRYAB,NFATC3,MYO18B"
"TF","Factor: RXRA; motif: RRGGTCATGACCYY; match class: 1","TF:M04490_1","1","0","2319","18","4","20093","NOS1AP,MON1A,PTP4A3,ADM"
"TF","Factor: RXRA; motif: RRGGTCATGACCYY","TF:M04490","1","0","6106","18","6","20093","HSPG2,NOS1AP,MON1A,PTP4A3,MYPN,ADM"
"TF","Factor: RXRA; motif: GRGGTCAAAGGTCA","TF:M04489","1","0","4019","18","2","20093","PTP4A3,MYO18B"
"TF","Factor: RUSH-1alpha; motif: NNMCWTNKNN; match class: 1","TF:M01107_1","1","0","402","18","1","20093","GNRHR"
"TF","Factor: RUSH-1alpha; motif: NNMCWTNKNN","TF:M01107","1","0","3228","18","4","20093","GNRHR,ADM,CRYAB,MYO18B"
"TF","Factor: AML2; motif: CWAACCGCAAAAACCGCARN; match class: 1","TF:M12002_1","1","0","2440","18","1","20093","ADM"
"TF","Factor: AML2; motif: CWAACCGCAAAAACCGCARN","TF:M12002","1","0","8425","18","6","20093","PRDM16,SP3,MON1A,MYPN,ADM,MYO18B"
"TF","Factor: RUNX3; motif: NRACCGCANWAACCRCAN; match class: 1","TF:M04110_1","1","0","3742","18","4","20093","NOS1AP,SP3,KAT2B,TMEM245"
"TF","Factor: RUNX3; motif: NRACCGCANWAACCRCAN","TF:M04110","1","0","9431","18","9","20093","PRDM16,HSPG2,NOS1AP,SP3,KAT2B,CACNA2D2,PTP4A3,TMEM245,ADM"
"TF","Factor: RUNX3; motif: NRACCGCAAACCGCAN; match class: 1","TF:M04109_1","1","0","3878","18","3","20093","SP3,CACNA2D2,MYO18B"
"TF","Factor: RUNX3; motif: NRACCGCAAACCGCAN","TF:M04109","1","0","9887","18","7","20093","HSPG2,NOS1AP,SP3,CACNA2D2,TMEM245,NFATC3,MYO18B"
"TF","Factor: SALL1; motif: CTGCMCYNTGSNCNN; match class: 1","TF:M13116_1","1","0","654","18","1","20093","MON1A"
"TF","Factor: SALL1; motif: CTGCMCYNTGSNCNN","TF:M13116","1","0","4170","18","3","20093","MON1A,PTP4A3,ADM"
"TF","Factor: Sall1; motif: NGGTCCKRGKRA; match class: 1","TF:M05467_1","1","0","579","18","2","20093","ADM,PKP2"
"TF","Factor: Sall1; motif: NGGTCCKRGKRA","TF:M05467","1","0","4229","18","3","20093","LDB3,ADM,PKP2"
"TF","Factor: Sall1; motif: NAKKCGKAAAKG","TF:M05464","1","0","951","18","2","20093","TMEM245,PKP2"
"TF","Factor: RXR:RAR; motif: RGKTCANNNRGAGGTCA; match class: 1","TF:M02272_1","1","0","1615","18","1","20093","MYPN"
"TF","Factor: RXR:RAR; motif: RGKTCANNNRGAGGTCA","TF:M02272","1","0","7103","18","6","20093","CACNA2D2,PTP4A3,MYPN,LDB3,CRYAB,PKP2"
"TF","Factor: RXR:PXR; motif: NNNTGAMCTYNNNTGAMCYN","TF:M03810","1","0","1403","18","1","20093","MON1A"
"TF","Factor: RXR-gamma; motif: NRGGTCAYGACCYN","TF:M11777","1","0","157","18","1","20093","MON1A"
"TF","Factor: RXR-beta; motif: RRGGTCATGACCYY","TF:M11783","1","0","168","18","2","20093","MON1A,PTP4A3"
"TF","Factor: RXR-beta; motif: RRGGTCGTGACCYY","TF:M11781","1","0","286","18","2","20093","MON1A,PTP4A3"
"TF","Factor: RXR-alpha; motif: GRGGTCAAAGGTCAN","TF:M11775","1","0","5239","18","2","20093","PTP4A3,MYO18B"
"TF","Factor: RXR-alpha; motif: RRGGTCAAAGGTCAN","TF:M11774","1","0","5695","18","1","20093","PTP4A3"
"TF","Factor: RXR-alpha; motif: NNGNNRNNNARAGGTCANNG; match class: 1","TF:M10055_1","1","0","1147","18","2","20093","MON1A,PTP4A3"
"TF","Factor: RXR-alpha; motif: NNGNNRNNNARAGGTCANNG","TF:M10055","1","0","6016","18","2","20093","MON1A,PTP4A3"
"TF","Factor: RXRALPHA; motif: CNNTGRCCTYTNN; match class: 1","TF:M09833_1","1","0","1030","18","1","20093","LDB3"
"TF","Factor: SCRT2; motif: NGCRACAGGTG","TF:M12253","1","0","39","18","1","20093","PKP2"
"TF","Factor: SCRT1; motif: NNNKCAACAGGTGNNN","TF:M12551","1","0","273","18","2","20093","CRYAB,PKP2"
"TF","Factor: SCRT1; motif: NGCAACAGGTN","TF:M12252","1","0","39","18","1","20093","PKP2"
"TF","Factor: SCRT1; motif: NGCRACAGGTG","TF:M12251","1","0","125","18","1","20093","PKP2"
"TF","Factor: SCRT1; motif: RNGCAACAGGTGGNN","TF:M03917","1","0","43","18","1","20093","PKP2"
"TF","Factor: SCMH1; motif: NGCTGTCCNYGGTGCTGN","TF:M12727","1","0","3032","18","4","20093","PRDM16,MYPN,PKP2,NFATC3"
"TF","Factor: SATB2; motif: GSCGCTGTCCNNGGTGCTGN; match class: 1","TF:M12660_1","1","0","1487","18","2","20093","ADM,NFATC3"
"TF","Factor: SATB2; motif: GSCGCTGTCCNNGGTGCTGN","TF:M12660","1","0","5753","18","7","20093","PRDM16,KAT2B,MON1A,TMEM245,ADM,PKP2,NFATC3"
"TF","Factor: SATB1; motif: NTTTAT; match class: 1","TF:M03564_1","1","0","12484","18","8","20093","MON1A,MECOM,GNRHR,TMEM245,MYPN,LDB3,CRYAB,PKP2"
"TF","Factor: SATB1; motif: NTTTAT","TF:M03564","1","0","16362","18","11","20093","NOS1AP,MON1A,MECOM,GNRHR,TMEM245,MYPN,LDB3,CRYAB,PKP2,NFATC3,MYO18B"
"TF","Factor: SATB1; motif: AKWAWTAAHGRYMNWW","TF:M01723","1","0","3350","18","3","20093","MON1A,MYPN,NFATC3"
"TF","Factor: (SATB1)2; motif: TATTAGTAATAA","TF:M01232","1","0","3349","18","4","20093","PRDM16,MON1A,GNRHR,MYO18B"
"TF","Factor: SAP-1a; motif: CWTCCKGT","TF:M03844","1","0","2867","18","4","20093","SP3,KAT2B,PTP4A3,MYPN"
"TF","Factor: SAP-1a; motif: NACCGGAAGTV","TF:M01167","1","0","2069","18","1","20093","PTP4A3"
"TF","Factor: SALL2; motif: GGGTGGG; match class: 1","TF:M04595_1","1","0","7538","18","9","20093","PRDM16,SP3,KAT2B,CACNA2D2,MECOM,PTP4A3,ADM,CRYAB,NFATC3"
"TF","Factor: SALL2; motif: GGGTGGG","TF:M04595","1","0","13313","18","12","20093","PRDM16,HSPG2,SP3,KAT2B,CACNA2D2,MON1A,MECOM,PTP4A3,ADM,CRYAB,NFATC3,MYO18B"
"TF","Factor: SF-1; motif: TGACCTTGN; match class: 1","TF:M01132_1","1","0","111","18","1","20093","LDB3"
"TF","Factor: SF-1; motif: TGACCTTGN","TF:M01132","1","0","1647","18","2","20093","MYPN,LDB3"
"TF","Factor: SF-1; motif: TGACCTTG; match class: 1","TF:M00727_1","1","0","199","18","1","20093","LDB3"
"TF","Factor: SF-1; motif: TGACCTTG","TF:M00727","1","0","2465","18","3","20093","GNRHR,MYPN,LDB3"
"TF","Factor: SF-1; motif: TGRCCTTGR","TF:M07267","1","0","1047","18","1","20093","NOS1AP"
"TF","Factor: SF-1; motif: NYCAAGGYCANNNN; match class: 1","TF:M03802_1","1","0","201","18","1","20093","LDB3"
"TF","Factor: SF-1; motif: NYCAAGGYCANNNN","TF:M03802","1","0","2252","18","4","20093","NOS1AP,MYPN,LDB3,MYO18B"
"TF","Factor: SF1; motif: NTGRCCTTGAMCT","TF:M12661","1","0","2446","18","3","20093","NOS1AP,MYPN,MYO18B"
"TF","Factor: SF-1; motif: NNCAAGGTCAN; match class: 1","TF:M11825_1","1","0","139","18","1","20093","LDB3"
"TF","Factor: SF-1; motif: NNCAAGGTCAN","TF:M11825","1","0","1877","18","2","20093","MYPN,LDB3"
"TF","Factor: SF-1; motif: NNCAAGGNCRN; match class: 1","TF:M11824_1","1","0","111","18","1","20093","LDB3"
"TF","Factor: SF-1; motif: NNCAAGGNCRN","TF:M11824","1","0","1644","18","2","20093","MYPN,LDB3"
"TF","Factor: SF-1; motif: NYYCAAGGYCA; match class: 1","TF:M10084_1","1","0","607","18","1","20093","LDB3"
"TF","Factor: SF-1; motif: NYYCAAGGYCA","TF:M10084","1","0","4174","18","4","20093","NOS1AP,MYPN,LDB3,MYO18B"
"TF","Factor: SCRT2; motif: NNNGCAACAGGTGNNN","TF:M12552","1","0","209","18","1","20093","PKP2"
"TF","Factor: SCRT2; motif: NGCAACAGGTG","TF:M12254","1","0","39","18","1","20093","PKP2"
"TF","Factor: SIX2; motif: NNCTGAAACCTGATMN","TF:M09786","1","0","565","18","1","20093","CRYAB"
"TF","Factor: Six-1; motif: CTCARRTTWCN","TF:M07466","1","0","3485","18","1","20093","CRYAB"
"TF","Factor: Six-1; motif: CTCAGVTTTCT","TF:M07335","1","0","1016","18","1","20093","CRYAB"
"TF","Factor: SIX1; motif: TGWAAYNTGATMYN","TF:M12662","1","0","492","18","1","20093","CRYAB"
"TF","Factor: Six-1; motif: NCGTATCRNN","TF:M11027","1","0","3257","18","1","20093","MYPN"
"TF","Factor: Six-1; motif: NNGTATCRNN; match class: 1","TF:M11026_1","1","0","1377","18","1","20093","MYPN"
"TF","Factor: Six-1; motif: NNGTATCRNN","TF:M11026","1","0","6341","18","3","20093","MON1A,MECOM,MYPN"
"TF","Factor: Six-1; motif: TGWAAYNTGAKMCN","TF:M10057","1","0","589","18","2","20093","MYPN,CRYAB"
"TF","Factor: SIX1; motif: GWAACCTGANM","TF:M09785","1","0","322","18","1","20093","CRYAB"
"TF","Factor: SIRT6; motif: AGATAARN","TF:M01797","1","0","1273","18","1","20093","GNRHR"
"TF","Factor: SIP1; motif: MRDSCAGGTGKCMCM","TF:M08896","1","0","675","18","2","20093","PRDM16,PKP2"
"TF","Factor: sin3A; motif: TGTCCNNGGTGCTG; match class: 1","TF:M04756_1","1","0","8038","18","11","20093","PRDM16,HSPG2,NOS1AP,KAT2B,MON1A,TMEM245,LDB3,ADM,CRYAB,PKP2,NFATC3"
"TF","Factor: sin3A; motif: TGTCCNNGGTGCTG","TF:M04756","1","0","14685","18","16","20093","PRDM16,HSPG2,NOS1AP,SP3,KAT2B,CACNA2D2,MON1A,MECOM,GNRHR,TMEM245,MYPN,LDB3,ADM,CRYAB,PKP2,NFATC3"
"TF","Factor: SHOX; motif: NTCRTTAN","TF:M10906","1","0","4353","18","2","20093","NOS1AP,MYPN"
"TF","Factor: SHOX; motif: NTAATTRN","TF:M08004","1","0","2434","18","3","20093","KAT2B,GNRHR,NFATC3"
"TF","Factor: SHOX2; motif: NYAATTAN","TF:M04439","1","0","1426","18","3","20093","KAT2B,GNRHR,NFATC3"
"TF","Factor: six4; motif: NCGTATCRNN; match class: 1","TF:M11025_1","1","0","1446","18","1","20093","MYPN"
"TF","Factor: six4; motif: NCGTATCRNN","TF:M11025","1","0","6615","18","3","20093","MON1A,MECOM,MYPN"
"TF","Factor: six4; motif: NCGTATCRTN; match class: 1","TF:M11024_1","1","0","1069","18","1","20093","MYPN"
"TF","Factor: six4; motif: NCGTATCRTN","TF:M11024","1","0","5555","18","3","20093","MON1A,MECOM,MYPN"
"TF","Factor: six-4; motif: ANNNATGACACCNNNNN","TF:M01374","1","0","6633","18","3","20093","PRDM16,CACNA2D2,ADM"
"TF","Factor: Six-3; motif: NWBTAATNYYWN","TF:M07428","1","0","3447","18","2","20093","ADM,NFATC3"
"TF","Factor: Six-3; motif: NNRTATCRNN","TF:M11035","1","0","2641","18","1","20093","MYPN"
"TF","Factor: Six-3; motif: NNGTATCRNN","TF:M11034","1","0","3835","18","1","20093","MON1A"
"TF","Factor: Six-2; motif: NCGTATCRYN","TF:M11033","1","0","8738","18","2","20093","SP3,MYPN"
"TF","Factor: Six-2; motif: NNGTAWCRNN; match class: 1","TF:M11032_1","1","0","4338","18","1","20093","MYPN"
"TF","Factor: Six-2; motif: NNGTAWCRNN","TF:M11032","1","0","11140","18","6","20093","MON1A,MECOM,MYPN,ADM,CRYAB,PKP2"
"TF","Factor: Six-2; motif: NCGTATCRNN; match class: 1","TF:M11031_1","1","0","2990","18","1","20093","MYPN"
"TF","Factor: Six-2; motif: NCGTATCRNN","TF:M11031","1","0","9421","18","5","20093","MON1A,MECOM,MYPN,CRYAB,PKP2"
"TF","Factor: Six-2; motif: NNGTATCRNN; match class: 1","TF:M11030_1","1","0","1852","18","1","20093","MYPN"
"TF","Factor: Six-2; motif: NNGTATCRNN","TF:M11030","1","0","7334","18","3","20093","MON1A,MECOM,MYPN"
"TF","Factor: Six-2; motif: KGAAAYNTGAKMC","TF:M10058","1","0","1548","18","3","20093","GNRHR,MYPN,CRYAB"
"TF","Factor: Smad2; motif: TGTCTGNCACCT; match class: 1","TF:M09656_1","1","0","1327","18","1","20093","SP3"
"TF","Factor: Smad2; motif: TGTCTGNCACCT","TF:M09656","1","0","6588","18","7","20093","HSPG2,SP3,KAT2B,MECOM,MYPN,LDB3,CRYAB"
"TF","Factor: Smad1; motif: NGGCAGACN","TF:M03845","1","0","4647","18","3","20093","SP3,KAT2B,MYO18B"
"TF","Factor: slug; motif: CACCTGNNN","TF:M07394","1","0","1792","18","2","20093","NOS1AP,NFATC3"
"TF","Factor: Slug; motif: SSSNNNKCACCTGN","TF:M07367","1","0","1709","18","2","20093","SP3,CRYAB"
"TF","Factor: slug; motif: KCACCTGN","TF:M03565","1","0","3035","18","5","20093","KAT2B,PTP4A3,TMEM245,LDB3,PKP2"
"TF","Factor: slug; motif: RRCAGGTGCA","TF:M12262","1","0","2193","18","2","20093","CRYAB,PKP2"
"TF","Factor: slug; motif: NRCAGGTGCR","TF:M12261","1","0","2343","18","1","20093","PKP2"
"TF","Factor: slug; motif: RRCAGGTGCA","TF:M12260","1","0","866","18","1","20093","PKP2"
"TF","Factor: slug; motif: NRCAGGTGCR","TF:M12259","1","0","1873","18","2","20093","CRYAB,PKP2"
"TF","Factor: slug; motif: RRCAGGTGCN","TF:M10064","1","0","1407","18","1","20093","PKP2"
"TF","Factor: SKIL; motif: NNCTGNCCYTKNCCCNN; match class: 1","TF:M13117_1","1","0","1769","18","1","20093","LDB3"
"TF","Factor: SKIL; motif: NNCTGNCCYTKNCCCNN","TF:M13117","1","0","6835","18","6","20093","PRDM16,SP3,GNRHR,PTP4A3,LDB3,ADM"
"TF","Factor: Six-6; motif: NNSTATCRNN","TF:M11037","1","0","5411","18","2","20093","MON1A,MECOM"
"TF","Factor: Six-4; motif: GGCTCARRTTWCN","TF:M07467","1","0","560","18","1","20093","CRYAB"
"TF","Factor: SIX4; motif: TGWAAYNTGANMCN","TF:M12663","1","0","575","18","1","20093","CRYAB"
"TF","Factor: SMAD4; motif: GKSRKKCAGMCANCY","TF:M00733","1","0","8887","18","8","20093","PRDM16,KAT2B,MON1A,MECOM,PTP4A3,LDB3,CRYAB,PKP2"
"TF","Factor: Smad4; motif: NCAGACAN","TF:M07368","1","0","3984","18","1","20093","PKP2"
"TF","Factor: Smad4; motif: NWGTCTGNCACCT","TF:M10061","1","0","3817","18","5","20093","HSPG2,SP3,KAT2B,MYPN,LDB3"
"TF","Factor: Smad4; motif: NTGTCTNNCACCT","TF:M09657","1","0","2481","18","3","20093","HSPG2,SP3,MYPN"
"TF","Factor: SMAD3; motif: CAGACAS; match class: 1","TF:M07429_1","1","0","1417","18","1","20093","LDB3"
"TF","Factor: SMAD3; motif: CAGACAS","TF:M07429","1","0","6443","18","4","20093","LDB3,ADM,PKP2,MYO18B"
"TF","Factor: Smad3; motif: NGNCAGACASNNN; match class: 1","TF:M01888_1","1","0","702","18","1","20093","LDB3"
"TF","Factor: Smad3; motif: NGNCAGACASNNN","TF:M01888","1","0","4207","18","4","20093","KAT2B,MYPN,LDB3,PKP2"
"TF","Factor: SMAD3; motif: TGTCTGTCT; match class: 1","TF:M00701_1","1","0","657","18","1","20093","LDB3"
"TF","Factor: SMAD3; motif: TGTCTGTCT","TF:M00701","1","0","4231","18","3","20093","PTP4A3,LDB3,MYO18B"
"TF","Factor: SMAD3; motif: YGTCTAGACA; match class: 1","TF:M04026_1","1","0","6225","18","5","20093","HSPG2,MON1A,GNRHR,PTP4A3,ADM"
"TF","Factor: SMAD3; motif: YGTCTAGACA","TF:M04026","1","0","6901","18","7","20093","HSPG2,SP3,MON1A,GNRHR,PTP4A3,LDB3,ADM"
"TF","Factor: Smad2; motif: AGACAN; match class: 1","TF:M03580_1","1","0","9308","18","4","20093","MECOM,LDB3,PKP2,MYO18B"
"TF","Factor: Smad2; motif: AGACAN","TF:M03580","1","0","15567","18","13","20093","HSPG2,NOS1AP,KAT2B,MON1A,MECOM,PTP4A3,TMEM245,MYPN,LDB3,ADM,PKP2,NFATC3,MYO18B"
"TF","Factor: SMAD2; motif: NNCCAGACNN","TF:M12889","1","0","3574","18","1","20093","PKP2"
"TF","Factor: Smad2; motif: TGTCTGNCWCCT","TF:M10059","1","0","6423","18","6","20093","SP3,MON1A,PTP4A3,MYPN,LDB3,CRYAB"
"TF","Factor: SNA; motif: NNRGCAGGTGCNNNN; match class: 1","TF:M10528_1","1","0","782","18","2","20093","PTP4A3,LDB3"
"TF","Factor: SNA; motif: NNRGCAGGTGCNNNN","TF:M10528","1","0","4664","18","5","20093","KAT2B,PTP4A3,TMEM245,LDB3,PKP2"
"TF","Factor: slug; motif: NRCAGGTGN","TF:M03919","1","0","1490","18","1","20093","CRYAB"
"TF","Factor: BAF170; motif: NNCTTATCTNN; match class: 1","TF:M09825_1","1","0","243","18","1","20093","GNRHR"
"TF","Factor: BAF170; motif: NNCTTATCTNN","TF:M09825","1","0","2857","18","6","20093","PRDM16,GNRHR,MYPN,ADM,CRYAB,MYO18B"
"TF","Factor: SMAD; motif: TNGNCAGACWN; match class: 1","TF:M00974_1","1","0","749","18","2","20093","LDB3,PKP2"
"TF","Factor: SMAD; motif: TNGNCAGACWN","TF:M00974","1","0","4687","18","4","20093","MON1A,GNRHR,LDB3,PKP2"
"TF","Factor: SMAD; motif: AGACNBCNN","TF:M00792","1","0","3913","18","6","20093","SP3,KAT2B,MECOM,PTP4A3,LDB3,MYO18B"
"TF","Factor: SMAD; motif: TGTCTGNNN; match class: 1","TF:M08897_1","1","0","702","18","1","20093","LDB3"
"TF","Factor: SMAD; motif: TGTCTGNNN","TF:M08897","1","0","4677","18","4","20093","HSPG2,LDB3,ADM,PKP2"
"TF","Factor: SMAD5; motif: CAGACWGN","TF:M08829","1","0","3407","18","3","20093","MON1A,MYPN,MYO18B"
"TF","Factor: SMAD5; motif: GSGGCAGM; match class: 1","TF:M03846_1","1","0","2508","18","3","20093","HSPG2,CACNA2D2,MECOM"
"TF","Factor: SMAD5; motif: GSGGCAGM","TF:M03846","1","0","8676","18","11","20093","PRDM16,HSPG2,SP3,KAT2B,CACNA2D2,MECOM,PTP4A3,TMEM245,LDB3,ADM,MYO18B"
"TF","Factor: Smad4; motif: TGTCTGN; match class: 1","TF:M01889_1","1","0","912","18","1","20093","MECOM"
"TF","Factor: Smad4; motif: TGTCTGN","TF:M01889","1","0","5429","18","3","20093","KAT2B,MECOM,LDB3"
"TF","Factor: SMAD4; motif: GKSRKKCAGMCANCY; match class: 1","TF:M00733_1","1","0","2834","18","3","20093","MON1A,PTP4A3,LDB3"
"TF","Factor: Sox-10; motif: AACAATRGNCYATTGTT","TF:M11632","1","0","5334","18","5","20093","NOS1AP,MON1A,MECOM,MYPN,CRYAB"
"TF","Factor: Sox-10; motif: MAANRRNNNCWTTGTT; match class: 1","TF:M10065_1","1","0","1990","18","1","20093","MYPN"
"TF","Factor: Sox-10; motif: MAANRRNNNCWTTGTT","TF:M10065","1","0","7345","18","5","20093","NOS1AP,MECOM,GNRHR,TMEM245,MYPN"
"TF","Factor: SOX10; motif: NNAACAAAGNN; match class: 1","TF:M09819_1","1","0","1166","18","1","20093","MYPN"
"TF","Factor: SOX10; motif: NNAACAAAGNN","TF:M09819","1","0","5890","18","4","20093","KAT2B,MON1A,GNRHR,MYPN"
"TF","Factor: Sox-10; motif: CWTTGT; match class: 1","TF:M03138_1","1","0","6798","18","4","20093","MYPN,LDB3,CRYAB,PKP2"
"TF","Factor: Sox-10; motif: CWTTGT","TF:M03138","1","0","13643","18","12","20093","HSPG2,SP3,KAT2B,MON1A,GNRHR,TMEM245,MYPN,LDB3,CRYAB,PKP2,NFATC3,MYO18B"
"TF","Factor: Sohlh2; motif: NNCACGTGNN; match class: 1","TF:M11075_1","1","0","8314","18","7","20093","HSPG2,MON1A,PTP4A3,LDB3,CRYAB,PKP2,NFATC3"
"TF","Factor: Sohlh2; motif: NNCACGTGNN","TF:M11075","1","0","12217","18","10","20093","HSPG2,SP3,CACNA2D2,MON1A,PTP4A3,LDB3,ADM,CRYAB,PKP2,NFATC3"
"TF","Factor: SNF2L; motif: NMARGAAGMATN","TF:M10062","1","0","2527","18","4","20093","MECOM,GNRHR,MYPN,ADM"
"TF","Factor: SNF2H; motif: GAATNGAATGGAAWC","TF:M10063","1","0","722","18","1","20093","CRYAB"
"TF","Factor: SNA; motif: GCCACCTGNCNGYN","TF:M03566","1","0","2282","18","1","20093","PKP2"
"TF","Factor: SNA; motif: NRCAGGTGCA","TF:M12258","1","0","2675","18","1","20093","PKP2"
"TF","Factor: SNA; motif: NRCAGGTGCR","TF:M12257","1","0","2343","18","1","20093","PKP2"
"TF","Factor: SNA; motif: NRCAGGTGNN","TF:M12256","1","0","2507","18","2","20093","TMEM245,PKP2"
"TF","Factor: SNA; motif: NRCAGGTGCN","TF:M12255","1","0","3434","18","5","20093","KAT2B,PTP4A3,TMEM245,LDB3,PKP2"
"TF","Factor: Sox-17; motif: TTGTYY; match class: 1","TF:M03803_1","1","0","9757","18","8","20093","NOS1AP,GNRHR,MYPN,LDB3,ADM,CRYAB,PKP2,NFATC3"
"TF","Factor: Sox-17; motif: TTGTYY","TF:M03803","1","0","15957","18","13","20093","NOS1AP,KAT2B,MON1A,MECOM,GNRHR,TMEM245,MYPN,LDB3,ADM,CRYAB,PKP2,NFATC3,MYO18B"
"TF","Factor: Sox-17; motif: NCCATTGTNNN","TF:M10066","1","0","2844","18","1","20093","GNRHR"
"TF","Factor: Sox-15; motif: ACAAWGGG","TF:M03847","1","0","1661","18","1","20093","LDB3"
"TF","Factor: Sox-14; motif: NNNACAATGN; match class: 1","TF:M11619_1","1","0","138","18","1","20093","MON1A"
"TF","Factor: Sox-14; motif: NNNACAATGN","TF:M11619","1","0","2215","18","3","20093","PRDM16,MON1A,MECOM"
"TF","Factor: Sox-11; motif: KNTCTTTGTTTK","TF:M07431","1","0","306","18","1","20093","GNRHR"
"TF","Factor: Sox-10; motif: NACAAWG; match class: 1","TF:M02116_1","1","0","8340","18","3","20093","MON1A,GNRHR,MYPN"
"TF","Factor: Sox-10; motif: NACAAWG","TF:M02116","1","0","14654","18","11","20093","KAT2B,CACNA2D2,MON1A,MECOM,GNRHR,TMEM245,MYPN,LDB3,CRYAB,PKP2,MYO18B"
"TF","Factor: Sox-10; motif: CWTTGTN; match class: 1","TF:M01131_1","1","0","2758","18","3","20093","LDB3,CRYAB,PKP2"
"TF","Factor: Sox-10; motif: CWTTGTN","TF:M01131","1","0","9251","18","8","20093","HSPG2,SP3,MYPN,LDB3,CRYAB,PKP2,NFATC3,MYO18B"
"TF","Factor: Sox-10; motif: NACAATRNNNNYATTGTN; match class: 1","TF:M11635_1","1","0","6046","18","3","20093","MYPN,LDB3,PKP2"
"TF","Factor: Sox-10; motif: NACAATRNNNNYATTGTN","TF:M11635","1","0","6519","18","3","20093","MYPN,LDB3,PKP2"
"TF","Factor: Sox-10; motif: AACAATGGNCCATTGTT; match class: 1","TF:M11633_1","1","0","3363","18","4","20093","NOS1AP,MON1A,MECOM,MYPN"
"TF","Factor: Sox-10; motif: AACAATGGNCCATTGTT","TF:M11633","1","0","3931","18","4","20093","NOS1AP,MON1A,MECOM,MYPN"
"TF","Factor: Sox-10; motif: AACAATRGNCYATTGTT; match class: 1","TF:M11632_1","1","0","4825","18","5","20093","NOS1AP,MON1A,MECOM,MYPN,CRYAB"
"TF","Factor: Sox-4; motif: ACAAWGNRNYN","TF:M07614","1","0","1900","18","5","20093","SP3,GNRHR,MYPN,CRYAB,PKP2"
"TF","Factor: Sox-4; motif: NAACAAAGRN","TF:M11639","1","0","3258","18","1","20093","GNRHR"
"TF","Factor: Sox-4; motif: NAACAAAGRN","TF:M11638","1","0","2885","18","2","20093","KAT2B,GNRHR"
"TF","Factor: Sox-4; motif: NYCTTTGTYYYN; match class: 1","TF:M10069_1","1","0","1836","18","1","20093","LDB3"
"TF","Factor: Sox-4; motif: NYCTTTGTYYYN","TF:M10069","1","0","7576","18","6","20093","HSPG2,KAT2B,GNRHR,LDB3,CRYAB,NFATC3"
"TF","Factor: Sox-3; motif: SNNACAATRK","TF:M11617","1","0","4035","18","4","20093","PRDM16,MON1A,MECOM,GNRHR"
"TF","Factor: Sox-3; motif: NCCTTTGTNYN","TF:M10068","1","0","1692","18","3","20093","HSPG2,CRYAB,NFATC3"
"TF","Factor: Sox-30; motif: NAACAATN","TF:M11641","1","0","2505","18","1","20093","MECOM"
"TF","Factor: Sox-2; motif: NNNANAACAAWGRNN","TF:M07308","1","0","2158","18","1","20093","GNRHR"
"TF","Factor: SOX2; motif: NNACAATGGNN","TF:M12505","1","0","1782","18","1","20093","GNRHR"
"TF","Factor: Sox-2; motif: NNCCTTTGTNYYN; match class: 1","TF:M10067_1","1","0","1352","18","1","20093","LDB3"
"TF","Factor: Sox-2; motif: NNCCTTTGTNYYN","TF:M10067","1","0","6346","18","5","20093","HSPG2,GNRHR,LDB3,CRYAB,NFATC3"
"TF","Factor: Sox-18; motif: CAAWGBB; match class: 1","TF:M03848_1","1","0","13182","18","8","20093","HSPG2,MON1A,MECOM,TMEM245,LDB3,ADM,CRYAB,MYO18B"
"TF","Factor: Sox-18; motif: CAAWGBB","TF:M03848","1","0","17842","18","14","20093","PRDM16,HSPG2,SP3,MON1A,MECOM,GNRHR,TMEM245,MYPN,LDB3,ADM,CRYAB,PKP2,NFATC3,MYO18B"
"TF","Factor: SOX18; motif: AACAATDV","TF:M13096","1","0","972","18","1","20093","NFATC3"
"TF","Factor: Sox-18; motif: NACAAYGS","TF:M11623","1","0","5650","18","5","20093","PRDM16,KAT2B,MON1A,MECOM,GNRHR"
"TF","Factor: Sox-9; motif: RNACAAAGGVN","TF:M01284","1","0","6219","18","5","20093","HSPG2,GNRHR,LDB3,CRYAB,NFATC3"
"TF","Factor: Sox-9; motif: NNNNAACAATRGNN; match class: 1","TF:M00410_1","1","0","769","18","2","20093","MON1A,MYPN"
"TF","Factor: Sox-9; motif: NNNNAACAATRGNN","TF:M00410","1","0","4245","18","2","20093","MON1A,MYPN"
"TF","Factor: Sox-9; motif: NNNACAATRG","TF:M11626","1","0","6808","18","3","20093","MON1A,GNRHR,MYPN"
"TF","Factor: Sox-9; motif: AANGGNNNCWTTGTTY; match class: 1","TF:M10070_1","1","0","335","18","1","20093","MYPN"
"TF","Factor: Sox-9; motif: AANGGNNNCWTTGTTY","TF:M10070","1","0","2781","18","3","20093","MECOM,GNRHR,MYPN"
"TF","Factor: Sox-9; motif: MACARWGNNNYCNTTNW; match class: 1","TF:M08838_1","1","0","719","18","1","20093","MYPN"
"TF","Factor: Sox-9; motif: MACARWGNNNYCNTTNW","TF:M08838","1","0","4392","18","5","20093","MECOM,GNRHR,MYPN,NFATC3,MYO18B"
"TF","Factor: Sox-7; motif: NACAATDGA","TF:M07309","1","0","1237","18","2","20093","GNRHR,MYPN"
"TF","Factor: Sox-4; motif: NNNNNAATTGTTNNNNN; match class: 1","TF:M02909_1","1","0","984","18","1","20093","MYPN"
"TF","Factor: Sox-4; motif: NNNNNAATTGTTNNNNN","TF:M02909","1","0","4628","18","3","20093","MON1A,MYPN,NFATC3"
"TF","Factor: Sox-5; motif: NNAACAATNN; match class: 1","TF:M00042_1","1","0","576","18","1","20093","MECOM"
"TF","Factor: Sox-5; motif: NNAACAATNN","TF:M00042","1","0","3600","18","5","20093","NOS1AP,MON1A,MECOM,MYPN,CRYAB"
"TF","Factor: Sox-4; motif: BCWTTGT","TF:M07268","1","0","5770","18","8","20093","SP3,KAT2B,GNRHR,TMEM245,MYPN,LDB3,CRYAB,PKP2"
"TF","Factor: Sox-4; motif: AACAAA; match class: 1","TF:M03849_1","1","0","9460","18","8","20093","NOS1AP,KAT2B,MON1A,MECOM,GNRHR,MYPN,PKP2,MYO18B"
"TF","Factor: Sox-4; motif: AACAAA","TF:M03849","1","0","14774","18","9","20093","NOS1AP,KAT2B,MON1A,MECOM,GNRHR,MYPN,CRYAB,PKP2,MYO18B"
"TF","Factor: SP1; motif: RCCMCRCCCMC; match class: 1","TF:M03920_1","1","0","3051","18","4","20093","HSPG2,CRYAB,PKP2,NFATC3"
"TF","Factor: SP1; motif: RCCMCRCCCMC","TF:M03920","1","0","7367","18","5","20093","HSPG2,ADM,CRYAB,PKP2,NFATC3"
"TF","Factor: SP1; motif: CCCCKCCCCC; match class: 1","TF:M02281_1","1","0","2580","18","8","20093","PRDM16,HSPG2,KAT2B,PTP4A3,TMEM245,CRYAB,PKP2,NFATC3"
"TF","Factor: SP1; motif: CCCCKCCCCC","TF:M02281","1","0","6584","18","13","20093","PRDM16,HSPG2,NOS1AP,SP3,KAT2B,CACNA2D2,MECOM,PTP4A3,TMEM245,ADM,CRYAB,PKP2,NFATC3"
"TF","Factor: SP1; motif: GGGGYGGGGNS; match class: 1","TF:M01303_1","1","0","3547","18","8","20093","HSPG2,KAT2B,CACNA2D2,MECOM,ADM,CRYAB,PKP2,NFATC3"
"TF","Factor: SP1; motif: GGGGYGGGGNS","TF:M01303","1","0","8082","18","10","20093","HSPG2,SP3,KAT2B,CACNA2D2,MECOM,PTP4A3,ADM,CRYAB,PKP2,NFATC3"
"TF","Factor: Sp1; motif: GGGGCGGGGT; match class: 1","TF:M00008_1","1","0","4973","18","4","20093","PRDM16,HSPG2,PKP2,NFATC3"
"TF","Factor: Sp1; motif: GGGGCGGGGT","TF:M00008","1","0","10214","18","9","20093","PRDM16,HSPG2,KAT2B,CACNA2D2,MECOM,ADM,CRYAB,PKP2,NFATC3"
"TF","Factor: SP1:SP3; motif: CCSCCCCCYCC; match class: 1","TF:M01219_1","1","0","2971","18","8","20093","PRDM16,HSPG2,NOS1AP,KAT2B,CACNA2D2,TMEM245,PKP2,NFATC3"
"TF","Factor: SP1:SP3; motif: CCSCCCCCYCC","TF:M01219","1","0","6900","18","10","20093","PRDM16,HSPG2,NOS1AP,KAT2B,CACNA2D2,MECOM,TMEM245,CRYAB,PKP2,NFATC3"
"TF","Factor: SP192; motif: YNNNCNTCASYAMCANNSNCAGCNYMN","TF:M12667","1","0","955","18","3","20093","MON1A,ADM,CRYAB"
"TF","Factor: SOX; motif: CTCTTTGTTANGA; match class: 1","TF:M01014_1","1","0","936","18","1","20093","MYPN"
"TF","Factor: SOX; motif: CTCTTTGTTANGA","TF:M01014","1","0","5286","18","5","20093","KAT2B,GNRHR,MYPN,CRYAB,PKP2"
"TF","Factor: SOX; motif: NNNNCWTTGTT","TF:M08899","1","0","2155","18","1","20093","GNRHR"
"TF","Factor: Sox-9; motif: NNNNNACAAARGNNSMN; match class: 1","TF:M07269_1","1","0","3551","18","2","20093","CRYAB,NFATC3"
"TF","Factor: Sox-9; motif: NNNNNACAAARGNNSMN","TF:M07269","1","0","10372","18","9","20093","HSPG2,NOS1AP,SP3,MON1A,GNRHR,MYPN,LDB3,CRYAB,NFATC3"
"TF","Factor: SP1; motif: GGCCCCGCCCCCN; match class: 1","TF:M12666_1","1","0","4424","18","7","20093","HSPG2,NOS1AP,KAT2B,CACNA2D2,ADM,PKP2,NFATC3"
"TF","Factor: SP1; motif: GGCCCCGCCCCCN","TF:M12666","1","0","8780","18","10","20093","HSPG2,NOS1AP,KAT2B,CACNA2D2,MON1A,MECOM,ADM,CRYAB,PKP2,NFATC3"
"TF","Factor: Sp1; motif: NWRGCCACGCCCMCN; match class: 1","TF:M12152_1","1","0","2882","18","3","20093","HSPG2,PKP2,NFATC3"
"TF","Factor: Sp1; motif: NWRGCCACGCCCMCN","TF:M12152","1","0","7435","18","9","20093","PRDM16,HSPG2,NOS1AP,KAT2B,PTP4A3,ADM,CRYAB,PKP2,NFATC3"
"TF","Factor: Sp1; motif: NWRGCCMCGCCCMCN; match class: 1","TF:M12151_1","1","0","2570","18","3","20093","HSPG2,PKP2,NFATC3"
"TF","Factor: Sp1; motif: NWRGCCMCGCCCMCN","TF:M12151","1","0","6911","18","6","20093","HSPG2,NOS1AP,KAT2B,ADM,PKP2,NFATC3"
"TF","Factor: Sp1; motif: RGGGMGGRGSNGGGG","TF:M10529","1","0","7009","18","11","20093","PRDM16,HSPG2,SP3,KAT2B,MON1A,MECOM,PTP4A3,TMEM245,ADM,PKP2,NFATC3"
"TF","Factor: Sp1; motif: NGGGGGCGGGGCCNGGGGGGGG; match class: 1","TF:M10071_1","1","0","4640","18","5","20093","HSPG2,KAT2B,ADM,PKP2,NFATC3"
"TF","Factor: Sp1; motif: NGGGGGCGGGGCCNGGGGGGGG","TF:M10071","1","0","8609","18","10","20093","HSPG2,NOS1AP,KAT2B,CACNA2D2,MON1A,MECOM,ADM,CRYAB,PKP2,NFATC3"
"TF","Factor: SP1; motif: NRGKGGGCGGGGCN; match class: 1","TF:M09765_1","1","0","3335","18","5","20093","HSPG2,NOS1AP,CRYAB,PKP2,NFATC3"
"TF","Factor: SP1; motif: NRGKGGGCGGGGCN","TF:M09765","1","0","7592","18","10","20093","HSPG2,NOS1AP,KAT2B,CACNA2D2,MECOM,PTP4A3,ADM,CRYAB,PKP2,NFATC3"
"TF","Factor: SP1; motif: NCCCCKCCCCC; match class: 1","TF:M07226_1","1","0","3960","18","7","20093","HSPG2,KAT2B,PTP4A3,ADM,CRYAB,PKP2,NFATC3"
"TF","Factor: SP1; motif: NCCCCKCCCCC","TF:M07226","1","0","8420","18","12","20093","PRDM16,HSPG2,NOS1AP,SP3,KAT2B,CACNA2D2,MECOM,PTP4A3,ADM,CRYAB,PKP2,NFATC3"
"TF","Factor: Sp1; motif: GGNDGGRGGCGGGG; match class: 1","TF:M04953_1","1","0","4129","18","10","20093","PRDM16,HSPG2,SP3,KAT2B,MECOM,PTP4A3,TMEM245,CRYAB,PKP2,NFATC3"
"TF","Factor: Sp1; motif: GGNDGGRGGCGGGG","TF:M04953","1","0","8836","18","15","20093","PRDM16,HSPG2,NOS1AP,SP3,KAT2B,CACNA2D2,MON1A,MECOM,PTP4A3,TMEM245,LDB3,ADM,CRYAB,PKP2,NFATC3"
"TF","Factor: Sp2; motif: WGGGCGG","TF:M05332","1","0","8624","18","10","20093","PRDM16,NOS1AP,KAT2B,CACNA2D2,MON1A,MECOM,PTP4A3,TMEM245,ADM,PKP2"
"TF","Factor: Sp2; motif: AAGGGGCGG","TF:M04932","1","0","2629","18","2","20093","ADM,CRYAB"
"TF","Factor: SP2; motif: GGGCGGGAC; match class: 1","TF:M01783_1","1","0","4350","18","4","20093","HSPG2,ADM,PKP2,NFATC3"
"TF","Factor: SP2; motif: GGGCGGGAC","TF:M01783","1","0","9256","18","9","20093","PRDM16,HSPG2,NOS1AP,MECOM,TMEM245,LDB3,ADM,PKP2,NFATC3"
"TF","Factor: Sp1; motif: GGGGCGGGGC; match class: 1","TF:M00931_1","1","0","5958","18","6","20093","HSPG2,KAT2B,TMEM245,ADM,PKP2,NFATC3"
"TF","Factor: Sp1; motif: GGGGCGGGGC","TF:M00931","1","0","10459","18","14","20093","PRDM16,HSPG2,NOS1AP,SP3,KAT2B,CACNA2D2,MON1A,MECOM,PTP4A3,TMEM245,ADM,CRYAB,PKP2,NFATC3"
"TF","Factor: Sp1; motif: NGGGGGCGGGGYN; match class: 1","TF:M00196_1","1","0","5980","18","7","20093","HSPG2,KAT2B,CACNA2D2,MON1A,ADM,PKP2,NFATC3"
"TF","Factor: Sp1; motif: NGGGGGCGGGGYN","TF:M00196","1","0","10412","18","13","20093","HSPG2,NOS1AP,SP3,KAT2B,CACNA2D2,MON1A,MECOM,PTP4A3,TMEM245,ADM,CRYAB,PKP2,NFATC3"
"TF","Factor: Sp1; motif: NNGGGGCGGGGNN; match class: 1","TF:M00932_1","1","0","6107","18","7","20093","HSPG2,NOS1AP,KAT2B,ADM,CRYAB,PKP2,NFATC3"
"TF","Factor: Sp1; motif: NNGGGGCGGGGNN","TF:M00932","1","0","10610","18","14","20093","PRDM16,HSPG2,NOS1AP,SP3,KAT2B,CACNA2D2,MON1A,MECOM,PTP4A3,TMEM245,ADM,CRYAB,PKP2,NFATC3"
"TF","Factor: Sp1; motif: GGGGCGGGGC; match class: 1","TF:M07063_1","1","0","2567","18","3","20093","HSPG2,PKP2,NFATC3"
"TF","Factor: Sp1; motif: GGGGCGGGGC","TF:M07063","1","0","6344","18","6","20093","HSPG2,CACNA2D2,MON1A,ADM,PKP2,NFATC3"
"TF","Factor: Sp1; motif: NGGGGCGGGGN; match class: 1","TF:M07395_1","1","0","6414","18","10","20093","HSPG2,NOS1AP,SP3,KAT2B,CACNA2D2,MON1A,TMEM245,ADM,PKP2,NFATC3"
"TF","Factor: Sp1; motif: NGGGGCGGGGN","TF:M07395","1","0","10814","18","13","20093","HSPG2,NOS1AP,SP3,KAT2B,CACNA2D2,MON1A,MECOM,PTP4A3,TMEM245,ADM,CRYAB,PKP2,NFATC3"
"TF","Factor: Sp1; motif: CCCCGCCCCN; match class: 1","TF:M00933_1","1","0","5225","18","7","20093","HSPG2,KAT2B,PTP4A3,ADM,CRYAB,PKP2,NFATC3"
"TF","Factor: Sp1; motif: CCCCGCCCCN","TF:M00933","1","0","9869","18","14","20093","PRDM16,HSPG2,NOS1AP,SP3,KAT2B,CACNA2D2,MON1A,MECOM,PTP4A3,TMEM245,ADM,CRYAB,PKP2,NFATC3"
"TF","Factor: Sp2; motif: NYSGCCCCGCCCCCY","TF:M03567","1","0","7812","18","12","20093","HSPG2,NOS1AP,SP3,KAT2B,CACNA2D2,MON1A,MECOM,PTP4A3,ADM,CRYAB,PKP2,NFATC3"
"TF","Factor: SP2; motif: NNRRCCAATSRGNRNSNGSN; match class: 1","TF:M12668_1","1","0","5978","18","7","20093","SP3,KAT2B,MECOM,GNRHR,TMEM245,CRYAB,NFATC3"
"TF","Factor: SP2; motif: NNRRCCAATSRGNRNSNGSN","TF:M12668","1","0","12562","18","9","20093","SP3,KAT2B,MECOM,GNRHR,PTP4A3,TMEM245,CRYAB,NFATC3,MYO18B"
"TF","Factor: Sp2; motif: NTAAGYCCCGCCCMCTN; match class: 1","TF:M12156_1","1","0","992","18","2","20093","HSPG2,NFATC3"
"TF","Factor: Sp2; motif: NTAAGYCCCGCCCMCTN","TF:M12156","1","0","4407","18","6","20093","HSPG2,NOS1AP,MON1A,TMEM245,CRYAB,NFATC3"
"TF","Factor: Sp2; motif: NTWAGTCCCGCCCMCTT; match class: 1","TF:M12155_1","1","0","1000","18","2","20093","TMEM245,NFATC3"
"TF","Factor: Sp2; motif: NTWAGTCCCGCCCMCTT","TF:M12155","1","0","4654","18","6","20093","HSPG2,SP3,KAT2B,TMEM245,PKP2,NFATC3"
"TF","Factor: Sp2; motif: GGGGCGGGG; match class: 1","TF:M10435_1","1","0","3543","18","3","20093","HSPG2,PKP2,NFATC3"
"TF","Factor: Sp2; motif: GGGGCGGGG","TF:M10435","1","0","7807","18","9","20093","HSPG2,KAT2B,CACNA2D2,MON1A,MECOM,ADM,CRYAB,PKP2,NFATC3"
"TF","Factor: Sp2; motif: GGSNNGGGGGCGGGGCCNGNGS; match class: 1","TF:M09658_1","1","0","2039","18","3","20093","HSPG2,PKP2,NFATC3"
"TF","Factor: Sp2; motif: GGSNNGGGGGCGGGGCCNGNGS","TF:M09658","1","0","5325","18","8","20093","PRDM16,HSPG2,KAT2B,CACNA2D2,MECOM,ADM,PKP2,NFATC3"
"TF","Factor: Sp2; motif: GYCCCGCCYCYNNNN; match class: 1","TF:M07129_1","1","0","2431","18","5","20093","HSPG2,KAT2B,CACNA2D2,PKP2,NFATC3"
"TF","Factor: Sp2; motif: GYCCCGCCYCYNNNN","TF:M07129","1","0","6354","18","9","20093","HSPG2,KAT2B,CACNA2D2,MON1A,MECOM,ADM,CRYAB,PKP2,NFATC3"
"TF","Factor: Sp2; motif: TGGGCGCGCCCA; match class: 1","TF:M06948_1","1","0","6196","18","8","20093","PRDM16,HSPG2,NOS1AP,CACNA2D2,MON1A,PTP4A3,PKP2,NFATC3"
"TF","Factor: Sp2; motif: TGGGCGCGCCCA","TF:M06948","1","0","8956","18","10","20093","PRDM16,HSPG2,NOS1AP,CACNA2D2,MON1A,PTP4A3,TMEM245,LDB3,PKP2,NFATC3"
"TF","Factor: Sp2; motif: WGGGCGG; match class: 1","TF:M05332_1","1","0","3288","18","2","20093","PRDM16,TMEM245"
"TF","Factor: sp4; motif: NNNGCYCCGCCCCCY","TF:M10530","1","0","8329","18","10","20093","PRDM16,HSPG2,NOS1AP,KAT2B,CACNA2D2,MECOM,ADM,CRYAB,PKP2,NFATC3"
"TF","Factor: sp4; motif: NNGNARGRGGCGGRGCNNRR; match class: 1","TF:M10072_1","1","0","6301","18","9","20093","PRDM16,HSPG2,NOS1AP,KAT2B,CACNA2D2,MECOM,ADM,PKP2,NFATC3"
"TF","Factor: sp4; motif: NNGNARGRGGCGGRGCNNRR","TF:M10072","1","0","10681","18","12","20093","PRDM16,HSPG2,NOS1AP,SP3,KAT2B,CACNA2D2,MECOM,TMEM245,ADM,CRYAB,PKP2,NFATC3"
"TF","Factor: SP4; motif: NWRGCCACGCCCMCTYN; match class: 1","TF:M03922_1","1","0","2144","18","2","20093","HSPG2,NFATC3"
"TF","Factor: SP4; motif: NWRGCCACGCCCMCTYN","TF:M03922","1","0","6089","18","7","20093","PRDM16,HSPG2,NOS1AP,KAT2B,ADM,PKP2,NFATC3"
"TF","Factor: Sp3; motif: GGGGCGGGGSNN; match class: 1","TF:M07615_1","1","0","2928","18","3","20093","HSPG2,PKP2,NFATC3"
"TF","Factor: Sp3; motif: GGGGCGGGGSNN","TF:M07615","1","0","6901","18","8","20093","HSPG2,KAT2B,CACNA2D2,MON1A,ADM,CRYAB,PKP2,NFATC3"
"TF","Factor: Sp3; motif: ASMCTTGGGSRGGG; match class: 1","TF:M00665_1","1","0","2299","18","6","20093","PRDM16,NOS1AP,KAT2B,MON1A,MECOM,PTP4A3"
"TF","Factor: Sp3; motif: ASMCTTGGGSRGGG","TF:M00665","1","0","7808","18","9","20093","PRDM16,NOS1AP,KAT2B,MON1A,MECOM,PTP4A3,ADM,NFATC3,MYO18B"
"TF","Factor: Sp3; motif: NGCCACGCCCMCN","TF:M12154","1","0","2245","18","1","20093","KAT2B"
"TF","Factor: Sp3; motif: NGCCACGCCCMCN; match class: 1","TF:M12153_1","1","0","1933","18","2","20093","HSPG2,NFATC3"
"TF","Factor: Sp3; motif: NGCCACGCCCMCN","TF:M12153","1","0","6293","18","6","20093","HSPG2,NOS1AP,KAT2B,MECOM,CRYAB,NFATC3"
"TF","Factor: SP3; motif: NCCACGCCCMC","TF:M03921","1","0","3936","18","4","20093","HSPG2,KAT2B,MON1A,PKP2"
"TF","Factor: SP2; motif: GNNGGGGGCGGGGSN; match class: 1","TF:M03807_1","1","0","4240","18","4","20093","HSPG2,KAT2B,PKP2,NFATC3"
"TF","Factor: SP2; motif: GNNGGGGGCGGGGSN","TF:M03807","1","0","8548","18","11","20093","PRDM16,HSPG2,NOS1AP,SP3,KAT2B,CACNA2D2,MECOM,ADM,CRYAB,PKP2,NFATC3"
"TF","Factor: Sp2; motif: NYSGCCCCGCCCCCY; match class: 1","TF:M03567_1","1","0","3646","18","4","20093","HSPG2,KAT2B,PKP2,NFATC3"
"TF","Factor: SP9; motif: NCCACGCCCMCN","TF:M12150","1","0","2407","18","1","20093","KAT2B"
"TF","Factor: SP9; motif: RCCACGCCCMCY","TF:M12149","1","0","2443","18","1","20093","KAT2B"
"TF","Factor: SP8; motif: NCCACGCCCMCN","TF:M12148","1","0","2967","18","2","20093","HSPG2,KAT2B"
"TF","Factor: SP8; motif: RNCACGCCCMCN","TF:M12147","1","0","2523","18","1","20093","KAT2B"
"TF","Factor: SP8; motif: RCCACGCCCMCY; match class: 1","TF:M03923_1","1","0","413","18","1","20093","MECOM"
"TF","Factor: SP8; motif: RCCACGCCCMCY","TF:M03923","1","0","2962","18","4","20093","SP3,KAT2B,MECOM,CRYAB"
"TF","Factor: Sp6; motif: WGGGCGG; match class: 1","TF:M05361_1","1","0","3288","18","2","20093","PRDM16,TMEM245"
"TF","Factor: Sp6; motif: WGGGCGG","TF:M05361","1","0","8624","18","10","20093","PRDM16,NOS1AP,KAT2B,CACNA2D2,MON1A,MECOM,PTP4A3,TMEM245,ADM,PKP2"
"TF","Factor: Sp5; motif: ACCSCGCCKCCSS","TF:M07310","1","0","245","18","1","20093","CACNA2D2"
"TF","Factor: SP4; motif: SCCCCGCCCCS; match class: 1","TF:M01273_1","1","0","1005","18","2","20093","HSPG2,NFATC3"
"TF","Factor: SP4; motif: SCCCCGCCCCS","TF:M01273","1","0","3309","18","4","20093","HSPG2,ADM,PKP2,NFATC3"
"TF","Factor: Sp4; motif: SCCCCKCCCCCSN; match class: 1","TF:M07617_1","1","0","899","18","3","20093","HSPG2,PKP2,NFATC3"
"TF","Factor: Sp4; motif: SCCCCKCCCCCSN","TF:M07617","1","0","3660","18","4","20093","HSPG2,CRYAB,PKP2,NFATC3"
"TF","Factor: SP4; motif: GGCCCCGCCCCCN; match class: 1","TF:M13135_1","1","0","2210","18","3","20093","HSPG2,PKP2,NFATC3"
"TF","Factor: SP4; motif: GGCCCCGCCCCCN","TF:M13135","1","0","5626","18","5","20093","HSPG2,NOS1AP,ADM,PKP2,NFATC3"
"TF","Factor: sp4; motif: NNNGCYCCGCCCCCY; match class: 1","TF:M10530_1","1","0","3797","18","4","20093","HSPG2,CRYAB,PKP2,NFATC3"
"TF","Factor: Spi-B; motif: TTCYBC","TF:M03851","1","0","20088","18","18","20093","PRDM16,HSPG2,NOS1AP,SP3,KAT2B,CACNA2D2,MON1A,MECOM,GNRHR,PTP4A3,TMEM245,MYPN,LDB3,ADM,CRYAB,PKP2,NFATC3,MYO18B"
"TF","Factor: SPIB; motif: NNTCACTTCCTCTTTN","TF:M12498","1","0","2255","18","1","20093","MYPN"
"TF","Factor: Spi-B; motif: NAWGRGGAAGTR","TF:M11374","1","0","2584","18","1","20093","NFATC3"
"TF","Factor: Spi-B; motif: NRAAAGAGGAAGTGARA","TF:M10074","1","0","1685","18","1","20093","MYPN"
"TF","Factor: Spi-B; motif: AAAAWGMGGAAGTWNSN","TF:M01204","1","0","830","18","1","20093","MYPN"
"TF","Factor: PU.1; motif: AGGAAG; match class: 1","TF:M02031_1","1","0","14064","18","14","20093","PRDM16,NOS1AP,SP3,KAT2B,GNRHR,PTP4A3,TMEM245,MYPN,LDB3,ADM,CRYAB,PKP2,NFATC3,MYO18B"
"TF","Factor: PU.1; motif: AGGAAG","TF:M02031","1","0","18200","18","16","20093","PRDM16,NOS1AP,SP3,KAT2B,CACNA2D2,MON1A,GNRHR,PTP4A3,TMEM245,MYPN,LDB3,ADM,CRYAB,PKP2,NFATC3,MYO18B"
"TF","Factor: SPI1; motif: NNNAAAGAGGAAGTGANNNN","TF:M12497","1","0","2393","18","1","20093","MYPN"
"TF","Factor: PU.1; motif: NRAAAGAGGAAGTGRNN","TF:M10073","1","0","2485","18","2","20093","SP3,MYPN"
"TF","Factor: PU.1; motif: NRAAAGAGGAAGTGARA","TF:M09659","1","0","2606","18","4","20093","SP3,MYPN,LDB3,ADM"
"TF","Factor: PU.1; motif: ACTTCCTCT","TF:M04711","1","0","1767","18","1","20093","MYPN"
"TF","Factor: SPI1; motif: AAAAAGCGGAAGTW","TF:M03994","1","0","2263","18","4","20093","PRDM16,MECOM,PTP4A3,MYPN"
"TF","Factor: SPI1; motif: AGGAAGT; match class: 1","TF:M02278_1","1","0","1544","18","1","20093","MYPN"
"TF","Factor: SPI1; motif: AGGAAGT","TF:M02278","1","0","7071","18","6","20093","PRDM16,KAT2B,GNRHR,PTP4A3,MYPN,NFATC3"
"TF","Factor: SPI1; motif: NGRGGAAGTN","TF:M02078","1","0","3584","18","3","20093","KAT2B,CACNA2D2,MYPN"
"TF","Factor: SPI1; motif: NNAAWGNGGAASTNNNN","TF:M01203","1","0","2752","18","3","20093","PTP4A3,MYPN,LDB3"
"TF","Factor: SREBP-2; motif: RTGGGGTGAY; match class: 1","TF:M07406_1","1","0","1117","18","1","20093","HSPG2"
"TF","Factor: SREBP-2; motif: RTGGGGTGAY","TF:M07406","1","0","6157","18","4","20093","HSPG2,CACNA2D2,MON1A,LDB3"
"TF","Factor: SREBP-1; motif: RNCACGCSAY; match class: 1","TF:M11082_1","1","0","627","18","1","20093","MON1A"
"TF","Factor: SREBP-1; motif: RNCACGCSAY","TF:M11082","1","0","4422","18","2","20093","HSPG2,MON1A"
"TF","Factor: SREBP-1; motif: RTCRCGTGAY; match class: 1","TF:M11081_1","1","0","8174","18","7","20093","PRDM16,HSPG2,MON1A,PTP4A3,LDB3,ADM,NFATC3"
"TF","Factor: SREBP-1; motif: RTCRCGTGAY","TF:M11081","1","0","11342","18","12","20093","PRDM16,HSPG2,NOS1AP,KAT2B,CACNA2D2,MON1A,PTP4A3,LDB3,ADM,CRYAB,PKP2,NFATC3"
"TF","Factor: SREBP-1; motif: ATCACMCCAY","TF:M11080","1","0","1725","18","2","20093","HSPG2,MON1A"
"TF","Factor: SREBP-1; motif: RTCAGGTGAT","TF:M11079","1","0","4045","18","2","20093","MON1A,ADM"
"TF","Factor: SREBP-1; motif: RTCACCCCAY; match class: 1","TF:M07405_1","1","0","1552","18","1","20093","HSPG2"
"TF","Factor: SREBP-1; motif: RTCACCCCAY","TF:M07405","1","0","7172","18","4","20093","HSPG2,SP3,CACNA2D2,MON1A"
"TF","Factor: Spz1; motif: DNNGGRGGGWWNNNN; match class: 1","TF:M00446_1","1","0","2934","18","2","20093","SP3,KAT2B"
"TF","Factor: Spz1; motif: DNNGGRGGGWWNNNN","TF:M00446","1","0","8831","18","5","20093","NOS1AP,SP3,KAT2B,PTP4A3,MYO18B"
"TF","Factor: SPIC; motif: NAAAAGMGGAAGTA","TF:M03996","1","0","727","18","2","20093","PTP4A3,MYPN"
"TF","Factor: Spic; motif: NGNGGAASTN; match class: 1","TF:M02077_1","1","0","2320","18","2","20093","HSPG2,KAT2B"
"TF","Factor: Spic; motif: NGNGGAASTN","TF:M02077","1","0","8538","18","7","20093","PRDM16,HSPG2,SP3,KAT2B,CACNA2D2,MYPN,NFATC3"
"TF","Factor: Spi-B; motif: TTCYBC; match class: 1","TF:M03851_1","1","0","20073","18","18","20093","PRDM16,HSPG2,NOS1AP,SP3,KAT2B,CACNA2D2,MON1A,MECOM,GNRHR,PTP4A3,TMEM245,MYPN,LDB3,ADM,CRYAB,PKP2,NFATC3,MYO18B"
"TF","Factor: SREBP-1; motif: NNNGTGGGGTGAN","TF:M04632","1","0","5003","18","3","20093","HSPG2,CACNA2D2,MON1A"
"TF","Factor: SREBP-1; motif: CACSCCA; match class: 1","TF:M00749_1","1","0","2829","18","1","20093","ADM"
"TF","Factor: SREBP-1; motif: CACSCCA","TF:M00749","1","0","8704","18","9","20093","HSPG2,NOS1AP,KAT2B,CACNA2D2,MECOM,PTP4A3,TMEM245,ADM,NFATC3"
"TF","Factor: SREBP-1; motif: NSNNTCACNCCANNN; match class: 1","TF:M01173_1","1","0","724","18","1","20093","HSPG2"
"TF","Factor: SREBP-1; motif: NSNNTCACNCCANNN","TF:M01173","1","0","4944","18","3","20093","HSPG2,CACNA2D2,MON1A"
"TF","Factor: SREBP-1; motif: NGTSRGGTGAN","TF:M10075","1","0","4611","18","4","20093","SP3,PTP4A3,MYPN,NFATC3"
"TF","Factor: SREBP-1; motif: KATCACCCCAC; match class: 1","TF:M00221_1","1","0","1863","18","1","20093","CACNA2D2"
"TF","Factor: SREBP-1; motif: KATCACCCCAC","TF:M00221","1","0","7648","18","7","20093","PRDM16,SP3,CACNA2D2,MON1A,PTP4A3,CRYAB,NFATC3"
"TF","Factor: SREBP-1; motif: NATCACGTGAY; match class: 1","TF:M00220_1","1","0","1474","18","2","20093","MON1A,NFATC3"
"TF","Factor: SREBP-1; motif: NATCACGTGAY","TF:M00220","1","0","4766","18","3","20093","MON1A,LDB3,NFATC3"
"TF","Factor: SREBP-2; motif: ATCACGCCAC","TF:M11086","1","0","3562","18","3","20093","HSPG2,CACNA2D2,MON1A"
"TF","Factor: SREBP-2; motif: ATCACGTGAY; match class: 1","TF:M11085_1","1","0","1236","18","1","20093","NFATC3"
"TF","Factor: SREBP-2; motif: ATCACGTGAY","TF:M11085","1","0","4051","18","2","20093","MON1A,NFATC3"
"TF","Factor: SREBP-2; motif: ATCACMCCAY; match class: 1","TF:M11084_1","1","0","329","18","1","20093","HSPG2"
"TF","Factor: SREBP-2; motif: ATCACMCCAY","TF:M11084","1","0","3382","18","3","20093","HSPG2,CACNA2D2,MON1A"
"TF","Factor: SREBP-2; motif: ATCAGGTGAT","TF:M11083","1","0","4653","18","2","20093","MON1A,ADM"
"TF","Factor: SRY; motif: NWWAACAAWANN","TF:M00160","1","0","2285","18","5","20093","NOS1AP,MON1A,MECOM,MYPN,CRYAB"
"TF","Factor: SRY; motif: AAACWAM; match class: 1","TF:M00148_1","1","0","4609","18","3","20093","NOS1AP,GNRHR,MYPN"
"TF","Factor: SRY; motif: AAACWAM","TF:M00148","1","0","9864","18","6","20093","NOS1AP,KAT2B,MECOM,GNRHR,MYPN,MYO18B"
"TF","Factor: SRF; motif: DCCWTATATGGNCWN","TF:M00215","1","0","150","18","1","20093","ADM"
"TF","Factor: SRF; motif: CCWTATAWG; match class: 1","TF:M04680_1","1","0","36","18","1","20093","ADM"
"TF","Factor: SRF; motif: CCWTATAWG","TF:M04680","1","0","161","18","1","20093","ADM"
"TF","Factor: SRF; motif: ATGCCCATATATGGWNNT","TF:M00152","1","0","231","18","1","20093","ADM"
"TF","Factor: SREBP; motif: NNNNYCACNCCANNN; match class: 1","TF:M01168_1","1","0","1385","18","2","20093","HSPG2,CACNA2D2"
"TF","Factor: SREBP; motif: NNNNYCACNCCANNN","TF:M01168","1","0","6854","18","3","20093","HSPG2,CACNA2D2,MON1A"
"TF","Factor: SREBP; motif: VNNVTCACCCYA; match class: 1","TF:M00776_1","1","0","1274","18","1","20093","HSPG2"
"TF","Factor: SREBP; motif: VNNVTCACCCYA","TF:M00776","1","0","6573","18","3","20093","HSPG2,CACNA2D2,MON1A"
"TF","Factor: SREBP-2; motif: NTCACCYNNNN; match class: 1","TF:M03852_1","1","0","2267","18","1","20093","PTP4A3"
"TF","Factor: SREBP-2; motif: NTCACCYNNNN","TF:M03852","1","0","8339","18","7","20093","KAT2B,CACNA2D2,MON1A,PTP4A3,TMEM245,ADM,PKP2"
"TF","Factor: SREBP-2; motif: NNGYCACNNSMN; match class: 1","TF:M01177_1","1","0","2835","18","2","20093","NOS1AP,SP3"
"TF","Factor: SREBP-2; motif: NNGYCACNNSMN","TF:M01177","1","0","9021","18","9","20093","PRDM16,HSPG2,NOS1AP,SP3,KAT2B,PTP4A3,CRYAB,NFATC3,MYO18B"
"TF","Factor: SREBP-1; motif: NNNGTGGGGTGAN; match class: 1","TF:M04632_1","1","0","695","18","1","20093","HSPG2"
"TF","Factor: STAT1; motif: NNNSANTTCCGGGAANTGNSN","TF:M00224","1","0","5764","18","4","20093","NOS1AP,KAT2B,CACNA2D2,MYO18B"
"TF","Factor: Staf; motif: AMNTCCCAGAATGCCT","TF:M07339","1","0","1202","18","1","20093","MON1A"
"TF","Factor: Staf; motif: NGCMTKCTGGGARWTGTAGTYY","TF:M10129","1","0","473","18","1","20093","MON1A"
"TF","Factor: Staf; motif: MNTTCCCAKMATKCMWNGCRA","TF:M00264","1","0","894","18","1","20093","MON1A"
"TF","Factor: Staf; motif: NTTWCCCANMATGCAYYRCGNY","TF:M00262","1","0","1321","18","1","20093","MON1A"
"TF","Factor: SRY; motif: TTGTTT; match class: 1","TF:M03854_1","1","0","9475","18","8","20093","NOS1AP,KAT2B,MON1A,MECOM,GNRHR,MYPN,CRYAB,MYO18B"
"TF","Factor: SRY; motif: TTGTTT","TF:M03854","1","0","14650","18","13","20093","PRDM16,HSPG2,NOS1AP,SP3,KAT2B,MON1A,MECOM,GNRHR,PTP4A3,TMEM245,MYPN,CRYAB,MYO18B"
"TF","Factor: SRY; motif: AACAATNR; match class: 1","TF:M08976_1","1","0","8432","18","5","20093","MON1A,MECOM,GNRHR,MYPN,NFATC3"
"TF","Factor: SRY; motif: AACAATNR","TF:M08976","1","0","14257","18","12","20093","HSPG2,NOS1AP,SP3,KAT2B,CACNA2D2,MON1A,MECOM,GNRHR,TMEM245,MYPN,CRYAB,NFATC3"
"TF","Factor: SRY; motif: TCAATAMCATTGA; match class: 1","TF:M04557_1","1","0","5220","18","5","20093","MECOM,GNRHR,MYPN,PKP2,MYO18B"
"TF","Factor: SRY; motif: TCAATAMCATTGA","TF:M04557","1","0","10403","18","7","20093","KAT2B,MON1A,MECOM,GNRHR,MYPN,PKP2,MYO18B"
"TF","Factor: SRY; motif: AACAATNNNCATTGTT; match class: 1","TF:M04556_1","1","0","6422","18","4","20093","NOS1AP,MECOM,GNRHR,MYPN"
"TF","Factor: SRY; motif: AACAATNNNCATTGTT","TF:M04556","1","0","8189","18","8","20093","NOS1AP,MECOM,GNRHR,TMEM245,MYPN,CRYAB,PKP2,NFATC3"
"TF","Factor: SRY; motif: AACAATANCATTGTT; match class: 1","TF:M04555_1","1","0","3585","18","4","20093","MON1A,MECOM,GNRHR,MYPN"
"TF","Factor: SRY; motif: AACAATANCATTGTT","TF:M04555","1","0","7361","18","4","20093","MON1A,MECOM,GNRHR,MYPN"
"TF","Factor: SRY; motif: NWWAACAAWANN; match class: 1","TF:M00160_1","1","0","257","18","1","20093","MECOM"
"TF","Factor: STAT3; motif: TTCYGGGAAN","TF:M07065","1","0","5124","18","2","20093","MON1A,MYPN"
"TF","Factor: STAT3; motif: NNYTTCCMRGAA","TF:M10081","1","0","3872","18","2","20093","MYPN,ADM"
"TF","Factor: STAT3; motif: NTTCCYGGAAN","TF:M09664","1","0","5797","18","3","20093","KAT2B,LDB3,NFATC3"
"TF","Factor: STAT3; motif: NTTCYKGGAAN","TF:M07229","1","0","3876","18","3","20093","MYPN,ADM,NFATC3"
"TF","Factor: STAT3; motif: NNTTCCRGGAANNNNN","TF:M01595","1","0","7961","18","6","20093","NOS1AP,KAT2B,MYPN,ADM,NFATC3,MYO18B"
"TF","Factor: STAT3; motif: NGNNATTTCCSGGAARTGNNN","TF:M00225","1","0","3311","18","2","20093","KAT2B,CACNA2D2"
"TF","Factor: STAT2; motif: NRGAAANNGAAACTNA","TF:M09733","1","0","3001","18","4","20093","GNRHR,TMEM245,NFATC3,MYO18B"
"TF","Factor: STAT1; motif: TTMNRGGAAN","TF:M01823","1","0","2303","18","1","20093","NFATC3"
"TF","Factor: STAT1; motif: TTCNRGGAAN","TF:M07064","1","0","2722","18","1","20093","NFATC3"
"TF","Factor: STAT1; motif: NCCNTTTCCNGGAAANCNC","TF:M10079","1","0","2391","18","1","20093","NFATC3"
"TF","Factor: STAT1; motif: YCMTTTCCNGGAAAWCNCATNN","TF:M09663","1","0","2875","18","1","20093","NFATC3"
"TF","Factor: STAT1; motif: NTTCYRGGAAA","TF:M07228","1","0","2013","18","1","20093","NFATC3"
"TF","Factor: STAT1; motif: NTTCCNGGA; match class: 1","TF:M04721_1","1","0","2719","18","1","20093","CACNA2D2"
"TF","Factor: STAT1; motif: NTTCCNGGA","TF:M04721","1","0","7993","18","6","20093","NOS1AP,CACNA2D2,MON1A,TMEM245,CRYAB,PKP2"
"TF","Factor: STAT1; motif: NNTTTCYNGGAARNNNNNNNNN","TF:M01260","1","0","2233","18","2","20093","MYPN,NFATC3"
"TF","Factor: STAT1; motif: NNNSANTTCCGGGAANTGNSN; match class: 1","TF:M00224_1","1","0","2835","18","1","20093","MYO18B"
"TF","Factor: Stra13; motif: NYSTCACGTGABNN","TF:M00985","1","0","750","18","1","20093","NFATC3"
"TF","Factor: STAT; motif: NNNNNTTCTKGGA; match class: 1","TF:M00777_1","1","0","829","18","1","20093","PKP2"
"TF","Factor: STAT; motif: NNNNNTTCTKGGA","TF:M00777","1","0","5282","18","6","20093","KAT2B,MECOM,MYPN,ADM,PKP2,NFATC3"
"TF","Factor: STAT; motif: TTCCCGKAA","TF:M00223","1","0","3655","18","1","20093","MYPN"
"TF","Factor: STAT6; motif: NNYTTCCY","TF:M00500","1","0","4784","18","10","20093","PRDM16,NOS1AP,SP3,PTP4A3,TMEM245,MYPN,ADM,CRYAB,NFATC3,MYO18B"
"TF","Factor: STAT5B; motif: NAWTTCYNGGAAWTN; match class: 1","TF:M00459_1","1","0","1999","18","1","20093","MYPN"
"TF","Factor: STAT5B; motif: NAWTTCYNGGAAWTN","TF:M00459","1","0","3220","18","3","20093","MYPN,ADM,NFATC3"
"TF","Factor: STAT5A; motif: TTCYRRGAAN","TF:M10077","1","0","154","18","1","20093","NFATC3"
"TF","Factor: STAT5A; motif: NTTCYKRGAAN","TF:M09661","1","0","341","18","1","20093","NOS1AP"
"TF","Factor: STAT5A; motif: TTCCNRGAANNNNNNTTCCNNGRR; match class: 1","TF:M00460_1","1","0","2630","18","3","20093","NOS1AP,TMEM245,NFATC3"
"TF","Factor: STAT5A; motif: TTCCNRGAANNNNNNTTCCNNGRR","TF:M00460","1","0","7958","18","7","20093","PRDM16,NOS1AP,KAT2B,GNRHR,TMEM245,ADM,NFATC3"
"TF","Factor: STAT5A; motif: NAWTTCYNGGAANYN; match class: 1","TF:M00457_1","1","0","1690","18","1","20093","ADM"
"TF","Factor: STAT5A; motif: NAWTTCYNGGAANYN","TF:M00457","1","0","4216","18","3","20093","MYPN,ADM,NFATC3"
"TF","Factor: STAT4; motif: TTMNNRGAAA","TF:M02117","1","0","1393","18","2","20093","MYPN,NFATC3"
"TF","Factor: STAT4; motif: TTCMNAGAADHNMA","TF:M01666","1","0","1260","18","1","20093","MYPN"
"TF","Factor: STAT4; motif: YTTCYYNGMAN","TF:M10082","1","0","918","18","1","20093","NFATC3"
"TF","Factor: Tal-1beta:E47; motif: NNNAACAGATGKTNNN","TF:M00065","1","0","1432","18","1","20093","GNRHR"
"TF","Factor: Tal-1alpha:E47; motif: NNNAACAGATGKTNNN","TF:M00066","1","0","1071","18","1","20093","GNRHR"
"TF","Factor: TAFII250; motif: RARRWGGCGGMGGNGR; match class: 1","TF:M10086_1","1","0","4159","18","9","20093","PRDM16,HSPG2,NOS1AP,SP3,KAT2B,CACNA2D2,MECOM,TMEM245,CRYAB"
"TF","Factor: TAFII250; motif: RARRWGGCGGMGGNGR","TF:M10086","1","0","9386","18","14","20093","PRDM16,HSPG2,NOS1AP,SP3,KAT2B,CACNA2D2,MON1A,MECOM,PTP4A3,TMEM245,ADM,CRYAB,PKP2,NFATC3"
"TF","Factor: T3R-beta; motif: RRGNNANNNGAGGWCAN; match class: 1","TF:M02119_1","1","0","499","18","1","20093","CRYAB"
"TF","Factor: T3R-beta; motif: RRGNNANNNGAGGWCAN","TF:M02119","1","0","3735","18","2","20093","GNRHR,CRYAB"
"TF","Factor: T3R-alpha; motif: NNTSRGGTCAN; match class: 1","TF:M01724_1","1","0","246","18","1","20093","MON1A"
"TF","Factor: T3R-alpha; motif: NNTSRGGTCAN","TF:M01724","1","0","2744","18","1","20093","MON1A"
"TF","Factor: T3R-alpha; motif: NNTGTGTCCTCANNTGACCTYWNN","TF:M12891","1","0","1125","18","2","20093","MON1A,CRYAB"
"TF","Factor: T3RALPHA; motif: TGWCCTNRNNTGACCYN; match class: 1","TF:M12672_1","1","0","110","18","1","20093","MON1A"
"TF","Factor: T3RALPHA; motif: TGWCCTNRNNTGACCYN","TF:M12672","1","0","1709","18","2","20093","MON1A,CRYAB"
"TF","Factor: SZF1-1; motif: CCAGGGTAWCAGCNG; match class: 1","TF:M01109_1","1","0","566","18","1","20093","CACNA2D2"
"TF","Factor: SZF1-1; motif: CCAGGGTAWCAGCNG","TF:M01109","1","0","4298","18","5","20093","HSPG2,CACNA2D2,ADM,CRYAB,NFATC3"
"TF","Factor: SUHW1; motif: TCTCTCCAGTRTGAATTCTCTGAT; match class: 1","TF:M10541_1","1","0","1874","18","2","20093","GNRHR,PTP4A3"
"TF","Factor: SUHW1; motif: TCTCTCCAGTRTGAATTCTCTGAT","TF:M10541","1","0","7515","18","5","20093","PRDM16,CACNA2D2,GNRHR,PTP4A3,LDB3"
"TF","Factor: Stra13; motif: NYSTCACGTGABNN; match class: 1","TF:M00985_1","1","0","593","18","1","20093","NFATC3"
"TF","Factor: T-bet; motif: NNGNRGGTGTGRN; match class: 1","TF:M10089_1","1","0","1396","18","1","20093","PTP4A3"
"TF","Factor: T-bet; motif: NNGNRGGTGTGRN","TF:M10089","1","0","6455","18","7","20093","HSPG2,NOS1AP,CACNA2D2,PTP4A3,TMEM245,ADM,CRYAB"
"TF","Factor: Tax/CREB; motif: RTGACGCATAYCCCC; match class: 1","TF:M00115_1","1","0","2968","18","2","20093","TMEM245,LDB3"
"TF","Factor: Tax/CREB; motif: RTGACGCATAYCCCC","TF:M00115","1","0","9515","18","7","20093","NOS1AP,SP3,TMEM245,LDB3,ADM,CRYAB,PKP2"
"TF","Factor: Tax/CREB; motif: GGGGGTTGACGYANA; match class: 1","TF:M00114_1","1","0","1594","18","1","20093","PTP4A3"
"TF","Factor: Tax/CREB; motif: GGGGGTTGACGYANA","TF:M00114","1","0","6713","18","3","20093","PTP4A3,ADM,MYO18B"
"TF","Factor: TATA; motif: STATAAAWRNNNNNN; match class: 1","TF:M00252_1","1","0","1068","18","2","20093","GNRHR,MYPN"
"TF","Factor: TATA; motif: STATAAAWRNNNNNN","TF:M00252","1","0","4802","18","4","20093","NOS1AP,GNRHR,MYPN,MYO18B"
"TF","Factor: Tal; motif: GWSNNCABCTGC","TF:M07469","1","0","4754","18","4","20093","KAT2B,MON1A,PTP4A3,PKP2"
"TF","Factor: Tal-1; motif: CAGATGG; match class: 1","TF:M03804_1","1","0","950","18","1","20093","PTP4A3"
"TF","Factor: Tal-1; motif: CAGATGG","TF:M03804","1","0","5472","18","4","20093","MECOM,GNRHR,PTP4A3,CRYAB"
"TF","Factor: Tal-1; motif: TCCAKCTGNY","TF:M00993","1","0","2065","18","3","20093","GNRHR,PTP4A3,LDB3"
"TF","Factor: Tal-1; motif: CTTCCTTMTCTSY","TF:M01591","1","0","2259","18","1","20093","MYPN"
"TF","Factor: TAL1::GATA1; motif: NTTATCWNNNNNNNNCAG; match class: 1","TF:M07230_1","1","0","472","18","2","20093","GNRHR,CRYAB"
"TF","Factor: TAL1::GATA1; motif: NTTATCWNNNNNNNNCAG","TF:M07230","1","0","3744","18","5","20093","GNRHR,MYPN,CRYAB,PKP2,MYO18B"
"TF","Factor: Tal-1beta:ITF-2; motif: NNNAACAGATGKTNNN","TF:M00070","1","0","1724","18","1","20093","GNRHR"
"TF","Factor: T-bet; motif: NAGGTGTGAN","TF:M12020","1","0","1229","18","1","20093","TMEM245"
"TF","Factor: Tbx20; motif: SGAGGTGTGAGGSGR","TF:M07474","1","0","3852","18","2","20093","NOS1AP,TMEM245"
"TF","Factor: Tbx1; motif: NNAGGTGTGAAN","TF:M12035","1","0","3061","18","4","20093","HSPG2,CACNA2D2,TMEM245,CRYAB"
"TF","Factor: TBX1; motif: AGGTGTGA","TF:M04126","1","0","2264","18","1","20093","TMEM245"
"TF","Factor: TBX18; motif: NRAGGTGTGAAN","TF:M12038","1","0","854","18","1","20093","TMEM245"
"TF","Factor: TBX18; motif: NNAGGTGTGAAN","TF:M12037","1","0","617","18","1","20093","TMEM245"
"TF","Factor: TBX15; motif: NAGGTGTGAN","TF:M12040","1","0","2852","18","1","20093","TMEM245"
"TF","Factor: TBX15; motif: NAGGTGTGAN; match class: 1","TF:M12039_1","1","0","256","18","1","20093","TMEM245"
"TF","Factor: TBX15; motif: NAGGTGTGAN","TF:M12039","1","0","2756","18","2","20093","TMEM245,PKP2"
"TF","Factor: TBX15; motif: AGGTGTGA","TF:M04122","1","0","2264","18","1","20093","TMEM245"
"TF","Factor: TBP; motif: NGNNTATAAAA; match class: 1","TF:M03581_1","1","0","2029","18","3","20093","NOS1AP,MYPN,MYO18B"
"TF","Factor: TBP; motif: NGNNTATAAAA","TF:M03581","1","0","7324","18","7","20093","NOS1AP,GNRHR,TMEM245,MYPN,CRYAB,PKP2,MYO18B"
"TF","Factor: TBP; motif: TTTATAN; match class: 1","TF:M00980_1","1","0","336","18","1","20093","MYPN"
"TF","Factor: TBP; motif: TTTATAN","TF:M00980","1","0","2864","18","1","20093","MYPN"
"TF","Factor: TBP; motif: MTATAAAARS; match class: 1","TF:M10088_1","1","0","1119","18","2","20093","GNRHR,MYPN"
"TF","Factor: TBP; motif: MTATAAAARS","TF:M10088","1","0","5122","18","5","20093","NOS1AP,GNRHR,MYPN,PKP2,MYO18B"
"TF","Factor: Tbx5; motif: YMTYCTCWCACYTGN","TF:M03856","1","0","197","18","1","20093","TMEM245"
"TF","Factor: Tbx5; motif: AGGTGTKA","TF:M04137","1","0","2264","18","1","20093","TMEM245"
"TF","Factor: Tbx5; motif: TNAGGTGTKV; match class: 1","TF:M01020_1","1","0","4296","18","4","20093","HSPG2,NOS1AP,TMEM245,CRYAB"
"TF","Factor: Tbx5; motif: TNAGGTGTKV","TF:M01020","1","0","11458","18","10","20093","HSPG2,NOS1AP,KAT2B,CACNA2D2,PTP4A3,TMEM245,LDB3,CRYAB,PKP2,MYO18B"
"TF","Factor: Tbx5; motif: NNAGGTGTNANN; match class: 1","TF:M01019_1","1","0","1173","18","3","20093","PTP4A3,TMEM245,CRYAB"
"TF","Factor: Tbx5; motif: NNAGGTGTNANN","TF:M01019","1","0","6106","18","5","20093","KAT2B,CACNA2D2,PTP4A3,TMEM245,CRYAB"
"TF","Factor: TBX4; motif: AGGTGTGA","TF:M04135","1","0","2264","18","1","20093","TMEM245"
"TF","Factor: Tbx3; motif: NAGGTGTSAN","TF:M12024","1","0","4732","18","3","20093","PTP4A3,TMEM245,CRYAB"
"TF","Factor: Tbx3; motif: NAGGTGTGAN","TF:M12023","1","0","714","18","1","20093","TMEM245"
"TF","Factor: Tbx3; motif: NRAGGTGNNAR","TF:M10090","1","0","5123","18","3","20093","NOS1AP,KAT2B,TMEM245"
"TF","Factor: Tbx3; motif: AGGTGTNR; match class: 1","TF:M08786_1","1","0","495","18","1","20093","TMEM245"
"TF","Factor: Tbx3; motif: AGGTGTNR","TF:M08786","1","0","3979","18","1","20093","TMEM245"
"TF","Factor: TBX2; motif: AGGTGTGARM","TF:M03889","1","0","1414","18","1","20093","TMEM245"
"TF","Factor: TBX2; motif: NNNGTGTSNN; match class: 1","TF:M12026_1","1","0","1981","18","3","20093","CACNA2D2,PTP4A3,TMEM245"
"TF","Factor: TBX2; motif: NNNGTGTSNN","TF:M12026","1","0","7756","18","8","20093","KAT2B,CACNA2D2,MECOM,PTP4A3,TMEM245,LDB3,CRYAB,PKP2"
"TF","Factor: TBX2; motif: NAGGTGTGAAN","TF:M04134","1","0","1228","18","1","20093","TMEM245"
"TF","Factor: TCF-4; motif: NCTTTGATS","TF:M01705","1","0","1988","18","1","20093","TMEM245"
"TF","Factor: TCF3; motif: DCATCAAAGB","TF:M08901","1","0","3002","18","2","20093","NOS1AP,GNRHR"
"TF","Factor: TCF-3; motif: CTTTGA; match class: 1","TF:M03858_1","1","0","5751","18","2","20093","GNRHR,MYO18B"
"TF","Factor: TCF-3; motif: CTTTGA","TF:M03858","1","0","12428","18","10","20093","HSPG2,NOS1AP,MECOM,GNRHR,PTP4A3,TMEM245,MYPN,ADM,CRYAB,MYO18B"
"TF","Factor: TCF-3; motif: NCTTTGWTNTKYW; match class: 1","TF:M01594_1","1","0","860","18","1","20093","MYPN"
"TF","Factor: TCF-3; motif: NCTTTGWTNTKYW","TF:M01594","1","0","5025","18","4","20093","MON1A,MECOM,GNRHR,MYPN"
"TF","Factor: TCF-1; motif: NNNSWWCAAAGN","TF:M07433","1","0","5913","18","4","20093","GNRHR,TMEM245,PKP2,MYO18B"
"TF","Factor: TCF-1; motif: CTTTGW; match class: 1","TF:M03857_1","1","0","6798","18","4","20093","MYPN,LDB3,CRYAB,PKP2"
"TF","Factor: TCF-1; motif: CTTTGW","TF:M03857","1","0","13643","18","12","20093","HSPG2,SP3,KAT2B,MON1A,GNRHR,TMEM245,MYPN,LDB3,CRYAB,PKP2,NFATC3,MYO18B"
"TF","Factor: HTF4; motif: NCACCTGN","TF:M11157","1","0","1892","18","1","20093","CACNA2D2"
"TF","Factor: HTF4; motif: NSCAGSTGKG","TF:M09951","1","0","1919","18","3","20093","MECOM,PTP4A3,ADM"
"TF","Factor: TCF11; motif: GTCATNNWNNNNN","TF:M00285","1","0","848","18","1","20093","MON1A"
"TF","Factor: TCF11:MafG; motif: NNNNNATGACTCAGCANTTNNG","TF:M00284","1","0","4607","18","3","20093","KAT2B,MYPN,ADM"
"TF","Factor: T-box; motif: NAGGTGTNAN","TF:M12022","1","0","1229","18","1","20093","TMEM245"
"TF","Factor: T-box; motif: NASGTGTNAN; match class: 1","TF:M12021_1","1","0","617","18","1","20093","TMEM245"
"TF","Factor: T-box; motif: NASGTGTNAN","TF:M12021","1","0","4580","18","2","20093","TMEM245,PKP2"
"TF","Factor: TCF7RELATED; motif: NANNWWCAAAGN","TF:M08902","1","0","3347","18","2","20093","KAT2B,MON1A"
"TF","Factor: TCF-4; motif: NNASATCAAAGNNN","TF:M07136","1","0","1946","18","3","20093","MECOM,TMEM245,MYPN"
"TF","Factor: TCF-4; motif: NCTTTGATS","TF:M04775","1","0","2621","18","1","20093","TMEM245"
"TF","Factor: TCF-3; motif: ASATCAAAG","TF:M11615","1","0","944","18","1","20093","TMEM245"
"TF","Factor: TCF-3; motif: ASATCAAAG","TF:M11613","1","0","1464","18","3","20093","MECOM,TMEM245,MYPN"
"TF","Factor: TCF-3; motif: NNNCTTTGAWSTN","TF:M10095","1","0","2004","18","3","20093","MECOM,TMEM245,MYPN"
"TF","Factor: TCF-4; motif: NNWTCAAAGN","TF:M04633","1","0","2743","18","1","20093","MECOM"
"TF","Factor: TCF-4; motif: ATCAAAGNNN","TF:M02033","1","0","663","18","1","20093","GNRHR"
"TF","Factor: TCF-4; motif: SCTTTGAW; match class: 1","TF:M00671_1","1","0","428","18","1","20093","GNRHR"
"TF","Factor: TCF-4; motif: SCTTTGAW","TF:M00671","1","0","3764","18","1","20093","GNRHR"
"TF","Factor: TCF4; motif: NNCTTTGATSTN","TF:M12674","1","0","1338","18","1","20093","TMEM245"
"TF","Factor: TCF4; motif: NNGCACCTGCNNN","TF:M12564","1","0","1282","18","1","20093","PKP2"
"TF","Factor: ITF-2; motif: NCACCTGC","TF:M11156","1","0","1563","18","2","20093","PTP4A3,LDB3"
"TF","Factor: ITF-2; motif: NCACCTGN","TF:M11155","1","0","3035","18","5","20093","KAT2B,PTP4A3,TMEM245,LDB3,PKP2"
"TF","Factor: TCF-4; motif: NCCTTTGATSTNN","TF:M10096","1","0","1523","18","1","20093","TMEM245"
"TF","Factor: TCF-4; motif: NNNCTTTGAWSTN","TF:M09669","1","0","2328","18","3","20093","MECOM,TMEM245,MYPN"
"TF","Factor: TEAD2; motif: NNACATTCCWNNN","TF:M09788","1","0","572","18","1","20093","MYO18B"
"TF","Factor: TEAD1; motif: NNACATTCCAGNN; match class: 1","TF:M12500_1","1","0","1171","18","1","20093","CRYAB"
"TF","Factor: TEAD1; motif: NNACATTCCAGNN","TF:M12500","1","0","6196","18","5","20093","PRDM16,MYPN,ADM,CRYAB,MYO18B"
"TF","Factor: TEF-1; motif: NRCATWCCN; match class: 1","TF:M12042_1","1","0","872","18","1","20093","MYO18B"
"TF","Factor: TEF-1; motif: NRCATWCCN","TF:M12042","1","0","5369","18","5","20093","NOS1AP,SP3,GNRHR,MYPN,MYO18B"
"TF","Factor: TEF-1; motif: CRCATWCCN; match class: 1","TF:M12041_1","1","0","716","18","1","20093","MYO18B"
"TF","Factor: TEF-1; motif: CRCATWCCN","TF:M12041","1","0","4918","18","3","20093","SP3,CRYAB,MYO18B"
"TF","Factor: TCFL5; motif: KCACGCGCNC","TF:M11078","1","0","1466","18","1","20093","CACNA2D2"
"TF","Factor: TCFL5; motif: KCACGCGCMC","TF:M11077","1","0","995","18","1","20093","CACNA2D2"
"TF","Factor: TCF7; motif: NNCTTTGAWNN","TF:M12558","1","0","2180","18","3","20093","MECOM,TMEM245,MYPN"
"TF","Factor: TCF-1; motif: ACATCGRGRCGCTGW; match class: 1","TF:M11603_1","1","0","13360","18","14","20093","PRDM16,HSPG2,NOS1AP,SP3,KAT2B,CACNA2D2,MON1A,MECOM,PTP4A3,TMEM245,ADM,PKP2,NFATC3,MYO18B"
"TF","Factor: TCF-1; motif: ACATCGRGRCGCTGW","TF:M11603","1","0","16600","18","15","20093","PRDM16,HSPG2,NOS1AP,SP3,KAT2B,CACNA2D2,MON1A,MECOM,PTP4A3,TMEM245,ADM,CRYAB,PKP2,NFATC3,MYO18B"
"TF","Factor: TCF-1; motif: ASATCAAAG","TF:M11602","1","0","7241","18","4","20093","MON1A,MECOM,TMEM245,MYPN"
"TF","Factor: TCF-1; motif: ACATCGRGRCGCTGW; match class: 1","TF:M11601_1","1","0","11193","18","13","20093","PRDM16,HSPG2,NOS1AP,SP3,KAT2B,CACNA2D2,MECOM,PTP4A3,TMEM245,ADM,PKP2,NFATC3,MYO18B"
"TF","Factor: TCF-1; motif: ACATCGRGRCGCTGW","TF:M11601","1","0","15063","18","14","20093","PRDM16,HSPG2,NOS1AP,SP3,KAT2B,CACNA2D2,MON1A,MECOM,PTP4A3,TMEM245,ADM,PKP2,NFATC3,MYO18B"
"TF","Factor: TCF-1; motif: ASATCAAAG","TF:M11600","1","0","3717","18","3","20093","MECOM,TMEM245,MYPN"
"TF","Factor: TEF-3:ER81; motif: ACCGGAAATRCC","TF:M08423","1","0","3981","18","3","20093","NOS1AP,SP3,PKP2"
"TF","Factor: TEF-3:Erg; motif: ACCGGAAATRNNNNNCATWCC","TF:M08637","1","0","4515","18","1","20093","ADM"
"TF","Factor: TEF-3:TBR2; motif: NGYGNNACATWCYNNTNRCRCN","TF:M08419","1","0","325","18","1","20093","CRYAB"
"TF","Factor: TEF-3:Elk-1; motif: RMATWCCGGAWGT; match class: 1","TF:M08418_1","1","0","5389","18","6","20093","NOS1AP,TMEM245,CRYAB,PKP2,NFATC3,MYO18B"
"TF","Factor: TEF-3:Elk-1; motif: RMATWCCGGAWGT","TF:M08418","1","0","12101","18","12","20093","PRDM16,NOS1AP,SP3,KAT2B,CACNA2D2,MON1A,TMEM245,MYPN,CRYAB,PKP2,NFATC3,MYO18B"
"TF","Factor: TEF-3:Elk-1; motif: RGAATSCGGAAGYN; match class: 1","TF:M08417_1","1","0","1023","18","1","20093","SP3"
"TF","Factor: TEF-3:Elk-1; motif: RGAATSCGGAAGYN","TF:M08417","1","0","5641","18","4","20093","SP3,MECOM,PTP4A3,MYPN"
"TF","Factor: TEF-3:Elf-1; motif: RGAATGCGGAAGTN; match class: 1","TF:M08415_1","1","0","2822","18","3","20093","KAT2B,PTP4A3,MYPN"
"TF","Factor: TEF-3:Elf-1; motif: RGAATGCGGAAGTN","TF:M08415","1","0","9564","18","9","20093","NOS1AP,KAT2B,MECOM,PTP4A3,TMEM245,MYPN,ADM,PKP2,NFATC3"
"TF","Factor: TEF-3:Prrxl1; motif: GGNATGYTAATTN","TF:M08414","1","0","186","18","1","20093","MYO18B"
"TF","Factor: TEF-3:Dlx-3; motif: RCATWCCNNNYAATTA","TF:M08635","1","0","235","18","1","20093","MYO18B"
"TF","Factor: TEF-3:Dlx-2; motif: RMATWCYNNNYAATTA","TF:M08632","1","0","623","18","2","20093","GNRHR,MYO18B"
"TF","Factor: TEF-3:C/EBPdelta; motif: RGWATGYNRTTRCGYAAY; match class: 1","TF:M08413_1","1","0","1716","18","1","20093","MYO18B"
"TF","Factor: TEF-3:C/EBPdelta; motif: RGWATGYNRTTRCGYAAY","TF:M08413","1","0","6294","18","5","20093","NOS1AP,GNRHR,PTP4A3,NFATC3,MYO18B"
"TF","Factor: TEF-3:C/EBPbeta; motif: RTTGCGYAAYNNNNNGGAATGY","TF:M08626","1","0","7303","18","6","20093","PRDM16,HSPG2,KAT2B,GNRHR,PTP4A3,MYO18B"
"TF","Factor: TEAD3; motif: RCATTCCW","TF:M04144","1","0","1289","18","2","20093","CRYAB,MYO18B"
"TF","Factor: TEF-3; motif: RCATTCCWGNNNN","TF:M09667","1","0","1079","18","2","20093","MYPN,MYO18B"
"TF","Factor: TEF-1; motif: ACATTCCWSNN; match class: 1","TF:M07340_1","1","0","466","18","1","20093","MYPN"
"TF","Factor: TEF-1; motif: ACATTCCWSNN","TF:M07340","1","0","4068","18","7","20093","HSPG2,NOS1AP,MYPN,LDB3,ADM,CRYAB,MYO18B"
"TF","Factor: TEF-1; motif: GWGGAATGT","TF:M01817","1","0","3864","18","4","20093","HSPG2,NOS1AP,PTP4A3,PKP2"
"TF","Factor: TEF-1; motif: GRRATG; match class: 1","TF:M00704_1","1","0","5524","18","4","20093","HSPG2,MYPN,CRYAB,MYO18B"
"TF","Factor: TEF-1; motif: GRRATG","TF:M00704","1","0","12626","18","11","20093","PRDM16,HSPG2,NOS1AP,KAT2B,PTP4A3,MYPN,LDB3,ADM,CRYAB,PKP2,MYO18B"
"TF","Factor: TEAD4; motif: NNACATTCCANN","TF:M12561","1","0","535","18","2","20093","CRYAB,MYO18B"
"TF","Factor: TEAD4; motif: NRCATTCCWN","TF:M04145","1","0","1554","18","2","20093","CRYAB,MYO18B"
"TF","Factor: TEF-3:E2A; motif: NCAGSTGNGWATGYN; match class: 1","TF:M08438_1","1","0","1175","18","1","20093","NOS1AP"
"TF","Factor: TEF-3:E2A; motif: NCAGSTGNGWATGYN","TF:M08438","1","0","6060","18","2","20093","NOS1AP,PKP2"
"TF","Factor: TEF-3:T-bet; motif: ANGTGTGAATWCC","TF:M08437","1","0","689","18","1","20093","GNRHR"
"TF","Factor: TEF-3:pitx1; motif: RCATWCYNNNGGATTA","TF:M08650","1","0","343","18","1","20093","MYPN"
"TF","Factor: TEF-3:Max; motif: RCATWCCNNNNNNCACGTG","TF:M08647","1","0","855","18","2","20093","GNRHR,PTP4A3"
"TF","Factor: TEF-3:HOXA13; motif: CTCGTAAATWCCN","TF:M08427","1","0","300","18","1","20093","MYPN"
"TF","Factor: TEF-3:Gscl; motif: GGWATGTTAATCSG","TF:M08426","1","0","362","18","1","20093","ADM"
"TF","Factor: TEF-3:Fli-1; motif: ACCGGAAATGCC","TF:M08510","1","0","7593","18","3","20093","NOS1AP,MYPN,PKP2"
"TF","Factor: Tel-2; motif: YTACTTCCTG","TF:M00678","1","0","5510","18","3","20093","NOS1AP,PTP4A3,MYPN"
"TF","Factor: TEL1; motif: CNCGGAANNN; match class: 1","TF:M02070_1","1","0","4929","18","4","20093","PRDM16,NOS1AP,SP3,MYO18B"
"TF","Factor: TEL1; motif: CNCGGAANNN","TF:M02070","1","0","11024","18","8","20093","PRDM16,NOS1AP,SP3,KAT2B,ADM,PKP2,NFATC3,MYO18B"
"TF","Factor: TEF; motif: ATGTTWAYATAA; match class: 1","TF:M00672_1","1","0","1889","18","2","20093","GNRHR,MYPN"
"TF","Factor: TEF; motif: ATGTTWAYATAA","TF:M00672","1","0","6144","18","2","20093","GNRHR,MYPN"
"TF","Factor: TEF-1; motif: RCATTCCWGNNN","TF:M10092","1","0","3355","18","2","20093","CRYAB,MYO18B"
"TF","Factor: TEF1; motif: GGAATGYRWGGWATG","TF:M07481","1","0","394","18","1","20093","HSPG2"
"TF","Factor: TEF; motif: YACATTCCWSNG; match class: 1","TF:M01305_1","1","0","450","18","1","20093","MYPN"
"TF","Factor: TEF; motif: YACATTCCWSNG","TF:M01305","1","0","3961","18","5","20093","NOS1AP,MYPN,ADM,CRYAB,MYO18B"
"TF","Factor: TEF5; motif: NNWGGWATKTTT","TF:M08903","1","0","1881","18","2","20093","MYPN,MYO18B"
"TF","Factor: TEF-5; motif: AAAAATAT; match class: 1","TF:M04635_1","1","0","638","18","1","20093","KAT2B"
"TF","Factor: TEF-5; motif: AAAAATAT","TF:M04635","1","0","3358","18","4","20093","KAT2B,TMEM245,CRYAB,MYO18B"
"TF","Factor: TEF-3; motif: GNTATTTTT; match class: 1","TF:M07270_1","1","0","4714","18","4","20093","MECOM,TMEM245,MYPN,CRYAB"
"TF","Factor: TEF-3; motif: GNTATTTTT","TF:M07270","1","0","10561","18","10","20093","KAT2B,MECOM,GNRHR,TMEM245,MYPN,LDB3,CRYAB,PKP2,NFATC3,MYO18B"
"TF","Factor: TEF3; motif: NNSCWGGAATGYNN","TF:M12677","1","0","44","18","1","20093","MYO18B"
"TF","Factor: TEF-3; motif: RCATTCCWGNNNN","TF:M10093","1","0","2013","18","3","20093","MYPN,CRYAB,MYO18B"
"TF","Factor: TFAP2B; motif: NGCCCNNRGGCA","TF:M04149","1","0","2350","18","3","20093","SP3,CACNA2D2,NFATC3"
"TF","Factor: TFAP2A; motif: NNNGCCTCAGGCNN","TF:M12485","1","0","6483","18","6","20093","SP3,MON1A,TMEM245,LDB3,NFATC3,MYO18B"
"TF","Factor: AP-2alpha; motif: NGCCTSAGGCN; match class: 1","TF:M11480_1","1","0","5906","18","6","20093","PRDM16,SP3,KAT2B,MON1A,CRYAB,NFATC3"
"TF","Factor: AP-2alpha; motif: NGCCTSAGGCN","TF:M11480","1","0","6260","18","9","20093","PRDM16,HSPG2,SP3,KAT2B,CACNA2D2,MON1A,CRYAB,NFATC3,MYO18B"
"TF","Factor: AP-2alpha; motif: NGCCTNAGGCN; match class: 1","TF:M11479_1","1","0","3703","18","1","20093","MON1A"
"TF","Factor: AP-2alpha; motif: NGCCTNAGGCN","TF:M11479","1","0","3779","18","2","20093","MON1A,CRYAB"
"TF","Factor: AP-2alpha; motif: NTNSCCTGRGGSNAN","TF:M09590","1","0","5968","18","3","20093","MON1A,LDB3,CRYAB"
"TF","Factor: TFAP2A; motif: NNNNGCCYSAGGGCA","TF:M07231","1","0","6121","18","4","20093","PRDM16,MON1A,LDB3,MYO18B"
"TF","Factor: AP-2alpha; motif: NNNGSCCTGRGGSN; match class: 1","TF:M04896_1","1","0","1356","18","1","20093","CRYAB"
"TF","Factor: AP-2alpha; motif: NNNGSCCTGRGGSN","TF:M04896","1","0","5853","18","3","20093","KAT2B,LDB3,CRYAB"
"TF","Factor: TFAP2A; motif: NGCCCYNNGGGCN; match class: 1","TF:M04148_1","1","0","9947","18","10","20093","PRDM16,CACNA2D2,MON1A,PTP4A3,MYPN,LDB3,ADM,PKP2,NFATC3,MYO18B"
"TF","Factor: TFAP2A; motif: NGCCCYNNGGGCN","TF:M04148","1","0","10515","18","12","20093","PRDM16,KAT2B,CACNA2D2,MON1A,PTP4A3,TMEM245,MYPN,LDB3,ADM,PKP2,NFATC3,MYO18B"
"TF","Factor: TFAP2A; motif: NGCCYSAGGCN; match class: 1","TF:M04147_1","1","0","2787","18","1","20093","KAT2B"
"TF","Factor: TFAP2A; motif: NGCCYSAGGCN","TF:M04147","1","0","6846","18","9","20093","PRDM16,HSPG2,SP3,KAT2B,CACNA2D2,MON1A,CRYAB,NFATC3,MYO18B"
"TF","Factor: TFAP2A; motif: YGCCCNNRGGCN; match class: 1","TF:M04146_1","1","0","3878","18","7","20093","PRDM16,HSPG2,SP3,CACNA2D2,LDB3,PKP2,NFATC3"
"TF","Factor: TFAP2A; motif: YGCCCNNRGGCN","TF:M04146","1","0","6810","18","9","20093","PRDM16,HSPG2,SP3,CACNA2D2,MON1A,LDB3,PKP2,NFATC3,MYO18B"
"TF","Factor: TFAP2C; motif: NGCCCNNRGGCA; match class: 1","TF:M04152_1","1","0","5577","18","8","20093","PRDM16,HSPG2,SP3,CACNA2D2,MON1A,LDB3,PKP2,NFATC3"
"TF","Factor: TFAP2C; motif: NGCCCNNRGGCA","TF:M04152","1","0","7811","18","10","20093","PRDM16,HSPG2,SP3,KAT2B,CACNA2D2,MON1A,LDB3,PKP2,NFATC3,MYO18B"
"TF","Factor: AP-2gamma:Max; motif: NNSCCYNRGGSNNNNCACGTGN","TF:M08664","1","0","2360","18","2","20093","CACNA2D2,PKP2"
"TF","Factor: AP-2gamma:HES-7; motif: NNCACGYGNNNNNNSCCNNNGGS","TF:M08662","1","0","1976","18","2","20093","SP3,PKP2"
"TF","Factor: AP-2gamma:Elk-1; motif: NGCCKNRGGSGRCGGAAGTG; match class: 1","TF:M08441_1","1","0","12934","18","12","20093","PRDM16,SP3,KAT2B,CACNA2D2,PTP4A3,TMEM245,LDB3,ADM,CRYAB,PKP2,NFATC3,MYO18B"
"TF","Factor: AP-2gamma:Elk-1; motif: NGCCKNRGGSGRCGGAAGTG","TF:M08441","1","0","16658","18","17","20093","PRDM16,HSPG2,NOS1AP,SP3,KAT2B,CACNA2D2,MON1A,GNRHR,PTP4A3,TMEM245,MYPN,LDB3,ADM,CRYAB,PKP2,NFATC3,MYO18B"
"TF","Factor: AP-2gamma:E2F-8; motif: NTTCCCGCNNSCCCSMGGC","TF:M08440","1","0","1234","18","2","20093","HSPG2,SP3"
"TF","Factor: AP-2gamma:Prrxl1; motif: SCCYSAGGSNNYAATTA","TF:M08439","1","0","53","18","1","20093","SP3"
"TF","Factor: AP-2gamma:Dlx-3; motif: NSCCYNNRGGCANNNNYAATTA","TF:M08660","1","0","3629","18","1","20093","HSPG2"
"TF","Factor: AP2BETA; motif: SCCYCAGGSNN; match class: 1","TF:M13137_1","1","0","4436","18","5","20093","HSPG2,KAT2B,MON1A,LDB3,CRYAB"
"TF","Factor: AP2BETA; motif: SCCYCAGGSNN","TF:M13137","1","0","10594","18","10","20093","PRDM16,HSPG2,KAT2B,MON1A,MECOM,TMEM245,LDB3,ADM,CRYAB,NFATC3"
"TF","Factor: AP-2beta; motif: NSCCNNNGGSN; match class: 1","TF:M11478_1","1","0","8133","18","10","20093","PRDM16,SP3,KAT2B,CACNA2D2,MON1A,TMEM245,LDB3,ADM,CRYAB,MYO18B"
"TF","Factor: AP-2beta; motif: NSCCNNNGGSN","TF:M11478","1","0","10078","18","15","20093","PRDM16,HSPG2,NOS1AP,SP3,KAT2B,CACNA2D2,MON1A,MECOM,TMEM245,LDB3,ADM,CRYAB,PKP2,NFATC3,MYO18B"
"TF","Factor: AP-2beta; motif: NSCCYNRGGSN; match class: 1","TF:M11477_1","1","0","7066","18","7","20093","HSPG2,SP3,KAT2B,CACNA2D2,MON1A,CRYAB,MYO18B"
"TF","Factor: AP-2beta; motif: NSCCYNRGGSN","TF:M11477","1","0","8385","18","8","20093","HSPG2,SP3,KAT2B,CACNA2D2,MON1A,MECOM,CRYAB,MYO18B"
"TF","Factor: TFAP2B; motif: NGCCCNNRGGCA; match class: 1","TF:M04149_1","1","0","1394","18","2","20093","SP3,CACNA2D2"
"TF","Factor: AP-4:Max; motif: NCAGCTGNNNNNNNCACGTGN","TF:M08674","1","0","11798","18","10","20093","PRDM16,HSPG2,MON1A,MECOM,PTP4A3,MYPN,LDB3,ADM,PKP2,MYO18B"
"TF","Factor: AP-4:Fli-1; motif: RSCGGAWRCAGSTGN; match class: 1","TF:M08445_1","1","0","3211","18","4","20093","KAT2B,CACNA2D2,PTP4A3,LDB3"
"TF","Factor: AP-4:Fli-1; motif: RSCGGAWRCAGSTGN","TF:M08445","1","0","9790","18","11","20093","PRDM16,HSPG2,KAT2B,CACNA2D2,GNRHR,PTP4A3,MYPN,LDB3,CRYAB,PKP2,NFATC3"
"TF","Factor: AP-4:ER81; motif: RSCGGAAGCAGSTGNN; match class: 1","TF:M08443_1","1","0","4043","18","5","20093","PRDM16,KAT2B,CACNA2D2,PTP4A3,LDB3"
"TF","Factor: AP-4:ER81; motif: RSCGGAAGCAGSTGNN","TF:M08443","1","0","10903","18","8","20093","PRDM16,KAT2B,CACNA2D2,GNRHR,PTP4A3,LDB3,CRYAB,PKP2"
"TF","Factor: AP-4:Dlx-3; motif: NCAGCTGNNNNNNGTAATKR","TF:M08671","1","0","4569","18","2","20093","LDB3,ADM"
"TF","Factor: Tcfap2e; motif: TGCCCYNNGGCN","TF:M11476","1","0","2167","18","1","20093","MON1A"
"TF","Factor: Tcfap2e; motif: TGCCCYNRGGCN","TF:M11474","1","0","1374","18","1","20093","MON1A"
"TF","Factor: AP-2gamma; motif: NSCCYNNRGSN; match class: 1","TF:M11482_1","1","0","2040","18","1","20093","CACNA2D2"
"TF","Factor: AP-2gamma; motif: NSCCYNNRGSN","TF:M11482","1","0","6754","18","8","20093","HSPG2,NOS1AP,SP3,CACNA2D2,MECOM,TMEM245,CRYAB,MYO18B"
"TF","Factor: AP-2gamma; motif: NSCCYNRGGSN; match class: 1","TF:M11481_1","1","0","4774","18","2","20093","MON1A,CRYAB"
"TF","Factor: AP-2gamma; motif: NSCCYNRGGSN","TF:M11481","1","0","4979","18","2","20093","MON1A,CRYAB"
"TF","Factor: AP-2gamma; motif: NTGSCCTGRGGSNN; match class: 1","TF:M09591_1","1","0","2851","18","1","20093","CRYAB"
"TF","Factor: AP-2gamma; motif: NTGSCCTGRGGSNN","TF:M09591","1","0","8529","18","6","20093","KAT2B,MON1A,TMEM245,LDB3,ADM,CRYAB"
"TF","Factor: AP-2gamma; motif: NNNNSCCYCAGGSCN","TF:M07137","1","0","1194","18","1","20093","LDB3"
"TF","Factor: TFAP2C; motif: NGCCTNAGGCN","TF:M04154","1","0","3317","18","2","20093","KAT2B,CRYAB"
"TF","Factor: AP-4; motif: NNCAGCTGNN","TF:M11212","1","0","3031","18","5","20093","CACNA2D2,MECOM,MYPN,LDB3,MYO18B"
"TF","Factor: AP-4; motif: ANCATATGNT; match class: 1","TF:M11211_1","1","0","2479","18","3","20093","CACNA2D2,MYPN,PKP2"
"TF","Factor: AP-4; motif: ANCATATGNT","TF:M11211","1","0","3338","18","4","20093","CACNA2D2,GNRHR,MYPN,PKP2"
"TF","Factor: AP-4; motif: AWCAGCTGWT; match class: 1","TF:M11210_1","1","0","4724","18","6","20093","CACNA2D2,MECOM,MYPN,LDB3,CRYAB,MYO18B"
"TF","Factor: AP-4; motif: AWCAGCTGWT","TF:M11210","1","0","4724","18","6","20093","CACNA2D2,MECOM,MYPN,LDB3,CRYAB,MYO18B"
"TF","Factor: AP-4; motif: ANCATATGNT; match class: 1","TF:M11209_1","1","0","2912","18","5","20093","CACNA2D2,GNRHR,PTP4A3,MYPN,PKP2"
"TF","Factor: AP-4; motif: ANCATATGNT","TF:M11209","1","0","3877","18","6","20093","CACNA2D2,GNRHR,PTP4A3,MYPN,PKP2,MYO18B"
"TF","Factor: AP-4; motif: AWCAGCTGWT; match class: 1","TF:M11208_1","1","0","3943","18","5","20093","CACNA2D2,MECOM,MYPN,LDB3,MYO18B"
"TF","Factor: AP-4; motif: AWCAGCTGWT","TF:M11208","1","0","4267","18","5","20093","CACNA2D2,MECOM,MYPN,LDB3,MYO18B"
"TF","Factor: AP-4; motif: ANCATATGNT; match class: 1","TF:M11207_1","1","0","2484","18","3","20093","CACNA2D2,MYPN,PKP2"
"TF","Factor: AP-4; motif: ANCATATGNT","TF:M11207","1","0","3413","18","3","20093","CACNA2D2,MYPN,PKP2"
"TF","Factor: AP-4; motif: AWCAGCTGWT; match class: 1","TF:M11206_1","1","0","7454","18","10","20093","KAT2B,CACNA2D2,MECOM,PTP4A3,TMEM245,MYPN,LDB3,CRYAB,NFATC3,MYO18B"
"TF","Factor: AP-4; motif: AWCAGCTGWT","TF:M11206","1","0","7454","18","10","20093","KAT2B,CACNA2D2,MECOM,PTP4A3,TMEM245,MYPN,LDB3,CRYAB,NFATC3,MYO18B"
"TF","Factor: TFAP4; motif: AWCAGCTGWT; match class: 1","TF:M04192_1","1","0","4196","18","5","20093","CACNA2D2,MECOM,MYPN,LDB3,MYO18B"
"TF","Factor: TFAP4; motif: AWCAGCTGWT","TF:M04192","1","0","5407","18","7","20093","CACNA2D2,MECOM,TMEM245,MYPN,LDB3,CRYAB,MYO18B"
"TF","Factor: AP-4:Max; motif: NCAGCTGNNNNNNNCACGTGN; match class: 1","TF:M08674_1","1","0","5727","18","6","20093","HSPG2,MON1A,MECOM,PTP4A3,PKP2,MYO18B"
"TF","Factor: DP-1; motif: NRNNGGCGGGAANN; match class: 1","TF:M10098_1","1","0","2164","18","3","20093","SP3,KAT2B,TMEM245"
"TF","Factor: DP-1; motif: NRNNGGCGGGAANN","TF:M10098","1","0","7099","18","6","20093","PRDM16,HSPG2,SP3,KAT2B,TMEM245,PKP2"
"TF","Factor: CP2; motif: NRRRCCGGCYNRARCCGGNN; match class: 1","TF:M12590_1","1","0","6748","18","12","20093","PRDM16,HSPG2,NOS1AP,SP3,KAT2B,CACNA2D2,MON1A,MECOM,LDB3,ADM,PKP2,NFATC3"
"TF","Factor: CP2; motif: NRRRCCGGCYNRARCCGGNN","TF:M12590","1","0","11130","18","14","20093","PRDM16,HSPG2,NOS1AP,SP3,KAT2B,CACNA2D2,MON1A,MECOM,PTP4A3,LDB3,ADM,CRYAB,PKP2,NFATC3"
"TF","Factor: CP2; motif: WACCGGTTNNAACCGGWT","TF:M11488","1","0","3531","18","2","20093","KAT2B,MECOM"
"TF","Factor: CP2; motif: AACCGGTTNNAACCGGTT; match class: 1","TF:M11487_1","1","0","2565","18","4","20093","MON1A,MECOM,LDB3,ADM"
"TF","Factor: CP2; motif: AACCGGTTNNAACCGGTT","TF:M11487","1","0","4446","18","5","20093","KAT2B,MON1A,MECOM,LDB3,ADM"
"TF","Factor: CP2; motif: AACCGGTTNNAACCGGTT; match class: 1","TF:M11486_1","1","0","2982","18","1","20093","MECOM"
"TF","Factor: CP2; motif: AACCGGTTNNAACCGGTT","TF:M11486","1","0","3687","18","3","20093","KAT2B,MECOM,LDB3"
"TF","Factor: CP2; motif: AACCGGTTNNAACCGGTT; match class: 1","TF:M11485_1","1","0","6311","18","8","20093","KAT2B,MON1A,MECOM,PTP4A3,LDB3,ADM,PKP2,NFATC3"
"TF","Factor: CP2; motif: AACCGGTTNNAACCGGTT","TF:M11485","1","0","7080","18","9","20093","KAT2B,MON1A,MECOM,PTP4A3,LDB3,ADM,CRYAB,PKP2,NFATC3"
"TF","Factor: AP4; motif: NMNCAGCTGGN; match class: 1","TF:M12580_1","1","0","1391","18","3","20093","CACNA2D2,MON1A,PTP4A3"
"TF","Factor: AP4; motif: NMNCAGCTGGN","TF:M12580","1","0","5993","18","11","20093","KAT2B,CACNA2D2,MON1A,MECOM,PTP4A3,MYPN,LDB3,ADM,CRYAB,PKP2,MYO18B"
"TF","Factor: AP-4; motif: AHCATRTGKT; match class: 1","TF:M11213_1","1","0","3248","18","3","20093","CACNA2D2,MYPN,PKP2"
"TF","Factor: AP-4; motif: AHCATRTGKT","TF:M11213","1","0","4414","18","5","20093","CACNA2D2,GNRHR,MYPN,PKP2,MYO18B"
"TF","Factor: AP-4; motif: NNCAGCTGNN; match class: 1","TF:M11212_1","1","0","2943","18","5","20093","CACNA2D2,MECOM,MYPN,LDB3,MYO18B"
"TF","Factor: TFEC; motif: RNCACRTGAY; match class: 1","TF:M04571_1","1","0","608","18","1","20093","NFATC3"
"TF","Factor: TFEC; motif: RNCACRTGAY","TF:M04571","1","0","1713","18","1","20093","NFATC3"
"TF","Factor: TFEB; motif: RNCACGTGAC","TF:M04194","1","0","1515","18","1","20093","NFATC3"
"TF","Factor: TFEB; motif: RTCACGTGAY; match class: 1","TF:M01768_1","1","0","474","18","1","20093","NFATC3"
"TF","Factor: TFEB; motif: RTCACGTGAY","TF:M01768","1","0","474","18","1","20093","NFATC3"
"TF","Factor: TFEA; motif: GYCASVTGACYN","TF:M03890","1","0","2669","18","2","20093","CRYAB,NFATC3"
"TF","Factor: TFEA; motif: NNNNSNGGTCACGTGACN","TF:M12678","1","0","1728","18","1","20093","NFATC3"
"TF","Factor: TFEA; motif: RGTCACGTGA; match class: 1","TF:M10100_1","1","0","2107","18","1","20093","NFATC3"
"TF","Factor: TFEA; motif: RGTCACGTGA","TF:M10100","1","0","6329","18","3","20093","TMEM245,ADM,NFATC3"
"TF","Factor: TFE3; motif: GTCACGTGAC; match class: 1","TF:M13041_1","1","0","4319","18","1","20093","NFATC3"
"TF","Factor: TFE3; motif: GTCACGTGAC","TF:M13041","1","0","4386","18","1","20093","NFATC3"
"TF","Factor: TFEA; motif: YRCACGTGACN; match class: 1","TF:M11090_1","1","0","3568","18","2","20093","HSPG2,NFATC3"
"TF","Factor: TFEA; motif: YRCACGTGACN","TF:M11090","1","0","6438","18","5","20093","HSPG2,MON1A,PTP4A3,LDB3,NFATC3"
"TF","Factor: TFEA; motif: NNCATGTGACN","TF:M11089","1","0","911","18","1","20093","TMEM245"
"TF","Factor: TFE3; motif: NNCACGTGAY; match class: 1","TF:M04193_1","1","0","721","18","1","20093","NFATC3"
"TF","Factor: TFE3; motif: NNCACGTGAY","TF:M04193","1","0","2378","18","1","20093","NFATC3"
"TF","Factor: Thap1; motif: SCGCCATSTTKGNTNMGGGCARNN; match class: 1","TF:M04723_1","1","0","5172","18","3","20093","PTP4A3,LDB3,CRYAB"
"TF","Factor: Thap1; motif: SCGCCATSTTKGNTNMGGGCARNN","TF:M04723","1","0","12181","18","14","20093","PRDM16,HSPG2,NOS1AP,KAT2B,CACNA2D2,MECOM,GNRHR,PTP4A3,TMEM245,LDB3,ADM,CRYAB,PKP2,NFATC3"
"TF","Factor: THAP11; motif: KGCMTKCTGGGARTTGTAGTYY","TF:M10102","1","0","371","18","1","20093","MON1A"
"TF","Factor: TGIF; motif: TGACAGS; match class: 1","TF:M10101_1","1","0","818","18","1","20093","LDB3"
"TF","Factor: TGIF; motif: TGACAGS","TF:M10101","1","0","5171","18","8","20093","SP3,KAT2B,CACNA2D2,MON1A,MECOM,LDB3,CRYAB,NFATC3"
"TF","Factor: TGIF; motif: NANWWTGACAGCTNNNN","TF:M01346","1","0","629","18","2","20093","CACNA2D2,LDB3"
"TF","Factor: TGIF2; motif: NTGACANN","TF:M11716","1","0","1755","18","5","20093","SP3,KAT2B,CACNA2D2,MECOM,CRYAB"
"TF","Factor: TFP95; motif: NYCTCACCTCCNNN","TF:M12679","1","0","383","18","1","20093","HSPG2"
"TF","Factor: TFII-I; motif: NAGGAAGTGN; match class: 1","TF:M04636_1","1","0","5856","18","7","20093","NOS1AP,KAT2B,MON1A,PTP4A3,MYPN,PKP2,NFATC3"
"TF","Factor: TFII-I; motif: NAGGAAGTGN","TF:M04636","1","0","13105","18","12","20093","NOS1AP,KAT2B,CACNA2D2,MON1A,MECOM,PTP4A3,TMEM245,MYPN,LDB3,CRYAB,PKP2,NFATC3"
"TF","Factor: TFII-I; motif: RGAGGKAGG; match class: 1","TF:M00706_1","1","0","1570","18","3","20093","SP3,CACNA2D2,MECOM"
"TF","Factor: TFII-I; motif: RGAGGKAGG","TF:M00706","1","0","5750","18","5","20093","SP3,KAT2B,CACNA2D2,MON1A,MECOM"
"TF","Factor: TFIIB; motif: YTNTMTGMSN; match class: 1","TF:M08904_1","1","0","1477","18","2","20093","ADM,CRYAB"
"TF","Factor: TFIIB; motif: YTNTMTGMSN","TF:M08904","1","0","6836","18","8","20093","NOS1AP,SP3,CACNA2D2,GNRHR,TMEM245,ADM,CRYAB,MYO18B"
"TF","Factor: TFIIB; motif: SASTATRWAAG","TF:M01739","1","0","968","18","1","20093","MYPN"
"TF","Factor: TFIIA; motif: TMTRWRAGGRSS","TF:M00707","1","0","450","18","1","20093","CRYAB"
"TF","Factor: T3R-beta; motif: RTGACCTYACRTGACCTYA","TF:M11819","1","0","7157","18","7","20093","MON1A,MECOM,GNRHR,LDB3,ADM,CRYAB,MYO18B"
"TF","Factor: T3R-beta; motif: NTGACCTYRNYRAGGTCAN; match class: 1","TF:M11818_1","1","0","11469","18","12","20093","PRDM16,HSPG2,NOS1AP,KAT2B,CACNA2D2,GNRHR,PTP4A3,MYPN,LDB3,ADM,PKP2,MYO18B"
"TF","Factor: T3R-beta; motif: NTGACCTYRNYRAGGTCAN","TF:M11818","1","0","12046","18","14","20093","PRDM16,HSPG2,NOS1AP,KAT2B,CACNA2D2,MON1A,GNRHR,PTP4A3,MYPN,LDB3,ADM,CRYAB,PKP2,MYO18B"
"TF","Factor: T3R-beta; motif: NRRGGTCRTGACCYYN; match class: 1","TF:M11817_1","1","0","1627","18","4","20093","NOS1AP,MON1A,PTP4A3,ADM"
"TF","Factor: T3R-beta; motif: NRRGGTCRTGACCYYN","TF:M11817","1","0","5602","18","5","20093","NOS1AP,MON1A,PTP4A3,ADM,NFATC3"
"TF","Factor: T3R-beta; motif: NRGGTCAAAGGTCAN; match class: 1","TF:M11816_1","1","0","4949","18","2","20093","PTP4A3,MYO18B"
"TF","Factor: T3R-beta; motif: NRGGTCAAAGGTCAN","TF:M11816","1","0","12020","18","2","20093","PTP4A3,MYO18B"
"TF","Factor: T3R-beta; motif: NNRGGTCRTGACCYNN; match class: 1","TF:M11815_1","1","0","1712","18","4","20093","NOS1AP,MON1A,PTP4A3,ADM"
"TF","Factor: T3R-beta; motif: NNRGGTCRTGACCYNN","TF:M11815","1","0","5500","18","5","20093","NOS1AP,MON1A,PTP4A3,ADM,NFATC3"
"TF","Factor: T3R-beta; motif: NRGGTCAAAGGTCRN; match class: 1","TF:M11814_1","1","0","7434","18","3","20093","SP3,PTP4A3,LDB3"
"TF","Factor: T3R-beta; motif: NRGGTCAAAGGTCRN","TF:M11814","1","0","14246","18","9","20093","PRDM16,HSPG2,SP3,CACNA2D2,GNRHR,PTP4A3,LDB3,ADM,MYO18B"
"TF","Factor: THAP7; motif: GNCGCCATSTTGRGNGKGGC; match class: 1","TF:M12728_1","1","0","1246","18","2","20093","PTP4A3,PKP2"
"TF","Factor: THAP7; motif: GNCGCCATSTTGRGNGKGGC","TF:M12728","1","0","5624","18","5","20093","HSPG2,PTP4A3,LDB3,ADM,PKP2"
"TF","Factor: THAP1; motif: NNGCAGGGCANN","TF:M13006","1","0","1857","18","1","20093","PKP2"
"TF","Factor: THAP1; motif: YTGCCCNNA; match class: 1","TF:M07407_1","1","0","4255","18","3","20093","ADM,CRYAB,MYO18B"
"TF","Factor: THAP1; motif: YTGCCCNNA","TF:M07407","1","0","11204","18","9","20093","NOS1AP,CACNA2D2,MON1A,MECOM,PTP4A3,LDB3,ADM,CRYAB,MYO18B"
"TF","Factor: TP53; motif: RCATGYCCAGACATG","TF:M07232","1","0","3006","18","1","20093","CRYAB"
"TF","Factor: TORC2; motif: TGGGCTKKD","TF:M07341","1","0","5018","18","3","20093","SP3,LDB3,MYO18B"
"TF","Factor: TLX; motif: AAAAATCARK","TF:M05480","1","0","159","18","1","20093","NFATC3"
"TF","Factor: NCX; motif: NYAATTAN","TF:M10653","1","0","502","18","1","20093","NOS1AP"
"TF","Factor: TTF1; motif: ASTCAAGTRK; match class: 1","TF:M00432_1","1","0","1021","18","1","20093","CRYAB"
"TF","Factor: TTF1; motif: ASTCAAGTRK","TF:M00432","1","0","5546","18","8","20093","NOS1AP,CACNA2D2,MECOM,TMEM245,MYPN,LDB3,ADM,CRYAB"
"TF","Factor: TIF2; motif: ANANAGAWAAGN","TF:M09849","1","0","3807","18","1","20093","GNRHR"
"TF","Factor: TIF1ALPHA; motif: NTKRTGCAAY","TF:M13118","1","0","1561","18","1","20093","NOS1AP"
"TF","Factor: TIEG1; motif: GGSGGKGNNN; match class: 1","TF:M08905_1","1","0","1021","18","2","20093","SP3,KAT2B"
"TF","Factor: TIEG1; motif: GGSGGKGNNN","TF:M08905","1","0","5199","18","4","20093","PRDM16,SP3,KAT2B,MYPN"
"TF","Factor: TIEG1; motif: NCCCNSNCCCCGCCCCC; match class: 1","TF:M12351_1","1","0","8323","18","14","20093","PRDM16,HSPG2,NOS1AP,SP3,KAT2B,CACNA2D2,MON1A,MECOM,PTP4A3,TMEM245,ADM,CRYAB,PKP2,NFATC3"
"TF","Factor: TIEG1; motif: NCCCNSNCCCCGCCCCC","TF:M12351","1","0","12566","18","15","20093","PRDM16,HSPG2,NOS1AP,SP3,KAT2B,CACNA2D2,MON1A,MECOM,PTP4A3,TMEM245,LDB3,ADM,CRYAB,PKP2,NFATC3"
"TF","Factor: T3R-beta; motif: NTGACCTNACGTGACCTYA","TF:M11821","1","0","2622","18","2","20093","MON1A,CRYAB"
"TF","Factor: T3R-beta; motif: NTGACCTNRNYNAGGTCAN; match class: 1","TF:M11820_1","1","0","4904","18","5","20093","HSPG2,PTP4A3,MYPN,LDB3,PKP2"
"TF","Factor: T3R-beta; motif: NTGACCTNRNYNAGGTCAN","TF:M11820","1","0","5359","18","6","20093","HSPG2,KAT2B,PTP4A3,MYPN,LDB3,PKP2"
"TF","Factor: T3R-beta; motif: RTGACCTYACRTGACCTYA; match class: 1","TF:M11819_1","1","0","1670","18","1","20093","MON1A"
"TF","Factor: TTF-1; motif: NNNNCAAGNRNN; match class: 1","TF:M00794_1","1","0","674","18","2","20093","MON1A,LDB3"
"TF","Factor: TTF-1; motif: NNNNCAAGNRNN","TF:M00794","1","0","4839","18","8","20093","HSPG2,MON1A,TMEM245,LDB3,ADM,CRYAB,PKP2,MYO18B"
"TF","Factor: TTF-1; motif: CTTGASN","TF:M03891","1","0","3707","18","2","20093","PRDM16,ADM"
"TF","Factor: TTF-1; motif: NNNCNCTTGASNNN","TF:M02034","1","0","3916","18","4","20093","MON1A,LDB3,ADM,PKP2"
"TF","Factor: TTF-1; motif: NTKGAGTGSN; match class: 1","TF:M10007_1","1","0","660","18","1","20093","PTP4A3"
"TF","Factor: TTF-1; motif: NTKGAGTGSN","TF:M10007","1","0","4758","18","3","20093","PRDM16,PTP4A3,MYPN"
"TF","Factor: Tst-1; motif: NNKGAATTAVAVTDN","TF:M00133","1","0","5884","18","1","20093","GNRHR"
"TF","Factor: TRPS1; motif: DGHHWCTATYTCCTD","TF:M07434","1","0","625","18","1","20093","NFATC3"
"TF","Factor: TR4; motif: NCCCTGACCYB","TF:M08906","1","0","4677","18","3","20093","GNRHR,PTP4A3,LDB3"
"TF","Factor: TR4; motif: GSTYMSRGGTCA","TF:M10015","1","0","2713","18","1","20093","KAT2B"
"TF","Factor: TR2; motif: NRGGTCRYGACCYN; match class: 1","TF:M11765_1","1","0","1473","18","4","20093","NOS1AP,MON1A,PTP4A3,ADM"
"TF","Factor: TR2; motif: NRGGTCRYGACCYN","TF:M11765","1","0","3160","18","5","20093","NOS1AP,MON1A,PTP4A3,ADM,NFATC3"
"TF","Factor: TR2; motif: RRGGTCRYGACCYY; match class: 1","TF:M11763_1","1","0","275","18","2","20093","MON1A,PTP4A3"
"TF","Factor: TR2; motif: RRGGTCRYGACCYY","TF:M11763","1","0","311","18","2","20093","MON1A,PTP4A3"
"TF","Factor: TR2; motif: NAGGTCAA","TF:M05347","1","0","1189","18","2","20093","GNRHR,LDB3"
"TF","Factor: p53; motif: RGRCATGTCTGGRCATGYCN","TF:M09642","1","0","1880","18","1","20093","MON1A"
"TF","Factor: USF1; motif: NNNNGTCACGTGGN","TF:M07067","1","0","3283","18","2","20093","MON1A,NFATC3"
"TF","Factor: USF1; motif: NNGTCATGTGACNN","TF:M12501","1","0","1932","18","1","20093","TMEM245"
"TF","Factor: USF1; motif: NNCACGTGACN","TF:M11094","1","0","2043","18","2","20093","MON1A,NFATC3"
"TF","Factor: USF1; motif: ANCATGTGACN","TF:M11093","1","0","2890","18","2","20093","TMEM245,NFATC3"
"TF","Factor: USF1; motif: NGTCACGTGRNS","TF:M10105","1","0","2248","18","2","20093","TMEM245,NFATC3"
"TF","Factor: USF1; motif: NNCAYGTGACC","TF:M07233","1","0","2051","18","2","20093","TMEM245,NFATC3"
"TF","Factor: USF1; motif: RNCACGTGAY; match class: 1","TF:M04196_1","1","0","896","18","1","20093","NFATC3"
"TF","Factor: USF1; motif: RNCACGTGAY","TF:M04196","1","0","1880","18","1","20093","NFATC3"
"TF","Factor: UNCX; motif: NYAATTAN","TF:M04443","1","0","3581","18","1","20093","MECOM"
"TF","Factor: UNCX; motif: NTAATNNAATTAN; match class: 1","TF:M04442_1","1","0","553","18","2","20093","MON1A,MYPN"
"TF","Factor: UNCX; motif: NTAATNNAATTAN","TF:M04442","1","0","2425","18","3","20093","KAT2B,MON1A,MYPN"
"TF","Factor: TWIST; motif: CACCTGG; match class: 1","TF:M03582_1","1","0","2622","18","1","20093","MON1A"
"TF","Factor: TWIST; motif: CACCTGG","TF:M03582","1","0","8619","18","7","20093","PRDM16,NOS1AP,SP3,MON1A,LDB3,ADM,PKP2"
"TF","Factor: TWIST; motif: MCATCTGKWWYYNATTA","TF:M10103","1","0","2585","18","1","20093","MYPN"
"TF","Factor: TWIST1; motif: NNNCCAGATGTNN","TF:M12577","1","0","2863","18","2","20093","PTP4A3,CRYAB"
"TF","Factor: TWIST1; motif: NNNCCAGATGTNN","TF:M09790","1","0","2957","18","2","20093","PTP4A3,CRYAB"
"TF","Factor: USF2; motif: NRTCACGTGAYN; match class: 1","TF:M13004_1","1","0","2874","18","1","20093","NFATC3"
"TF","Factor: USF2; motif: NRTCACGTGAYN","TF:M13004","1","0","2919","18","1","20093","NFATC3"
"TF","Factor: USF2; motif: NNNSSYCACGTGACNNNNNNNNNSCN; match class: 1","TF:M12682_1","1","0","650","18","1","20093","NFATC3"
"TF","Factor: USF2; motif: NNNSSYCACGTGACNNNNNNNNNSCN","TF:M12682","1","0","2453","18","2","20093","MON1A,NFATC3"
"TF","Factor: USF2; motif: NNGTCATGTGACNN","TF:M12534","1","0","1782","18","2","20093","TMEM245,NFATC3"
"TF","Factor: USF2; motif: NNCACGTGACN","TF:M11096","1","0","1604","18","2","20093","MON1A,NFATC3"
"TF","Factor: USF2; motif: RNCAYGTGACN","TF:M11095","1","0","2594","18","2","20093","TMEM245,NFATC3"
"TF","Factor: USF2; motif: NNNGGTCACGTGRYNN; match class: 1","TF:M09820_1","1","0","816","18","1","20093","NFATC3"
"TF","Factor: USF2; motif: NNNGGTCACGTGRYNN","TF:M09820","1","0","2190","18","2","20093","MON1A,NFATC3"
"TF","Factor: USF2; motif: NGGTCACGTGNNSNNNNNN; match class: 1","TF:M09670_1","1","0","878","18","1","20093","NFATC3"
"TF","Factor: USF2; motif: NGGTCACGTGNNSNNNNNN","TF:M09670","1","0","2455","18","2","20093","MON1A,NFATC3"
"TF","Factor: USF2; motif: RYCAYGTGACY","TF:M07139","1","0","1479","18","1","20093","TMEM245"
"TF","Factor: USF2; motif: AAGTCACG; match class: 1","TF:M04810_1","1","0","1368","18","1","20093","NFATC3"
"TF","Factor: USF2; motif: AAGTCACG","TF:M04810","1","0","6429","18","4","20093","HSPG2,NOS1AP,TMEM245,NFATC3"
"TF","Factor: USF2; motif: GTCACGTGA; match class: 1","TF:M04679_1","1","0","709","18","1","20093","NFATC3"
"TF","Factor: USF2; motif: GTCACGTGA","TF:M04679","1","0","1659","18","2","20093","ADM,NFATC3"
"TF","Factor: VBP; motif: GTTACRTMAT","TF:M00228","1","0","2673","18","1","20093","TMEM245"
"TF","Factor: VAX2; motif: NYAATTAN","TF:M13026","1","0","4465","18","2","20093","NOS1AP,MECOM"
"TF","Factor: VAX2; motif: YTAATTAN","TF:M04447","1","0","2766","18","1","20093","NOS1AP"
"TF","Factor: VAX1; motif: YTAATTAN","TF:M04446","1","0","3555","18","2","20093","NOS1AP,MECOM"
"TF","Factor: USF; motif: NRCCACGTGASN","TF:M00796","1","0","2472","18","1","20093","NFATC3"
"TF","Factor: USF; motif: GYCACGTGNC","TF:M00187","1","0","3883","18","2","20093","MON1A,NFATC3"
"TF","Factor: USF; motif: NCACGTGN; match class: 1","TF:M00217_1","1","0","1303","18","2","20093","HSPG2,MON1A"
"TF","Factor: USF; motif: NCACGTGN","TF:M00217","1","0","4302","18","3","20093","HSPG2,MON1A,PTP4A3"
"TF","Factor: USF; motif: NNRNCACGTGNYNN; match class: 1","TF:M00122_1","1","0","2547","18","1","20093","NFATC3"
"TF","Factor: USF; motif: NNRNCACGTGNYNN","TF:M00122","1","0","2547","18","1","20093","NFATC3"
"TF","Factor: USF; motif: NNRYCACGTGRYNN; match class: 1","TF:M00121_1","1","0","2612","18","2","20093","MON1A,NFATC3"
"TF","Factor: USF; motif: NNRYCACGTGRYNN","TF:M00121","1","0","2612","18","2","20093","MON1A,NFATC3"
"TF","Factor: USF2; motif: NNNCCACGTGACN; match class: 1","TF:M03860_1","1","0","1152","18","1","20093","MON1A"
"TF","Factor: USF2; motif: NNNCCACGTGACN","TF:M03860","1","0","3926","18","4","20093","HSPG2,MON1A,PTP4A3,NFATC3"
"TF","Factor: USF2; motif: CASGYG; match class: 1","TF:M00726_1","1","0","6191","18","5","20093","HSPG2,MON1A,PTP4A3,LDB3,NFATC3"
"TF","Factor: USF2; motif: CASGYG","TF:M00726","1","0","6191","18","5","20093","HSPG2,MON1A,PTP4A3,LDB3,NFATC3"
"TF","Factor: VSX1; motif: NGCYAATTRNN","TF:M04450","1","0","7576","18","4","20093","NOS1AP,KAT2B,GNRHR,NFATC3"
"TF","Factor: HPX42B; motif: NNYNATTANN","TF:M10681","1","0","2712","18","1","20093","KAT2B"
"TF","Factor: HPX42B; motif: CGATTANCG","TF:M10680","1","0","1332","18","1","20093","TMEM245"
"TF","Factor: HPX42B; motif: NNYAATTANN","TF:M10679","1","0","2397","18","1","20093","NOS1AP"
"TF","Factor: VDR; motif: GGGKNARNRRGGWSA; match class: 1","TF:M00444_1","1","0","4619","18","11","20093","PRDM16,HSPG2,SP3,KAT2B,CACNA2D2,MON1A,PTP4A3,TMEM245,ADM,PKP2,MYO18B"
"TF","Factor: VDR; motif: GGGKNARNRRGGWSA","TF:M00444","1","0","10493","18","12","20093","PRDM16,HSPG2,SP3,KAT2B,CACNA2D2,MON1A,PTP4A3,TMEM245,LDB3,ADM,PKP2,MYO18B"
"TF","Factor: VDR; motif: NRGGTCANNGRGKTCA; match class: 1","TF:M10106_1","1","0","1674","18","3","20093","PRDM16,PTP4A3,ADM"
"TF","Factor: VDR; motif: NRGGTCANNGRGKTCA","TF:M10106","1","0","7146","18","7","20093","PRDM16,NOS1AP,KAT2B,PTP4A3,LDB3,ADM,NFATC3"
"TF","Factor: VDR; motif: RRGGTCANNGRGKTCA; match class: 1","TF:M09671_1","1","0","2482","18","3","20093","PTP4A3,LDB3,ADM"
"TF","Factor: VDR; motif: RRGGTCANNGRGKTCA","TF:M09671","1","0","8288","18","8","20093","PRDM16,SP3,CACNA2D2,GNRHR,PTP4A3,LDB3,ADM,MYO18B"
"TF","Factor: VDR; motif: NRRGTTCA","TF:M08979","1","0","4915","18","1","20093","MYO18B"
"TF","Factor: VDR; motif: GRGTTCATYGRGTTCA; match class: 1","TF:M04498_1","1","0","905","18","1","20093","ADM"
"TF","Factor: VDR; motif: GRGTTCATYGRGTTCA","TF:M04498","1","0","5440","18","4","20093","NOS1AP,ADM,CRYAB,NFATC3"
"TF","Factor: VDR:RXR; motif: GGGTCAWNGRGTTCA","TF:M01202","1","0","4042","18","3","20093","HSPG2,ADM,NFATC3"
"TF","Factor: VDR:RXR-ALPHA; motif: NRGGTCANNNGGTTCNN; match class: 1","TF:M08980_1","1","0","4014","18","2","20093","PRDM16,PTP4A3"
"TF","Factor: VDR:RXR-ALPHA; motif: NRGGTCANNNGGTTCNN","TF:M08980","1","0","10671","18","9","20093","PRDM16,HSPG2,KAT2B,CACNA2D2,MON1A,PTP4A3,TMEM245,LDB3,ADM"
"TF","Factor: WT1; motif: RGGNGGGGGAGGRGGNGGRG; match class: 1","TF:M10108_1","1","0","2863","18","7","20093","PRDM16,NOS1AP,SP3,KAT2B,MECOM,PTP4A3,CRYAB"
"TF","Factor: WT1; motif: RGGNGGGGGAGGRGGNGGRG","TF:M10108","1","0","6626","18","9","20093","PRDM16,NOS1AP,SP3,KAT2B,CACNA2D2,MECOM,PTP4A3,ADM,CRYAB"
"TF","Factor: WT1; motif: NGCGGGGGGGTSMMCYN; match class: 1","TF:M05327_1","1","0","1773","18","5","20093","PRDM16,NOS1AP,SP3,PKP2,NFATC3"
"TF","Factor: WT1; motif: NGCGGGGGGGTSMMCYN","TF:M05327","1","0","5618","18","8","20093","PRDM16,NOS1AP,SP3,CACNA2D2,TMEM245,CRYAB,PKP2,NFATC3"
"TF","Factor: CHX10; motif: NTCRTTAN; match class: 1","TF:M10939_1","1","0","343","18","1","20093","TMEM245"
"TF","Factor: CHX10; motif: NTCRTTAN","TF:M10939","1","0","3170","18","1","20093","TMEM245"
"TF","Factor: CHX10; motif: NTCRTTAN; match class: 1","TF:M10936_1","1","0","343","18","1","20093","TMEM245"
"TF","Factor: CHX10; motif: NTCRTTAN","TF:M10936","1","0","3170","18","1","20093","TMEM245"
"TF","Factor: VSX1; motif: NTCRTTAN; match class: 1","TF:M10945_1","1","0","343","18","1","20093","TMEM245"
"TF","Factor: VSX1; motif: NTCRTTAN","TF:M10945","1","0","3170","18","1","20093","TMEM245"
"TF","Factor: VSX1; motif: NTCRTTAN; match class: 1","TF:M10942_1","1","0","343","18","1","20093","TMEM245"
"TF","Factor: VSX1; motif: NTCRTTAN","TF:M10942","1","0","3170","18","1","20093","TMEM245"
"TF","Factor: VSX1; motif: CYAATTRN","TF:M10941","1","0","4302","18","3","20093","NOS1AP,KAT2B,NFATC3"
"TF","Factor: VSX1; motif: YTAATTAN","TF:M08015","1","0","477","18","1","20093","NOS1AP"
"TF","Factor: VSX1; motif: NGCYAATTRNN; match class: 1","TF:M04450_1","1","0","3529","18","3","20093","NOS1AP,KAT2B,GNRHR"
"TF","Factor: YB-1; motif: NNNNCCAATNN","TF:M03862","1","0","9356","18","2","20093","KAT2B,NFATC3"
"TF","Factor: YB-1; motif: CCAMTCNGMR; match class: 1","TF:M03805_1","1","0","3746","18","5","20093","SP3,GNRHR,TMEM245,NFATC3,MYO18B"
"TF","Factor: YB-1; motif: CCAMTCNGMR","TF:M03805","1","0","10298","18","11","20093","PRDM16,SP3,KAT2B,MECOM,GNRHR,TMEM245,MYPN,LDB3,CRYAB,NFATC3,MYO18B"
"TF","Factor: XPA; motif: NCACCTCACAC","TF:M12248","1","0","1657","18","1","20093","SP3"
"TF","Factor: XPA; motif: SCACCTCACAN","TF:M12247","1","0","1513","18","3","20093","SP3,CRYAB,NFATC3"
"TF","Factor: XBP-1; motif: SRTGAYGTCAYS","TF:M11275","1","0","2844","18","1","20093","CRYAB"
"TF","Factor: XBP-1; motif: NGMCACRTCAYC","TF:M11274","1","0","1803","18","1","20093","NFATC3"
"TF","Factor: XBP-1; motif: WNNGMCACGTC; match class: 1","TF:M01770_1","1","0","4647","18","2","20093","MON1A,MYO18B"
"TF","Factor: XBP-1; motif: WNNGMCACGTC","TF:M01770","1","0","11274","18","10","20093","HSPG2,SP3,KAT2B,MON1A,GNRHR,PTP4A3,CRYAB,PKP2,NFATC3,MYO18B"
"TF","Factor: WT1; motif: GNGGGGGCGGGG; match class: 1","TF:M03893_1","1","0","4001","18","7","20093","PRDM16,HSPG2,KAT2B,CACNA2D2,CRYAB,PKP2,NFATC3"
"TF","Factor: WT1; motif: GNGGGGGCGGGG","TF:M03893","1","0","8428","18","13","20093","PRDM16,HSPG2,NOS1AP,SP3,KAT2B,CACNA2D2,MON1A,MECOM,PTP4A3,TMEM245,CRYAB,PKP2,NFATC3"
"TF","Factor: WT1; motif: CGCCCCCNCN; match class: 1","TF:M02036_1","1","0","5335","18","8","20093","PRDM16,HSPG2,NOS1AP,KAT2B,CACNA2D2,TMEM245,PKP2,NFATC3"
"TF","Factor: WT1; motif: CGCCCCCNCN","TF:M02036","1","0","9882","18","12","20093","PRDM16,HSPG2,NOS1AP,SP3,KAT2B,CACNA2D2,MON1A,MECOM,TMEM245,CRYAB,PKP2,NFATC3"
"TF","Factor: WT1; motif: SMCNCCNSC; match class: 1","TF:M01118_1","1","0","2814","18","7","20093","PRDM16,SP3,KAT2B,PTP4A3,TMEM245,CRYAB,NFATC3"
"TF","Factor: WT1; motif: SMCNCCNSC","TF:M01118","1","0","6923","18","10","20093","PRDM16,NOS1AP,SP3,KAT2B,CACNA2D2,PTP4A3,TMEM245,ADM,CRYAB,NFATC3"
"TF","Factor: YY1; motif: CAARATGGCGGC; match class: 1","TF:M10104_1","1","0","1194","18","1","20093","MECOM"
"TF","Factor: YY1; motif: CAARATGGCGGC","TF:M10104","1","0","6268","18","4","20093","CACNA2D2,MECOM,GNRHR,MYPN"
"TF","Factor: YY1; motif: NAANATGGCGNNN; match class: 1","TF:M08982_1","1","0","1730","18","1","20093","MECOM"
"TF","Factor: YY1; motif: NAANATGGCGNNN","TF:M08982","1","0","7356","18","4","20093","CACNA2D2,MECOM,GNRHR,MYPN"
"TF","Factor: YY1; motif: CAARATGGCNGC; match class: 1","TF:M07234_1","1","0","1221","18","1","20093","MECOM"
"TF","Factor: YY1; motif: CAARATGGCNGC","TF:M07234","1","0","6255","18","4","20093","CACNA2D2,MECOM,GNRHR,MYPN"
"TF","Factor: YY1; motif: AAACATGGC","TF:M04908","1","0","1368","18","1","20093","CACNA2D2"
"TF","Factor: YY1; motif: GCCGCCATNTTGNNNNNGGNCN; match class: 1","TF:M04696_1","1","0","2028","18","1","20093","MECOM"
"TF","Factor: YY1; motif: GCCGCCATNTTGNNNNNGGNCN","TF:M04696","1","0","8043","18","6","20093","PRDM16,CACNA2D2,MECOM,GNRHR,MYPN,LDB3"
"TF","Factor: YY1; motif: NNCGCCATTNN; match class: 1","TF:M03924_1","1","0","3775","18","1","20093","CACNA2D2"
"TF","Factor: YY1; motif: NNCGCCATTNN","TF:M03924","1","0","10333","18","7","20093","SP3,CACNA2D2,MON1A,TMEM245,LDB3,CRYAB,NFATC3"
"TF","Factor: YY1; motif: GCCGCCATTTTG","TF:M02044","1","0","6388","18","5","20093","PRDM16,CACNA2D2,MECOM,MYPN,LDB3"
"TF","Factor: YY1; motif: NNNCGGCCATCTTGNCTSNW; match class: 1","TF:M00069_1","1","0","2286","18","5","20093","SP3,MON1A,MECOM,PTP4A3,LDB3"
"TF","Factor: YY1; motif: NNNCGGCCATCTTGNCTSNW","TF:M00069","1","0","8532","18","9","20093","SP3,MON1A,MECOM,PTP4A3,TMEM245,LDB3,ADM,CRYAB,NFATC3"
"TF","Factor: YY1; motif: NNNNNCCATNTWNNNWN","TF:M00059","1","0","5039","18","4","20093","NOS1AP,CACNA2D2,MECOM,PTP4A3"
"TF","Factor: YB-1; motif: NNNNCCAATNN; match class: 1","TF:M03862_1","1","0","3183","18","1","20093","NFATC3"
"TF","Factor: YY2; motif: CCATTWN","TF:M01694","1","0","2656","18","2","20093","GNRHR,LDB3"
"TF","Factor: YY1; motif: CCATNTT; match class: 1","TF:M01894_1","1","0","1757","18","1","20093","CRYAB"
"TF","Factor: YY1; motif: CCATNTT","TF:M01894","1","0","7025","18","5","20093","PRDM16,SP3,MECOM,MYPN,CRYAB"
"TF","Factor: YY1; motif: NYNKCCATNTT; match class: 1","TF:M01035_1","1","0","1159","18","1","20093","MECOM"
"TF","Factor: YY1; motif: NYNKCCATNTT","TF:M01035","1","0","6132","18","4","20093","CACNA2D2,MECOM,GNRHR,MYPN"
"TF","Factor: YY1; motif: GCCATNTTN","TF:M00793","1","0","4710","18","4","20093","CACNA2D2,MECOM,GNRHR,MYPN"
"TF","Factor: YY1; motif: NNNNAARATGGNNNN; match class: 1","TF:M07370_1","1","0","1123","18","1","20093","MECOM"
"TF","Factor: YY1; motif: NNNNAARATGGNNNN","TF:M07370","1","0","5998","18","5","20093","PRDM16,CACNA2D2,MECOM,MYPN,CRYAB"
"TF","Factor: YY1; motif: NGCCATYTTKGRCNWWNNGTGCK; match class: 1","TF:M12276_1","1","0","3722","18","3","20093","PRDM16,NOS1AP,MON1A"
"TF","Factor: YY1; motif: NGCCATYTTKGRCNWWNNGTGCK","TF:M12276","1","0","10806","18","11","20093","PRDM16,NOS1AP,KAT2B,MON1A,MECOM,GNRHR,PTP4A3,TMEM245,CRYAB,PKP2,MYO18B"
"TF","Factor: YY1; motif: NGCCGCCATYTTGN; match class: 1","TF:M12275_1","1","0","1646","18","1","20093","MECOM"
"TF","Factor: YY1; motif: NGCCGCCATYTTGN","TF:M12275","1","0","7221","18","6","20093","PRDM16,NOS1AP,CACNA2D2,MECOM,GNRHR,MYPN"
"TF","Factor: YY1; motif: GGCSGCCATTTTGN; match class: 1","TF:M12273_1","1","0","1302","18","1","20093","MECOM"
"TF","Factor: YY1; motif: GGCSGCCATTTTGN","TF:M12273","1","0","6429","18","5","20093","PRDM16,CACNA2D2,MECOM,GNRHR,MYPN"
"TF","Factor: YY1; motif: CAANATGGCGGC; match class: 1","TF:M10436_1","1","0","2382","18","3","20093","MECOM,PTP4A3,LDB3"
"TF","Factor: YY1; motif: CAANATGGCGGC","TF:M10436","1","0","8399","18","7","20093","NOS1AP,SP3,CACNA2D2,MECOM,PTP4A3,LDB3,PKP2"
"TF","Factor: ZBTB11; motif: RCTTCCGGNNSNNNN","TF:M13119","1","0","5903","18","2","20093","MECOM,PKP2"
"TF","Factor: ZBTB10; motif: TGGGGTGCNS","TF:M12686","1","0","3435","18","3","20093","PRDM16,LDB3,ADM"
"TF","Factor: ZBRK1; motif: NGNNNGGTNAWAAAARRGCNG; match class: 1","TF:M10468_1","1","0","4824","18","5","20093","NOS1AP,TMEM245,MYPN,CRYAB,MYO18B"
"TF","Factor: ZBRK1; motif: NGNNNGGTNAWAAAARRGCNG","TF:M10468","1","0","11265","18","8","20093","NOS1AP,MECOM,GNRHR,TMEM245,MYPN,CRYAB,NFATC3,MYO18B"
"TF","Factor: ZBP89; motif: YCCYCCCCCM","TF:M01816","1","0","2235","18","3","20093","SP3,PTP4A3,CRYAB"
"TF","Factor: ZBED4; motif: CCCGCYCCGC; match class: 1","TF:M13366_1","1","0","3784","18","2","20093","HSPG2,PKP2"
"TF","Factor: ZBED4; motif: CCCGCYCCGC","TF:M13366","1","0","7698","18","7","20093","PRDM16,HSPG2,KAT2B,MON1A,ADM,PKP2,NFATC3"
"TF","Factor: ZASC1; motif: NYCAGCACCNNGGRMRGC","TF:M12684","1","0","2559","18","5","20093","PRDM16,MON1A,TMEM245,ADM,CRYAB"
"TF","Factor: ZABC1; motif: NNTGNMCTTTGNNCYNNN; match class: 1","TF:M12683_1","1","0","626","18","1","20093","MON1A"
"TF","Factor: ZABC1; motif: NNTGNMCTTTGNNCYNNN","TF:M12683","1","0","4479","18","4","20093","MON1A,PTP4A3,LDB3,PKP2"
"TF","Factor: ZABC1; motif: ATTCCNAC; match class: 1","TF:M01306_1","1","0","2736","18","2","20093","LDB3,ADM"
"TF","Factor: ZABC1; motif: ATTCCNAC","TF:M01306","1","0","9411","18","7","20093","NOS1AP,CACNA2D2,MECOM,PTP4A3,LDB3,ADM,NFATC3"
"TF","Factor: YY2; motif: NNATGGCGGCN","TF:M12554","1","0","2701","18","1","20093","CACNA2D2"
"TF","Factor: YY2; motif: NCCGCCATNTY","TF:M03925","1","0","4758","18","1","20093","CACNA2D2"
"TF","Factor: ZBTB33; motif: GGYGCTG; match class: 1","TF:M13142_1","1","0","3317","18","7","20093","HSPG2,CACNA2D2,MECOM,TMEM245,ADM,CRYAB,PKP2"
"TF","Factor: ZBTB33; motif: GGYGCTG","TF:M13142","1","0","8620","18","9","20093","HSPG2,NOS1AP,KAT2B,CACNA2D2,MECOM,TMEM245,ADM,CRYAB,PKP2"
"TF","Factor: Kaiso; motif: SARNYCTCGCGAGAN; match class: 1","TF:M09966_1","1","0","444","18","2","20093","TMEM245,NFATC3"
"TF","Factor: Kaiso; motif: SARNYCTCGCGAGAN","TF:M09966","1","0","2328","18","4","20093","PRDM16,MECOM,TMEM245,NFATC3"
"TF","Factor: Kaiso; motif: GNTCTCGCGAGRNNNNGGN; match class: 1","TF:M09632_1","1","0","690","18","2","20093","PRDM16,TMEM245"
"TF","Factor: Kaiso; motif: GNTCTCGCGAGRNNNNGGN","TF:M09632","1","0","2978","18","3","20093","PRDM16,MECOM,TMEM245"
"TF","Factor: Kaiso; motif: NTCTCGCGAGANYTN","TF:M07140","1","0","551","18","1","20093","TMEM245"
"TF","Factor: Kaiso; motif: TCTCGCGAG; match class: 1","TF:M04691_1","1","0","10678","18","11","20093","PRDM16,NOS1AP,SP3,CACNA2D2,PTP4A3,TMEM245,MYPN,LDB3,PKP2,NFATC3,MYO18B"
"TF","Factor: Kaiso; motif: TCTCGCGAG","TF:M04691","1","0","15456","18","18","20093","PRDM16,HSPG2,NOS1AP,SP3,KAT2B,CACNA2D2,MON1A,MECOM,GNRHR,PTP4A3,TMEM245,MYPN,LDB3,ADM,CRYAB,PKP2,NFATC3,MYO18B"
"TF","Factor: ZBTB2; motif: TCCKCCTSR","TF:M07437","1","0","3807","18","4","20093","PTP4A3,PKP2,NFATC3,MYO18B"
"TF","Factor: ZBTB24; motif: CCCAGGACCC; match class: 1","TF:M13368_1","1","0","1064","18","3","20093","PTP4A3,LDB3,ADM"
"TF","Factor: ZBTB24; motif: CCCAGGACCC","TF:M13368","1","0","5108","18","7","20093","NOS1AP,SP3,MON1A,PTP4A3,LDB3,ADM,CRYAB"
"TF","Factor: ZBTB20; motif: NNAAYGTATRKN","TF:M12333","1","0","2764","18","3","20093","SP3,TMEM245,MYPN"
"TF","Factor: ZBTB14; motif: SSCCGCGCACNS","TF:M12461","1","0","2851","18","3","20093","MECOM,TMEM245,NFATC3"
"TF","Factor: ZBTB12; motif: NNCTRGAACNN; match class: 1","TF:M12460_1","1","0","86","18","1","20093","MON1A"
"TF","Factor: ZBTB12; motif: NNCTRGAACNN","TF:M12460","1","0","1753","18","3","20093","CACNA2D2,MON1A,MYPN"
"TF","Factor: ZBTB4; motif: NNGTSACKYSAYCTNN","TF:M12730","1","0","3703","18","2","20093","CACNA2D2,NFATC3"
"TF","Factor: ZBTB49; motif: NGSCGCTGTCCNNGGTGCTGAN","TF:M12692","1","0","2182","18","4","20093","PRDM16,TMEM245,ADM,NFATC3"
"TF","Factor: ZBTB44; motif: NTCAGCACCNNGGACAGCGSCN","TF:M12691","1","0","1464","18","4","20093","PRDM16,TMEM245,ADM,NFATC3"
"TF","Factor: ZBTB44; motif: MACWGCAGS","TF:M12352","1","0","6765","18","5","20093","CACNA2D2,PTP4A3,TMEM245,LDB3,ADM"
"TF","Factor: Zbtb44; motif: CKGTGA; match class: 1","TF:M05405_1","1","0","7347","18","6","20093","SP3,GNRHR,PTP4A3,CRYAB,NFATC3,MYO18B"
"TF","Factor: Zbtb44; motif: CKGTGA","TF:M05405","1","0","14180","18","12","20093","NOS1AP,SP3,CACNA2D2,MON1A,GNRHR,PTP4A3,MYPN,LDB3,ADM,CRYAB,NFATC3,MYO18B"
"TF","Factor: ZBTB42; motif: NCCAGMTGTKS","TF:M12690","1","0","1619","18","4","20093","MECOM,PTP4A3,ADM,CRYAB"
"TF","Factor: ZBTB40; motif: KTCSTATTY","TF:M06008","1","0","282","18","1","20093","MYPN"
"TF","Factor: ZBTB3; motif: KGGTKYCAAC","TF:M05454","1","0","120","18","1","20093","CACNA2D2"
"TF","Factor: ZBTB39; motif: CNCTGY; match class: 1","TF:M12689_1","1","0","10196","18","7","20093","PRDM16,KAT2B,CACNA2D2,GNRHR,TMEM245,CRYAB,MYO18B"
"TF","Factor: ZBTB39; motif: CNCTGY","TF:M12689","1","0","16119","18","14","20093","PRDM16,HSPG2,KAT2B,CACNA2D2,MON1A,MECOM,GNRHR,PTP4A3,TMEM245,MYPN,LDB3,CRYAB,PKP2,MYO18B"
"TF","Factor: ZBTB37; motif: TGGCTTTGGY","TF:M12688","1","0","4091","18","2","20093","PTP4A3,PKP2"
"TF","Factor: Zbtb37; motif: NYACCGCRNTCACCGCR; match class: 1","TF:M12345_1","1","0","1753","18","1","20093","SP3"
"TF","Factor: Zbtb37; motif: NYACCGCRNTCACCGCR","TF:M12345","1","0","5720","18","7","20093","PRDM16,HSPG2,NOS1AP,SP3,CACNA2D2,MECOM,NFATC3"
"TF","Factor: ZBTB34; motif: NCWNAGYMAACAG; match class: 1","TF:M13120_1","1","0","675","18","2","20093","MYPN,CRYAB"
"TF","Factor: ZBTB34; motif: NCWNAGYMAACAG","TF:M13120","1","0","4865","18","7","20093","GNRHR,PTP4A3,TMEM245,MYPN,LDB3,CRYAB,PKP2"
"TF","Factor: ZF5; motif: NGAGCGCGC","TF:M10111","1","0","2637","18","3","20093","PRDM16,LDB3,ADM"
"TF","Factor: ZF5; motif: GSGCGCGR; match class: 1","TF:M00716_1","1","0","14317","18","15","20093","PRDM16,HSPG2,NOS1AP,SP3,KAT2B,CACNA2D2,MON1A,MECOM,PTP4A3,TMEM245,LDB3,ADM,CRYAB,PKP2,NFATC3"
"TF","Factor: ZF5; motif: GSGCGCGR","TF:M00716","1","0","16394","18","17","20093","PRDM16,HSPG2,NOS1AP,SP3,KAT2B,CACNA2D2,MON1A,MECOM,GNRHR,PTP4A3,TMEM245,LDB3,ADM,CRYAB,PKP2,NFATC3,MYO18B"
"TF","Factor: ZEB; motif: NNNCAGGTGNSN","TF:M07371","1","0","648","18","2","20093","SP3,TMEM245"
"TF","Factor: ZEB1; motif: NCWCACCTG","TF:M07235","1","0","1451","18","1","20093","SP3"
"TF","Factor: ZEB1; motif: CAGGTGN; match class: 1","TF:M04831_1","1","0","2210","18","1","20093","MON1A"
"TF","Factor: ZEB1; motif: CAGGTGN","TF:M04831","1","0","8427","18","8","20093","NOS1AP,SP3,MON1A,PTP4A3,LDB3,ADM,CRYAB,PKP2"
"TF","Factor: ZBTB7C; motif: GKCCCGGGCKG","TF:M03806","1","0","3034","18","8","20093","PRDM16,HSPG2,NOS1AP,SP3,KAT2B,PTP4A3,CRYAB,NFATC3"
"TF","Factor: c-Krox; motif: NCGACCACCN","TF:M12232","1","0","3031","18","5","20093","PRDM16,KAT2B,CACNA2D2,NFATC3,MYO18B"
"TF","Factor: LRF; motif: NCGACCACCGN; match class: 1","TF:M12231_1","1","0","5171","18","2","20093","KAT2B,NFATC3"
"TF","Factor: LRF; motif: NCGACCACCGN","TF:M12231","1","0","11573","18","10","20093","PRDM16,HSPG2,NOS1AP,SP3,KAT2B,MON1A,PTP4A3,MYPN,CRYAB,NFATC3"
"TF","Factor: LRF; motif: RCGACCACCNN","TF:M12230","1","0","8636","18","5","20093","PRDM16,NOS1AP,KAT2B,MON1A,NFATC3"
"TF","Factor: LRF; motif: NRGGGKCKY; match class: 1","TF:M10115_1","1","0","2287","18","2","20093","CACNA2D2,ADM"
"TF","Factor: LRF; motif: NRGGGKCKY","TF:M10115","1","0","7691","18","8","20093","PRDM16,NOS1AP,KAT2B,CACNA2D2,TMEM245,ADM,PKP2,NFATC3"
"TF","Factor: ZBTB7A; motif: NGCGACCACCNN","TF:M03927","1","0","1035","18","1","20093","NOS1AP"
"TF","Factor: ZBTB5; motif: NNNGNNNYCNCYNNGGTCCGN","TF:M12693","1","0","1978","18","1","20093","PRDM16"
"TF","Factor: ZFP90; motif: SAGGMNCANKSAYAGC; match class: 1","TF:M13121_1","1","0","1418","18","3","20093","MECOM,TMEM245,PKP2"
"TF","Factor: ZFP90; motif: SAGGMNCANKSAYAGC","TF:M13121","1","0","6410","18","8","20093","SP3,MECOM,PTP4A3,TMEM245,LDB3,ADM,PKP2,MYO18B"
"TF","Factor: ZFP90; motif: NSGTTKGGCMGM","TF:M06513","1","0","157","18","1","20093","MON1A"
"TF","Factor: ZFP62; motif: TNGAAWACCKC","TF:M06504","1","0","199","18","1","20093","PRDM16"
"TF","Factor: ZFP281; motif: GGNTGGGGGAGGGG","TF:M12685","1","0","127","18","1","20093","SP3"
"TF","Factor: ZBP99; motif: GCCCMTCCCCCR; match class: 1","TF:M12057_1","1","0","1362","18","4","20093","PRDM16,KAT2B,PTP4A3,CRYAB"
"TF","Factor: ZBP99; motif: NGGNGGGGGAGGGGN","TF:M10137","1","0","614","18","2","20093","SP3,KAT2B"
"TF","Factor: Zfp281; motif: TGGGGGAGGGG","TF:M01597","1","0","1025","18","2","20093","SP3,PTP4A3"
"TF","Factor: ZFP14; motif: SCNNYCCNGNNSCTSCNC; match class: 1","TF:M12694_1","1","0","5079","18","11","20093","PRDM16,SP3,KAT2B,CACNA2D2,MON1A,PTP4A3,TMEM245,ADM,CRYAB,PKP2,NFATC3"
"TF","Factor: ZFP14; motif: SCNNYCCNGNNSCTSCNC","TF:M12694","1","0","10755","18","15","20093","PRDM16,HSPG2,NOS1AP,SP3,KAT2B,CACNA2D2,MON1A,MECOM,PTP4A3,TMEM245,LDB3,ADM,CRYAB,PKP2,NFATC3"
"TF","Factor: ZFAT; motif: CNGCASNTTCGNCAS","TF:M13130","1","0","2804","18","2","20093","NOS1AP,LDB3"
"TF","Factor: ZF5; motif: NRNGNGCGCGCWN; match class: 1","TF:M00333_1","1","0","12553","18","12","20093","PRDM16,HSPG2,NOS1AP,SP3,KAT2B,CACNA2D2,MECOM,TMEM245,ADM,CRYAB,PKP2,NFATC3"
"TF","Factor: ZF5; motif: NRNGNGCGCGCWN","TF:M00333","1","0","15315","18","15","20093","PRDM16,HSPG2,NOS1AP,SP3,KAT2B,CACNA2D2,MON1A,MECOM,PTP4A3,TMEM245,LDB3,ADM,CRYAB,PKP2,NFATC3"
"TF","Factor: ZF5; motif: GGSGCGCGS; match class: 1","TF:M10438_1","1","0","15122","18","14","20093","PRDM16,HSPG2,NOS1AP,SP3,KAT2B,CACNA2D2,MON1A,MECOM,TMEM245,LDB3,ADM,CRYAB,PKP2,NFATC3"
"TF","Factor: ZF5; motif: GGSGCGCGS","TF:M10438","1","0","16529","18","16","20093","PRDM16,HSPG2,NOS1AP,SP3,KAT2B,CACNA2D2,MON1A,MECOM,PTP4A3,TMEM245,LDB3,ADM,CRYAB,PKP2,NFATC3,MYO18B"
"TF","Factor: ZSCAN21; motif: NSNGNSCNNGGTGCTG","TF:M13148","1","0","7375","18","8","20093","PRDM16,KAT2B,CACNA2D2,TMEM245,ADM,PKP2,NFATC3,MYO18B"
"TF","Factor: ZID; motif: GGNGMTGGAGCCN","TF:M10116","1","0","1598","18","2","20093","KAT2B,CACNA2D2"
"TF","Factor: ZIC4; motif: NNCCNCCCRYNGYGN; match class: 1","TF:M12227_1","1","0","5907","18","11","20093","PRDM16,HSPG2,NOS1AP,KAT2B,CACNA2D2,MON1A,MECOM,ADM,PKP2,NFATC3,MYO18B"
"TF","Factor: ZIC4; motif: NNCCNCCCRYNGYGN","TF:M12227","1","0","11210","18","12","20093","PRDM16,HSPG2,NOS1AP,SP3,KAT2B,CACNA2D2,MON1A,MECOM,ADM,PKP2,NFATC3,MYO18B"
"TF","Factor: ZIC4; motif: NRCCMCCYRCTGTGN","TF:M12226","1","0","1163","18","2","20093","KAT2B,ADM"
"TF","Factor: ZIC4; motif: GRCCCCCCGCNGNGN","TF:M03932","1","0","2690","18","5","20093","SP3,MON1A,ADM,NFATC3,MYO18B"
"TF","Factor: Zic3; motif: NGGGKGGTC; match class: 1","TF:M00450_1","1","0","8007","18","8","20093","PRDM16,HSPG2,KAT2B,CACNA2D2,PTP4A3,MYPN,CRYAB,MYO18B"
"TF","Factor: Zic3; motif: NGGGKGGTC","TF:M00450","1","0","14279","18","11","20093","PRDM16,HSPG2,NOS1AP,KAT2B,CACNA2D2,MECOM,PTP4A3,MYPN,ADM,CRYAB,MYO18B"
"TF","Factor: ZIC1; motif: NACCCCCCGCTGYGC","TF:M12219","1","0","822","18","1","20093","NFATC3"
"TF","Factor: Zic1; motif: KGGGTGGTC; match class: 1","TF:M00448_1","1","0","4437","18","1","20093","CRYAB"
"TF","Factor: Zic1; motif: KGGGTGGTC","TF:M00448","1","0","11162","18","8","20093","PRDM16,KAT2B,CACNA2D2,MON1A,MYPN,LDB3,CRYAB,MYO18B"
"TF","Factor: ZGPAT; motif: GRGGCWGNGGNG; match class: 1","TF:M09739_1","1","0","2763","18","4","20093","HSPG2,CACNA2D2,LDB3,MYO18B"
"TF","Factor: ZGPAT; motif: GRGGCWGNGGNG","TF:M09739","1","0","8372","18","9","20093","PRDM16,HSPG2,NOS1AP,SP3,KAT2B,CACNA2D2,LDB3,PKP2,MYO18B"
"TF","Factor: ZFX; motif: SNAGGCCNCR","TF:M10121","1","0","3983","18","7","20093","HSPG2,NOS1AP,SP3,MON1A,LDB3,ADM,NFATC3"
"TF","Factor: Zfx; motif: SNSCAGGCCKCGSCSS","TF:M01593","1","0","4155","18","4","20093","PRDM16,HSPG2,SP3,ADM"
"TF","Factor: ZFP91; motif: NNNNCTTAAAGGGNCMGNNNCN","TF:M12731","1","0","135","18","1","20093","PRDM16"
"TF","Factor: ZNF175; motif: ACAGGAAGT","TF:M13370","1","0","1392","18","2","20093","PTP4A3,MYPN"
"TF","Factor: ZNF148; motif: NNCCCCTCCCCC; match class: 1","TF:M12464_1","1","0","2542","18","7","20093","PRDM16,NOS1AP,SP3,KAT2B,MECOM,PTP4A3,CRYAB"
"TF","Factor: ZNF148; motif: NNCCCCTCCCCC","TF:M12464","1","0","6968","18","12","20093","PRDM16,HSPG2,NOS1AP,SP3,KAT2B,CACNA2D2,MECOM,PTP4A3,LDB3,ADM,CRYAB,MYO18B"
"TF","Factor: ZNF142; motif: SNSCGCCCGCCCGCSCSS; match class: 1","TF:M12697_1","1","0","924","18","1","20093","SP3"
"TF","Factor: ZNF142; motif: SNSCGCCCGCCCGCSCSS","TF:M12697","1","0","2995","18","5","20093","HSPG2,SP3,KAT2B,MECOM,TMEM245"
"TF","Factor: ZNF138; motif: GCAGCRSCNSGSNCMGSGCS; match class: 1","TF:M13144_1","1","0","5518","18","6","20093","PRDM16,HSPG2,NOS1AP,KAT2B,CACNA2D2,NFATC3"
"TF","Factor: ZNF138; motif: GCAGCRSCNSGSNCMGSGCS","TF:M13144","1","0","9668","18","10","20093","PRDM16,HSPG2,NOS1AP,SP3,KAT2B,CACNA2D2,MON1A,TMEM245,ADM,NFATC3"
"TF","Factor: znf136; motif: CAAGAATWCTATAYCCAG; match class: 1","TF:M10535_1","1","0","2734","18","2","20093","TMEM245,CRYAB"
"TF","Factor: znf136; motif: CAAGAATWCTATAYCCAG","TF:M10535","1","0","8544","18","6","20093","NOS1AP,MECOM,TMEM245,MYPN,CRYAB,NFATC3"
"TF","Factor: znf136; motif: NGRWYGWAGAGA","TF:M05709","1","0","293","18","1","20093","KAT2B"
"TF","Factor: ZNF135; motif: CCTCGACCTCCYRR","TF:M12414","1","0","114","18","1","20093","MON1A"
"TF","Factor: ZNF114; motif: NNCCMRGNWGSWG","TF:M12696","1","0","1675","18","2","20093","LDB3,NFATC3"
"TF","Factor: ZSCAN21; motif: AAGCACT","TF:M13374","1","0","4525","18","6","20093","KAT2B,ADM,CRYAB,PKP2,NFATC3,MYO18B"
"TF","Factor: ZSCAN21; motif: NSNGNSCNNGGTGCTG; match class: 1","TF:M13148_1","1","0","2263","18","4","20093","PRDM16,TMEM245,PKP2,NFATC3"
"TF","Factor: ZNF253; motif: SNGNSCGNGGNGCKGNN","TF:M13147","1","0","10979","18","10","20093","PRDM16,HSPG2,NOS1AP,SP3,KAT2B,CACNA2D2,TMEM245,CRYAB,PKP2,NFATC3"
"TF","Factor: ZNF253; motif: KKGCARMMGM","TF:M06069","1","0","1579","18","5","20093","KAT2B,CACNA2D2,MON1A,TMEM245,ADM"
"TF","Factor: ZNF23; motif: KGGKTGRGGAGG","TF:M06117","1","0","883","18","2","20093","SP3,CACNA2D2"
"TF","Factor: ZNF232; motif: NCAGCASCNNGGNCAGCGCC; match class: 1","TF:M13146_1","1","0","2122","18","4","20093","NOS1AP,KAT2B,ADM,NFATC3"
"TF","Factor: ZNF232; motif: NCAGCASCNNGGNCAGCGCC","TF:M13146","1","0","6249","18","10","20093","PRDM16,HSPG2,NOS1AP,KAT2B,CACNA2D2,MON1A,TMEM245,LDB3,ADM,NFATC3"
"TF","Factor: ZNF230; motif: NSNTAAAAACRA","TF:M05994","1","0","66","18","1","20093","LDB3"
"TF","Factor: ZNF219; motif: SNNCAGCACCNNGGNCAGCGSC; match class: 1","TF:M13149_1","1","0","6609","18","11","20093","PRDM16,HSPG2,NOS1AP,SP3,KAT2B,CACNA2D2,MON1A,ADM,CRYAB,PKP2,NFATC3"
"TF","Factor: ZNF219; motif: SNNCAGCACCNNGGNCAGCGSC","TF:M13149","1","0","11536","18","13","20093","PRDM16,HSPG2,NOS1AP,SP3,KAT2B,CACNA2D2,MON1A,TMEM245,LDB3,ADM,CRYAB,PKP2,NFATC3"
"TF","Factor: ZNF219; motif: CRCCCCCCNCCC","TF:M01122","1","0","568","18","2","20093","PRDM16,NFATC3"
"TF","Factor: ZABC1; motif: CAGAAYNSTGGNNTW","TF:M07598","1","0","629","18","1","20093","SP3"
"TF","Factor: ZNF214; motif: NCMTTYYTRWGSMNNTTGATGA","TF:M10130","1","0","841","18","1","20093","PRDM16"
"TF","Factor: ZNF208; motif: NSGGGAAGRGGT","TF:M06084","1","0","91","18","1","20093","LDB3"
"TF","Factor: ZNF208; motif: NGNGGGAGTTCM","TF:M06049","1","0","301","18","1","20093","SP3"
"TF","Factor: ZNF195; motif: NGGAGAAGCCGW","TF:M06046","1","0","349","18","1","20093","NOS1AP"
"TF","Factor: ZNF189; motif: RSNNGGAACAGMR","TF:M09835","1","0","3393","18","3","20093","MECOM,TMEM245,CRYAB"
"TF","Factor: ZNF184; motif: KAGAAAGNNGMAT","TF:M13207","1","0","877","18","1","20093","GNRHR"
"TF","Factor: ZNF304; motif: GGGGCTTTGCTG","TF:M06732","1","0","23","18","1","20093","LDB3"
"TF","Factor: ZNF300; motif: SWGGGGGSN; match class: 1","TF:M07486_1","1","0","7499","18","11","20093","PRDM16,HSPG2,KAT2B,CACNA2D2,MECOM,PTP4A3,LDB3,ADM,CRYAB,PKP2,NFATC3"
"TF","Factor: ZNF300; motif: SWGGGGGSN","TF:M07486","1","0","12986","18","14","20093","PRDM16,HSPG2,KAT2B,CACNA2D2,MON1A,MECOM,PTP4A3,TMEM245,LDB3,ADM,CRYAB,PKP2,NFATC3,MYO18B"
"TF","Factor: ZNF295; motif: RTGACGTCAN","TF:M12700","1","0","1374","18","1","20093","CRYAB"
"TF","Factor: ZNF295; motif: NYCYCWGCYYCCCN","TF:M09755","1","0","3351","18","2","20093","MON1A,PTP4A3"
"TF","Factor: ZNF285; motif: NGTTCMKAAAGM","TF:M06677","1","0","118","18","1","20093","NFATC3"
"TF","Factor: ZNF282; motif: NTTCCCAYNACMCK","TF:M12296","1","0","356","18","1","20093","MYO18B"
"TF","Factor: ZNF282; motif: NTTCCCAYAACMCN","TF:M12295","1","0","708","18","3","20093","PTP4A3,ADM,MYO18B"
"TF","Factor: ZNF273; motif: GAGAGGAGCTAC; match class: 1","TF:M10460_1","1","0","5888","18","6","20093","NOS1AP,SP3,GNRHR,TMEM245,ADM,NFATC3"
"TF","Factor: ZNF273; motif: GAGAGGAGCTAC","TF:M10460","1","0","13123","18","10","20093","PRDM16,NOS1AP,SP3,KAT2B,CACNA2D2,GNRHR,TMEM245,LDB3,ADM,NFATC3"
"TF","Factor: ZNF264; motif: NMYGGGRTTAGTGCCCTN","TF:M12699","1","0","2646","18","4","20093","KAT2B,PTP4A3,TMEM245,MYO18B"
"TF","Factor: ZNF263; motif: NNGGGGAGGANN; match class: 1","TF:M12535_1","1","0","350","18","1","20093","SP3"
"TF","Factor: ZNF263; motif: NNGGGGAGGANN","TF:M12535","1","0","2808","18","5","20093","PRDM16,NOS1AP,SP3,CACNA2D2,MYO18B"
"TF","Factor: FPM315; motif: GGAGGAGGRRGRGGRGGRRGR; match class: 1","TF:M07141_1","1","0","883","18","1","20093","SP3"
"TF","Factor: FPM315; motif: GGAGGAGGRRGRGGRGGRRGR","TF:M07141","1","0","2194","18","4","20093","NOS1AP,SP3,MECOM,ADM"
"TF","Factor: ZNF253; motif: SNGNSCGNGGNGCKGNN; match class: 1","TF:M13147_1","1","0","6348","18","9","20093","PRDM16,HSPG2,NOS1AP,SP3,KAT2B,CACNA2D2,TMEM245,PKP2,NFATC3"
"TF","Factor: ZNF355P; motif: GWTAAAAMGC","TF:M06709","1","0","41","18","1","20093","KAT2B"
"TF","Factor: ZNF355P; motif: NSGTGGAACCGM","TF:M06708","1","0","32","18","1","20093","NFATC3"
"TF","Factor: ZNF342; motif: NRGTGGWCANT","TF:M12076","1","0","1556","18","1","20093","GNRHR"
"TF","Factor: ZNF342; motif: TRSTGGACRNT; match class: 1","TF:M12075_1","1","0","811","18","3","20093","GNRHR,PKP2,MYO18B"
"TF","Factor: ZNF342; motif: TRSTGGACRNT","TF:M12075","1","0","5266","18","4","20093","GNRHR,ADM,PKP2,MYO18B"
"TF","Factor: ZNF341; motif: NNGAACAGCCNN","TF:M12466","1","0","986","18","2","20093","MON1A,PTP4A3"
"TF","Factor: ZNF341; motif: GRGGRRNRGNRGNRGGAASAGC; match class: 1","TF:M10144_1","1","0","767","18","1","20093","MECOM"
"TF","Factor: ZNF341; motif: GRGGRRNRGNRGNRGGAASAGC","TF:M10144","1","0","4332","18","4","20093","CACNA2D2,MECOM,PTP4A3,TMEM245"
"TF","Factor: ZNF339; motif: NNACCGTTANNNN","TF:M12271","1","0","835","18","1","20093","NOS1AP"
"TF","Factor: ZNF335; motif: GGCTGYCYNNNSCNNTGCCTGW","TF:M10143","1","0","479","18","1","20093","LDB3"
"TF","Factor: ZNF333; motif: ATAAT; match class: 1","TF:M01230_1","1","0","12095","18","8","20093","NOS1AP,KAT2B,MECOM,GNRHR,TMEM245,MYPN,ADM,PKP2"
"TF","Factor: ZNF333; motif: ATAAT","TF:M01230","1","0","15960","18","14","20093","NOS1AP,SP3,KAT2B,MON1A,MECOM,GNRHR,TMEM245,MYPN,LDB3,ADM,CRYAB,PKP2,NFATC3,MYO18B"
"TF","Factor: ZNF324; motif: KNTCAAACCATCCTTNNCTKSCN; match class: 1","TF:M10109_1","1","0","306","18","1","20093","MECOM"
"TF","Factor: ZNF324; motif: KNTCAAACCATCCTTNNCTKSCN","TF:M10109","1","0","2241","18","2","20093","MECOM,ADM"
"TF","Factor: ZNF322A; motif: GNGCCTGSTACWSWGCCTGN","TF:M10140","1","0","367","18","1","20093","ADM"
"TF","Factor: FEZF2; motif: CCCAGCCT","TF:M13379","1","0","5954","18","2","20093","GNRHR,LDB3"
"TF","Factor: ZNF432; motif: NCAGNRCCNSRGRCAGC","TF:M12704","1","0","9971","18","11","20093","PRDM16,HSPG2,NOS1AP,SP3,KAT2B,MON1A,MECOM,TMEM245,ADM,PKP2,NFATC3"
"TF","Factor: ZNF419; motif: GGGTGGCCGC","TF:M06576","1","0","265","18","1","20093","MYO18B"
"TF","Factor: ZNF417; motif: NNNNNTNGGCGCCAM","TF:M12747","1","0","146","18","1","20093","NFATC3"
"TF","Factor: ZNF416; motif: GGGRNGCCSAGRN","TF:M12724","1","0","3650","18","4","20093","SP3,MECOM,ADM,MYO18B"
"TF","Factor: ZNF396; motif: CTGTCCRAAAA","TF:M12127","1","0","146","18","1","20093","MYO18B"
"TF","Factor: ZNF394; motif: NRARWRGAANNNAMWGNAAK; match class: 1","TF:M10147_1","1","0","2019","18","1","20093","ADM"
"TF","Factor: ZNF394; motif: NRARWRGAANNNAMWGNAAK","TF:M10147","1","0","6034","18","6","20093","MON1A,MECOM,GNRHR,MYPN,ADM,PKP2"
"TF","Factor: CIZ; motif: TTTTNNNNNNNNNNNNNAAAAA; match class: 1","TF:M12070_1","1","0","2681","18","1","20093","MYPN"
"TF","Factor: CIZ; motif: TTTTNNNNNNNNNNNNNAAAAA","TF:M12070","1","0","2725","18","1","20093","MYPN"
"TF","Factor: ZNF383; motif: SSNGGGMGGNGSNGGS","TF:M12703","1","0","9231","18","15","20093","PRDM16,HSPG2,NOS1AP,SP3,KAT2B,CACNA2D2,MON1A,MECOM,PTP4A3,TMEM245,LDB3,ADM,CRYAB,PKP2,NFATC3"
"TF","Factor: ZNF37A; motif: CCYYGGCTCCNTSCCMN; match class: 1","TF:M12354_1","1","0","5630","18","8","20093","HSPG2,SP3,KAT2B,MECOM,PTP4A3,LDB3,PKP2,NFATC3"
"TF","Factor: ZNF37A; motif: CCYYGGCTCCNTSCCMN","TF:M12354","1","0","11065","18","13","20093","PRDM16,HSPG2,NOS1AP,SP3,KAT2B,CACNA2D2,MON1A,MECOM,PTP4A3,LDB3,CRYAB,PKP2,NFATC3"
"TF","Factor: ZNF35; motif: ANAWRNAAARAGNNNNNNNAAANAAANAAN","TF:M10470","1","0","1128","18","1","20093","GNRHR"
"TF","Factor: ZNF35; motif: SSAAKA; match class: 1","TF:M07479_1","1","0","15725","18","14","20093","NOS1AP,KAT2B,CACNA2D2,MON1A,MECOM,GNRHR,PTP4A3,TMEM245,LDB3,ADM,CRYAB,PKP2,NFATC3,MYO18B"
"TF","Factor: ZNF35; motif: SSAAKA","TF:M07479","1","0","18894","18","16","20093","HSPG2,NOS1AP,SP3,KAT2B,CACNA2D2,MON1A,MECOM,GNRHR,PTP4A3,TMEM245,LDB3,ADM,CRYAB,PKP2,NFATC3,MYO18B"
"TF","Factor: ZNF479; motif: NSKACAAAMAGC","TF:M06621","1","0","188","18","1","20093","CRYAB"
"TF","Factor: ZNF462; motif: YYYYCTSCWG; match class: 1","TF:M12707_1","1","0","3648","18","5","20093","PRDM16,SP3,MECOM,PTP4A3,MYO18B"
"TF","Factor: ZNF462; motif: YYYYCTSCWG","TF:M12707","1","0","9974","18","12","20093","PRDM16,HSPG2,NOS1AP,SP3,MECOM,GNRHR,PTP4A3,TMEM245,MYPN,CRYAB,NFATC3,MYO18B"
"TF","Factor: ZNF460; motif: NNACNCCCCCCNN; match class: 1","TF:M12313_1","1","0","2242","18","4","20093","PRDM16,CACNA2D2,TMEM245,NFATC3"
"TF","Factor: ZNF460; motif: NNACNCCCCCCNN","TF:M12313","1","0","5915","18","9","20093","PRDM16,HSPG2,SP3,CACNA2D2,MECOM,TMEM245,CRYAB,PKP2,NFATC3"
"TF","Factor: ZNF454; motif: NGGCTCNNGGCCCYGNNG","TF:M12736","1","0","1180","18","3","20093","PRDM16,KAT2B,PTP4A3"
"TF","Factor: ZNF450; motif: NNNAGGTCCTGGMAGNK","TF:M12706","1","0","2169","18","2","20093","HSPG2,CRYAB"
"TF","Factor: ZNF44; motif: KGATSGRGCCSC","TF:M05629","1","0","288","18","1","20093","HSPG2"
"TF","Factor: ZNF449; motif: RCGCCCAACC","TF:M12123","1","0","349","18","1","20093","MECOM"
"TF","Factor: ZNF449; motif: MMGCCCAACC","TF:M12121","1","0","711","18","1","20093","MECOM"
"TF","Factor: ZNF449; motif: NNNAGCCCARCC","TF:M09837","1","0","4300","18","2","20093","PTP4A3,LDB3"
"TF","Factor: ZNF445; motif: NTGGGGGGAM","TF:M06180","1","0","199","18","1","20093","MECOM"
"TF","Factor: ZNF43; motif: NCTKGTTGGTGM","TF:M06108","1","0","55","18","1","20093","LDB3"
"TF","Factor: ZNF436; motif: TCCTCCAGGAAGCCY; match class: 1","TF:M10477_1","1","0","8802","18","4","20093","NOS1AP,SP3,PTP4A3,TMEM245"
"TF","Factor: ZNF436; motif: TCCTCCAGGAAGCCY","TF:M10477","1","0","14795","18","10","20093","PRDM16,HSPG2,NOS1AP,SP3,KAT2B,MON1A,PTP4A3,TMEM245,LDB3,PKP2"
"TF","Factor: ZNF432; motif: NCAGNRCCNSRGRCAGC; match class: 1","TF:M12704_1","1","0","4539","18","7","20093","PRDM16,HSPG2,NOS1AP,SP3,KAT2B,MECOM,NFATC3"
"TF","Factor: ZNF549; motif: NTGCTKYCMW","TF:M12355","1","0","6852","18","5","20093","MECOM,PTP4A3,PKP2,NFATC3,MYO18B"
"TF","Factor: ZNF544; motif: GTWAAAACGM","TF:M05768","1","0","20","18","1","20093","KAT2B"
"TF","Factor: ZNF532; motif: NGGRGCTGGG; match class: 1","TF:M12732_1","1","0","3480","18","3","20093","HSPG2,CACNA2D2,LDB3"
"TF","Factor: ZNF532; motif: NGGRGCTGGG","TF:M12732","1","0","9363","18","11","20093","HSPG2,NOS1AP,SP3,CACNA2D2,MON1A,PTP4A3,MYPN,LDB3,CRYAB,PKP2,MYO18B"
"TF","Factor: ZNF524; motif: NCTCGNACCCNN","TF:M12100","1","0","966","18","1","20093","PRDM16"
"TF","Factor: ZNF515; motif: WNSCCCCCWGCNG; match class: 1","TF:M08835_1","1","0","529","18","2","20093","KAT2B,CRYAB"
"TF","Factor: ZNF515; motif: WNSCCCCCWGCNG","TF:M08835","1","0","3581","18","6","20093","KAT2B,MECOM,LDB3,ADM,CRYAB,MYO18B"
"TF","Factor: ZNF515; motif: SCTGCTGK","TF:M07345","1","0","2594","18","2","20093","CACNA2D2,PTP4A3"
"TF","Factor: ZNF515; motif: GTGGGGGGTM","TF:M01231","1","0","1513","18","1","20093","KAT2B"
"TF","Factor: ZNF511; motif: GGRRGRGGCWGNG; match class: 1","TF:M09738_1","1","0","4819","18","7","20093","PRDM16,SP3,KAT2B,PTP4A3,TMEM245,LDB3,NFATC3"
"TF","Factor: ZNF511; motif: GGRRGRGGCWGNG","TF:M09738","1","0","11042","18","12","20093","PRDM16,HSPG2,NOS1AP,SP3,KAT2B,CACNA2D2,PTP4A3,TMEM245,LDB3,ADM,CRYAB,NFATC3"
"TF","Factor: ZNF501; motif: NNGCGACGCGAACAN","TF:M12086","1","0","1796","18","3","20093","PRDM16,NOS1AP,CACNA2D2"
"TF","Factor: ZNF501; motif: NNNCSACGCGAACAC; match class: 1","TF:M12085_1","1","0","2961","18","1","20093","CACNA2D2"
"TF","Factor: ZNF501; motif: NNNCSACGCGAACAC","TF:M12085","1","0","8568","18","8","20093","PRDM16,HSPG2,NOS1AP,CACNA2D2,MECOM,GNRHR,TMEM245,CRYAB"
"TF","Factor: ZNF498; motif: NCCCNNCCCNCCYCACCCCTGCNN","TF:M13122","1","0","775","18","2","20093","MECOM,PTP4A3"
"TF","Factor: ZNF486; motif: NGRGGCTTGGGA","TF:M06608","1","0","120","18","1","20093","CACNA2D2"
"TF","Factor: ZNF610; motif: NSCGCCGCTCCSNN","TF:M12737","1","0","1627","18","4","20093","HSPG2,CACNA2D2,ADM,PKP2"
"TF","Factor: ZNF609; motif: GNSNGGGNGCTGN; match class: 1","TF:M13132_1","1","0","5331","18","7","20093","PRDM16,HSPG2,SP3,PTP4A3,TMEM245,CRYAB,PKP2"
"TF","Factor: ZNF609; motif: GNSNGGGNGCTGN","TF:M13132","1","0","11229","18","11","20093","PRDM16,HSPG2,SP3,KAT2B,PTP4A3,TMEM245,LDB3,CRYAB,PKP2,NFATC3,MYO18B"
"TF","Factor: ZNF594; motif: CAGGGCCACGGA","TF:M06616","1","0","24","18","1","20093","ADM"
"TF","Factor: ZNF592; motif: NSARNATGGAGKN","TF:M09766","1","0","7392","18","7","20093","PRDM16,NOS1AP,KAT2B,MECOM,LDB3,CRYAB,NFATC3"
"TF","Factor: ZNF586; motif: CAGGCCYRGAGG; match class: 1","TF:M10491_1","1","0","7735","18","7","20093","SP3,CACNA2D2,MON1A,PTP4A3,TMEM245,LDB3,NFATC3"
"TF","Factor: ZNF586; motif: CAGGCCYRGAGG","TF:M10491","1","0","14095","18","16","20093","PRDM16,HSPG2,SP3,KAT2B,CACNA2D2,MON1A,MECOM,GNRHR,PTP4A3,TMEM245,MYPN,LDB3,ADM,CRYAB,NFATC3,MYO18B"
"TF","Factor: znf580; motif: CCTACCCTYNCCTACCCY","TF:M12046","1","0","351","18","1","20093","MECOM"
"TF","Factor: ZNF569; motif: KGKGGGTGRATM","TF:M06272","1","0","21","18","1","20093","MYPN"
"TF","Factor: ZNF563; motif: NGNNTCMTNNCNGGCAGCTGY; match class: 1","TF:M10158_1","1","0","1271","18","3","20093","SP3,KAT2B,PTP4A3"
"TF","Factor: ZNF563; motif: NGNNTCMTNNCNGGCAGCTGY","TF:M10158","1","0","5924","18","9","20093","HSPG2,NOS1AP,SP3,KAT2B,CACNA2D2,MON1A,PTP4A3,ADM,MYO18B"
"TF","Factor: ZNF557; motif: NCCGCKTCCTGC","TF:M06444","1","0","1321","18","2","20093","SP3,KAT2B"
"TF","Factor: ZNF549; motif: NNTGCTGCCCNN","TF:M12748","1","0","580","18","3","20093","PTP4A3,LDB3,NFATC3"
"TF","Factor: ZNF549; motif: NNGNNCAAAGTNCAG; match class: 1","TF:M12710_1","1","0","179","18","1","20093","MON1A"
"TF","Factor: ZNF549; motif: NNGNNCAAAGTNCAG","TF:M12710","1","0","2373","18","5","20093","HSPG2,KAT2B,MON1A,PKP2,NFATC3"
"TF","Factor: ZNF549; motif: NTGCTKYCMW; match class: 1","TF:M12355_1","1","0","1429","18","1","20093","NFATC3"
"TF","Factor: ZNF667; motif: TTAAGAGCTCAN","TF:M12901","1","0","470","18","1","20093","MYPN"
"TF","Factor: ZNF667; motif: GNGSCYTNMARAGCTCMNC; match class: 1","TF:M10161_1","1","0","384","18","1","20093","TMEM245"
"TF","Factor: ZNF667; motif: GNGSCYTNMARAGCTCMNC","TF:M10161","1","0","3603","18","3","20093","HSPG2,SP3,TMEM245"
"TF","Factor: ZNF652; motif: NNAAGRGTTAAN","TF:M12468","1","0","177","18","1","20093","CRYAB"
"TF","Factor: ZNF647; motif: NYAGGCCYAC; match class: 1","TF:M12286_1","1","0","1622","18","1","20093","NFATC3"
"TF","Factor: ZNF647; motif: NYAGGCCYAC","TF:M12286","1","0","6376","18","7","20093","HSPG2,SP3,PTP4A3,LDB3,CRYAB,NFATC3,MYO18B"
"TF","Factor: ZNF647; motif: NTAGGCCTAN; match class: 1","TF:M12285_1","1","0","433","18","1","20093","NFATC3"
"TF","Factor: ZNF647; motif: NTAGGCCTAN","TF:M12285","1","0","1309","18","2","20093","SP3,NFATC3"
"TF","Factor: ZNF644; motif: TCCWGCCTCTSN; match class: 1","TF:M09737_1","1","0","1861","18","6","20093","PRDM16,KAT2B,CACNA2D2,MECOM,LDB3,CRYAB"
"TF","Factor: ZNF644; motif: TCCWGCCTCTSN","TF:M09737","1","0","7348","18","10","20093","PRDM16,HSPG2,KAT2B,CACNA2D2,MECOM,TMEM245,LDB3,CRYAB,PKP2,MYO18B"
"TF","Factor: ZNF641; motif: NAGGGGKGGGGN","TF:M05417","1","0","125","18","2","20093","PRDM16,TMEM245"
"TF","Factor: ZNF625; motif: GTTSGAGTGN","TF:M05858","1","0","314","18","1","20093","GNRHR"
"TF","Factor: ZNF614; motif: NCYCWGCCYYNNN; match class: 1","TF:M09862_1","1","0","4204","18","8","20093","PRDM16,HSPG2,SP3,CACNA2D2,PTP4A3,LDB3,PKP2,NFATC3"
"TF","Factor: ZNF614; motif: NCYCWGCCYYNNN","TF:M09862","1","0","9491","18","13","20093","PRDM16,HSPG2,SP3,KAT2B,CACNA2D2,MON1A,MECOM,PTP4A3,LDB3,CRYAB,PKP2,NFATC3,MYO18B"
"TF","Factor: ZNF611; motif: NTTAKAAAAANC","TF:M06902","1","0","118","18","1","20093","GNRHR"
"TF","Factor: ZNF611; motif: NGCATTGGCAGA","TF:M06868","1","0","51","18","1","20093","LDB3"
"TF","Factor: ZNF708; motif: NNRGCTGTRCCTNCY","TF:M12750","1","0","162","18","1","20093","PTP4A3"
"TF","Factor: ZNF705F; motif: NCCAAAAAAAYY","TF:M06040","1","0","130","18","1","20093","PRDM16"
"TF","Factor: ZNF705D; motif: NCCAAAAAAAYY","TF:M06105","1","0","170","18","1","20093","PRDM16"
"TF","Factor: ZNF697; motif: NGGRACCCAGGMNNCC","TF:M12715","1","0","283","18","1","20093","PRDM16"
"TF","Factor: ZNF692; motif: SYNGGSCCCASCCNC; match class: 1","TF:M09734_1","1","0","6371","18","11","20093","PRDM16,HSPG2,SP3,KAT2B,CACNA2D2,MECOM,PTP4A3,CRYAB,PKP2,NFATC3,MYO18B"
"TF","Factor: ZNF692; motif: SYNGGSCCCASCCNC","TF:M09734","1","0","11921","18","13","20093","PRDM16,HSPG2,NOS1AP,SP3,KAT2B,CACNA2D2,MON1A,MECOM,PTP4A3,CRYAB,PKP2,NFATC3,MYO18B"
"TF","Factor: ZNF690; motif: GTCTACRCNG","TF:M12713","1","0","2080","18","2","20093","PRDM16,CACNA2D2"
"TF","Factor: ZNF688; motif: MTCAKAAGACC","TF:M05310","1","0","756","18","2","20093","LDB3,NFATC3"
"TF","Factor: ZNF684; motif: MAAGGGGTGGACTGT; match class: 1","TF:M10550_1","1","0","9445","18","6","20093","PRDM16,SP3,MON1A,MECOM,PTP4A3,LDB3"
"TF","Factor: ZNF684; motif: MAAGGGGTGGACTGT","TF:M10550","1","0","15532","18","15","20093","PRDM16,HSPG2,NOS1AP,SP3,KAT2B,MON1A,MECOM,PTP4A3,TMEM245,MYPN,LDB3,ADM,CRYAB,PKP2,MYO18B"
"TF","Factor: ZNF682; motif: KGRGGCGGCTGW","TF:M06096","1","0","153","18","1","20093","TMEM245"
"TF","Factor: znf679; motif: CTTSAADAKC","TF:M06475","1","0","427","18","1","20093","CACNA2D2"
"TF","Factor: ZNF678; motif: NKGGAMGGCAGC","TF:M06283","1","0","130","18","1","20093","LDB3"
"TF","Factor: ZNF672; motif: STTGGGGAGC","TF:M06291","1","0","177","18","1","20093","MON1A"
"TF","Factor: ZNF670; motif: SNGGGCRGRG; match class: 1","TF:M13124_1","1","0","8277","18","11","20093","PRDM16,HSPG2,NOS1AP,SP3,KAT2B,CACNA2D2,PTP4A3,ADM,PKP2,NFATC3,MYO18B"
"TF","Factor: ZNF670; motif: SNGGGCRGRG","TF:M13124","1","0","12969","18","16","20093","PRDM16,HSPG2,NOS1AP,SP3,KAT2B,CACNA2D2,MON1A,MECOM,PTP4A3,TMEM245,LDB3,ADM,CRYAB,PKP2,NFATC3,MYO18B"
"TF","Factor: ZNF775; motif: RGRGAGAAGN","TF:M12720","1","0","3589","18","2","20093","CACNA2D2,LDB3"
"TF","Factor: ZNF775; motif: KGTTTAAGSG","TF:M06597","1","0","422","18","1","20093","MECOM"
"TF","Factor: ZNF773; motif: GGGTGGCCGC","TF:M06377","1","0","265","18","1","20093","MYO18B"
"TF","Factor: ZNF770; motif: CGGCCTCA; match class: 1","TF:M13190_1","1","0","118","18","1","20093","HSPG2"
"TF","Factor: ZNF770; motif: CGGCCTCA","TF:M13190","1","0","1858","18","1","20093","HSPG2"
"TF","Factor: ZNF76; motif: NNTWCCCAYAATGCANYGCGN","TF:M12082","1","0","156","18","1","20093","MON1A"
"TF","Factor: ZNF76; motif: RNNGCMTKCTGGGARNTGTAGT","TF:M10169","1","0","1365","18","2","20093","MON1A,PTP4A3"
"TF","Factor: ZNF764; motif: NNASYGCCNCCTNCTGGN","TF:M12719","1","0","2373","18","1","20093","MON1A"
"TF","Factor: ZNF740; motif: CNGCCCCCCCMCCCCC; match class: 1","TF:M12717_1","1","0","286","18","2","20093","CACNA2D2,NFATC3"
"TF","Factor: ZNF740; motif: CNGCCCCCCCMCCCCC","TF:M12717","1","0","1583","18","5","20093","NOS1AP,CACNA2D2,MECOM,TMEM245,NFATC3"
"TF","Factor: ZNF740; motif: NYNCCCCCCCCAC","TF:M12237","1","0","511","18","1","20093","PRDM16"
"TF","Factor: ZNF740; motif: NYGCCCCCCCCAC","TF:M12235","1","0","280","18","1","20093","PRDM16"
"TF","Factor: ZNF740; motif: CYGCCCCCCCCAC","TF:M12234","1","0","390","18","1","20093","PRDM16"
"TF","Factor: ZNF740; motif: CCCCCCCCAC","TF:M03939","1","0","493","18","1","20093","PRDM16"
"TF","Factor: ZNF714; motif: NSGKTGGGCCGM","TF:M05938","1","0","711","18","1","20093","TMEM245"
"TF","Factor: ZNF709; motif: NGRWCCAAACCC","TF:M05883","1","0","1677","18","3","20093","PTP4A3,MYPN,NFATC3"
"TF","Factor: ZNF879; motif: NGGTCGKTTAGA","TF:M05643","1","0","5","18","1","20093","NOS1AP"
"TF","Factor: ZNF85; motif: ANAGAARWCTGMWGKAATCT","TF:M10170","1","0","174","18","1","20093","MYPN"
"TF","Factor: ZNF850; motif: CNSYGGGAGCCCCTCTCNGGGCTGNCC","TF:M12729","1","0","1815","18","1","20093","PKP2"
"TF","Factor: ZNF84; motif: NCCTMCGGMAGA","TF:M06151","1","0","157","18","1","20093","KAT2B"
"TF","Factor: ZNF836; motif: NTGGGCAAACKT","TF:M06436","1","0","24","18","1","20093","GNRHR"
"TF","Factor: ZNF835; motif: NCGRGKGAAMCC","TF:M06789","1","0","246","18","1","20093","HSPG2"
"TF","Factor: ZNF829; motif: NTGKACAYCAGM","TF:M06288","1","0","159","18","1","20093","MON1A"
"TF","Factor: znf821; motif: NGGACAGACRGACAN; match class: 1","TF:M12098_1","1","0","2","18","1","20093","LDB3"
"TF","Factor: znf821; motif: NGGACAGACRGACAN","TF:M12098","1","0","48","18","1","20093","LDB3"
"TF","Factor: znf821; motif: NGGACAGACGGACRN; match class: 1","TF:M12097_1","1","0","16","18","1","20093","LDB3"
"TF","Factor: znf821; motif: NGGACAGACGGACRN","TF:M12097","1","0","97","18","1","20093","LDB3"
"TF","Factor: ZNF80; motif: KGGGGCGACYGA","TF:M05694","1","0","61","18","1","20093","PKP2"
"TF","Factor: ZNF784; motif: NTACYTACCGN","TF:M12088","1","0","424","18","1","20093","KAT2B"
"TF","Factor: ZNF778; motif: NTMAGWTTGCGC","TF:M06623","1","0","119","18","1","20093","NFATC3"
"TF","Factor: ZNF777; motif: GTCCGYCCCGTCSAACAAT; match class: 1","TF:M08993_1","1","0","3984","18","5","20093","HSPG2,SP3,MON1A,NFATC3,MYO18B"
"TF","Factor: ZNF777; motif: GTCCGYCCCGTCSAACAAT","TF:M08993","1","0","10582","18","10","20093","PRDM16,HSPG2,SP3,KAT2B,MON1A,TMEM245,LDB3,PKP2,NFATC3,MYO18B"
"TF","Factor: ZXDB; motif: NGGGGTC; match class: 1","TF:M06191_1","1","0","1279","18","1","20093","CRYAB"
"TF","Factor: ZXDB; motif: NGGGGTC","TF:M06191","1","0","6044","18","4","20093","PRDM16,CACNA2D2,CRYAB,NFATC3"
"TF","Factor: ZXDA; motif: NAGGGTG; match class: 1","TF:M06203_1","1","0","2048","18","4","20093","HSPG2,PTP4A3,LDB3,NFATC3"
"TF","Factor: ZXDA; motif: NAGGGTG","TF:M06203","1","0","7626","18","10","20093","PRDM16,HSPG2,NOS1AP,KAT2B,CACNA2D2,PTP4A3,LDB3,CRYAB,PKP2,NFATC3"
"TF","Factor: ZXDA; motif: NGGGGTC; match class: 1","TF:M06190_1","1","0","1279","18","1","20093","CRYAB"
"TF","Factor: ZXDA; motif: NGGGGTC","TF:M06190","1","0","6044","18","4","20093","PRDM16,CACNA2D2,CRYAB,NFATC3"
"TF","Factor: ZSCAN5; motif: NNGTCCCYCCCCAAANCN","TF:M12108","1","0","347","18","1","20093","LDB3"
"TF","Factor: ZSCAN2; motif: NGGGWAAAACGC","TF:M06387","1","0","92","18","1","20093","TMEM245"
"TF","Factor: ZSCAN18; motif: TRRCGRCGNMCC; match class: 1","TF:M05432_1","1","0","812","18","3","20093","PRDM16,HSPG2,SP3"
"TF","Factor: ZSCAN18; motif: TRRCGRCGNMCC","TF:M05432","1","0","4123","18","5","20093","PRDM16,HSPG2,SP3,CACNA2D2,TMEM245"
"TF","Factor: ZSCAN11; motif: NYMKAGGAAASA","TF:M06005","1","0","294","18","1","20093","MYO18B"
"TF","Factor: ZNFPT1; motif: YCNNCNCWGCCNY; match class: 1","TF:M12721_1","1","0","3266","18","4","20093","PRDM16,HSPG2,CACNA2D2,LDB3"
"TF","Factor: ZNFPT1; motif: YCNNCNCWGCCNY","TF:M12721","1","0","9333","18","12","20093","PRDM16,HSPG2,NOS1AP,SP3,KAT2B,CACNA2D2,TMEM245,LDB3,ADM,CRYAB,PKP2,MYO18B"
"TF","Factor: ZNF99; motif: TAGCTGRACA","TF:M06081","1","0","140","18","1","20093","LDB3"
"TF","Factor: ZNF93; motif: GGYAGCRGCAGCGGYG; match class: 1","TF:M12742_1","1","0","1297","18","5","20093","PRDM16,SP3,KAT2B,CACNA2D2,NFATC3"
"TF","Factor: ZNF93; motif: GGYAGCRGCAGCGGYG","TF:M12742","1","0","2548","18","6","20093","PRDM16,SP3,KAT2B,CACNA2D2,PKP2,NFATC3"
"TF","Factor: ZXDL; motif: GSGSCNNGGGMRGCNCCGGGS; match class: 1","TF:M12722_1","1","0","6630","18","9","20093","PRDM16,HSPG2,NOS1AP,SP3,KAT2B,CACNA2D2,TMEM245,PKP2,NFATC3"
"TF","Factor: ZXDL; motif: GSGSCNNGGGMRGCNCCGGGS","TF:M12722","1","0","10669","18","12","20093","PRDM16,HSPG2,NOS1AP,SP3,KAT2B,CACNA2D2,MECOM,PTP4A3,TMEM245,ADM,PKP2,NFATC3"
"TF","Factor: ZXDL; motif: NGGGGWS; match class: 1","TF:M05775_1","1","0","1703","18","1","20093","CRYAB"
"TF","Factor: ZXDL; motif: NGGGGWS","TF:M05775","1","0","7041","18","10","20093","HSPG2,NOS1AP,KAT2B,CACNA2D2,PTP4A3,ADM,CRYAB,PKP2,NFATC3,MYO18B"
"TF","Factor: ZXDB; motif: NAGGGTG; match class: 1","TF:M06202_1","1","0","2048","18","4","20093","HSPG2,PTP4A3,LDB3,NFATC3"
"TF","Factor: ZXDB; motif: NAGGGTG","TF:M06202","1","0","7626","18","10","20093","PRDM16,HSPG2,NOS1AP,KAT2B,CACNA2D2,PTP4A3,LDB3,CRYAB,PKP2,NFATC3"
"MIRNA","hsa-mir-600","MIRNA:hsa-mir-600","0.9768275997831317","0.010182078112949895","907","17","5","16638","HSPG2,SP3,TMEM245,MYPN,PKP2"
"MIRNA","hsa-mir-3940-5p","MIRNA:hsa-mir-3940-5p","1","0","656","17","1","16638","PRDM16"
"MIRNA","hsa-mir-3677-5p","MIRNA:hsa-mir-3677-5p","1","0","682","17","1","16638","PKP2"
"MIRNA","hsa-mir-3186-3p","MIRNA:hsa-mir-3186-3p","1","0","79","17","1","16638","ADM"
"MIRNA","hsa-mir-122","MIRNA:hsa-mir-122","1","0","1507","17","1","16638","LDB3"
"MIRNA","hsa-mir-4311","MIRNA:hsa-mir-4311","1","0","1479","17","1","16638","KAT2B"
"MIRNA","hsa-mir-3143","MIRNA:hsa-mir-3143","1","0","1409","17","2","16638","SP3,MECOM"
"MIRNA","hsa-mir-3120-3p","MIRNA:hsa-mir-3120-3p","1","0","1834","17","2","16638","KAT2B,ADM"
"MIRNA","hsa-mir-485-5p","MIRNA:hsa-mir-485-5p","1","0","2366","17","1","16638","ADM"
"MIRNA","hsa-mir-411","MIRNA:hsa-mir-411","1","0","1029","17","2","16638","GNRHR,NFATC3"
"MIRNA","hsa-mir-133a","MIRNA:hsa-mir-133a","1","0","596","17","1","16638","SP3"
"MIRNA","hsa-mir-134","MIRNA:hsa-mir-134","1","0","786","17","1","16638","CACNA2D2"
"MIRNA","hsa-mir-339-3p","MIRNA:hsa-mir-339-3p","1","0","134","17","1","16638","PRDM16"
"MIRNA","hsa-mir-4518","MIRNA:hsa-mir-4518","1","0","1265","17","2","16638","PRDM16,ADM"
"MIRNA","hsa-mir-3620","MIRNA:hsa-mir-3620","1","0","840","17","1","16638","NOS1AP"
"MIRNA","hsa-mir-4506","MIRNA:hsa-mir-4506","1","0","571","17","1","16638","GNRHR"
"MIRNA","hsa-mir-532-3p","MIRNA:hsa-mir-532-3p","1","0","1489","17","1","16638","MYPN"
"MIRNA","hsa-mir-6812-5p","MIRNA:hsa-mir-6812-5p","1","0","61","17","1","16638","ADM"
"MIRNA","hsa-mir-329","MIRNA:hsa-mir-329","1","0","1374","17","1","16638","NOS1AP"
"MIRNA","hsa-mir-4288","MIRNA:hsa-mir-4288","1","0","750","17","1","16638","HSPG2"
"MIRNA","hsa-mir-4525","MIRNA:hsa-mir-4525","1","0","1139","17","1","16638","PRDM16"
"MIRNA","hsa-mir-519b-5p","MIRNA:hsa-mir-519b-5p","1","0","796","17","3","16638","SP3,TMEM245,PKP2"
"MIRNA","hsa-mir-409-3p","MIRNA:hsa-mir-409-3p","1","0","984","17","2","16638","SP3,PKP2"
"MIRNA","hsa-mir-412","MIRNA:hsa-mir-412","1","0","1007","17","2","16638","PRDM16,PKP2"
"MIRNA","hsa-mir-4672","MIRNA:hsa-mir-4672","1","0","1533","17","2","16638","MECOM,MYPN"
"MIRNA","hsa-mir-4660","MIRNA:hsa-mir-4660","1","0","1153","17","2","16638","PRDM16,LDB3"
"MIRNA","hsa-mir-4468","MIRNA:hsa-mir-4468","1","0","1254","17","2","16638","PRDM16,MYPN"
"MIRNA","hsa-mir-548e","MIRNA:hsa-mir-548e","1","0","1552","17","4","16638","NOS1AP,SP3,GNRHR,NFATC3"
"MIRNA","hsa-mir-4286","MIRNA:hsa-mir-4286","1","0","1087","17","1","16638","ADM"
"MIRNA","hsa-mir-29b-2-5p","MIRNA:hsa-mir-29b-2-5p","1","0","104","17","1","16638","ADM"
"MIRNA","hsa-mir-4640-3p","MIRNA:hsa-mir-4640-3p","1","0","451","17","1","16638","TMEM245"
"MIRNA","hsa-mir-3647-3p","MIRNA:hsa-mir-3647-3p","1","0","1673","17","2","16638","SP3,NFATC3"
"MIRNA","hsa-mir-4448","MIRNA:hsa-mir-4448","1","0","803","17","1","16638","MECOM"
"MIRNA","hsa-mir-6507-5p","MIRNA:hsa-mir-6507-5p","1","0","122","17","1","16638","TMEM245"
"MIRNA","hsa-mir-4456","MIRNA:hsa-mir-4456","1","0","910","17","4","16638","KAT2B,ADM,CRYAB,NFATC3"
"MIRNA","hsa-mir-4426","MIRNA:hsa-mir-4426","1","0","986","17","2","16638","PRDM16,KAT2B"
"MIRNA","hsa-mir-548g","MIRNA:hsa-mir-548g","1","0","1174","17","2","16638","KAT2B,GNRHR"
"MIRNA","hsa-mir-6851-5p","MIRNA:hsa-mir-6851-5p","1","0","212","17","1","16638","NOS1AP"
"MIRNA","hsa-mir-551a","MIRNA:hsa-mir-551a","1","0","76","17","1","16638","PTP4A3"
"MIRNA","hsa-mir-4664-5p","MIRNA:hsa-mir-4664-5p","1","0","1105","17","2","16638","PRDM16,ADM"
"MIRNA","hsa-mir-576-3p","MIRNA:hsa-mir-576-3p","1","0","794","17","1","16638","CACNA2D2"
"MIRNA","hsa-mir-4530","MIRNA:hsa-mir-4530","1","0","1617","17","3","16638","NOS1AP,LDB3,NFATC3"
"MIRNA","hsa-mir-1207-3p","MIRNA:hsa-mir-1207-3p","1","0","1558","17","2","16638","NOS1AP,KAT2B"
"MIRNA","hsa-mir-4309","MIRNA:hsa-mir-4309","1","0","846","17","1","16638","SP3"
"MIRNA","hsa-mir-449b","MIRNA:hsa-mir-449b","1","0","1218","17","2","16638","NOS1AP,PKP2"
"MIRNA","hsa-mir-744-5p","MIRNA:hsa-mir-744-5p","1","0","387","17","1","16638","PKP2"
"MIRNA","hsa-mir-650","MIRNA:hsa-mir-650","1","0","1750","17","1","16638","ADM"
"MIRNA","hsa-mir-541-3p","MIRNA:hsa-mir-541-3p","1","0","101","17","1","16638","ADM"
"MIRNA","hsa-mir-96-5p","MIRNA:hsa-mir-96-5p","1","0","190","17","1","16638","PRDM16"
"MIRNA","hsa-mir-4801","MIRNA:hsa-mir-4801","1","0","1459","17","3","16638","NOS1AP,PTP4A3,NFATC3"
"MIRNA","hsa-mir-205","MIRNA:hsa-mir-205","1","0","1060","17","1","16638","KAT2B"
"MIRNA","hsa-mir-374a","MIRNA:hsa-mir-374a","1","0","1197","17","1","16638","SP3"
"MIRNA","hsa-mir-3689d","MIRNA:hsa-mir-3689d","1","0","1452","17","5","16638","PRDM16,HSPG2,NOS1AP,CACNA2D2,PTP4A3"
"MIRNA","hsa-mir-3689e","MIRNA:hsa-mir-3689e","1","0","496","17","1","16638","PKP2"
"MIRNA","hsa-mir-548e-3p","MIRNA:hsa-mir-548e-3p","1","0","149","17","1","16638","TMEM245"
"MIRNA","hsa-mir-337-3p","MIRNA:hsa-mir-337-3p","1","0","731","17","2","16638","KAT2B,MECOM"
"MIRNA","hsa-mir-200a","MIRNA:hsa-mir-200a","1","0","1500","17","1","16638","PKP2"
"MIRNA","hsa-mir-6728-3p","MIRNA:hsa-mir-6728-3p","1","0","79","17","1","16638","TMEM245"
"MIRNA","hsa-mir-4718","MIRNA:hsa-mir-4718","1","0","554","17","1","16638","NFATC3"
"MIRNA","hsa-mir-511","MIRNA:hsa-mir-511","1","0","1147","17","1","16638","NFATC3"
"MIRNA","hsa-mir-659","MIRNA:hsa-mir-659","1","0","926","17","1","16638","SP3"
"MIRNA","hsa-mir-329-5p","MIRNA:hsa-mir-329-5p","1","0","87","17","1","16638","ADM"
"MIRNA","hsa-mir-548ai","MIRNA:hsa-mir-548ai","1","0","838","17","1","16638","SP3"
"MIRNA","hsa-mir-1236","MIRNA:hsa-mir-1236","1","0","1275","17","2","16638","SP3,KAT2B"
"MIRNA","hsa-mir-150","MIRNA:hsa-mir-150","1","0","1869","17","1","16638","MYPN"
"MIRNA","hsa-mir-586","MIRNA:hsa-mir-586","1","0","952","17","2","16638","SP3,GNRHR"
"MIRNA","hsa-mir-422a","MIRNA:hsa-mir-422a","1","0","733","17","1","16638","PRDM16"
"MIRNA","hsa-mir-3622b-3p","MIRNA:hsa-mir-3622b-3p","1","0","1176","17","3","16638","NOS1AP,ADM,NFATC3"
"MIRNA","hsa-mir-4782-5p","MIRNA:hsa-mir-4782-5p","1","0","1004","17","2","16638","PKP2,NFATC3"
"MIRNA","hsa-mir-193a-3p","MIRNA:hsa-mir-193a-3p","1","0","773","17","2","16638","NFATC3,MYO18B"
"MIRNA","hsa-mir-6819-5p","MIRNA:hsa-mir-6819-5p","1","0","62","17","1","16638","ADM"
"MIRNA","hsa-mir-3198","MIRNA:hsa-mir-3198","1","0","847","17","1","16638","SP3"
"MIRNA","hsa-mir-15b-5p","MIRNA:hsa-mir-15b-5p","1","0","717","17","1","16638","TMEM245"
"MIRNA","hsa-mir-619","MIRNA:hsa-mir-619","1","0","739","17","1","16638","CACNA2D2"
"MIRNA","hsa-mir-4324","MIRNA:hsa-mir-4324","1","0","1422","17","1","16638","NFATC3"
"MIRNA","hsa-mir-302b","MIRNA:hsa-mir-302b","1","0","1612","17","5","16638","PRDM16,NOS1AP,SP3,KAT2B,NFATC3"
"MIRNA","hsa-mir-371b-5p","MIRNA:hsa-mir-371b-5p","1","0","2225","17","1","16638","NFATC3"
"MIRNA","hsa-mir-320a","MIRNA:hsa-mir-320a","1","0","1683","17","2","16638","NOS1AP,NFATC3"
"MIRNA","hsa-mir-6774-5p","MIRNA:hsa-mir-6774-5p","1","0","47","17","1","16638","CACNA2D2"
"MIRNA","hsa-mir-5095","MIRNA:hsa-mir-5095","1","0","1865","17","2","16638","SP3,NFATC3"
"MIRNA","hsa-mir-4799-3p","MIRNA:hsa-mir-4799-3p","1","0","946","17","1","16638","NFATC3"
"MIRNA","hsa-mir-4665-5p","MIRNA:hsa-mir-4665-5p","1","0","1375","17","1","16638","PRDM16"
"MIRNA","hsa-mir-626","MIRNA:hsa-mir-626","1","0","687","17","1","16638","PRDM16"
"MIRNA","hsa-mir-7","MIRNA:hsa-mir-7","1","0","1220","17","1","16638","PKP2"
"MIRNA","hsa-mir-4495","MIRNA:hsa-mir-4495","1","0","1251","17","2","16638","SP3,ADM"
"MIRNA","hsa-mir-487a","MIRNA:hsa-mir-487a","1","0","637","17","2","16638","SP3,KAT2B"
"MIRNA","hsa-mir-3660","MIRNA:hsa-mir-3660","1","0","887","17","1","16638","KAT2B"
"MIRNA","hsa-mir-4512","MIRNA:hsa-mir-4512","1","0","716","17","1","16638","NFATC3"
"MIRNA","hsa-mir-3919","MIRNA:hsa-mir-3919","1","0","1743","17","1","16638","NOS1AP"
"MIRNA","hsa-mir-6509-5p","MIRNA:hsa-mir-6509-5p","1","0","52","17","1","16638","ADM"
"MIRNA","hsa-mir-331-3p","MIRNA:hsa-mir-331-3p","1","0","1224","17","2","16638","PRDM16,ADM"
"MIRNA","hsa-mir-3973","MIRNA:hsa-mir-3973","1","0","1396","17","1","16638","SP3"
"MIRNA","hsa-mir-6886-3p","MIRNA:hsa-mir-6886-3p","1","0","59","17","1","16638","ADM"
"MIRNA","hsa-mir-367","MIRNA:hsa-mir-367","1","0","1275","17","3","16638","KAT2B,ADM,NFATC3"
"MIRNA","hsa-mir-6756-5p","MIRNA:hsa-mir-6756-5p","1","0","152","17","1","16638","CACNA2D2"
"MIRNA","hsa-mir-212-5p","MIRNA:hsa-mir-212-5p","1","0","152","17","1","16638","TMEM245"
"MIRNA","hsa-mir-590-5p","MIRNA:hsa-mir-590-5p","1","0","728","17","2","16638","NOS1AP,SP3"
"MIRNA","hsa-mir-4803","MIRNA:hsa-mir-4803","1","0","1219","17","2","16638","NOS1AP,NFATC3"
"MIRNA","hsa-mir-4760-3p","MIRNA:hsa-mir-4760-3p","1","0","1288","17","1","16638","SP3"
"MIRNA","hsa-mir-3607-5p","MIRNA:hsa-mir-3607-5p","1","0","821","17","1","16638","KAT2B"
"MIRNA","hsa-mir-655-3p","MIRNA:hsa-mir-655-3p","1","0","90","17","1","16638","ADM"
"MIRNA","hsa-mir-216a","MIRNA:hsa-mir-216a","1","0","963","17","4","16638","KAT2B,MYPN,LDB3,NFATC3"
"MIRNA","hsa-mir-543","MIRNA:hsa-mir-543","1","0","1569","17","2","16638","NOS1AP,SP3"
"MIRNA","hsa-mir-4314","MIRNA:hsa-mir-4314","1","0","1239","17","2","16638","HSPG2,NFATC3"
"MIRNA","hsa-mir-4520b-3p","MIRNA:hsa-mir-4520b-3p","1","0","561","17","1","16638","NFATC3"
"MIRNA","hsa-mir-4763-3p","MIRNA:hsa-mir-4763-3p","1","0","2108","17","3","16638","PRDM16,HSPG2,CACNA2D2"
"MIRNA","hsa-mir-374a-5p","MIRNA:hsa-mir-374a-5p","1","0","272","17","1","16638","TMEM245"
"MIRNA","hsa-mir-3074-3p","MIRNA:hsa-mir-3074-3p","1","0","860","17","1","16638","PKP2"
"MIRNA","hsa-mir-93-5p","MIRNA:hsa-mir-93-5p","1","0","1154","17","3","16638","KAT2B,TMEM245,MYPN"
"MIRNA","hsa-mir-1260b","MIRNA:hsa-mir-1260b","1","0","1375","17","1","16638","SP3"
"MIRNA","hsa-mir-527","MIRNA:hsa-mir-527","1","0","1413","17","2","16638","KAT2B,ADM"
"MIRNA","hsa-mir-4733-3p","MIRNA:hsa-mir-4733-3p","1","0","1303","17","2","16638","KAT2B,NFATC3"
"MIRNA","hsa-mir-4327","MIRNA:hsa-mir-4327","1","0","614","17","3","16638","PRDM16,NOS1AP,ADM"
"MIRNA","hsa-mir-584","MIRNA:hsa-mir-584","1","0","542","17","2","16638","SP3,KAT2B"
"MIRNA","hsa-mir-16-5p","MIRNA:hsa-mir-16-5p","1","0","1462","17","1","16638","TMEM245"
"MIRNA","hsa-mir-567","MIRNA:hsa-mir-567","1","0","839","17","2","16638","SP3,ADM"
"MIRNA","hsa-mir-548a-3p","MIRNA:hsa-mir-548a-3p","1","0","1634","17","5","16638","NOS1AP,SP3,GNRHR,TMEM245,NFATC3"
"MIRNA","hsa-mir-106b-5p","MIRNA:hsa-mir-106b-5p","1","0","1039","17","3","16638","KAT2B,TMEM245,MYPN"
"MIRNA","hsa-mir-4709-5p","MIRNA:hsa-mir-4709-5p","1","0","1232","17","1","16638","NFATC3"
"MIRNA","hsa-mir-4697-3p","MIRNA:hsa-mir-4697-3p","1","0","793","17","1","16638","SP3"
"MIRNA","hsa-mir-4644","MIRNA:hsa-mir-4644","1","0","1496","17","2","16638","KAT2B,CACNA2D2"
"MIRNA","hsa-mir-138","MIRNA:hsa-mir-138","1","0","895","17","1","16638","PTP4A3"
"MIRNA","hsa-mir-376b","MIRNA:hsa-mir-376b","1","0","657","17","2","16638","KAT2B,NFATC3"
"MIRNA","hsa-mir-208a","MIRNA:hsa-mir-208a","1","0","510","17","1","16638","SP3"
"MIRNA","hsa-mir-466","MIRNA:hsa-mir-466","1","0","1566","17","2","16638","MYPN,PKP2"
"MIRNA","hsa-mir-374c-5p","MIRNA:hsa-mir-374c-5p","1","0","86","17","1","16638","ADM"
"MIRNA","hsa-mir-6739-5p","MIRNA:hsa-mir-6739-5p","1","0","163","17","1","16638","CACNA2D2"
"MIRNA","hsa-mir-3545-3p","MIRNA:hsa-mir-3545-3p","1","0","1057","17","2","16638","SP3,NFATC3"
"MIRNA","hsa-mir-6780a-3p","MIRNA:hsa-mir-6780a-3p","1","0","178","17","2","16638","MYPN,ADM"
"MIRNA","hsa-mir-4666-3p","MIRNA:hsa-mir-4666-3p","1","0","1503","17","2","16638","MECOM,ADM"
"MIRNA","hsa-mir-505","MIRNA:hsa-mir-505","1","0","667","17","2","16638","PKP2,NFATC3"
"MIRNA","hsa-mir-663a","MIRNA:hsa-mir-663a","1","0","106","17","1","16638","HSPG2"
"MIRNA","hsa-mir-140-3p","MIRNA:hsa-mir-140-3p","1","0","1329","17","1","16638","GNRHR"
"MIRNA","hsa-mir-519a","MIRNA:hsa-mir-519a","1","0","1143","17","2","16638","PRDM16,SP3"
"MIRNA","hsa-mir-1283","MIRNA:hsa-mir-1283","1","0","1257","17","2","16638","SP3,NFATC3"
"MIRNA","hsa-mir-5697","MIRNA:hsa-mir-5697","1","0","134","17","1","16638","ADM"
"MIRNA","hsa-mir-6737-5p","MIRNA:hsa-mir-6737-5p","1","0","62","17","1","16638","ADM"
"MIRNA","hsa-mir-143-3p","MIRNA:hsa-mir-143-3p","1","0","183","17","1","16638","MYPN"
"MIRNA","hsa-mir-33b","MIRNA:hsa-mir-33b","1","0","915","17","2","16638","NOS1AP,SP3"
"MIRNA","hsa-mir-32-5p","MIRNA:hsa-mir-32-5p","1","0","482","17","1","16638","KAT2B"
"MIRNA","hsa-mir-514b-5p","MIRNA:hsa-mir-514b-5p","1","0","1167","17","1","16638","PRDM16"
"MIRNA","hsa-mir-3653","MIRNA:hsa-mir-3653","1","0","1256","17","2","16638","SP3,MECOM"
"MIRNA","hsa-mir-6804-5p","MIRNA:hsa-mir-6804-5p","1","0","78","17","1","16638","CACNA2D2"
"MIRNA","hsa-mir-489","MIRNA:hsa-mir-489","1","0","919","17","1","16638","SP3"
"MIRNA","hsa-mir-1972","MIRNA:hsa-mir-1972","1","0","1176","17","1","16638","PRDM16"
"MIRNA","hsa-mir-382-5p","MIRNA:hsa-mir-382-5p","1","0","103","17","1","16638","ADM"
"MIRNA","hsa-mir-194","MIRNA:hsa-mir-194","1","0","974","17","1","16638","SP3"
"MIRNA","hsa-mir-30c","MIRNA:hsa-mir-30c","1","0","1326","17","1","16638","NFATC3"
"MIRNA","hsa-mir-767-5p","MIRNA:hsa-mir-767-5p","1","0","1135","17","1","16638","NOS1AP"
"MIRNA","hsa-mir-329-3p","MIRNA:hsa-mir-329-3p","1","0","508","17","1","16638","NOS1AP"
"MIRNA","hsa-mir-764","MIRNA:hsa-mir-764","1","0","1394","17","2","16638","PRDM16,HSPG2"
"MIRNA","hsa-mir-509-3-5p","MIRNA:hsa-mir-509-3-5p","1","0","1514","17","1","16638","PKP2"
"MIRNA","hsa-mir-2277-3p","MIRNA:hsa-mir-2277-3p","1","0","790","17","2","16638","KAT2B,ADM"
"MIRNA","hsa-mir-1225-3p","MIRNA:hsa-mir-1225-3p","1","0","897","17","1","16638","CACNA2D2"
"MIRNA","hsa-mir-4529-3p","MIRNA:hsa-mir-4529-3p","1","0","508","17","1","16638","NOS1AP"
"MIRNA","hsa-mir-214","MIRNA:hsa-mir-214","1","0","2002","17","5","16638","PRDM16,KAT2B,MECOM,MYPN,LDB3"
"MIRNA","hsa-mir-424-5p","MIRNA:hsa-mir-424-5p","1","0","440","17","1","16638","TMEM245"
"MIRNA","hsa-mir-5187-5p","MIRNA:hsa-mir-5187-5p","1","0","45","17","1","16638","TMEM245"
"MIRNA","hsa-mir-3692-5p","MIRNA:hsa-mir-3692-5p","1","0","58","17","1","16638","TMEM245"
"MIRNA","hsa-mir-4691-3p","MIRNA:hsa-mir-4691-3p","1","0","1337","17","2","16638","HSPG2,TMEM245"
"MIRNA","hsa-mir-548e-5p","MIRNA:hsa-mir-548e-5p","1","0","186","17","2","16638","MYPN,NFATC3"
"MIRNA","hsa-mir-504","MIRNA:hsa-mir-504","1","0","817","17","1","16638","PRDM16"
"MIRNA","hsa-mir-106b","MIRNA:hsa-mir-106b","1","0","1981","17","2","16638","NOS1AP,KAT2B"
"MIRNA","hsa-mir-1245b-5p","MIRNA:hsa-mir-1245b-5p","1","0","572","17","2","16638","NOS1AP,PKP2"
"MIRNA","hsa-mir-219-2-3p","MIRNA:hsa-mir-219-2-3p","1","0","599","17","3","16638","SP3,GNRHR,MYO18B"
"MIRNA","hsa-mir-4317","MIRNA:hsa-mir-4317","1","0","580","17","2","16638","PRDM16,SP3"
"MIRNA","hsa-mir-3126-5p","MIRNA:hsa-mir-3126-5p","1","0","1032","17","2","16638","HSPG2,CACNA2D2"
"MIRNA","hsa-mir-4429","MIRNA:hsa-mir-4429","1","0","1303","17","1","16638","NFATC3"
"MIRNA","hsa-mir-4723-3p","MIRNA:hsa-mir-4723-3p","1","0","1177","17","2","16638","MYPN,ADM"
"MIRNA","hsa-mir-340","MIRNA:hsa-mir-340","1","0","1584","17","2","16638","KAT2B,NFATC3"
"MIRNA","hsa-mir-4449","MIRNA:hsa-mir-4449","1","0","200","17","1","16638","ADM"
"MIRNA","hsa-mir-3064-5p","MIRNA:hsa-mir-3064-5p","1","0","1261","17","3","16638","PRDM16,PTP4A3,PKP2"
"MIRNA","hsa-mir-3672","MIRNA:hsa-mir-3672","1","0","1379","17","1","16638","TMEM245"
"MIRNA","hsa-mir-4303","MIRNA:hsa-mir-4303","1","0","1092","17","2","16638","CACNA2D2,NFATC3"
"MIRNA","hsa-mir-645","MIRNA:hsa-mir-645","1","0","529","17","1","16638","PRDM16"
"MIRNA","hsa-mir-4298","MIRNA:hsa-mir-4298","1","0","765","17","2","16638","PRDM16,TMEM245"
"MIRNA","hsa-mir-320b","MIRNA:hsa-mir-320b","1","0","1355","17","1","16638","NFATC3"
"MIRNA","hsa-mir-3650","MIRNA:hsa-mir-3650","1","0","957","17","2","16638","PTP4A3,NFATC3"
"MIRNA","hsa-mir-378c","MIRNA:hsa-mir-378c","1","0","731","17","1","16638","PRDM16"
"MIRNA","hsa-mir-544b","MIRNA:hsa-mir-544b","1","0","1732","17","2","16638","HSPG2,NFATC3"
"MIRNA","hsa-mir-2113","MIRNA:hsa-mir-2113","1","0","1069","17","1","16638","LDB3"
"MIRNA","hsa-mir-502-5p","MIRNA:hsa-mir-502-5p","1","0","838","17","2","16638","NOS1AP,TMEM245"
"MIRNA","hsa-mir-4292","MIRNA:hsa-mir-4292","1","0","1349","17","3","16638","PRDM16,HSPG2,ADM"
"MIRNA","hsa-mir-518e-5p","MIRNA:hsa-mir-518e-5p","1","0","51","17","1","16638","TMEM245"
"MIRNA","hsa-mir-6769a-5p","MIRNA:hsa-mir-6769a-5p","1","0","103","17","1","16638","ADM"
"MIRNA","hsa-mir-3925-5p","MIRNA:hsa-mir-3925-5p","1","0","1174","17","2","16638","PKP2,MYO18B"
"MIRNA","hsa-mir-3151-3p","MIRNA:hsa-mir-3151-3p","1","0","31","17","1","16638","NOS1AP"
"MIRNA","hsa-mir-939-3p","MIRNA:hsa-mir-939-3p","1","0","326","17","1","16638","MYPN"
"MIRNA","hsa-mir-486-3p","MIRNA:hsa-mir-486-3p","1","0","1618","17","4","16638","HSPG2,NOS1AP,CACNA2D2,ADM"
"MIRNA","hsa-mir-3614-3p","MIRNA:hsa-mir-3614-3p","1","0","704","17","2","16638","SP3,NFATC3"
"MIRNA","hsa-mir-769-3p","MIRNA:hsa-mir-769-3p","1","0","799","17","3","16638","NOS1AP,TMEM245,NFATC3"
"MIRNA","hsa-mir-6513-5p","MIRNA:hsa-mir-6513-5p","1","0","331","17","1","16638","TMEM245"
"MIRNA","hsa-mir-1275","MIRNA:hsa-mir-1275","1","0","1378","17","1","16638","PRDM16"
"MIRNA","hsa-mir-24-3p","MIRNA:hsa-mir-24-3p","1","0","775","17","1","16638","MYPN"
"MIRNA","hsa-mir-4700-3p","MIRNA:hsa-mir-4700-3p","1","0","1076","17","1","16638","NOS1AP"
"MIRNA","hsa-mir-4662b","MIRNA:hsa-mir-4662b","1","0","986","17","2","16638","PRDM16,KAT2B"
"MIRNA","hsa-mir-1261","MIRNA:hsa-mir-1261","1","0","631","17","2","16638","SP3,MYPN"
"MIRNA","hsa-mir-4487","MIRNA:hsa-mir-4487","1","0","1385","17","2","16638","HSPG2,MYO18B"
"MIRNA","hsa-mir-361-5p","MIRNA:hsa-mir-361-5p","1","0","934","17","1","16638","GNRHR"
"MIRNA","hsa-mir-3119","MIRNA:hsa-mir-3119","1","0","1155","17","1","16638","NFATC3"
"MIRNA","hsa-mir-4436a","MIRNA:hsa-mir-4436a","1","0","1217","17","2","16638","NOS1AP,NFATC3"
"MIRNA","hsa-mir-1208","MIRNA:hsa-mir-1208","1","0","1301","17","2","16638","KAT2B,CACNA2D2"
"MIRNA","hsa-mir-6766-5p","MIRNA:hsa-mir-6766-5p","1","0","152","17","1","16638","CACNA2D2"
"MIRNA","hsa-mir-192-5p","MIRNA:hsa-mir-192-5p","1","0","920","17","2","16638","KAT2B,PTP4A3"
"MIRNA","hsa-mir-379-3p","MIRNA:hsa-mir-379-3p","1","0","78","17","1","16638","ADM"
"MIRNA","hsa-mir-2114","MIRNA:hsa-mir-2114","1","0","1001","17","1","16638","HSPG2"
"MIRNA","hsa-mir-96","MIRNA:hsa-mir-96","1","0","1083","17","4","16638","PRDM16,SP3,MECOM,MYPN"
"MIRNA","hsa-mir-206","MIRNA:hsa-mir-206","1","0","1106","17","3","16638","MECOM,GNRHR,NFATC3"
"MIRNA","hsa-mir-325","MIRNA:hsa-mir-325","1","0","408","17","1","16638","NFATC3"
"MIRNA","hsa-mir-3609","MIRNA:hsa-mir-3609","1","0","1620","17","2","16638","NOS1AP,MYPN"
"MIRNA","hsa-mir-124-3p","MIRNA:hsa-mir-124-3p","1","0","1378","17","3","16638","SP3,GNRHR,MYPN"
"MIRNA","hsa-mir-141","MIRNA:hsa-mir-141","1","0","1500","17","1","16638","PKP2"
"MIRNA","hsa-mir-3654","MIRNA:hsa-mir-3654","1","0","672","17","1","16638","SP3"
"MIRNA","hsa-mir-1269b","MIRNA:hsa-mir-1269b","1","0","583","17","1","16638","NOS1AP"
"MIRNA","hsa-mir-5582-3p","MIRNA:hsa-mir-5582-3p","1","0","225","17","1","16638","TMEM245"
"MIRNA","hsa-mir-378h","MIRNA:hsa-mir-378h","1","0","726","17","1","16638","PRDM16"
"MIRNA","hsa-mir-139-5p","MIRNA:hsa-mir-139-5p","1","0","1008","17","1","16638","PRDM16"
"MIRNA","hsa-mir-1915","MIRNA:hsa-mir-1915","1","0","1942","17","2","16638","HSPG2,PTP4A3"
"MIRNA","hsa-mir-2110","MIRNA:hsa-mir-2110","1","0","1469","17","3","16638","CRYAB,PKP2,NFATC3"
"MIRNA","hsa-mir-548s","MIRNA:hsa-mir-548s","1","0","1845","17","2","16638","PKP2,MYO18B"
"MIRNA","hsa-mir-6827-3p","MIRNA:hsa-mir-6827-3p","1","0","72","17","1","16638","MYPN"
"MIRNA","hsa-mir-450b-5p","MIRNA:hsa-mir-450b-5p","1","0","1443","17","4","16638","SP3,KAT2B,LDB3,PKP2"
"MIRNA","hsa-mir-378b","MIRNA:hsa-mir-378b","1","0","727","17","1","16638","PRDM16"
"MIRNA","hsa-mir-3187-5p","MIRNA:hsa-mir-3187-5p","1","0","1866","17","3","16638","PRDM16,HSPG2,MYPN"
"MIRNA","hsa-mir-4731-3p","MIRNA:hsa-mir-4731-3p","1","0","1460","17","3","16638","NOS1AP,PTP4A3,NFATC3"
"MIRNA","hsa-mir-378e","MIRNA:hsa-mir-378e","1","0","726","17","1","16638","PRDM16"
"MIRNA","hsa-mir-4688","MIRNA:hsa-mir-4688","1","0","933","17","3","16638","NOS1AP,CACNA2D2,NFATC3"
"MIRNA","hsa-mir-205-3p","MIRNA:hsa-mir-205-3p","1","0","132","17","1","16638","TMEM245"
"MIRNA","hsa-mir-1245","MIRNA:hsa-mir-1245","1","0","733","17","1","16638","NFATC3"
"MIRNA","hsa-mir-548ar-3p","MIRNA:hsa-mir-548ar-3p","1","0","149","17","1","16638","TMEM245"
"MIRNA","hsa-mir-5583-5p","MIRNA:hsa-mir-5583-5p","1","0","50","17","1","16638","TMEM245"
"MIRNA","hsa-mir-3134","MIRNA:hsa-mir-3134","1","0","650","17","1","16638","NFATC3"
"MIRNA","hsa-mir-766","MIRNA:hsa-mir-766","1","0","2054","17","1","16638","NOS1AP"
"MIRNA","hsa-mir-20b-5p","MIRNA:hsa-mir-20b-5p","1","0","868","17","2","16638","TMEM245,MYPN"
"MIRNA","hsa-mir-4524b-5p","MIRNA:hsa-mir-4524b-5p","1","0","181","17","1","16638","TMEM245"
"MIRNA","hsa-mir-3689b","MIRNA:hsa-mir-3689b","1","0","468","17","1","16638","PKP2"
"MIRNA","hsa-mir-5089-5p","MIRNA:hsa-mir-5089-5p","1","0","325","17","2","16638","TMEM245,MYPN"
"MIRNA","hsa-mir-519b-3p","MIRNA:hsa-mir-519b-3p","1","0","1259","17","2","16638","PRDM16,SP3"
"MIRNA","hsa-mir-4692","MIRNA:hsa-mir-4692","1","0","1865","17","3","16638","HSPG2,NOS1AP,PKP2"
"MIRNA","hsa-mir-3913-5p","MIRNA:hsa-mir-3913-5p","1","0","1752","17","2","16638","NOS1AP,TMEM245"
"MIRNA","hsa-mir-665","MIRNA:hsa-mir-665","1","0","2316","17","1","16638","PKP2"
"MIRNA","hsa-mir-27b-5p","MIRNA:hsa-mir-27b-5p","1","0","52","17","1","16638","TMEM245"
"MIRNA","hsa-mir-26b-5p","MIRNA:hsa-mir-26b-5p","1","0","1744","17","3","16638","KAT2B,GNRHR,ADM"
"MIRNA","hsa-mir-4760-5p","MIRNA:hsa-mir-4760-5p","1","0","743","17","1","16638","GNRHR"
"MIRNA","hsa-mir-4284","MIRNA:hsa-mir-4284","1","0","2272","17","2","16638","MYPN,ADM"
"MIRNA","hsa-mir-143","MIRNA:hsa-mir-143","1","0","1135","17","1","16638","CACNA2D2"
"MIRNA","hsa-mir-4678","MIRNA:hsa-mir-4678","1","0","699","17","1","16638","NFATC3"
"MIRNA","hsa-mir-30e","MIRNA:hsa-mir-30e","1","0","1326","17","1","16638","NFATC3"
"MIRNA","hsa-mir-4307","MIRNA:hsa-mir-4307","1","0","1547","17","1","16638","SP3"
"MIRNA","hsa-mir-1276","MIRNA:hsa-mir-1276","1","0","1035","17","2","16638","PRDM16,KAT2B"
"MIRNA","hsa-mir-4697-5p","MIRNA:hsa-mir-4697-5p","1","0","913","17","3","16638","PRDM16,HSPG2,NOS1AP"
"MIRNA","hsa-mir-944","MIRNA:hsa-mir-944","1","0","1376","17","2","16638","SP3,KAT2B"
"MIRNA","hsa-mir-6721-5p","MIRNA:hsa-mir-6721-5p","1","0","141","17","1","16638","CACNA2D2"
"MIRNA","hsa-mir-4693-3p","MIRNA:hsa-mir-4693-3p","1","0","744","17","2","16638","NOS1AP,TMEM245"
"MIRNA","hsa-mir-103b","MIRNA:hsa-mir-103b","1","0","526","17","1","16638","TMEM245"
"MIRNA","hsa-mir-499-3p","MIRNA:hsa-mir-499-3p","1","0","1140","17","1","16638","KAT2B"
"MIRNA","hsa-mir-628-5p","MIRNA:hsa-mir-628-5p","1","0","788","17","1","16638","NFATC3"
"MIRNA","hsa-mir-362-5p","MIRNA:hsa-mir-362-5p","1","0","663","17","1","16638","NOS1AP"
"MIRNA","hsa-mir-612","MIRNA:hsa-mir-612","1","0","1869","17","3","16638","PRDM16,HSPG2,MYPN"
"MIRNA","hsa-mir-6509-3p","MIRNA:hsa-mir-6509-3p","1","0","79","17","1","16638","NOS1AP"
"MIRNA","hsa-mir-4268","MIRNA:hsa-mir-4268","1","0","873","17","2","16638","MECOM,PTP4A3"
"MIRNA","hsa-mir-3675-3p","MIRNA:hsa-mir-3675-3p","1","0","1022","17","1","16638","ADM"
"MIRNA","hsa-mir-199b-3p","MIRNA:hsa-mir-199b-3p","1","0","785","17","1","16638","PRDM16"
"MIRNA","hsa-mir-578","MIRNA:hsa-mir-578","1","0","1179","17","1","16638","PKP2"
"MIRNA","hsa-mir-6071","MIRNA:hsa-mir-6071","1","0","55","17","1","16638","TMEM245"
"MIRNA","hsa-mir-4652-3p","MIRNA:hsa-mir-4652-3p","1","0","1594","17","1","16638","PKP2"
"MIRNA","hsa-mir-6734-5p","MIRNA:hsa-mir-6734-5p","1","0","94","17","1","16638","NOS1AP"
"MIRNA","hsa-mir-3942-3p","MIRNA:hsa-mir-3942-3p","1","0","1508","17","2","16638","NOS1AP,KAT2B"
"MIRNA","hsa-mir-609","MIRNA:hsa-mir-609","1","0","668","17","1","16638","KAT2B"
"MIRNA","hsa-mir-4445","MIRNA:hsa-mir-4445","1","0","538","17","1","16638","SP3"
"MIRNA","hsa-mir-450b-3p","MIRNA:hsa-mir-450b-3p","1","0","731","17","3","16638","NOS1AP,TMEM245,NFATC3"
"MIRNA","hsa-mir-374b","MIRNA:hsa-mir-374b","1","0","1197","17","1","16638","SP3"
"MIRNA","hsa-mir-4297","MIRNA:hsa-mir-4297","1","0","889","17","1","16638","NFATC3"
"MIRNA","hsa-mir-6881-3p","MIRNA:hsa-mir-6881-3p","1","0","208","17","2","16638","MYPN,ADM"
"MIRNA","hsa-mir-3691-3p","MIRNA:hsa-mir-3691-3p","1","0","1031","17","1","16638","NFATC3"
"MIRNA","hsa-mir-566","MIRNA:hsa-mir-566","1","0","359","17","2","16638","NOS1AP,LDB3"
"MIRNA","hsa-mir-634","MIRNA:hsa-mir-634","1","0","956","17","3","16638","SP3,KAT2B,NFATC3"
"MIRNA","hsa-mir-200b","MIRNA:hsa-mir-200b","1","0","1395","17","1","16638","KAT2B"
"MIRNA","hsa-mir-4797-5p","MIRNA:hsa-mir-4797-5p","1","0","1542","17","2","16638","PRDM16,ADM"
"MIRNA","hsa-mir-3646","MIRNA:hsa-mir-3646","1","0","1942","17","2","16638","SP3,MYO18B"
"MIRNA","hsa-mir-25-3p","MIRNA:hsa-mir-25-3p","1","0","434","17","1","16638","KAT2B"
"MIRNA","hsa-mir-25","MIRNA:hsa-mir-25","1","0","1275","17","3","16638","KAT2B,ADM,NFATC3"
"MIRNA","hsa-mir-526a","MIRNA:hsa-mir-526a","1","0","796","17","3","16638","SP3,TMEM245,PKP2"
"MIRNA","hsa-mir-3135b","MIRNA:hsa-mir-3135b","1","0","2118","17","2","16638","NOS1AP,LDB3"
"MIRNA","hsa-mir-4480","MIRNA:hsa-mir-4480","1","0","897","17","1","16638","MYO18B"
"MIRNA","hsa-mir-185","MIRNA:hsa-mir-185","1","0","1441","17","2","16638","KAT2B,CACNA2D2"
"MIRNA","hsa-mir-542-5p","MIRNA:hsa-mir-542-5p","1","0","233","17","1","16638","PTP4A3"
"MIRNA","hsa-mir-4686","MIRNA:hsa-mir-4686","1","0","704","17","3","16638","TMEM245,NFATC3,MYO18B"
"MIRNA","hsa-mir-605","MIRNA:hsa-mir-605","1","0","824","17","1","16638","KAT2B"
"MIRNA","hsa-mir-676-5p","MIRNA:hsa-mir-676-5p","1","0","99","17","1","16638","TMEM245"
"MIRNA","hsa-mir-5194","MIRNA:hsa-mir-5194","1","0","87","17","1","16638","NOS1AP"
"MIRNA","hsa-mir-1243","MIRNA:hsa-mir-1243","1","0","724","17","1","16638","SP3"
"MIRNA","hsa-mir-655","MIRNA:hsa-mir-655","1","0","1231","17","2","16638","SP3,ADM"
"MIRNA","hsa-mir-429","MIRNA:hsa-mir-429","1","0","1433","17","1","16638","KAT2B"
"MIRNA","hsa-mir-1913","MIRNA:hsa-mir-1913","1","0","1362","17","1","16638","NFATC3"
"MIRNA","hsa-mir-7977","MIRNA:hsa-mir-7977","1","0","613","17","1","16638","NOS1AP"
"MIRNA","hsa-mir-6742-5p","MIRNA:hsa-mir-6742-5p","1","0","59","17","1","16638","ADM"
"MIRNA","hsa-mir-4417","MIRNA:hsa-mir-4417","1","0","751","17","2","16638","ADM,NFATC3"
"MIRNA","hsa-mir-208b","MIRNA:hsa-mir-208b","1","0","510","17","1","16638","SP3"
"MIRNA","hsa-mir-224","MIRNA:hsa-mir-224","1","0","1174","17","1","16638","CACNA2D2"
"MIRNA","hsa-mir-520e","MIRNA:hsa-mir-520e","1","0","1835","17","6","16638","PRDM16,NOS1AP,SP3,KAT2B,MYPN,NFATC3"
"MIRNA","hsa-mir-338-5p","MIRNA:hsa-mir-338-5p","1","0","1349","17","4","16638","SP3,KAT2B,MECOM,ADM"
"MIRNA","hsa-mir-3613-3p","MIRNA:hsa-mir-3613-3p","1","0","2907","17","4","16638","SP3,ADM,PKP2,NFATC3"
"MIRNA","hsa-mir-92a","MIRNA:hsa-mir-92a","1","0","1275","17","3","16638","KAT2B,ADM,NFATC3"
"MIRNA","hsa-mir-4787-5p","MIRNA:hsa-mir-4787-5p","1","0","276","17","2","16638","PRDM16,ADM"
"MIRNA","hsa-mir-302a-3p","MIRNA:hsa-mir-302a-3p","1","0","429","17","1","16638","MYPN"
"MIRNA","hsa-mir-4796-3p","MIRNA:hsa-mir-4796-3p","1","0","1412","17","3","16638","NOS1AP,GNRHR,MYPN"
"MIRNA","hsa-mir-5047","MIRNA:hsa-mir-5047","1","0","1078","17","2","16638","PRDM16,PKP2"
"MIRNA","hsa-mir-4768-3p","MIRNA:hsa-mir-4768-3p","1","0","2450","17","2","16638","CACNA2D2,PTP4A3"
"MIRNA","hsa-mir-3174","MIRNA:hsa-mir-3174","1","0","766","17","3","16638","CACNA2D2,GNRHR,ADM"
"MIRNA","hsa-mir-519d","MIRNA:hsa-mir-519d","1","0","1981","17","2","16638","NOS1AP,KAT2B"
"MIRNA","hsa-mir-1266","MIRNA:hsa-mir-1266","1","0","1227","17","2","16638","PRDM16,ADM"
"MIRNA","hsa-mir-4763-5p","MIRNA:hsa-mir-4763-5p","1","0","942","17","2","16638","MYPN,LDB3"
"MIRNA","hsa-mir-3607-3p","MIRNA:hsa-mir-3607-3p","1","0","1298","17","1","16638","NFATC3"
"MIRNA","hsa-mir-4299","MIRNA:hsa-mir-4299","1","0","810","17","1","16638","NFATC3"
"MIRNA","hsa-mir-211","MIRNA:hsa-mir-211","1","0","1143","17","2","16638","NOS1AP,NFATC3"
"MIRNA","hsa-mir-935","MIRNA:hsa-mir-935","1","0","1042","17","1","16638","SP3"
"MIRNA","hsa-mir-5096","MIRNA:hsa-mir-5096","1","0","1867","17","2","16638","SP3,MECOM"
"MIRNA","hsa-mir-1273d","MIRNA:hsa-mir-1273d","1","0","598","17","1","16638","SP3"
"MIRNA","hsa-mir-3130-3p","MIRNA:hsa-mir-3130-3p","1","0","966","17","2","16638","ADM,MYO18B"
"MIRNA","hsa-mir-664","MIRNA:hsa-mir-664","1","0","1301","17","3","16638","SP3,KAT2B,ADM"
"MIRNA","hsa-mir-4732-3p","MIRNA:hsa-mir-4732-3p","1","0","867","17","2","16638","PRDM16,NOS1AP"
"MIRNA","hsa-mir-4460","MIRNA:hsa-mir-4460","1","0","508","17","1","16638","MYPN"
"MIRNA","hsa-mir-3151","MIRNA:hsa-mir-3151","1","0","1105","17","2","16638","HSPG2,CACNA2D2"
"MIRNA","hsa-mir-548f-3p","MIRNA:hsa-mir-548f-3p","1","0","149","17","1","16638","TMEM245"
"MIRNA","hsa-mir-6849-3p","MIRNA:hsa-mir-6849-3p","1","0","535","17","1","16638","MYPN"
"MIRNA","hsa-mir-3688-5p","MIRNA:hsa-mir-3688-5p","1","0","852","17","1","16638","NOS1AP"
"MIRNA","hsa-mir-296-5p","MIRNA:hsa-mir-296-5p","1","0","833","17","2","16638","HSPG2,NFATC3"
"MIRNA","hsa-mir-4683","MIRNA:hsa-mir-4683","1","0","779","17","1","16638","MYPN"
"MIRNA","hsa-mir-548t","MIRNA:hsa-mir-548t","1","0","1598","17","3","16638","SP3,KAT2B,NFATC3"
"MIRNA","hsa-mir-4676-3p","MIRNA:hsa-mir-4676-3p","1","0","1033","17","1","16638","KAT2B"
"MIRNA","hsa-mir-297","MIRNA:hsa-mir-297","1","0","776","17","2","16638","SP3,ADM"
"MIRNA","hsa-mir-362-3p","MIRNA:hsa-mir-362-3p","1","0","1634","17","1","16638","NOS1AP"
"MIRNA","hsa-mir-1251","MIRNA:hsa-mir-1251","1","0","535","17","1","16638","PKP2"
"MIRNA","hsa-mir-583","MIRNA:hsa-mir-583","1","0","1268","17","1","16638","KAT2B"
"MIRNA","hsa-mir-133b","MIRNA:hsa-mir-133b","1","0","646","17","3","16638","PRDM16,SP3,MYPN"
"MIRNA","hsa-mir-4746-5p","MIRNA:hsa-mir-4746-5p","1","0","109","17","1","16638","ADM"
"MIRNA","hsa-mir-3713","MIRNA:hsa-mir-3713","1","0","274","17","1","16638","KAT2B"
"MIRNA","hsa-mir-4520a-3p","MIRNA:hsa-mir-4520a-3p","1","0","896","17","3","16638","NOS1AP,KAT2B,NFATC3"
"MIRNA","hsa-mir-3614-5p","MIRNA:hsa-mir-3614-5p","1","0","1433","17","2","16638","PRDM16,CACNA2D2"
"MIRNA","hsa-mir-7844-5p","MIRNA:hsa-mir-7844-5p","1","0","75","17","1","16638","TMEM245"
"MIRNA","hsa-mir-3665","MIRNA:hsa-mir-3665","1","0","1268","17","1","16638","HSPG2"
"MIRNA","hsa-mir-4638-3p","MIRNA:hsa-mir-4638-3p","1","0","860","17","2","16638","NOS1AP,KAT2B"
"MIRNA","hsa-mir-126-3p","MIRNA:hsa-mir-126-3p","1","0","57","17","1","16638","ADM"
"MIRNA","hsa-mir-20a","MIRNA:hsa-mir-20a","1","0","1981","17","2","16638","NOS1AP,KAT2B"
"MIRNA","hsa-mir-485-3p","MIRNA:hsa-mir-485-3p","1","0","824","17","1","16638","MECOM"
"MIRNA","hsa-mir-27a","MIRNA:hsa-mir-27a","1","0","1886","17","3","16638","PRDM16,KAT2B,NFATC3"
"MIRNA","hsa-mir-607","MIRNA:hsa-mir-607","1","0","2230","17","3","16638","SP3,KAT2B,NFATC3"
"MIRNA","hsa-mir-4507","MIRNA:hsa-mir-4507","1","0","657","17","1","16638","PRDM16"
"MIRNA","hsa-mir-3191","MIRNA:hsa-mir-3191","1","0","738","17","1","16638","PRDM16"
"MIRNA","hsa-mir-1200","MIRNA:hsa-mir-1200","1","0","1464","17","1","16638","NFATC3"
"MIRNA","hsa-mir-15a-5p","MIRNA:hsa-mir-15a-5p","1","0","669","17","1","16638","TMEM245"
"MIRNA","hsa-mir-670-3p","MIRNA:hsa-mir-670-3p","1","0","191","17","2","16638","MYPN,ADM"
"MIRNA","hsa-mir-9","MIRNA:hsa-mir-9","1","0","1023","17","1","16638","NFATC3"
"MIRNA","hsa-mir-3675-5p","MIRNA:hsa-mir-3675-5p","1","0","622","17","1","16638","HSPG2"
"MIRNA","hsa-mir-520g-5p","MIRNA:hsa-mir-520g-5p","1","0","29","17","1","16638","TMEM245"
"MIRNA","hsa-mir-4756-3p","MIRNA:hsa-mir-4756-3p","1","0","1351","17","2","16638","NOS1AP,MYPN"
"MIRNA","hsa-mir-4776-5p","MIRNA:hsa-mir-4776-5p","1","0","434","17","1","16638","GNRHR"
"MIRNA","hsa-mir-888-3p","MIRNA:hsa-mir-888-3p","1","0","57","17","1","16638","NOS1AP"
"MIRNA","hsa-mir-2355-3p","MIRNA:hsa-mir-2355-3p","1","0","694","17","1","16638","KAT2B"
"MIRNA","hsa-mir-193b-5p","MIRNA:hsa-mir-193b-5p","1","0","189","17","1","16638","MYPN"
"MIRNA","hsa-mir-4521","MIRNA:hsa-mir-4521","1","0","640","17","1","16638","ADM"
"MIRNA","hsa-mir-761","MIRNA:hsa-mir-761","1","0","2032","17","5","16638","PRDM16,KAT2B,MECOM,MYPN,LDB3"
"MIRNA","hsa-mir-548q","MIRNA:hsa-mir-548q","1","0","755","17","1","16638","NFATC3"
"MIRNA","hsa-mir-4484","MIRNA:hsa-mir-4484","1","0","599","17","2","16638","CACNA2D2,PTP4A3"
"MIRNA","hsa-mir-302a","MIRNA:hsa-mir-302a","1","0","1612","17","5","16638","PRDM16,NOS1AP,SP3,KAT2B,NFATC3"
"MIRNA","hsa-mir-328-5p","MIRNA:hsa-mir-328-5p","1","0","82","17","1","16638","CACNA2D2"
"MIRNA","hsa-mir-4777-3p","MIRNA:hsa-mir-4777-3p","1","0","479","17","3","16638","NOS1AP,KAT2B,ADM"
"MIRNA","hsa-mir-660-5p","MIRNA:hsa-mir-660-5p","1","0","49","17","1","16638","ADM"
"MIRNA","hsa-mir-4450","MIRNA:hsa-mir-4450","1","0","649","17","2","16638","CACNA2D2,PKP2"
"MIRNA","hsa-mir-302b-3p","MIRNA:hsa-mir-302b-3p","1","0","421","17","1","16638","MYPN"
"MIRNA","hsa-mir-548c-3p","MIRNA:hsa-mir-548c-3p","1","0","3219","17","3","16638","SP3,KAT2B,ADM"
"MIRNA","hsa-mir-3121-5p","MIRNA:hsa-mir-3121-5p","1","0","946","17","1","16638","PKP2"
"MIRNA","hsa-mir-144","MIRNA:hsa-mir-144","1","0","1480","17","1","16638","PRDM16"
"MIRNA","hsa-mir-519c-3p","MIRNA:hsa-mir-519c-3p","1","0","1262","17","2","16638","PRDM16,SP3"
"MIRNA","hsa-mir-152","MIRNA:hsa-mir-152","1","0","1186","17","1","16638","NFATC3"
"MIRNA","hsa-mir-3690","MIRNA:hsa-mir-3690","1","0","1045","17","3","16638","PRDM16,KAT2B,NFATC3"
"MIRNA","hsa-mir-1976","MIRNA:hsa-mir-1976","1","0","1992","17","3","16638","HSPG2,SP3,NFATC3"
"MIRNA","hsa-mir-548d-3p","MIRNA:hsa-mir-548d-3p","1","0","1875","17","1","16638","KAT2B"
"MIRNA","hsa-mir-3156-5p","MIRNA:hsa-mir-3156-5p","1","0","598","17","1","16638","MYPN"
"MIRNA","hsa-mir-302f","MIRNA:hsa-mir-302f","1","0","886","17","3","16638","GNRHR,MYPN,ADM"
"MIRNA","hsa-mir-221-5p","MIRNA:hsa-mir-221-5p","1","0","119","17","1","16638","MYPN"
"MIRNA","hsa-mir-3164","MIRNA:hsa-mir-3164","1","0","772","17","1","16638","CACNA2D2"
"MIRNA","hsa-mir-542-3p","MIRNA:hsa-mir-542-3p","1","0","1163","17","2","16638","NOS1AP,NFATC3"
"MIRNA","hsa-mir-495-3p","MIRNA:hsa-mir-495-3p","1","0","164","17","1","16638","PTP4A3"
"MIRNA","hsa-mir-372-3p","MIRNA:hsa-mir-372-3p","1","0","427","17","1","16638","MYPN"
"MIRNA","hsa-mir-4726-5p","MIRNA:hsa-mir-4726-5p","1","0","1275","17","1","16638","NOS1AP"
"MIRNA","hsa-mir-520c-5p","MIRNA:hsa-mir-520c-5p","1","0","796","17","3","16638","SP3,TMEM245,PKP2"
"MIRNA","hsa-mir-3619-3p","MIRNA:hsa-mir-3619-3p","1","0","497","17","1","16638","GNRHR"
"MIRNA","hsa-mir-3176","MIRNA:hsa-mir-3176","1","0","1144","17","1","16638","NFATC3"
"MIRNA","hsa-mir-378f","MIRNA:hsa-mir-378f","1","0","726","17","1","16638","PRDM16"
"MIRNA","hsa-mir-3591-5p","MIRNA:hsa-mir-3591-5p","1","0","770","17","1","16638","MYPN"
"MIRNA","hsa-mir-1234-3p","MIRNA:hsa-mir-1234-3p","1","0","137","17","1","16638","MYPN"
"MIRNA","hsa-mir-4800-5p","MIRNA:hsa-mir-4800-5p","1","0","452","17","1","16638","GNRHR"
"MIRNA","hsa-mir-4305","MIRNA:hsa-mir-4305","1","0","471","17","2","16638","SP3,MYPN"
"MIRNA","hsa-mir-133a-3p","MIRNA:hsa-mir-133a-3p","1","0","117","17","2","16638","PRDM16,MYPN"
"MIRNA","hsa-mir-508-5p","MIRNA:hsa-mir-508-5p","1","0","1820","17","1","16638","MYPN"
"MIRNA","hsa-mir-2964a-3p","MIRNA:hsa-mir-2964a-3p","1","0","734","17","3","16638","SP3,GNRHR,MYO18B"
"MIRNA","hsa-mir-376a-3p","MIRNA:hsa-mir-376a-3p","1","0","111","17","1","16638","TMEM245"
"MIRNA","hsa-mir-183","MIRNA:hsa-mir-183","1","0","803","17","1","16638","HSPG2"
"MIRNA","hsa-mir-3158-3p","MIRNA:hsa-mir-3158-3p","1","0","696","17","1","16638","NFATC3"
"MIRNA","hsa-mir-875-3p","MIRNA:hsa-mir-875-3p","1","0","1462","17","3","16638","NOS1AP,PKP2,NFATC3"
"MIRNA","hsa-mir-656","MIRNA:hsa-mir-656","1","0","1144","17","2","16638","KAT2B,GNRHR"
"MIRNA","hsa-mir-4271","MIRNA:hsa-mir-4271","1","0","1735","17","2","16638","CRYAB,NFATC3"
"MIRNA","hsa-mir-6799-5p","MIRNA:hsa-mir-6799-5p","1","0","485","17","1","16638","NOS1AP"
"MIRNA","hsa-mir-3922-3p","MIRNA:hsa-mir-3922-3p","1","0","1135","17","1","16638","NFATC3"
"MIRNA","hsa-mir-6838-5p","MIRNA:hsa-mir-6838-5p","1","0","396","17","1","16638","TMEM245"
"MIRNA","MIRNA root","MIRNA:000000","1","0","16638","17","17","16638","PRDM16,HSPG2,NOS1AP,SP3,KAT2B,CACNA2D2,MECOM,GNRHR,PTP4A3,TMEM245,MYPN,LDB3,ADM,CRYAB,PKP2,NFATC3,MYO18B"
"MIRNA","hsa-mir-6864-3p","MIRNA:hsa-mir-6864-3p","1","0","203","17","1","16638","TMEM245"
"MIRNA","hsa-mir-1248","MIRNA:hsa-mir-1248","1","0","1143","17","1","16638","ADM"
"MIRNA","hsa-mir-637","MIRNA:hsa-mir-637","1","0","1399","17","3","16638","HSPG2,NOS1AP,NFATC3"
"MIRNA","hsa-mir-490-5p","MIRNA:hsa-mir-490-5p","1","0","728","17","1","16638","MYPN"
"MIRNA","hsa-mir-512-3p","MIRNA:hsa-mir-512-3p","1","0","1541","17","3","16638","NOS1AP,MYPN,NFATC3"
"MIRNA","hsa-mir-4493","MIRNA:hsa-mir-4493","1","0","973","17","2","16638","NOS1AP,PKP2"
"MIRNA","hsa-mir-190b","MIRNA:hsa-mir-190b","1","0","582","17","1","16638","SP3"
"MIRNA","hsa-mir-3978","MIRNA:hsa-mir-3978","1","0","1471","17","2","16638","GNRHR,ADM"
"MIRNA","hsa-mir-222","MIRNA:hsa-mir-222","1","0","732","17","2","16638","PRDM16,NFATC3"
"MIRNA","hsa-mir-24","MIRNA:hsa-mir-24","1","0","1994","17","1","16638","ADM"
"MIRNA","hsa-mir-514b-3p","MIRNA:hsa-mir-514b-3p","1","0","750","17","1","16638","PKP2"
"MIRNA","hsa-mir-142-3p","MIRNA:hsa-mir-142-3p","1","0","808","17","2","16638","KAT2B,TMEM245"
"MIRNA","hsa-mir-20b","MIRNA:hsa-mir-20b","1","0","1981","17","2","16638","NOS1AP,KAT2B"
"MIRNA","hsa-mir-4494","MIRNA:hsa-mir-4494","1","0","1013","17","1","16638","SP3"
"MIRNA","hsa-mir-3689c","MIRNA:hsa-mir-3689c","1","0","2472","17","1","16638","PRDM16"
"MIRNA","hsa-mir-3941","MIRNA:hsa-mir-3941","1","0","1767","17","2","16638","NOS1AP,MYPN"
"MIRNA","hsa-mir-4514","MIRNA:hsa-mir-4514","1","0","1864","17","3","16638","HSPG2,NOS1AP,PKP2"
"MIRNA","hsa-mir-4712-3p","MIRNA:hsa-mir-4712-3p","1","0","757","17","2","16638","GNRHR,TMEM245"
"MIRNA","hsa-mir-1238-3p","MIRNA:hsa-mir-1238-3p","1","0","136","17","2","16638","MYPN,ADM"
"MIRNA","hsa-mir-4539","MIRNA:hsa-mir-4539","1","0","877","17","1","16638","NFATC3"
"MIRNA","hsa-mir-499a-3p","MIRNA:hsa-mir-499a-3p","1","0","1166","17","1","16638","KAT2B"
"MIRNA","hsa-mir-3606-3p","MIRNA:hsa-mir-3606-3p","1","0","176","17","1","16638","TMEM245"
"MIRNA","hsa-mir-4473","MIRNA:hsa-mir-4473","1","0","464","17","1","16638","NFATC3"
"MIRNA","hsa-mir-380-3p","MIRNA:hsa-mir-380-3p","1","0","67","17","1","16638","ADM"
"MIRNA","hsa-mir-4779","MIRNA:hsa-mir-4779","1","0","1571","17","3","16638","PRDM16,CACNA2D2,ADM"
"MIRNA","hsa-mir-4747-5p","MIRNA:hsa-mir-4747-5p","1","0","2015","17","1","16638","PRDM16"
"MIRNA","hsa-mir-23c","MIRNA:hsa-mir-23c","1","0","1841","17","2","16638","SP3,ADM"
"MIRNA","hsa-mir-522-5p","MIRNA:hsa-mir-522-5p","1","0","51","17","1","16638","TMEM245"
"MIRNA","hsa-mir-942","MIRNA:hsa-mir-942","1","0","1316","17","1","16638","SP3"
"MIRNA","hsa-mir-6747-5p","MIRNA:hsa-mir-6747-5p","1","0","78","17","1","16638","ADM"
"MIRNA","hsa-mir-215-5p","MIRNA:hsa-mir-215-5p","1","0","706","17","1","16638","KAT2B"
"MIRNA","hsa-mir-378","MIRNA:hsa-mir-378","1","0","714","17","1","16638","PRDM16"
"MIRNA","hsa-mir-1207-5p","MIRNA:hsa-mir-1207-5p","1","0","2108","17","3","16638","PRDM16,HSPG2,CACNA2D2"
"MIRNA","hsa-mir-548ac","MIRNA:hsa-mir-548ac","1","0","1870","17","1","16638","KAT2B"
"MIRNA","hsa-mir-4691-5p","MIRNA:hsa-mir-4691-5p","1","0","1371","17","2","16638","NOS1AP,SP3"
"MIRNA","hsa-mir-4428","MIRNA:hsa-mir-4428","1","0","1230","17","1","16638","NFATC3"
"MIRNA","hsa-mir-554","MIRNA:hsa-mir-554","1","0","377","17","2","16638","NOS1AP,PKP2"
"MIRNA","hsa-mir-4436b-3p","MIRNA:hsa-mir-4436b-3p","1","0","1537","17","4","16638","PRDM16,LDB3,PKP2,MYO18B"
"MIRNA","hsa-mir-183-5p","MIRNA:hsa-mir-183-5p","1","0","318","17","1","16638","TMEM245"
"MIRNA","hsa-mir-1253","MIRNA:hsa-mir-1253","1","0","1441","17","1","16638","PRDM16"
"MIRNA","hsa-mir-548ah","MIRNA:hsa-mir-548ah","1","0","1515","17","1","16638","NOS1AP"
"MIRNA","hsa-mir-3133","MIRNA:hsa-mir-3133","1","0","1613","17","1","16638","KAT2B"
"MIRNA","hsa-mir-4659a-3p","MIRNA:hsa-mir-4659a-3p","1","0","1947","17","2","16638","SP3,ADM"
"MIRNA","hsa-mir-520a-3p","MIRNA:hsa-mir-520a-3p","1","0","1833","17","6","16638","PRDM16,NOS1AP,SP3,KAT2B,MYPN,NFATC3"
"MIRNA","hsa-mir-4659b-3p","MIRNA:hsa-mir-4659b-3p","1","0","1947","17","2","16638","SP3,ADM"
"MIRNA","hsa-mir-526b-3p","MIRNA:hsa-mir-526b-3p","1","0","596","17","1","16638","MYPN"
"MIRNA","hsa-mir-4709-3p","MIRNA:hsa-mir-4709-3p","1","0","1114","17","2","16638","PKP2,MYO18B"
"MIRNA","hsa-mir-885-3p","MIRNA:hsa-mir-885-3p","1","0","929","17","1","16638","LDB3"
"MIRNA","hsa-mir-93-3p","MIRNA:hsa-mir-93-3p","1","0","248","17","1","16638","TMEM245"
"MIRNA","hsa-mir-6855-5p","MIRNA:hsa-mir-6855-5p","1","0","114","17","1","16638","MYPN"
"MIRNA","hsa-mir-4277","MIRNA:hsa-mir-4277","1","0","1144","17","2","16638","HSPG2,NOS1AP"
"MIRNA","hsa-mir-562","MIRNA:hsa-mir-562","1","0","915","17","1","16638","TMEM245"
"MIRNA","hsa-mir-1301","MIRNA:hsa-mir-1301","1","0","1044","17","2","16638","PRDM16,PKP2"
"MIRNA","hsa-mir-3128","MIRNA:hsa-mir-3128","1","0","965","17","1","16638","ADM"
"MIRNA","hsa-mir-4725-5p","MIRNA:hsa-mir-4725-5p","1","0","840","17","1","16638","PRDM16"
"MIRNA","hsa-mir-4749-3p","MIRNA:hsa-mir-4749-3p","1","0","838","17","1","16638","NFATC3"
"MIRNA","hsa-mir-23a","MIRNA:hsa-mir-23a","1","0","1801","17","2","16638","SP3,ADM"
"MIRNA","hsa-mir-708","MIRNA:hsa-mir-708","1","0","798","17","1","16638","NOS1AP"
"MIRNA","hsa-mir-3202","MIRNA:hsa-mir-3202","1","0","1842","17","2","16638","PRDM16,NOS1AP"
"MIRNA","hsa-mir-4676-5p","MIRNA:hsa-mir-4676-5p","1","0","1237","17","1","16638","NFATC3"
"MIRNA","hsa-mir-4457","MIRNA:hsa-mir-4457","1","0","1180","17","2","16638","CRYAB,NFATC3"
"MIRNA","hsa-mir-199a-3p","MIRNA:hsa-mir-199a-3p","1","0","808","17","1","16638","PRDM16"
"MIRNA","hsa-mir-4694-3p","MIRNA:hsa-mir-4694-3p","1","0","1287","17","1","16638","PKP2"
"MIRNA","hsa-mir-4316","MIRNA:hsa-mir-4316","1","0","952","17","2","16638","HSPG2,ADM"
"MIRNA","hsa-mir-148a","MIRNA:hsa-mir-148a","1","0","1186","17","1","16638","NFATC3"
"MIRNA","hsa-mir-3940-3p","MIRNA:hsa-mir-3940-3p","1","0","232","17","1","16638","ADM"
"MIRNA","hsa-mir-4694-5p","MIRNA:hsa-mir-4694-5p","1","0","508","17","1","16638","KAT2B"
"MIRNA","hsa-mir-5589-5p","MIRNA:hsa-mir-5589-5p","1","0","296","17","2","16638","TMEM245,MYPN"
"MIRNA","hsa-mir-373-3p","MIRNA:hsa-mir-373-3p","1","0","491","17","1","16638","MYPN"
"MIRNA","hsa-mir-330-3p","MIRNA:hsa-mir-330-3p","1","0","1535","17","3","16638","KAT2B,MYPN,NFATC3"
"MIRNA","hsa-mir-423-5p","MIRNA:hsa-mir-423-5p","1","0","1418","17","4","16638","NOS1AP,CACNA2D2,PTP4A3,ADM"
"MIRNA","hsa-mir-4685-3p","MIRNA:hsa-mir-4685-3p","1","0","1261","17","2","16638","NOS1AP,NFATC3"
"MIRNA","hsa-mir-154","MIRNA:hsa-mir-154","1","0","562","17","1","16638","NFATC3"
"MIRNA","hsa-mir-3177-3p","MIRNA:hsa-mir-3177-3p","1","0","217","17","1","16638","ADM"
"MIRNA","hsa-mir-3175","MIRNA:hsa-mir-3175","1","0","1771","17","1","16638","NOS1AP"
"MIRNA","hsa-mir-1226","MIRNA:hsa-mir-1226","1","0","1156","17","5","16638","PRDM16,SP3,KAT2B,ADM,NFATC3"
"MIRNA","hsa-mir-6849-5p","MIRNA:hsa-mir-6849-5p","1","0","53","17","1","16638","MYPN"
"MIRNA","hsa-mir-548az-3p","MIRNA:hsa-mir-548az-3p","1","0","150","17","1","16638","TMEM245"
"MIRNA","hsa-mir-4540","MIRNA:hsa-mir-4540","1","0","368","17","2","16638","NOS1AP,MECOM"
"MIRNA","hsa-mir-6811-5p","MIRNA:hsa-mir-6811-5p","1","0","83","17","1","16638","MYPN"
"MIRNA","hsa-mir-4698","MIRNA:hsa-mir-4698","1","0","2020","17","2","16638","PKP2,NFATC3"
"MIRNA","hsa-mir-33a","MIRNA:hsa-mir-33a","1","0","915","17","2","16638","NOS1AP,SP3"
"MIRNA","hsa-mir-30d","MIRNA:hsa-mir-30d","1","0","1326","17","1","16638","NFATC3"
"MIRNA","hsa-mir-4651","MIRNA:hsa-mir-4651","1","0","1582","17","2","16638","PRDM16,ADM"
"MIRNA","hsa-mir-4263","MIRNA:hsa-mir-4263","1","0","1260","17","1","16638","MYPN"
"MIRNA","hsa-mir-4476","MIRNA:hsa-mir-4476","1","0","1677","17","2","16638","NOS1AP,MYO18B"
"MIRNA","hsa-mir-15b","MIRNA:hsa-mir-15b","1","0","2025","17","3","16638","HSPG2,LDB3,NFATC3"
"MIRNA","hsa-mir-1267","MIRNA:hsa-mir-1267","1","0","895","17","1","16638","HSPG2"
"MIRNA","hsa-mir-518f-5p","MIRNA:hsa-mir-518f-5p","1","0","51","17","1","16638","TMEM245"
"MIRNA","hsa-mir-4306","MIRNA:hsa-mir-4306","1","0","1493","17","2","16638","KAT2B,CACNA2D2"
"MIRNA","hsa-mir-326","MIRNA:hsa-mir-326","1","0","1354","17","2","16638","PRDM16,NFATC3"
"MIRNA","hsa-mir-4488","MIRNA:hsa-mir-4488","1","0","913","17","3","16638","PRDM16,HSPG2,NOS1AP"
"MIRNA","hsa-mir-4649-3p","MIRNA:hsa-mir-4649-3p","1","0","2185","17","2","16638","PRDM16,NFATC3"
"MIRNA","hsa-mir-3591-3p","MIRNA:hsa-mir-3591-3p","1","0","960","17","1","16638","MECOM"
"MIRNA","hsa-mir-4282","MIRNA:hsa-mir-4282","1","0","2254","17","3","16638","SP3,PKP2,NFATC3"
"MIRNA","hsa-mir-373","MIRNA:hsa-mir-373","1","0","1612","17","5","16638","PRDM16,NOS1AP,SP3,KAT2B,NFATC3"
"MIRNA","hsa-mir-4251","MIRNA:hsa-mir-4251","1","0","1281","17","2","16638","PKP2,NFATC3"
"MIRNA","hsa-mir-323b-3p","MIRNA:hsa-mir-323b-3p","1","0","701","17","2","16638","NOS1AP,SP3"
"MIRNA","hsa-mir-3184","MIRNA:hsa-mir-3184","1","0","1265","17","4","16638","NOS1AP,CACNA2D2,PTP4A3,ADM"
"MIRNA","hsa-mir-6890-5p","MIRNA:hsa-mir-6890-5p","1","0","97","17","1","16638","MYPN"
"MIRNA","hsa-mir-4486","MIRNA:hsa-mir-4486","1","0","1099","17","1","16638","HSPG2"
"MIRNA","hsa-mir-507","MIRNA:hsa-mir-507","1","0","1221","17","3","16638","SP3,LDB3,PKP2"
"MIRNA","hsa-mir-1202","MIRNA:hsa-mir-1202","1","0","917","17","1","16638","LDB3"
"MIRNA","hsa-mir-4420","MIRNA:hsa-mir-4420","1","0","1360","17","2","16638","MECOM,CRYAB"
"MIRNA","hsa-mir-92a-2-5p","MIRNA:hsa-mir-92a-2-5p","1","0","154","17","1","16638","ADM"
"MIRNA","hsa-mir-340-5p","MIRNA:hsa-mir-340-5p","1","0","332","17","2","16638","TMEM245,MYPN"
"MIRNA","hsa-mir-635","MIRNA:hsa-mir-635","1","0","850","17","1","16638","PRDM16"
"MIRNA","hsa-mir-646","MIRNA:hsa-mir-646","1","0","1585","17","3","16638","HSPG2,TMEM245,LDB3"
"MIRNA","hsa-mir-622","MIRNA:hsa-mir-622","1","0","1260","17","3","16638","HSPG2,ADM,PKP2"
"MIRNA","hsa-mir-365","MIRNA:hsa-mir-365","1","0","748","17","1","16638","ADM"
"MIRNA","hsa-mir-6764-5p","MIRNA:hsa-mir-6764-5p","1","0","182","17","1","16638","MYPN"
"MIRNA","hsa-mir-432","MIRNA:hsa-mir-432","1","0","869","17","2","16638","CACNA2D2,GNRHR"
"MIRNA","hsa-mir-3658","MIRNA:hsa-mir-3658","1","0","1494","17","2","16638","SP3,MECOM"
"MIRNA","hsa-mir-501-3p","MIRNA:hsa-mir-501-3p","1","0","709","17","1","16638","NOS1AP"
"MIRNA","hsa-mir-4645-5p","MIRNA:hsa-mir-4645-5p","1","0","1623","17","2","16638","NOS1AP,PKP2"
"MIRNA","hsa-mir-1205","MIRNA:hsa-mir-1205","1","0","1558","17","1","16638","PRDM16"
"MIRNA","hsa-mir-525-5p","MIRNA:hsa-mir-525-5p","1","0","1485","17","3","16638","SP3,MECOM,LDB3"
"MIRNA","hsa-mir-4741","MIRNA:hsa-mir-4741","1","0","1107","17","2","16638","ADM,PKP2"
"MIRNA","hsa-mir-302c-3p","MIRNA:hsa-mir-302c-3p","1","0","465","17","1","16638","MYPN"
"MIRNA","hsa-mir-6506-5p","MIRNA:hsa-mir-6506-5p","1","0","336","17","1","16638","MYPN"
"MIRNA","hsa-mir-4727-3p","MIRNA:hsa-mir-4727-3p","1","0","455","17","1","16638","MYPN"
"MIRNA","hsa-mir-4504","MIRNA:hsa-mir-4504","1","0","816","17","3","16638","NOS1AP,MYPN,NFATC3"
"MIRNA","hsa-mir-186-5p","MIRNA:hsa-mir-186-5p","1","0","702","17","2","16638","TMEM245,PKP2"
"MIRNA","hsa-mir-568","MIRNA:hsa-mir-568","1","0","811","17","2","16638","SP3,KAT2B"
"MIRNA","hsa-mir-670","MIRNA:hsa-mir-670","1","0","1122","17","1","16638","NOS1AP"
"MIRNA","hsa-mir-370","MIRNA:hsa-mir-370","1","0","1256","17","1","16638","NFATC3"
"MIRNA","hsa-mir-5087","MIRNA:hsa-mir-5087","1","0","63","17","1","16638","ADM"
"MIRNA","hsa-mir-29a","MIRNA:hsa-mir-29a","1","0","1065","17","2","16638","MYPN,NFATC3"
"MIRNA","hsa-mir-483-5p","MIRNA:hsa-mir-483-5p","1","0","558","17","1","16638","NOS1AP"
"MIRNA","hsa-mir-3674","MIRNA:hsa-mir-3674","1","0","804","17","1","16638","NOS1AP"
"MIRNA","hsa-mir-4802-5p","MIRNA:hsa-mir-4802-5p","1","0","839","17","1","16638","NFATC3"
"MIRNA","hsa-mir-4498","MIRNA:hsa-mir-4498","1","0","1629","17","3","16638","PRDM16,HSPG2,PKP2"
"MIRNA","hsa-mir-3117-3p","MIRNA:hsa-mir-3117-3p","1","0","485","17","1","16638","PKP2"
"MIRNA","hsa-mir-8068","MIRNA:hsa-mir-8068","1","0","84","17","1","16638","MYPN"
"MIRNA","hsa-mir-4328","MIRNA:hsa-mir-4328","1","0","1812","17","3","16638","GNRHR,ADM,PKP2"
"MIRNA","hsa-mir-4729","MIRNA:hsa-mir-4729","1","0","1819","17","1","16638","KAT2B"
"MIRNA","hsa-mir-323-5p","MIRNA:hsa-mir-323-5p","1","0","880","17","2","16638","HSPG2,SP3"
"MIRNA","hsa-mir-940","MIRNA:hsa-mir-940","1","0","2537","17","3","16638","PRDM16,HSPG2,NOS1AP"
"MIRNA","hsa-mir-4419a","MIRNA:hsa-mir-4419a","1","0","1557","17","2","16638","HSPG2,LDB3"
"MIRNA","hsa-mir-4280","MIRNA:hsa-mir-4280","1","0","569","17","2","16638","KAT2B,TMEM245"
"MIRNA","hsa-mir-651","MIRNA:hsa-mir-651","1","0","768","17","1","16638","GNRHR"
"MIRNA","hsa-mir-374b-5p","MIRNA:hsa-mir-374b-5p","1","0","225","17","1","16638","TMEM245"
"MIRNA","hsa-mir-342-5p","MIRNA:hsa-mir-342-5p","1","0","1129","17","2","16638","PRDM16,ADM"
"MIRNA","hsa-mir-3126-3p","MIRNA:hsa-mir-3126-3p","1","0","629","17","1","16638","KAT2B"
"MIRNA","hsa-mir-1909","MIRNA:hsa-mir-1909","1","0","1550","17","1","16638","PRDM16"
"MIRNA","hsa-mir-4496","MIRNA:hsa-mir-4496","1","0","1468","17","1","16638","GNRHR"
"MIRNA","hsa-mir-340-3p","MIRNA:hsa-mir-340-3p","1","0","90","17","1","16638","MYPN"
"MIRNA","hsa-mir-519c-5p","MIRNA:hsa-mir-519c-5p","1","0","796","17","3","16638","SP3,TMEM245,PKP2"
"MIRNA","hsa-mir-3184-5p","MIRNA:hsa-mir-3184-5p","1","0","125","17","1","16638","NOS1AP"
"MIRNA","hsa-mir-4700-5p","MIRNA:hsa-mir-4700-5p","1","0","1532","17","2","16638","HSPG2,NFATC3"
"MIRNA","hsa-mir-1290","MIRNA:hsa-mir-1290","1","0","1050","17","1","16638","PKP2"
"MIRNA","hsa-mir-4789-3p","MIRNA:hsa-mir-4789-3p","1","0","1650","17","1","16638","PKP2"
"MIRNA","hsa-mir-34a-5p","MIRNA:hsa-mir-34a-5p","1","0","555","17","1","16638","PKP2"
"MIRNA","hsa-mir-639","MIRNA:hsa-mir-639","1","0","152","17","1","16638","PKP2"
"MIRNA","hsa-mir-181b","MIRNA:hsa-mir-181b","1","0","1663","17","3","16638","NOS1AP,ADM,PKP2"
"MIRNA","hsa-mir-1233","MIRNA:hsa-mir-1233","1","0","820","17","1","16638","CACNA2D2"
"MIRNA","hsa-mir-1197","MIRNA:hsa-mir-1197","1","0","946","17","4","16638","NOS1AP,CACNA2D2,PKP2,NFATC3"
"MIRNA","hsa-mir-1302","MIRNA:hsa-mir-1302","1","0","761","17","2","16638","PRDM16,TMEM245"
"MIRNA","hsa-mir-7975","MIRNA:hsa-mir-7975","1","0","36","17","1","16638","NFATC3"
"MIRNA","hsa-mir-4733-5p","MIRNA:hsa-mir-4733-5p","1","0","847","17","1","16638","KAT2B"
"MIRNA","hsa-mir-520b","MIRNA:hsa-mir-520b","1","0","1836","17","6","16638","PRDM16,NOS1AP,SP3,KAT2B,MYPN,NFATC3"
"MIRNA","hsa-mir-516b","MIRNA:hsa-mir-516b","1","0","1206","17","3","16638","KAT2B,PKP2,NFATC3"
"MIRNA","hsa-mir-223-3p","MIRNA:hsa-mir-223-3p","1","0","111","17","1","16638","SP3"
"MIRNA","hsa-mir-1304","MIRNA:hsa-mir-1304","1","0","998","17","1","16638","SP3"
"MIRNA","hsa-mir-624","MIRNA:hsa-mir-624","1","0","966","17","2","16638","CACNA2D2,NFATC3"
"MIRNA","hsa-mir-23b-3p","MIRNA:hsa-mir-23b-3p","1","0","308","17","1","16638","NFATC3"
"MIRNA","hsa-mir-3150a-3p","MIRNA:hsa-mir-3150a-3p","1","0","1632","17","1","16638","PKP2"
"MIRNA","hsa-mir-3681-5p","MIRNA:hsa-mir-3681-5p","1","0","54","17","1","16638","MYPN"
"MIRNA","hsa-mir-195-5p","MIRNA:hsa-mir-195-5p","1","0","603","17","1","16638","TMEM245"
"MIRNA","hsa-mir-3619-5p","MIRNA:hsa-mir-3619-5p","1","0","2030","17","5","16638","PRDM16,KAT2B,MECOM,MYPN,LDB3"
"MIRNA","hsa-mir-3913-3p","MIRNA:hsa-mir-3913-3p","1","0","900","17","1","16638","SP3"
"MIRNA","hsa-mir-221","MIRNA:hsa-mir-221","1","0","732","17","2","16638","PRDM16,NFATC3"
"MIRNA","hsa-mir-548u","MIRNA:hsa-mir-548u","1","0","1025","17","2","16638","SP3,NFATC3"
"MIRNA","hsa-mir-4762-3p","MIRNA:hsa-mir-4762-3p","1","0","1296","17","1","16638","NFATC3"
"MIRNA","hsa-mir-1292","MIRNA:hsa-mir-1292","1","0","553","17","1","16638","LDB3"
"MIRNA","hsa-mir-106a","MIRNA:hsa-mir-106a","1","0","1981","17","2","16638","NOS1AP,KAT2B"
"MIRNA","hsa-mir-4680-3p","MIRNA:hsa-mir-4680-3p","1","0","1149","17","2","16638","NOS1AP,GNRHR"
"MIRNA","hsa-mir-4492","MIRNA:hsa-mir-4492","1","0","1630","17","3","16638","PRDM16,HSPG2,PKP2"
"MIRNA","hsa-mir-3974","MIRNA:hsa-mir-3974","1","0","863","17","1","16638","NFATC3"
"MIRNA","hsa-mir-3671","MIRNA:hsa-mir-3671","1","0","1638","17","2","16638","SP3,NFATC3"
"MIRNA","hsa-mir-629","MIRNA:hsa-mir-629","1","0","804","17","2","16638","PRDM16,GNRHR"
"MIRNA","hsa-mir-4291","MIRNA:hsa-mir-4291","1","0","1606","17","3","16638","KAT2B,CACNA2D2,MECOM"
"MIRNA","hsa-mir-3166","MIRNA:hsa-mir-3166","1","0","976","17","2","16638","SP3,GNRHR"
"MIRNA","hsa-mir-596","MIRNA:hsa-mir-596","1","0","717","17","1","16638","NFATC3"
"MIRNA","hsa-mir-127-5p","MIRNA:hsa-mir-127-5p","1","0","799","17","2","16638","KAT2B,ADM"
"MIRNA","hsa-mir-4673","MIRNA:hsa-mir-4673","1","0","1624","17","2","16638","NOS1AP,PKP2"
"MIRNA","hsa-mir-369-3p","MIRNA:hsa-mir-369-3p","1","0","1220","17","1","16638","SP3"
"MIRNA","hsa-mir-2861","MIRNA:hsa-mir-2861","1","0","951","17","1","16638","NFATC3"
"MIRNA","hsa-mir-1255b","MIRNA:hsa-mir-1255b","1","0","797","17","1","16638","PKP2"
"MIRNA","hsa-mir-4738-3p","MIRNA:hsa-mir-4738-3p","1","0","1408","17","1","16638","MYO18B"
"MIRNA","hsa-mir-195","MIRNA:hsa-mir-195","1","0","2025","17","3","16638","HSPG2,LDB3,NFATC3"
"MIRNA","hsa-mir-3160-3p","MIRNA:hsa-mir-3160-3p","1","0","1180","17","2","16638","HSPG2,MYO18B"
"MIRNA","hsa-mir-20a-5p","MIRNA:hsa-mir-20a-5p","1","0","1014","17","2","16638","TMEM245,MYPN"
"MIRNA","hsa-mir-8073","MIRNA:hsa-mir-8073","1","0","111","17","1","16638","MYPN"
"MIRNA","hsa-mir-30b","MIRNA:hsa-mir-30b","1","0","1326","17","1","16638","NFATC3"
"MIRNA","hsa-mir-4748","MIRNA:hsa-mir-4748","1","0","903","17","2","16638","PRDM16,ADM"
"MIRNA","hsa-mir-3928-3p","MIRNA:hsa-mir-3928-3p","1","0","94","17","1","16638","MYPN"
"MIRNA","hsa-mir-3145-3p","MIRNA:hsa-mir-3145-3p","1","0","934","17","5","16638","SP3,CACNA2D2,GNRHR,PKP2,NFATC3"
"MIRNA","hsa-mir-3194-5p","MIRNA:hsa-mir-3194-5p","1","0","1026","17","1","16638","LDB3"
"MIRNA","hsa-mir-137","MIRNA:hsa-mir-137","1","0","921","17","1","16638","KAT2B"
"MIRNA","hsa-mir-4770","MIRNA:hsa-mir-4770","1","0","1175","17","2","16638","CACNA2D2,MYPN"
"MIRNA","hsa-mir-4524","MIRNA:hsa-mir-4524","1","0","928","17","2","16638","HSPG2,NOS1AP"
"MIRNA","hsa-mir-4797-3p","MIRNA:hsa-mir-4797-3p","1","0","929","17","2","16638","PRDM16,ADM"
"MIRNA","hsa-mir-3662","MIRNA:hsa-mir-3662","1","0","2296","17","2","16638","SP3,ADM"
"MIRNA","hsa-mir-4276","MIRNA:hsa-mir-4276","1","0","1208","17","1","16638","SP3"
"MIRNA","hsa-mir-4667-5p","MIRNA:hsa-mir-4667-5p","1","0","1531","17","2","16638","HSPG2,NFATC3"
"MIRNA","hsa-mir-3922-5p","MIRNA:hsa-mir-3922-5p","1","0","891","17","1","16638","NOS1AP"
"MIRNA","hsa-mir-3121-3p","MIRNA:hsa-mir-3121-3p","1","0","1344","17","4","16638","MECOM,GNRHR,ADM,PKP2"
"MIRNA","hsa-mir-509-5p","MIRNA:hsa-mir-509-5p","1","0","1516","17","1","16638","PKP2"
"MIRNA","hsa-mir-455-3p","MIRNA:hsa-mir-455-3p","1","0","1331","17","2","16638","KAT2B,MYPN"
"MIRNA","hsa-mir-3183","MIRNA:hsa-mir-3183","1","0","1176","17","2","16638","MYPN,ADM"
"MIRNA","hsa-mir-204","MIRNA:hsa-mir-204","1","0","1143","17","2","16638","NOS1AP,NFATC3"
"MIRNA","hsa-mir-513b","MIRNA:hsa-mir-513b","1","0","1478","17","3","16638","PRDM16,NOS1AP,CRYAB"
"MIRNA","hsa-mir-762","MIRNA:hsa-mir-762","1","0","1634","17","3","16638","PRDM16,HSPG2,PKP2"
"MIRNA","hsa-mir-4322","MIRNA:hsa-mir-4322","1","0","760","17","2","16638","ADM,NFATC3"
"MIRNA","hsa-mir-513a-5p","MIRNA:hsa-mir-513a-5p","1","0","1878","17","2","16638","KAT2B,NFATC3"
"MIRNA","hsa-mir-3678-3p","MIRNA:hsa-mir-3678-3p","1","0","1240","17","1","16638","PRDM16"
"MIRNA","hsa-mir-23b","MIRNA:hsa-mir-23b","1","0","1801","17","2","16638","SP3,ADM"
"MIRNA","hsa-mir-181a-2-3p","MIRNA:hsa-mir-181a-2-3p","1","0","69","17","1","16638","NOS1AP"
"MIRNA","hsa-mir-6733-5p","MIRNA:hsa-mir-6733-5p","1","0","158","17","1","16638","CACNA2D2"
"MIRNA","hsa-mir-6845-3p","MIRNA:hsa-mir-6845-3p","1","0","252","17","1","16638","MYPN"
"MIRNA","hsa-mir-541","MIRNA:hsa-mir-541","1","0","1369","17","5","16638","KAT2B,ADM,CRYAB,PKP2,NFATC3"
"MIRNA","hsa-mir-4526","MIRNA:hsa-mir-4526","1","0","888","17","1","16638","KAT2B"
"MIRNA","hsa-mir-4675","MIRNA:hsa-mir-4675","1","0","1108","17","2","16638","ADM,PKP2"
"MIRNA","hsa-mir-548ag","MIRNA:hsa-mir-548ag","1","0","838","17","1","16638","SP3"
"MIRNA","hsa-mir-5189-5p","MIRNA:hsa-mir-5189-5p","1","0","172","17","1","16638","MYPN"
"MIRNA","hsa-mir-3153","MIRNA:hsa-mir-3153","1","0","1709","17","2","16638","PRDM16,CACNA2D2"
"MIRNA","hsa-mir-4756-5p","MIRNA:hsa-mir-4756-5p","1","0","1564","17","2","16638","HSPG2,CACNA2D2"
"MIRNA","hsa-mir-4459","MIRNA:hsa-mir-4459","1","0","2576","17","2","16638","CACNA2D2,ADM"
"MIRNA","hsa-mir-6825-5p","MIRNA:hsa-mir-6825-5p","1","0","279","17","1","16638","NOS1AP"
"MIRNA","hsa-mir-4755-3p","MIRNA:hsa-mir-4755-3p","1","0","1960","17","3","16638","HSPG2,PKP2,NFATC3"
"MIRNA","hsa-mir-3127-3p","MIRNA:hsa-mir-3127-3p","1","0","1025","17","1","16638","MYPN"
"MIRNA","hsa-mir-26a-5p","MIRNA:hsa-mir-26a-5p","1","0","426","17","1","16638","ADM"
"MIRNA","hsa-mir-661","MIRNA:hsa-mir-661","1","0","2365","17","2","16638","TMEM245,MYPN"
"MIRNA","hsa-mir-185-5p","MIRNA:hsa-mir-185-5p","1","0","282","17","1","16638","NFATC3"
"MIRNA","hsa-mir-873-3p","MIRNA:hsa-mir-873-3p","1","0","100","17","1","16638","TMEM245"
"MIRNA","hsa-mir-524-5p","MIRNA:hsa-mir-524-5p","1","0","2125","17","5","16638","HSPG2,SP3,KAT2B,ADM,NFATC3"
"MIRNA","hsa-mir-4701-3p","MIRNA:hsa-mir-4701-3p","1","0","1060","17","1","16638","CACNA2D2"
"MIRNA","hsa-mir-7703","MIRNA:hsa-mir-7703","1","0","321","17","1","16638","MYPN"
"MIRNA","hsa-mir-544a","MIRNA:hsa-mir-544a","1","0","137","17","1","16638","ADM"
"MIRNA","hsa-mir-3689a-3p","MIRNA:hsa-mir-3689a-3p","1","0","2472","17","1","16638","PRDM16"
"MIRNA","hsa-mir-603","MIRNA:hsa-mir-603","1","0","1704","17","2","16638","NOS1AP,TMEM245"
"MIRNA","hsa-mir-4704-3p","MIRNA:hsa-mir-4704-3p","1","0","1113","17","1","16638","PRDM16"
"MIRNA","hsa-mir-21-5p","MIRNA:hsa-mir-21-5p","1","0","576","17","1","16638","TMEM245"
"MIRNA","hsa-mir-324-3p","MIRNA:hsa-mir-324-3p","1","0","1539","17","1","16638","NFATC3"
"MIRNA","hsa-mir-545","MIRNA:hsa-mir-545","1","0","1680","17","3","16638","HSPG2,KAT2B,CACNA2D2"
"MIRNA","hsa-mir-4722-5p","MIRNA:hsa-mir-4722-5p","1","0","2249","17","1","16638","LDB3"
"MIRNA","hsa-mir-4689","MIRNA:hsa-mir-4689","1","0","1091","17","3","16638","PRDM16,LDB3,NFATC3"
"MIRNA","hsa-mir-1-3p","MIRNA:hsa-mir-1-3p","1","0","868","17","1","16638","GNRHR"
"MIRNA","hsa-mir-1270","MIRNA:hsa-mir-1270","1","0","978","17","1","16638","MYPN"
"MIRNA","hsa-mir-1193","MIRNA:hsa-mir-1193","1","0","883","17","1","16638","PKP2"
"MIRNA","hsa-mir-936","MIRNA:hsa-mir-936","1","0","828","17","1","16638","PRDM16"
"MIRNA","hsa-mir-4274","MIRNA:hsa-mir-4274","1","0","826","17","1","16638","MECOM"
"MIRNA","hsa-mir-518a-5p","MIRNA:hsa-mir-518a-5p","1","0","1415","17","2","16638","KAT2B,ADM"
"MIRNA","hsa-mir-1291","MIRNA:hsa-mir-1291","1","0","948","17","1","16638","NFATC3"
"MIRNA","hsa-mir-557","MIRNA:hsa-mir-557","1","0","1223","17","3","16638","SP3,LDB3,PKP2"
"MIRNA","hsa-mir-1252","MIRNA:hsa-mir-1252","1","0","1471","17","1","16638","PRDM16"
"MIRNA","hsa-mir-93","MIRNA:hsa-mir-93","1","0","1981","17","2","16638","NOS1AP,KAT2B"
"MIRNA","hsa-mir-7854-3p","MIRNA:hsa-mir-7854-3p","1","0","107","17","1","16638","NOS1AP"
"MIRNA","hsa-mir-720","MIRNA:hsa-mir-720","1","0","394","17","1","16638","ADM"
"MIRNA","hsa-mir-573","MIRNA:hsa-mir-573","1","0","947","17","1","16638","ADM"
"MIRNA","hsa-mir-4784","MIRNA:hsa-mir-4784","1","0","1378","17","5","16638","PRDM16,GNRHR,PTP4A3,LDB3,NFATC3"
"MIRNA","hsa-mir-539-5p","MIRNA:hsa-mir-539-5p","1","0","187","17","1","16638","KAT2B"
"MIRNA","hsa-mir-4260","MIRNA:hsa-mir-4260","1","0","1015","17","2","16638","PRDM16,PKP2"
"MIRNA","hsa-mir-3158-5p","MIRNA:hsa-mir-3158-5p","1","0","1458","17","3","16638","PRDM16,HSPG2,PKP2"
"MIRNA","hsa-mir-6860","MIRNA:hsa-mir-6860","1","0","171","17","1","16638","MYPN"
"MIRNA","hsa-mir-6512-3p","MIRNA:hsa-mir-6512-3p","1","0","373","17","1","16638","MYPN"
"MIRNA","hsa-mir-4490","MIRNA:hsa-mir-4490","1","0","608","17","1","16638","SP3"
"MIRNA","hsa-mir-4312","MIRNA:hsa-mir-4312","1","0","655","17","1","16638","NFATC3"
"MIRNA","hsa-mir-4283","MIRNA:hsa-mir-4283","1","0","1039","17","1","16638","PTP4A3"
"MIRNA","hsa-mir-1178","MIRNA:hsa-mir-1178","1","0","823","17","2","16638","NOS1AP,NFATC3"
"MIRNA","hsa-mir-3122","MIRNA:hsa-mir-3122","1","0","1751","17","2","16638","NOS1AP,TMEM245"
"MIRNA","hsa-mir-1343","MIRNA:hsa-mir-1343","1","0","1825","17","1","16638","KAT2B"
"MIRNA","hsa-mir-4761-5p","MIRNA:hsa-mir-4761-5p","1","0","963","17","1","16638","NFATC3"
"MIRNA","hsa-mir-6720-5p","MIRNA:hsa-mir-6720-5p","1","0","374","17","1","16638","MYPN"
"MIRNA","hsa-mir-7111-3p","MIRNA:hsa-mir-7111-3p","1","0","209","17","2","16638","MYPN,ADM"
"MIRNA","hsa-mir-890","MIRNA:hsa-mir-890","1","0","1065","17","1","16638","CACNA2D2"
"MIRNA","hsa-mir-3667-3p","MIRNA:hsa-mir-3667-3p","1","0","1477","17","2","16638","KAT2B,LDB3"
"MIRNA","hsa-mir-513a-3p","MIRNA:hsa-mir-513a-3p","1","0","1778","17","2","16638","SP3,TMEM245"
"MIRNA","hsa-mir-3692-3p","MIRNA:hsa-mir-3692-3p","1","0","116","17","1","16638","NOS1AP"
"MIRNA","hsa-mir-4771","MIRNA:hsa-mir-4771","1","0","694","17","2","16638","SP3,GNRHR"
"MIRNA","hsa-mir-558","MIRNA:hsa-mir-558","1","0","1179","17","2","16638","HSPG2,MYO18B"
"MIRNA","hsa-mir-4264","MIRNA:hsa-mir-4264","1","0","1010","17","1","16638","ADM"
"MIRNA","hsa-mir-548az-5p","MIRNA:hsa-mir-548az-5p","1","0","253","17","1","16638","NFATC3"
"MIRNA","hsa-mir-4717-5p","MIRNA:hsa-mir-4717-5p","1","0","912","17","3","16638","PRDM16,PTP4A3,NFATC3"
"MIRNA","hsa-mir-4421","MIRNA:hsa-mir-4421","1","0","1151","17","1","16638","PRDM16"
"MIRNA","hsa-mir-135b","MIRNA:hsa-mir-135b","1","0","837","17","2","16638","SP3,PKP2"
"MIRNA","hsa-mir-3673","MIRNA:hsa-mir-3673","1","0","1038","17","3","16638","PRDM16,GNRHR,NFATC3"
"MIRNA","hsa-mir-619-5p","MIRNA:hsa-mir-619-5p","1","0","366","17","1","16638","MYPN"
"MIRNA","hsa-mir-320d","MIRNA:hsa-mir-320d","1","0","1302","17","1","16638","NFATC3"
"MIRNA","hsa-mir-8485","MIRNA:hsa-mir-8485","1","0","828","17","2","16638","NOS1AP,TMEM245"
"MIRNA","hsa-mir-3129-5p","MIRNA:hsa-mir-3129-5p","1","0","784","17","1","16638","PRDM16"
"MIRNA","hsa-mir-4279","MIRNA:hsa-mir-4279","1","0","1932","17","2","16638","MYPN,ADM"
"MIRNA","hsa-mir-641","MIRNA:hsa-mir-641","1","0","1285","17","1","16638","SP3"
"MIRNA","hsa-mir-3065-5p","MIRNA:hsa-mir-3065-5p","1","0","1517","17","2","16638","MECOM,ADM"
"MIRNA","hsa-mir-5009-3p","MIRNA:hsa-mir-5009-3p","1","0","60","17","1","16638","MYPN"
"MIRNA","hsa-mir-378d","MIRNA:hsa-mir-378d","1","0","727","17","1","16638","PRDM16"
"MIRNA","hsa-mir-4320","MIRNA:hsa-mir-4320","1","0","626","17","3","16638","NOS1AP,ADM,PKP2"
"MIRNA","hsa-mir-4639-3p","MIRNA:hsa-mir-4639-3p","1","0","1148","17","2","16638","MECOM,MYPN"
"MIRNA","hsa-mir-3917","MIRNA:hsa-mir-3917","1","0","114","17","1","16638","PTP4A3"
"MIRNA","hsa-mir-3653-5p","MIRNA:hsa-mir-3653-5p","1","0","527","17","1","16638","MYPN"
"MIRNA","hsa-mir-377","MIRNA:hsa-mir-377","1","0","1566","17","2","16638","CACNA2D2,NFATC3"
"MIRNA","hsa-mir-625","MIRNA:hsa-mir-625","1","0","1383","17","1","16638","PRDM16"
"MIRNA","hsa-mir-124","MIRNA:hsa-mir-124","1","0","1315","17","1","16638","SP3"
"MIRNA","hsa-mir-539","MIRNA:hsa-mir-539","1","0","1510","17","3","16638","CACNA2D2,ADM,MYO18B"
"MIRNA","hsa-mir-125a-5p","MIRNA:hsa-mir-125a-5p","1","0","1205","17","2","16638","HSPG2,NOS1AP"
"MIRNA","hsa-mir-1294","MIRNA:hsa-mir-1294","1","0","986","17","1","16638","HSPG2"
"MIRNA","hsa-mir-519a-5p","MIRNA:hsa-mir-519a-5p","1","0","51","17","1","16638","TMEM245"
"MIRNA","hsa-mir-4725-3p","MIRNA:hsa-mir-4725-3p","1","0","1733","17","2","16638","CRYAB,NFATC3"
"MIRNA","hsa-mir-3688-3p","MIRNA:hsa-mir-3688-3p","1","0","1233","17","1","16638","SP3"
"MIRNA","hsa-mir-1297","MIRNA:hsa-mir-1297","1","0","1535","17","3","16638","SP3,KAT2B,ADM"
"MIRNA","hsa-mir-4722-3p","MIRNA:hsa-mir-4722-3p","1","0","1786","17","2","16638","SP3,LDB3"
"MIRNA","hsa-mir-4522","MIRNA:hsa-mir-4522","1","0","991","17","1","16638","PRDM16"
"MIRNA","hsa-mir-1271","MIRNA:hsa-mir-1271","1","0","1083","17","4","16638","PRDM16,SP3,MECOM,MYPN"
"MIRNA","hsa-mir-1184","MIRNA:hsa-mir-1184","1","0","1645","17","1","16638","PRDM16"
"MIRNA","hsa-mir-4728-3p","MIRNA:hsa-mir-4728-3p","1","0","819","17","1","16638","NFATC3"
"MIRNA","hsa-mir-17-5p","MIRNA:hsa-mir-17-5p","1","0","1117","17","3","16638","KAT2B,TMEM245,MYPN"
"MIRNA","hsa-mir-3140-3p","MIRNA:hsa-mir-3140-3p","1","0","1408","17","1","16638","ADM"
"MIRNA","hsa-mir-491-3p","MIRNA:hsa-mir-491-3p","1","0","666","17","2","16638","SP3,KAT2B"
"MIRNA","hsa-mir-3200-5p","MIRNA:hsa-mir-3200-5p","1","0","842","17","1","16638","CACNA2D2"
"MIRNA","hsa-mir-636","MIRNA:hsa-mir-636","1","0","875","17","1","16638","MYPN"
"MIRNA","hsa-mir-3669","MIRNA:hsa-mir-3669","1","0","118","17","1","16638","PRDM16"
"MIRNA","hsa-mir-135a","MIRNA:hsa-mir-135a","1","0","837","17","2","16638","SP3,PKP2"
"MIRNA","hsa-mir-330-5p","MIRNA:hsa-mir-330-5p","1","0","1340","17","2","16638","PRDM16,NFATC3"
"MIRNA","hsa-mir-4447","MIRNA:hsa-mir-4447","1","0","1356","17","1","16638","HSPG2"
"MIRNA","hsa-mir-302d","MIRNA:hsa-mir-302d","1","0","1612","17","5","16638","PRDM16,NOS1AP,SP3,KAT2B,NFATC3"
"MIRNA","hsa-mir-4708-3p","MIRNA:hsa-mir-4708-3p","1","0","799","17","3","16638","ADM,PKP2,NFATC3"
"MIRNA","hsa-mir-410","MIRNA:hsa-mir-410","1","0","1141","17","1","16638","ADM"
"MIRNA","hsa-mir-148b","MIRNA:hsa-mir-148b","1","0","1186","17","1","16638","NFATC3"
"MIRNA","hsa-mir-606","MIRNA:hsa-mir-606","1","0","669","17","1","16638","MECOM"
"MIRNA","hsa-mir-2117","MIRNA:hsa-mir-2117","1","0","827","17","1","16638","SP3"
"MIRNA","hsa-mir-590-3p","MIRNA:hsa-mir-590-3p","1","0","2884","17","2","16638","SP3,LDB3"
"MIRNA","hsa-mir-3622b-5p","MIRNA:hsa-mir-3622b-5p","1","0","1364","17","1","16638","HSPG2"
"MIRNA","hsa-mir-3914","MIRNA:hsa-mir-3914","1","0","649","17","1","16638","SP3"
"MIRNA","hsa-mir-26a","MIRNA:hsa-mir-26a","1","0","1478","17","3","16638","SP3,KAT2B,ADM"
"MIRNA","hsa-mir-128","MIRNA:hsa-mir-128","1","0","1940","17","2","16638","PRDM16,NFATC3"
"MIRNA","hsa-mir-203","MIRNA:hsa-mir-203","1","0","1508","17","1","16638","SP3"
"MIRNA","hsa-mir-153","MIRNA:hsa-mir-153","1","0","731","17","3","16638","SP3,GNRHR,NFATC3"
"MIRNA","hsa-mir-4536","MIRNA:hsa-mir-4536","1","0","562","17","1","16638","HSPG2"
"MIRNA","hsa-mir-302e","MIRNA:hsa-mir-302e","1","0","1834","17","6","16638","PRDM16,NOS1AP,SP3,KAT2B,MYPN,NFATC3"
"MIRNA","hsa-mir-632","MIRNA:hsa-mir-632","1","0","753","17","1","16638","HSPG2"
"MIRNA","hsa-mir-92b-3p","MIRNA:hsa-mir-92b-3p","1","0","616","17","1","16638","KAT2B"
"MIRNA","hsa-mir-518d-5p","MIRNA:hsa-mir-518d-5p","1","0","796","17","3","16638","SP3,TMEM245,PKP2"
"MIRNA","hsa-mir-3664-3p","MIRNA:hsa-mir-3664-3p","1","0","1548","17","1","16638","PRDM16"
"MIRNA","hsa-mir-193b","MIRNA:hsa-mir-193b","1","0","712","17","2","16638","NFATC3,MYO18B"
"MIRNA","hsa-mir-3685","MIRNA:hsa-mir-3685","1","0","1007","17","1","16638","KAT2B"
"MIRNA","hsa-mir-4731-5p","MIRNA:hsa-mir-4731-5p","1","0","2363","17","5","16638","PRDM16,NOS1AP,TMEM245,MYPN,NFATC3"
"MIRNA","hsa-mir-522","MIRNA:hsa-mir-522","1","0","1082","17","2","16638","CACNA2D2,PKP2"
"MIRNA","hsa-mir-3182","MIRNA:hsa-mir-3182","1","0","1277","17","3","16638","PRDM16,ADM,PKP2"
"MIRNA","hsa-mir-593-3p","MIRNA:hsa-mir-593-3p","1","0","135","17","1","16638","TMEM245"
"MIRNA","hsa-mir-449c","MIRNA:hsa-mir-449c","1","0","1069","17","1","16638","PKP2"
"MIRNA","hsa-mir-128-3p","MIRNA:hsa-mir-128-3p","1","0","486","17","1","16638","MYPN"
"MIRNA","hsa-mir-4739","MIRNA:hsa-mir-4739","1","0","1568","17","2","16638","HSPG2,CACNA2D2"
"MIRNA","hsa-mir-4642","MIRNA:hsa-mir-4642","1","0","881","17","2","16638","HSPG2,NFATC3"
"MIRNA","hsa-mir-4670-3p","MIRNA:hsa-mir-4670-3p","1","0","940","17","1","16638","ADM"
"MIRNA","hsa-mir-4513","MIRNA:hsa-mir-4513","1","0","708","17","1","16638","SP3"
"MIRNA","hsa-mir-3190","MIRNA:hsa-mir-3190","1","0","1028","17","1","16638","PRDM16"
"MIRNA","hsa-mir-938","MIRNA:hsa-mir-938","1","0","598","17","1","16638","ADM"
"MIRNA","hsa-mir-633","MIRNA:hsa-mir-633","1","0","730","17","1","16638","ADM"
"MIRNA","hsa-mir-6511b-5p","MIRNA:hsa-mir-6511b-5p","1","0","84","17","1","16638","MYPN"
"MIRNA","hsa-mir-4524a-5p","MIRNA:hsa-mir-4524a-5p","1","0","180","17","1","16638","TMEM245"
"MIRNA","hsa-mir-4472","MIRNA:hsa-mir-4472","1","0","1356","17","1","16638","HSPG2"
"MIRNA","hsa-mir-4499","MIRNA:hsa-mir-4499","1","0","780","17","1","16638","SP3"
"MIRNA","hsa-mir-1231","MIRNA:hsa-mir-1231","1","0","739","17","1","16638","HSPG2"
"MIRNA","hsa-mir-216b","MIRNA:hsa-mir-216b","1","0","831","17","1","16638","LDB3"
"MIRNA","hsa-mir-1587","MIRNA:hsa-mir-1587","1","0","1020","17","1","16638","PKP2"
"MIRNA","hsa-mir-891b","MIRNA:hsa-mir-891b","1","0","697","17","1","16638","SP3"
"MIRNA","hsa-mir-1179","MIRNA:hsa-mir-1179","1","0","898","17","1","16638","ADM"
"MIRNA","hsa-mir-570","MIRNA:hsa-mir-570","1","0","1914","17","1","16638","GNRHR"
"MIRNA","hsa-mir-4704-5p","MIRNA:hsa-mir-4704-5p","1","0","630","17","2","16638","SP3,CACNA2D2"
"MIRNA","hsa-mir-877-3p","MIRNA:hsa-mir-877-3p","1","0","567","17","1","16638","ADM"
"MIRNA","hsa-mir-3622a-3p","MIRNA:hsa-mir-3622a-3p","1","0","1178","17","3","16638","NOS1AP,ADM,NFATC3"
"MIRNA","hsa-mir-3714","MIRNA:hsa-mir-3714","1","0","1787","17","1","16638","SP3"
"MIRNA","hsa-mir-3192","MIRNA:hsa-mir-3192","1","0","1773","17","1","16638","PRDM16"
"MIRNA","hsa-mir-769-5p","MIRNA:hsa-mir-769-5p","1","0","1117","17","1","16638","KAT2B"
"MIRNA","hsa-mir-671-5p","MIRNA:hsa-mir-671-5p","1","0","1126","17","1","16638","PKP2"
"MIRNA","hsa-mir-503-5p","MIRNA:hsa-mir-503-5p","1","0","241","17","1","16638","TMEM245"
"MIRNA","hsa-mir-873","MIRNA:hsa-mir-873","1","0","1405","17","1","16638","KAT2B"
"MIRNA","hsa-mir-4796-5p","MIRNA:hsa-mir-4796-5p","1","0","515","17","1","16638","KAT2B"
"MIRNA","hsa-mir-4531","MIRNA:hsa-mir-4531","1","0","1328","17","1","16638","NOS1AP"
"MIRNA","hsa-mir-921","MIRNA:hsa-mir-921","1","0","638","17","2","16638","CACNA2D2,ADM"
"MIRNA","hsa-mir-4523","MIRNA:hsa-mir-4523","1","0","139","17","1","16638","NFATC3"
"MIRNA","hsa-mir-497-5p","MIRNA:hsa-mir-497-5p","1","0","427","17","1","16638","TMEM245"
"MIRNA","hsa-mir-4474-3p","MIRNA:hsa-mir-4474-3p","1","0","787","17","1","16638","ADM"
"MIRNA","hsa-mir-4267","MIRNA:hsa-mir-4267","1","0","1334","17","1","16638","NFATC3"
"MIRNA","hsa-mir-3173-5p","MIRNA:hsa-mir-3173-5p","1","0","988","17","1","16638","NFATC3"
"MIRNA","hsa-mir-6844","MIRNA:hsa-mir-6844","1","0","104","17","1","16638","TMEM245"
"MIRNA","hsa-mir-4452","MIRNA:hsa-mir-4452","1","0","1060","17","1","16638","SP3"
"MIRNA","hsa-mir-3155","MIRNA:hsa-mir-3155","1","0","1288","17","1","16638","HSPG2"
"MIRNA","hsa-mir-765","MIRNA:hsa-mir-765","1","0","1617","17","4","16638","PRDM16,HSPG2,CACNA2D2,MYO18B"
"MIRNA","hsa-mir-6730-3p","MIRNA:hsa-mir-6730-3p","1","0","61","17","1","16638","NOS1AP"
"MIRNA","hsa-mir-216b-3p","MIRNA:hsa-mir-216b-3p","1","0","108","17","1","16638","TMEM245"
"MIRNA","hsa-mir-4470","MIRNA:hsa-mir-4470","1","0","1137","17","3","16638","SP3,ADM,MYO18B"
"MIRNA","hsa-mir-3118","MIRNA:hsa-mir-3118","1","0","820","17","1","16638","CACNA2D2"
"MIRNA","hsa-mir-1238","MIRNA:hsa-mir-1238","1","0","901","17","2","16638","MYPN,ADM"
"MIRNA","hsa-mir-451b","MIRNA:hsa-mir-451b","1","0","1266","17","1","16638","NOS1AP"
"MIRNA","hsa-mir-497","MIRNA:hsa-mir-497","1","0","2025","17","3","16638","HSPG2,LDB3,NFATC3"
"MIRNA","hsa-mir-3074-5p","MIRNA:hsa-mir-3074-5p","1","0","1415","17","1","16638","KAT2B"
"MIRNA","hsa-mir-2392","MIRNA:hsa-mir-2392","1","0","1083","17","1","16638","HSPG2"
"MIRNA","hsa-let-7b-5p","MIRNA:hsa-let-7b-5p","1","0","1140","17","1","16638","NFATC3"
"MIRNA","hsa-mir-501-5p","MIRNA:hsa-mir-501-5p","1","0","867","17","1","16638","NOS1AP"
"MIRNA","hsa-mir-6798-3p","MIRNA:hsa-mir-6798-3p","1","0","24","17","1","16638","TMEM245"
"MIRNA","hsa-mir-320c","MIRNA:hsa-mir-320c","1","0","1321","17","1","16638","NFATC3"
"MIRNA","hsa-mir-4265","MIRNA:hsa-mir-4265","1","0","762","17","2","16638","ADM,NFATC3"
"MIRNA","hsa-mir-5186","MIRNA:hsa-mir-5186","1","0","154","17","1","16638","MYPN"
"MIRNA","hsa-mir-4649-5p","MIRNA:hsa-mir-4649-5p","1","0","434","17","1","16638","ADM"
"MIRNA","hsa-mir-4635","MIRNA:hsa-mir-4635","1","0","1313","17","1","16638","PKP2"
"MIRNA","hsa-mir-4764-3p","MIRNA:hsa-mir-4764-3p","1","0","502","17","1","16638","SP3"
"MIRNA","hsa-mir-4789-5p","MIRNA:hsa-mir-4789-5p","1","0","1464","17","2","16638","SP3,ADM"
"MIRNA","hsa-mir-3972","MIRNA:hsa-mir-3972","1","0","914","17","1","16638","LDB3"
"MIRNA","hsa-mir-200c","MIRNA:hsa-mir-200c","1","0","1395","17","1","16638","KAT2B"
"MIRNA","hsa-mir-122-3p","MIRNA:hsa-mir-122-3p","1","0","62","17","1","16638","MYPN"
"MIRNA","hsa-mir-1289","MIRNA:hsa-mir-1289","1","0","807","17","1","16638","HSPG2"
"MIRNA","hsa-mir-29b","MIRNA:hsa-mir-29b","1","0","1065","17","2","16638","MYPN,NFATC3"
"MIRNA","hsa-mir-1285-3p","MIRNA:hsa-mir-1285-3p","1","0","176","17","1","16638","MYPN"
"MIRNA","hsa-mir-1237","MIRNA:hsa-mir-1237","1","0","1159","17","2","16638","PRDM16,ADM"
"MIRNA","hsa-mir-4308","MIRNA:hsa-mir-4308","1","0","1186","17","2","16638","PRDM16,HSPG2"
"MIRNA","hsa-mir-4505","MIRNA:hsa-mir-4505","1","0","1946","17","5","16638","PRDM16,HSPG2,NOS1AP,PTP4A3,PKP2"
"MIRNA","hsa-mir-363","MIRNA:hsa-mir-363","1","0","1275","17","3","16638","KAT2B,ADM,NFATC3"
"MIRNA","hsa-mir-424","MIRNA:hsa-mir-424","1","0","2025","17","3","16638","HSPG2,LDB3,NFATC3"
"MIRNA","hsa-mir-520d-5p","MIRNA:hsa-mir-520d-5p","1","0","2126","17","5","16638","HSPG2,SP3,KAT2B,ADM,NFATC3"
"MIRNA","hsa-mir-587","MIRNA:hsa-mir-587","1","0","1540","17","1","16638","PRDM16"
"MIRNA","hsa-mir-4786-3p","MIRNA:hsa-mir-4786-3p","1","0","1106","17","1","16638","PKP2"
"MIRNA","hsa-mir-1273g-3p","MIRNA:hsa-mir-1273g-3p","1","0","354","17","2","16638","NOS1AP,MYPN"
"MIRNA","hsa-mir-4720-5p","MIRNA:hsa-mir-4720-5p","1","0","947","17","1","16638","NFATC3"
"MIRNA","hsa-mir-1914-3p","MIRNA:hsa-mir-1914-3p","1","0","93","17","1","16638","NOS1AP"
"MIRNA","hsa-mir-4423-5p","MIRNA:hsa-mir-4423-5p","1","0","898","17","1","16638","LDB3"
"MIRNA","hsa-mir-335-5p","MIRNA:hsa-mir-335-5p","1","0","2422","17","2","16638","HSPG2,MYPN"
"MIRNA","hsa-mir-922","MIRNA:hsa-mir-922","1","0","1865","17","2","16638","KAT2B,MECOM"
"MIRNA","hsa-mir-221-3p","MIRNA:hsa-mir-221-3p","1","0","360","17","2","16638","PRDM16,TMEM245"
"MIRNA","hsa-mir-4684-5p","MIRNA:hsa-mir-4684-5p","1","0","1614","17","2","16638","MYPN,PKP2"
"MIRNA","hsa-mir-1287","MIRNA:hsa-mir-1287","1","0","864","17","2","16638","HSPG2,PKP2"
"MIRNA","hsa-mir-4313","MIRNA:hsa-mir-4313","1","0","753","17","1","16638","ADM"
"MIRNA","hsa-mir-7107-5p","MIRNA:hsa-mir-7107-5p","1","0","138","17","1","16638","MYPN"
"MIRNA","hsa-mir-544","MIRNA:hsa-mir-544","1","0","1208","17","2","16638","ADM,NFATC3"
"MIRNA","hsa-mir-106a-5p","MIRNA:hsa-mir-106a-5p","1","0","660","17","1","16638","MYPN"
"MIRNA","hsa-mir-4430","MIRNA:hsa-mir-4430","1","0","2240","17","4","16638","PRDM16,NOS1AP,PTP4A3,LDB3"
"MIRNA","hsa-mir-4262","MIRNA:hsa-mir-4262","1","0","1713","17","3","16638","NOS1AP,ADM,PKP2"
"MIRNA","hsa-mir-433","MIRNA:hsa-mir-433","1","0","873","17","1","16638","KAT2B"
"MIRNA","hsa-mir-6747-3p","MIRNA:hsa-mir-6747-3p","1","0","408","17","1","16638","MYPN"
"MIRNA","hsa-mir-222-3p","MIRNA:hsa-mir-222-3p","1","0","374","17","2","16638","TMEM245,PKP2"
"MIRNA","hsa-mir-579","MIRNA:hsa-mir-579","1","0","1943","17","2","16638","KAT2B,ADM"
"MIRNA","hsa-mir-3187-3p","MIRNA:hsa-mir-3187-3p","1","0","1359","17","1","16638","NFATC3"
"MIRNA","hsa-mir-4726-3p","MIRNA:hsa-mir-4726-3p","1","0","1731","17","1","16638","MYPN"
"MIRNA","hsa-mir-4643","MIRNA:hsa-mir-4643","1","0","1533","17","2","16638","PKP2,NFATC3"
"MIRNA","hsa-mir-4465","MIRNA:hsa-mir-4465","1","0","1536","17","3","16638","SP3,KAT2B,ADM"
"MIRNA","hsa-mir-620","MIRNA:hsa-mir-620","1","0","977","17","1","16638","MYPN"
"MIRNA","hsa-mir-4423-3p","MIRNA:hsa-mir-4423-3p","1","0","672","17","1","16638","NFATC3"
"MIRNA","hsa-mir-4786-5p","MIRNA:hsa-mir-4786-5p","1","0","1458","17","2","16638","KAT2B,PTP4A3"
"MIRNA","hsa-mir-3976","MIRNA:hsa-mir-3976","1","0","650","17","2","16638","PKP2,MYO18B"
"MIRNA","hsa-mir-1324","MIRNA:hsa-mir-1324","1","0","1419","17","1","16638","MYPN"
"MIRNA","hsa-mir-3616-5p","MIRNA:hsa-mir-3616-5p","1","0","947","17","1","16638","ADM"
"MIRNA","hsa-mir-187-5p","MIRNA:hsa-mir-187-5p","1","0","73","17","1","16638","TMEM245"
"MIRNA","hsa-mir-3977","MIRNA:hsa-mir-3977","1","0","1059","17","2","16638","KAT2B,MYPN"
"MIRNA","hsa-mir-3185","MIRNA:hsa-mir-3185","1","0","1420","17","2","16638","PKP2,NFATC3"
"MIRNA","hsa-mir-3189-3p","MIRNA:hsa-mir-3189-3p","1","0","1001","17","1","16638","TMEM245"
"MIRNA","hsa-mir-2682","MIRNA:hsa-mir-2682","1","0","1069","17","1","16638","PKP2"
"MIRNA","hsa-mir-7850-5p","MIRNA:hsa-mir-7850-5p","1","0","69","17","1","16638","ADM"
"MIRNA","hsa-mir-125b","MIRNA:hsa-mir-125b","1","0","1054","17","2","16638","HSPG2,NOS1AP"
"MIRNA","hsa-mir-4773","MIRNA:hsa-mir-4773","1","0","1403","17","1","16638","NFATC3"
"MIRNA","hsa-mir-149-5p","MIRNA:hsa-mir-149-5p","1","0","371","17","1","16638","MYPN"
"MIRNA","hsa-mir-409-5p","MIRNA:hsa-mir-409-5p","1","0","393","17","1","16638","CACNA2D2"
"MIRNA","hsa-mir-34c-5p","MIRNA:hsa-mir-34c-5p","1","0","1262","17","2","16638","NOS1AP,PKP2"
"MIRNA","hsa-mir-3144-5p","MIRNA:hsa-mir-3144-5p","1","0","851","17","1","16638","PKP2"
"MIRNA","hsa-mir-503","MIRNA:hsa-mir-503","1","0","833","17","2","16638","PRDM16,HSPG2"
"MIRNA","hsa-mir-32","MIRNA:hsa-mir-32","1","0","1275","17","3","16638","KAT2B,ADM,NFATC3"
"MIRNA","hsa-mir-1206","MIRNA:hsa-mir-1206","1","0","891","17","1","16638","KAT2B"
"MIRNA","hsa-mir-4296","MIRNA:hsa-mir-4296","1","0","761","17","2","16638","ADM,NFATC3"
"MIRNA","hsa-mir-19a-3p","MIRNA:hsa-mir-19a-3p","1","0","536","17","1","16638","KAT2B"
"MIRNA","hsa-mir-4802-3p","MIRNA:hsa-mir-4802-3p","1","0","1075","17","1","16638","MYPN"
"MIRNA","hsa-mir-3908","MIRNA:hsa-mir-3908","1","0","924","17","1","16638","SP3"
"MIRNA","hsa-mir-4436b-5p","MIRNA:hsa-mir-4436b-5p","1","0","1053","17","1","16638","NOS1AP"
"MIRNA","hsa-mir-105","MIRNA:hsa-mir-105","1","0","1322","17","2","16638","SP3,NFATC3"
"MIRNA","hsa-mir-181a","MIRNA:hsa-mir-181a","1","0","1664","17","3","16638","NOS1AP,ADM,PKP2"
"MIRNA","hsa-mir-3938","MIRNA:hsa-mir-3938","1","0","712","17","1","16638","MYPN"
"MIRNA","hsa-mir-6788-3p","MIRNA:hsa-mir-6788-3p","1","0","21","17","1","16638","MYPN"
"MIRNA","hsa-mir-4325","MIRNA:hsa-mir-4325","1","0","1098","17","1","16638","ADM"
"MIRNA","hsa-mir-181b-5p","MIRNA:hsa-mir-181b-5p","1","0","334","17","1","16638","KAT2B"
"MIRNA","hsa-mir-520f","MIRNA:hsa-mir-520f","1","0","813","17","1","16638","NFATC3"
"MIRNA","hsa-mir-4762-5p","MIRNA:hsa-mir-4762-5p","1","0","1049","17","2","16638","SP3,NFATC3"
"MIRNA","hsa-mir-125a-3p","MIRNA:hsa-mir-125a-3p","1","0","1314","17","1","16638","PRDM16"
"MIRNA","hsa-mir-26b","MIRNA:hsa-mir-26b","1","0","1478","17","3","16638","SP3,KAT2B,ADM"
"MIRNA","hsa-mir-4679","MIRNA:hsa-mir-4679","1","0","1003","17","1","16638","PKP2"
"MIRNA","hsa-mir-299-5p","MIRNA:hsa-mir-299-5p","1","0","659","17","1","16638","PRDM16"
"MIRNA","hsa-mir-181c","MIRNA:hsa-mir-181c","1","0","1663","17","3","16638","NOS1AP,ADM,PKP2"
"MIRNA","hsa-mir-218","MIRNA:hsa-mir-218","1","0","887","17","1","16638","MYPN"
"MIRNA","hsa-mir-549","MIRNA:hsa-mir-549","1","0","747","17","1","16638","NFATC3"
"MIRNA","hsa-mir-3944-5p","MIRNA:hsa-mir-3944-5p","1","0","1001","17","1","16638","GNRHR"
"MIRNA","hsa-mir-4794","MIRNA:hsa-mir-4794","1","0","1310","17","1","16638","LDB3"
"MIRNA","hsa-mir-767-3p","MIRNA:hsa-mir-767-3p","1","0","1057","17","2","16638","KAT2B,MECOM"
"MIRNA","hsa-mir-488","MIRNA:hsa-mir-488","1","0","1129","17","1","16638","SP3"
"MIRNA","hsa-mir-4769-3p","MIRNA:hsa-mir-4769-3p","1","0","983","17","1","16638","SP3"
"MIRNA","hsa-mir-3692","MIRNA:hsa-mir-3692","1","0","1280","17","2","16638","MYPN,ADM"
"MIRNA","hsa-mir-1229","MIRNA:hsa-mir-1229","1","0","820","17","2","16638","SP3,NFATC3"
"MIRNA","hsa-mir-555","MIRNA:hsa-mir-555","1","0","610","17","1","16638","CACNA2D2"
"MIRNA","hsa-mir-4656","MIRNA:hsa-mir-4656","1","0","1211","17","1","16638","PKP2"
"MIRNA","hsa-mir-556-3p","MIRNA:hsa-mir-556-3p","1","0","720","17","1","16638","KAT2B"
"MIRNA","hsa-mir-486-5p","MIRNA:hsa-mir-486-5p","1","0","598","17","1","16638","GNRHR"
"MIRNA","hsa-mir-4319","MIRNA:hsa-mir-4319","1","0","1084","17","2","16638","HSPG2,NOS1AP"
"MIRNA","hsa-mir-3622a-5p","MIRNA:hsa-mir-3622a-5p","1","0","653","17","1","16638","NFATC3"
"MIRNA","hsa-mir-6840-3p","MIRNA:hsa-mir-6840-3p","1","0","313","17","1","16638","MYPN"
"MIRNA","hsa-mir-500b","MIRNA:hsa-mir-500b","1","0","623","17","1","16638","NOS1AP"
"MIRNA","hsa-mir-34b","MIRNA:hsa-mir-34b","1","0","1150","17","1","16638","SP3"
"MIRNA","hsa-mir-1273f","MIRNA:hsa-mir-1273f","1","0","1533","17","2","16638","CACNA2D2,MYPN"
"MIRNA","hsa-mir-384","MIRNA:hsa-mir-384","1","0","1035","17","1","16638","KAT2B"
"MIRNA","hsa-mir-372","MIRNA:hsa-mir-372","1","0","1612","17","5","16638","PRDM16,NOS1AP,SP3,KAT2B,NFATC3"
"MIRNA","hsa-mir-3652","MIRNA:hsa-mir-3652","1","0","2240","17","4","16638","PRDM16,NOS1AP,PTP4A3,LDB3"
"MIRNA","hsa-mir-2355-5p","MIRNA:hsa-mir-2355-5p","1","0","1471","17","1","16638","SP3"
"MIRNA","hsa-mir-4650-5p","MIRNA:hsa-mir-4650-5p","1","0","1052","17","1","16638","PRDM16"
"MIRNA","hsa-mir-3160-5p","MIRNA:hsa-mir-3160-5p","1","0","1095","17","3","16638","PRDM16,SP3,KAT2B"
"MIRNA","hsa-mir-6829-3p","MIRNA:hsa-mir-6829-3p","1","0","278","17","1","16638","MYPN"
"MIRNA","hsa-mir-4432","MIRNA:hsa-mir-4432","1","0","894","17","1","16638","PKP2"
"MIRNA","hsa-mir-6768-5p","MIRNA:hsa-mir-6768-5p","1","0","120","17","1","16638","NOS1AP"
"MIRNA","hsa-mir-520c-3p","MIRNA:hsa-mir-520c-3p","1","0","1839","17","6","16638","PRDM16,NOS1AP,SP3,KAT2B,MYPN,NFATC3"
"MIRNA","hsa-mir-506","MIRNA:hsa-mir-506","1","0","1315","17","1","16638","SP3"
"MIRNA","hsa-mir-411-3p","MIRNA:hsa-mir-411-3p","1","0","67","17","1","16638","ADM"
"MIRNA","hsa-mir-617","MIRNA:hsa-mir-617","1","0","803","17","1","16638","PKP2"
"MIRNA","hsa-mir-6884-5p","MIRNA:hsa-mir-6884-5p","1","0","392","17","1","16638","ADM"
"MIRNA","hsa-mir-142-5p","MIRNA:hsa-mir-142-5p","1","0","1370","17","1","16638","KAT2B"
"MIRNA","hsa-mir-3680","MIRNA:hsa-mir-3680","1","0","584","17","1","16638","NFATC3"
"MIRNA","hsa-mir-3065-3p","MIRNA:hsa-mir-3065-3p","1","0","1280","17","2","16638","MYPN,NFATC3"
"MIRNA","hsa-mir-3943","MIRNA:hsa-mir-3943","1","0","617","17","1","16638","ADM"
"MIRNA","hsa-mir-1827","MIRNA:hsa-mir-1827","1","0","2651","17","2","16638","PRDM16,NFATC3"
"MIRNA","hsa-mir-4273","MIRNA:hsa-mir-4273","1","0","962","17","1","16638","SP3"
"MIRNA","hsa-mir-431","MIRNA:hsa-mir-431","1","0","755","17","1","16638","PRDM16"
"MIRNA","hsa-mir-1264","MIRNA:hsa-mir-1264","1","0","995","17","2","16638","NFATC3,MYO18B"
"MIRNA","hsa-mir-376b-3p","MIRNA:hsa-mir-376b-3p","1","0","82","17","1","16638","TMEM245"
"MIRNA","hsa-mir-548aa","MIRNA:hsa-mir-548aa","1","0","1692","17","2","16638","SP3,KAT2B"
"MIRNA","hsa-mir-1285","MIRNA:hsa-mir-1285","1","0","1796","17","2","16638","PRDM16,HSPG2"
"MIRNA","hsa-mir-4666-5p","MIRNA:hsa-mir-4666-5p","1","0","1059","17","1","16638","SP3"
"MIRNA","hsa-mir-514","MIRNA:hsa-mir-514","1","0","718","17","1","16638","PKP2"
"MIRNA","hsa-mir-4422","MIRNA:hsa-mir-4422","1","0","1506","17","2","16638","KAT2B,NFATC3"
"MIRNA","hsa-mir-449a","MIRNA:hsa-mir-449a","1","0","1247","17","2","16638","NOS1AP,PKP2"
"MIRNA","hsa-mir-3612","MIRNA:hsa-mir-3612","1","0","1750","17","1","16638","ADM"
"MIRNA","hsa-mir-15a","MIRNA:hsa-mir-15a","1","0","2025","17","3","16638","HSPG2,LDB3,NFATC3"
"MIRNA","hsa-mir-3663-3p","MIRNA:hsa-mir-3663-3p","1","0","741","17","1","16638","CACNA2D2"
"MIRNA","hsa-mir-1269","MIRNA:hsa-mir-1269","1","0","567","17","1","16638","NOS1AP"
"MIRNA","hsa-mir-4710","MIRNA:hsa-mir-4710","1","0","1102","17","2","16638","NOS1AP,CACNA2D2"
"MIRNA","hsa-mir-1262","MIRNA:hsa-mir-1262","1","0","1060","17","1","16638","CACNA2D2"
"MIRNA","hsa-mir-891a","MIRNA:hsa-mir-891a","1","0","134","17","1","16638","LDB3"
"MIRNA","hsa-mir-591","MIRNA:hsa-mir-591","1","0","539","17","2","16638","KAT2B,NFATC3"
"MIRNA","hsa-mir-1299","MIRNA:hsa-mir-1299","1","0","1294","17","3","16638","NOS1AP,PKP2,NFATC3"
"MIRNA","hsa-mir-374c","MIRNA:hsa-mir-374c","1","0","1231","17","2","16638","SP3,ADM"
"MIRNA","hsa-mir-4699-3p","MIRNA:hsa-mir-4699-3p","1","0","1526","17","1","16638","GNRHR"
"MIRNA","hsa-mir-548v","MIRNA:hsa-mir-548v","1","0","877","17","2","16638","PRDM16,NFATC3"
"MIRNA","hsa-mir-2115","MIRNA:hsa-mir-2115","1","0","1019","17","1","16638","NFATC3"
"MIRNA","hsa-mir-188-5p","MIRNA:hsa-mir-188-5p","1","0","664","17","1","16638","KAT2B"
"MIRNA","hsa-mir-1293","MIRNA:hsa-mir-1293","1","0","1184","17","1","16638","HSPG2"
"MIRNA","hsa-mir-4661-5p","MIRNA:hsa-mir-4661-5p","1","0","409","17","2","16638","HSPG2,NFATC3"
"MIRNA","hsa-mir-6516-5p","MIRNA:hsa-mir-6516-5p","1","0","330","17","1","16638","MYPN"
"MIRNA","hsa-mir-4323","MIRNA:hsa-mir-4323","1","0","849","17","1","16638","CACNA2D2"
"MIRNA","hsa-mir-378g","MIRNA:hsa-mir-378g","1","0","1417","17","2","16638","HSPG2,PKP2"
"MIRNA","hsa-mir-197","MIRNA:hsa-mir-197","1","0","1348","17","1","16638","KAT2B"
"MIRNA","hsa-mir-4723-5p","MIRNA:hsa-mir-4723-5p","1","0","1454","17","2","16638","PRDM16,CACNA2D2"
"MIRNA","hsa-mir-6499-3p","MIRNA:hsa-mir-6499-3p","1","0","525","17","1","16638","MYPN"
"MIRNA","hsa-mir-608","MIRNA:hsa-mir-608","1","0","1587","17","2","16638","PRDM16,ADM"
"MIRNA","hsa-mir-16","MIRNA:hsa-mir-16","1","0","2025","17","3","16638","HSPG2,LDB3,NFATC3"
"MIRNA","hsa-mir-4693-5p","MIRNA:hsa-mir-4693-5p","1","0","833","17","1","16638","SP3"
"MIRNA","hsa-mir-34c-3p","MIRNA:hsa-mir-34c-3p","1","0","818","17","3","16638","PRDM16,CACNA2D2,NFATC3"
"MIRNA","hsa-mir-27a-3p","MIRNA:hsa-mir-27a-3p","1","0","412","17","1","16638","SP3"
"MIRNA","hsa-mir-548k","MIRNA:hsa-mir-548k","1","0","1167","17","1","16638","SP3"
"MIRNA","hsa-mir-6791-3p","MIRNA:hsa-mir-6791-3p","1","0","278","17","1","16638","MYPN"
"MIRNA","hsa-mir-491-5p","MIRNA:hsa-mir-491-5p","1","0","1344","17","2","16638","HSPG2,CRYAB"
"MIRNA","hsa-mir-3124-3p","MIRNA:hsa-mir-3124-3p","1","0","1517","17","1","16638","KAT2B"
"MIRNA","hsa-mir-29c","MIRNA:hsa-mir-29c","1","0","1065","17","2","16638","MYPN,NFATC3"
"MIRNA","hsa-mir-30a","MIRNA:hsa-mir-30a","1","0","1326","17","1","16638","NFATC3"
"MIRNA","hsa-mir-1228","MIRNA:hsa-mir-1228","1","0","1302","17","1","16638","LDB3"
"MIRNA","hsa-mir-4641","MIRNA:hsa-mir-4641","1","0","616","17","1","16638","NFATC3"
"MIRNA","hsa-mir-1255a","MIRNA:hsa-mir-1255a","1","0","822","17","1","16638","PKP2"
"MIRNA","hsa-mir-6793-3p","MIRNA:hsa-mir-6793-3p","1","0","142","17","1","16638","TMEM245"
"MIRNA","hsa-mir-3911","MIRNA:hsa-mir-3911","1","0","848","17","1","16638","NFATC3"
"MIRNA","hsa-mir-421","MIRNA:hsa-mir-421","1","0","1449","17","3","16638","SP3,PKP2,NFATC3"
"MIRNA","hsa-mir-4269","MIRNA:hsa-mir-4269","1","0","1599","17","1","16638","PRDM16"
"MIRNA","hsa-mir-146b-5p","MIRNA:hsa-mir-146b-5p","1","0","985","17","1","16638","NFATC3"
"MIRNA","hsa-mir-4728-5p","MIRNA:hsa-mir-4728-5p","1","0","3076","17","3","16638","PRDM16,HSPG2,CACNA2D2"
"MIRNA","hsa-mir-4685-5p","MIRNA:hsa-mir-4685-5p","1","0","1509","17","4","16638","PRDM16,HSPG2,PTP4A3,PKP2"
"MIRNA","hsa-mir-6769b-5p","MIRNA:hsa-mir-6769b-5p","1","0","107","17","1","16638","ADM"
"MIRNA","hsa-mir-4708-5p","MIRNA:hsa-mir-4708-5p","1","0","1036","17","1","16638","CACNA2D2"
"MIRNA","hsa-mir-4735-5p","MIRNA:hsa-mir-4735-5p","1","0","1612","17","1","16638","LDB3"
"MIRNA","hsa-mir-218-5p","MIRNA:hsa-mir-218-5p","1","0","788","17","3","16638","HSPG2,SP3,NFATC3"
"MIRNA","hsa-mir-9-5p","MIRNA:hsa-mir-9-5p","1","0","309","17","2","16638","TMEM245,NFATC3"
"MIRNA","hsa-mir-2054","MIRNA:hsa-mir-2054","1","0","878","17","1","16638","GNRHR"
"MIRNA","hsa-mir-376a","MIRNA:hsa-mir-376a","1","0","657","17","2","16638","KAT2B,NFATC3"
"MIRNA","hsa-mir-4254","MIRNA:hsa-mir-4254","1","0","1329","17","4","16638","PRDM16,KAT2B,CACNA2D2,NFATC3"
"MIRNA","hsa-mir-4519","MIRNA:hsa-mir-4519","1","0","1074","17","1","16638","MYPN"
"MIRNA","hsa-mir-4302","MIRNA:hsa-mir-4302","1","0","1217","17","2","16638","SP3,KAT2B"
"MIRNA","hsa-mir-3140-5p","MIRNA:hsa-mir-3140-5p","1","0","923","17","1","16638","NFATC3"
"MIRNA","hsa-mir-199a-5p","MIRNA:hsa-mir-199a-5p","1","0","1055","17","1","16638","NFATC3"
"MIRNA","hsa-mir-3163","MIRNA:hsa-mir-3163","1","0","2553","17","5","16638","SP3,GNRHR,MYPN,PKP2,NFATC3"
"MIRNA","hsa-mir-19b-3p","MIRNA:hsa-mir-19b-3p","1","0","680","17","1","16638","KAT2B"
"MIRNA","hsa-mir-302d-3p","MIRNA:hsa-mir-302d-3p","1","0","422","17","1","16638","MYPN"
"MIRNA","hsa-mir-1305","MIRNA:hsa-mir-1305","1","0","1802","17","5","16638","SP3,KAT2B,GNRHR,PKP2,NFATC3"
"MIRNA","hsa-mir-3173-3p","MIRNA:hsa-mir-3173-3p","1","0","1217","17","3","16638","ADM,NFATC3,MYO18B"
"MIRNA","hsa-mir-95-3p","MIRNA:hsa-mir-95-3p","1","0","10","17","1","16638","TMEM245"
"MIRNA","hsa-mir-6728-5p","MIRNA:hsa-mir-6728-5p","1","0","67","17","1","16638","TMEM245"
"MIRNA","hsa-mir-4776-3p","MIRNA:hsa-mir-4776-3p","1","0","975","17","1","16638","MECOM"
"MIRNA","hsa-mir-4768-5p","MIRNA:hsa-mir-4768-5p","1","0","1787","17","3","16638","PRDM16,ADM,NFATC3"
"MIRNA","hsa-mir-520d-3p","MIRNA:hsa-mir-520d-3p","1","0","1834","17","6","16638","PRDM16,NOS1AP,SP3,KAT2B,MYPN,NFATC3"
"MIRNA","hsa-mir-3151-5p","MIRNA:hsa-mir-3151-5p","1","0","51","17","1","16638","CACNA2D2"
"MIRNA","hsa-mir-27b","MIRNA:hsa-mir-27b","1","0","1886","17","3","16638","PRDM16,KAT2B,NFATC3"
"MIRNA","hsa-mir-4424","MIRNA:hsa-mir-4424","1","0","702","17","2","16638","NOS1AP,PKP2"
"MIRNA","hsa-mir-1182","MIRNA:hsa-mir-1182","1","0","695","17","1","16638","ADM"
"MIRNA","hsa-mir-3617","MIRNA:hsa-mir-3617","1","0","1236","17","1","16638","SP3"
"MIRNA","hsa-mir-4529-5p","MIRNA:hsa-mir-4529-5p","1","0","668","17","1","16638","NFATC3"
"MIRNA","hsa-mir-4640-5p","MIRNA:hsa-mir-4640-5p","1","0","1275","17","1","16638","NOS1AP"
"MIRNA","hsa-mir-190","MIRNA:hsa-mir-190","1","0","545","17","1","16638","SP3"
"MIRNA","hsa-mir-510","MIRNA:hsa-mir-510","1","0","1166","17","1","16638","ADM"
"MIRNA","hsa-mir-365b-3p","MIRNA:hsa-mir-365b-3p","1","0","78","17","1","16638","ADM"
"MIRNA","hsa-mir-342-3p","MIRNA:hsa-mir-342-3p","1","0","1299","17","1","16638","NFATC3"
"MIRNA","hsa-mir-4715-3p","MIRNA:hsa-mir-4715-3p","1","0","1276","17","1","16638","LDB3"
"MIRNA","hsa-mir-484","MIRNA:hsa-mir-484","1","0","1965","17","2","16638","HSPG2,SP3"
"MIRNA","hsa-mir-448","MIRNA:hsa-mir-448","1","0","885","17","1","16638","SP3"
"MIRNA","hsa-mir-3924","MIRNA:hsa-mir-3924","1","0","1087","17","2","16638","SP3,ADM"
"MIRNA","hsa-mir-3168","MIRNA:hsa-mir-3168","1","0","776","17","1","16638","SP3"
"MIRNA","hsa-mir-615-5p","MIRNA:hsa-mir-615-5p","1","0","746","17","1","16638","PRDM16"
"MIRNA","hsa-mir-219-1-3p","MIRNA:hsa-mir-219-1-3p","1","0","563","17","2","16638","NOS1AP,PKP2"
"MIRNA","hsa-mir-361-3p","MIRNA:hsa-mir-361-3p","1","0","1327","17","3","16638","TMEM245,ADM,NFATC3"
"MIRNA","hsa-mir-17","MIRNA:hsa-mir-17","1","0","1981","17","2","16638","NOS1AP,KAT2B"
"MIRNA","hsa-mir-676","MIRNA:hsa-mir-676","1","0","604","17","1","16638","KAT2B"
"MIRNA","hsa-mir-3157-5p","MIRNA:hsa-mir-3157-5p","1","0","1027","17","1","16638","TMEM245"
"MIRNA","hsa-mir-199b-5p","MIRNA:hsa-mir-199b-5p","1","0","1020","17","1","16638","NFATC3"
"MIRNA","hsa-mir-3180-5p","MIRNA:hsa-mir-3180-5p","1","0","1663","17","3","16638","PRDM16,SP3,MECOM"
"MIRNA","hsa-mir-4778-3p","MIRNA:hsa-mir-4778-3p","1","0","1321","17","2","16638","ADM,PKP2"
"MIRNA","hsa-mir-643","MIRNA:hsa-mir-643","1","0","562","17","1","16638","MECOM"
"MIRNA","hsa-mir-3616-3p","MIRNA:hsa-mir-3616-3p","1","0","1124","17","2","16638","PRDM16,LDB3"
"MIRNA","hsa-mir-4438","MIRNA:hsa-mir-4438","1","0","1845","17","1","16638","NFATC3"
"MIRNA","hsa-mir-4662a-5p","MIRNA:hsa-mir-4662a-5p","1","0","1035","17","1","16638","TMEM245"
"MIRNA","hsa-mir-151-3p","MIRNA:hsa-mir-151-3p","1","0","466","17","1","16638","SP3"
"MIRNA","hsa-mir-3975","MIRNA:hsa-mir-3975","1","0","978","17","1","16638","ADM"
"MIRNA","hsa-mir-4742-3p","MIRNA:hsa-mir-4742-3p","1","0","1026","17","1","16638","ADM"
"MIRNA","hsa-mir-493","MIRNA:hsa-mir-493","1","0","676","17","2","16638","NFATC3,MYO18B"
"MIRNA","hsa-mir-887-5p","MIRNA:hsa-mir-887-5p","1","0","389","17","1","16638","TMEM245"
"MIRNA","hsa-mir-302c","MIRNA:hsa-mir-302c","1","0","1612","17","5","16638","PRDM16,NOS1AP,SP3,KAT2B,NFATC3"
"MIRNA","hsa-mir-4329","MIRNA:hsa-mir-4329","1","0","1024","17","2","16638","ADM,PKP2"
"MIRNA","hsa-mir-4516","MIRNA:hsa-mir-4516","1","0","1630","17","1","16638","NOS1AP"
"MIRNA","hsa-mir-4668-5p","MIRNA:hsa-mir-4668-5p","1","0","1977","17","3","16638","PRDM16,CACNA2D2,NFATC3"
"MIRNA","hsa-mir-346","MIRNA:hsa-mir-346","1","0","676","17","1","16638","PRDM16"
"MIRNA","hsa-mir-6801-5p","MIRNA:hsa-mir-6801-5p","1","0","78","17","1","16638","TMEM245"
"MIRNA","hsa-mir-548l","MIRNA:hsa-mir-548l","1","0","1280","17","1","16638","NFATC3"
"MIRNA","hsa-mir-4668-3p","MIRNA:hsa-mir-4668-3p","1","0","1513","17","1","16638","GNRHR"
"MIRNA","hsa-mir-4778-5p","MIRNA:hsa-mir-4778-5p","1","0","1164","17","1","16638","PKP2"
"MIRNA","hsa-mir-452","MIRNA:hsa-mir-452","1","0","1015","17","1","16638","KAT2B"
"MIRNA","hsa-mir-3115","MIRNA:hsa-mir-3115","1","0","439","17","1","16638","GNRHR"
"MIRNA","hsa-mir-1","MIRNA:hsa-mir-1","1","0","1064","17","3","16638","MECOM,GNRHR,NFATC3"
"MIRNA","hsa-mir-4281","MIRNA:hsa-mir-4281","1","0","515","17","1","16638","NOS1AP"
"MIRNA","hsa-mir-4464","MIRNA:hsa-mir-4464","1","0","902","17","2","16638","PRDM16,ADM"
"MIRNA","hsa-mir-1277","MIRNA:hsa-mir-1277","1","0","120","17","1","16638","PRDM16"
"MIRNA","hsa-mir-589","MIRNA:hsa-mir-589","1","0","822","17","1","16638","NFATC3"
"MIRNA","hsa-mir-4278","MIRNA:hsa-mir-4278","1","0","470","17","1","16638","NOS1AP"
"MIRNA","hsa-mir-760","MIRNA:hsa-mir-760","1","0","1152","17","3","16638","NOS1AP,PKP2,NFATC3"
"MIRNA","hsa-mir-4434","MIRNA:hsa-mir-4434","1","0","1630","17","1","16638","NOS1AP"
"MIRNA","hsa-mir-615-3p","MIRNA:hsa-mir-615-3p","1","0","923","17","1","16638","PRDM16"
"MIRNA","hsa-mir-548n","MIRNA:hsa-mir-548n","1","0","1774","17","2","16638","SP3,NFATC3"
"MIRNA","hsa-mir-4646-3p","MIRNA:hsa-mir-4646-3p","1","0","649","17","1","16638","KAT2B"
"MIRNA","hsa-mir-1915-3p","MIRNA:hsa-mir-1915-3p","1","0","185","17","1","16638","MYPN"
"MIRNA","hsa-mir-498","MIRNA:hsa-mir-498","1","0","1732","17","3","16638","SP3,KAT2B,NFATC3"
"MIRNA","hsa-mir-365a-3p","MIRNA:hsa-mir-365a-3p","1","0","121","17","1","16638","ADM"
"MIRNA","hsa-mir-3689a-5p","MIRNA:hsa-mir-3689a-5p","1","0","496","17","1","16638","PKP2"
"MIRNA","hsa-mir-613","MIRNA:hsa-mir-613","1","0","1083","17","3","16638","MECOM,GNRHR,NFATC3"
"MIRNA","hsa-mir-4462","MIRNA:hsa-mir-4462","1","0","343","17","1","16638","ADM"
"MIRNA","hsa-mir-6743-5p","MIRNA:hsa-mir-6743-5p","1","0","69","17","1","16638","NOS1AP"
"MIRNA","hsa-mir-4793-5p","MIRNA:hsa-mir-4793-5p","1","0","1119","17","1","16638","NFATC3"
"MIRNA","hsa-mir-3141","MIRNA:hsa-mir-3141","1","0","245","17","1","16638","HSPG2"
"MIRNA","hsa-mir-4511","MIRNA:hsa-mir-4511","1","0","1011","17","1","16638","SP3"
"MIRNA","hsa-mir-548f","MIRNA:hsa-mir-548f","1","0","1552","17","4","16638","NOS1AP,SP3,GNRHR,NFATC3"
"MIRNA","hsa-mir-4690-3p","MIRNA:hsa-mir-4690-3p","1","0","1147","17","1","16638","HSPG2"
"MIRNA","hsa-mir-548ah-5p","MIRNA:hsa-mir-548ah-5p","1","0","289","17","1","16638","MYPN"
"MIRNA","hsa-mir-526b","MIRNA:hsa-mir-526b","1","0","811","17","1","16638","NFATC3"
"MIRNA","hsa-mir-2964a-5p","MIRNA:hsa-mir-2964a-5p","1","0","595","17","1","16638","PKP2"
"MIRNA","hsa-mir-4793-3p","MIRNA:hsa-mir-4793-3p","1","0","1613","17","3","16638","MYPN,ADM,MYO18B"
"MIRNA","hsa-mir-4534","MIRNA:hsa-mir-4534","1","0","1068","17","1","16638","NFATC3"
"MIRNA","hsa-mir-4677-3p","MIRNA:hsa-mir-4677-3p","1","0","1029","17","1","16638","PKP2"
"MIRNA","hsa-mir-4711-5p","MIRNA:hsa-mir-4711-5p","1","0","822","17","1","16638","NFATC3"
"MIRNA","hsa-mir-1298","MIRNA:hsa-mir-1298","1","0","818","17","2","16638","SP3,CRYAB"
"MIRNA","hsa-mir-889","MIRNA:hsa-mir-889","1","0","1053","17","1","16638","SP3"
"MIRNA","hsa-mir-3117-5p","MIRNA:hsa-mir-3117-5p","1","0","1141","17","1","16638","CACNA2D2"
"MIRNA","hsa-mir-519d-3p","MIRNA:hsa-mir-519d-3p","1","0","859","17","2","16638","TMEM245,MYPN"
"MIRNA","hsa-mir-3934","MIRNA:hsa-mir-3934","1","0","1281","17","1","16638","PRDM16"
"MIRNA","hsa-mir-4483","MIRNA:hsa-mir-4483","1","0","1182","17","1","16638","HSPG2"
"MIRNA","hsa-mir-4639-5p","MIRNA:hsa-mir-4639-5p","1","0","670","17","2","16638","SP3,GNRHR"
"MIRNA","hsa-mir-3926","MIRNA:hsa-mir-3926","1","0","1386","17","2","16638","PKP2,MYO18B"
"MIRNA","hsa-mir-338-3p","MIRNA:hsa-mir-338-3p","1","0","1297","17","1","16638","NOS1AP"
"MIRNA","hsa-mir-1281","MIRNA:hsa-mir-1281","1","0","566","17","2","16638","HSPG2,MYPN"
"MIRNA","hsa-mir-3918","MIRNA:hsa-mir-3918","1","0","1232","17","1","16638","PTP4A3"
"MIRNA","hsa-mir-642b","MIRNA:hsa-mir-642b","1","0","1478","17","3","16638","NOS1AP,PKP2,NFATC3"
"MIRNA","hsa-mir-3689f","MIRNA:hsa-mir-3689f","1","0","495","17","1","16638","PKP2"
"MIRNA","hsa-mir-1321","MIRNA:hsa-mir-1321","1","0","1563","17","2","16638","HSPG2,CACNA2D2"
"MIRNA","hsa-mir-3142","MIRNA:hsa-mir-3142","1","0","573","17","2","16638","NOS1AP,PKP2"
"MIRNA","hsa-mir-582-5p","MIRNA:hsa-mir-582-5p","1","0","1420","17","1","16638","PKP2"
"MIRNA","hsa-mir-4252","MIRNA:hsa-mir-4252","1","0","1866","17","2","16638","HSPG2,MYPN"
"MIRNA","hsa-mir-4443","MIRNA:hsa-mir-4443","1","0","1124","17","2","16638","HSPG2,CACNA2D2"
"MIRNA","hsa-mir-3910","MIRNA:hsa-mir-3910","1","0","1201","17","2","16638","SP3,NFATC3"
"MIRNA","hsa-mir-4272","MIRNA:hsa-mir-4272","1","0","1130","17","2","16638","SP3,MYPN"
"MIRNA","hsa-mir-4753-3p","MIRNA:hsa-mir-4753-3p","1","0","1728","17","3","16638","PRDM16,SP3,ADM"
"MIRNA","hsa-mir-4261","MIRNA:hsa-mir-4261","1","0","1223","17","2","16638","GNRHR,NFATC3"
"MIRNA","hsa-mir-21","MIRNA:hsa-mir-21","1","0","701","17","2","16638","NOS1AP,SP3"
"MIRNA","hsa-mir-378i","MIRNA:hsa-mir-378i","1","0","726","17","1","16638","PRDM16"
"MIRNA","hsa-mir-550b","MIRNA:hsa-mir-550b","1","0","531","17","1","16638","PKP2"
"MIRNA","hsa-mir-1183","MIRNA:hsa-mir-1183","1","0","919","17","1","16638","SP3"
"MIRNA","hsa-mir-520a-5p","MIRNA:hsa-mir-520a-5p","1","0","1486","17","3","16638","SP3,MECOM,LDB3"
"MIRNA","hsa-mir-3127-5p","MIRNA:hsa-mir-3127-5p","1","0","1050","17","2","16638","PRDM16,PKP2"
"MIRNA","hsa-mir-574-3p","MIRNA:hsa-mir-574-3p","1","0","134","17","1","16638","ADM"
"MIRNA","hsa-mir-6738-5p","MIRNA:hsa-mir-6738-5p","1","0","85","17","1","16638","NOS1AP"
"MIRNA","hsa-mir-4775","MIRNA:hsa-mir-4775","1","0","2706","17","2","16638","KAT2B,LDB3"
"MIRNA","hsa-mir-34a","MIRNA:hsa-mir-34a","1","0","1218","17","2","16638","NOS1AP,PKP2"
"MIRNA","hsa-mir-4713-5p","MIRNA:hsa-mir-4713-5p","1","0","1351","17","1","16638","MYPN"
"MIRNA","hsa-mir-654-5p","MIRNA:hsa-mir-654-5p","1","0","1385","17","5","16638","KAT2B,ADM,CRYAB,PKP2,NFATC3"
"MIRNA","hsa-mir-575","MIRNA:hsa-mir-575","1","0","1240","17","1","16638","NFATC3"
"MIRNA","hsa-mir-516a-3p","MIRNA:hsa-mir-516a-3p","1","0","1089","17","1","16638","NFATC3"
"MIRNA","hsa-mir-4287","MIRNA:hsa-mir-4287","1","0","1262","17","2","16638","NOS1AP,NFATC3"
"MIRNA","hsa-mir-6088","MIRNA:hsa-mir-6088","1","0","115","17","1","16638","MYPN"
"MIRNA","hsa-mir-548t-5p","MIRNA:hsa-mir-548t-5p","1","0","253","17","1","16638","NFATC3"
"MIRNA","hsa-mir-181d","MIRNA:hsa-mir-181d","1","0","1663","17","3","16638","NOS1AP,ADM,PKP2"
"MIRNA","hsa-mir-193a-5p","MIRNA:hsa-mir-193a-5p","1","0","694","17","1","16638","TMEM245"
"MIRNA","hsa-mir-520g-3p","MIRNA:hsa-mir-520g-3p","1","0","354","17","1","16638","MYO18B"
"MIRNA","hsa-mir-3189-5p","MIRNA:hsa-mir-3189-5p","1","0","816","17","1","16638","CACNA2D2"
"MIRNA","hsa-mir-4510","MIRNA:hsa-mir-4510","1","0","1558","17","2","16638","HSPG2,LDB3"
"MIRNA","hsa-mir-182","MIRNA:hsa-mir-182","1","0","1177","17","4","16638","PRDM16,SP3,MECOM,MYO18B"
"MIRNA","hsa-mir-4736","MIRNA:hsa-mir-4736","1","0","1611","17","2","16638","HSPG2,NOS1AP"
"MIRNA","hsa-mir-186","MIRNA:hsa-mir-186","1","0","1640","17","1","16638","SP3"
"MIRNA","hsa-mir-4716-3p","MIRNA:hsa-mir-4716-3p","1","0","941","17","2","16638","PRDM16,NOS1AP"
"MIRNA","hsa-mir-4533","MIRNA:hsa-mir-4533","1","0","1701","17","2","16638","PRDM16,NOS1AP"
"MIRNA","hsa-mir-523-5p","MIRNA:hsa-mir-523-5p","1","0","51","17","1","16638","TMEM245"
"MIRNA","hsa-mir-552","MIRNA:hsa-mir-552","1","0","1306","17","3","16638","PRDM16,SP3,NFATC3"
"MIRNA","hsa-mir-138-2-3p","MIRNA:hsa-mir-138-2-3p","1","0","85","17","1","16638","NOS1AP"
"MIRNA","hsa-mir-502-3p","MIRNA:hsa-mir-502-3p","1","0","708","17","1","16638","NOS1AP"
"MIRNA","hsa-mir-4716-5p","MIRNA:hsa-mir-4716-5p","1","0","1396","17","1","16638","SP3"
"MIRNA","hsa-mir-4647","MIRNA:hsa-mir-4647","1","0","986","17","2","16638","PRDM16,KAT2B"
"MIRNA","hsa-mir-6769b-3p","MIRNA:hsa-mir-6769b-3p","1","0","205","17","1","16638","MYPN"
"MIRNA","hsa-mir-4687-3p","MIRNA:hsa-mir-4687-3p","1","0","821","17","1","16638","NOS1AP"
"MIRNA","hsa-mir-146a","MIRNA:hsa-mir-146a","1","0","919","17","1","16638","NFATC3"
"MIRNA","hsa-mir-3123","MIRNA:hsa-mir-3123","1","0","1271","17","2","16638","PKP2,MYO18B"
"MIRNA","hsa-mir-513c-3p","MIRNA:hsa-mir-513c-3p","1","0","173","17","1","16638","TMEM245"
"MIRNA","hsa-mir-3188","MIRNA:hsa-mir-3188","1","0","1051","17","2","16638","ADM,NFATC3"
"MIRNA","hsa-mir-599","MIRNA:hsa-mir-599","1","0","906","17","1","16638","LDB3"
"MIRNA","hsa-mir-129-5p","MIRNA:hsa-mir-129-5p","1","0","2140","17","5","16638","SP3,MECOM,LDB3,PKP2,NFATC3"
"MIRNA","hsa-mir-4532","MIRNA:hsa-mir-4532","1","0","641","17","1","16638","ADM"
"MIRNA","hsa-mir-888","MIRNA:hsa-mir-888","1","0","921","17","1","16638","NFATC3"
"MIRNA","hsa-mir-4418","MIRNA:hsa-mir-4418","1","0","1515","17","1","16638","PKP2"
"MIRNA","hsa-mir-2467-5p","MIRNA:hsa-mir-2467-5p","1","0","1121","17","1","16638","ADM"
"MIRNA","hsa-mir-4310","MIRNA:hsa-mir-4310","1","0","1468","17","1","16638","ADM"
"MIRNA","hsa-mir-3155b","MIRNA:hsa-mir-3155b","1","0","1333","17","1","16638","HSPG2"
"MIRNA","hsa-mir-4446-3p","MIRNA:hsa-mir-4446-3p","1","0","1114","17","2","16638","PRDM16,ADM"
"MIRNA","hsa-mir-3647-5p","MIRNA:hsa-mir-3647-5p","1","0","899","17","1","16638","ADM"
"MIRNA","hsa-mir-298","MIRNA:hsa-mir-298","1","0","1560","17","1","16638","PKP2"
"MIRNA","hsa-mir-548b-3p","MIRNA:hsa-mir-548b-3p","1","0","807","17","2","16638","SP3,KAT2B"
"MIRNA","hsa-mir-92b","MIRNA:hsa-mir-92b","1","0","1275","17","3","16638","KAT2B,ADM,NFATC3"
"MIRNA","hsa-mir-3129-3p","MIRNA:hsa-mir-3129-3p","1","0","725","17","1","16638","TMEM245"
"MIRNA","hsa-mir-6771-3p","MIRNA:hsa-mir-6771-3p","1","0","174","17","1","16638","MYPN"
"MIRNA","hsa-mir-323b-5p","MIRNA:hsa-mir-323b-5p","1","0","431","17","1","16638","KAT2B"
"MIRNA","hsa-mir-3150b-3p","MIRNA:hsa-mir-3150b-3p","1","0","1376","17","5","16638","PRDM16,GNRHR,PTP4A3,LDB3,NFATC3"
"MIRNA","hsa-mir-125b-5p","MIRNA:hsa-mir-125b-5p","1","0","413","17","1","16638","ADM"
"MIRNA","hsa-mir-4666a-3p","MIRNA:hsa-mir-4666a-3p","1","0","96","17","1","16638","ADM"
"MIRNA","hsa-mir-6512-5p","MIRNA:hsa-mir-6512-5p","1","0","58","17","1","16638","TMEM245"
"MIRNA","hsa-mir-181a-5p","MIRNA:hsa-mir-181a-5p","1","0","520","17","1","16638","KAT2B"
"MIRNA","hsa-mir-4711-3p","MIRNA:hsa-mir-4711-3p","1","0","779","17","1","16638","NFATC3"
"MIRNA","hsa-mir-500b-3p","MIRNA:hsa-mir-500b-3p","1","0","163","17","1","16638","ADM"
"MIRNA","hsa-mir-548z","MIRNA:hsa-mir-548z","1","0","1870","17","1","16638","KAT2B"
"MIRNA","hsa-mir-223","MIRNA:hsa-mir-223","1","0","770","17","1","16638","SP3"
"MIRNA","hsa-mir-513c","MIRNA:hsa-mir-513c","1","0","1106","17","1","16638","PRDM16"
"MIRNA","hsa-mir-450a-1-3p","MIRNA:hsa-mir-450a-1-3p","1","0","324","17","1","16638","TMEM245"
"MIRNA","hsa-mir-3170","MIRNA:hsa-mir-3170","1","0","1017","17","1","16638","MYPN"
"MIRNA","hsa-mir-92a-3p","MIRNA:hsa-mir-92a-3p","1","0","1286","17","1","16638","KAT2B"
"MIRNA","hsa-mir-495","MIRNA:hsa-mir-495","1","0","1732","17","3","16638","SP3,MECOM,ADM"
"HPA","Cerebellum; processes in molecular layer[≥Medium]","HPA:0091032","0.16809747665476457","0.7744388057939426","185","13","3","11007","CACNA2D2,CRYAB,PKP2"
"HPA","Cerebellum; processes in molecular layer[≥Low]","HPA:0091031","0.20151477042897434","0.6956931158717381","197","13","3","11007","CACNA2D2,CRYAB,PKP2"
"HPA","Adrenal gland","HPA:0020000","1","0","7405","13","6","11007","KAT2B,MECOM,GNRHR,TMEM245,ADM,PKP2"
"HPA","Adipose tissue; adipocytes[High]","HPA:0010013","1","0","460","13","1","11007","MECOM"
"HPA","Adipose tissue; adipocytes[≥Medium]","HPA:0010012","1","0","2235","13","4","11007","SP3,MECOM,ADM,CRYAB"
"HPA","Adipose tissue; adipocytes[≥Low]","HPA:0010011","1","0","3938","13","6","11007","HSPG2,SP3,KAT2B,MECOM,ADM,CRYAB"
"HPA","Adipose tissue","HPA:0010000","1","0","3938","13","6","11007","HSPG2,SP3,KAT2B,MECOM,ADM,CRYAB"
"HPA","HPA root","HPA:0000000","1","0","11007","13","13","11007","HSPG2,NOS1AP,SP3,KAT2B,CACNA2D2,MECOM,GNRHR,TMEM245,MYPN,LDB3,ADM,CRYAB,PKP2"
"HPA","Appendix; glandular cells[High]","HPA:0030053","1","0","1883","13","1","11007","ADM"
"HPA","Appendix; glandular cells[≥Medium]","HPA:0030052","1","0","5496","13","2","11007","ADM,PKP2"
"HPA","Appendix; glandular cells[≥Low]","HPA:0030051","1","0","6740","13","5","11007","HSPG2,SP3,TMEM245,ADM,PKP2"
"HPA","Appendix; enterocytes - Microvilli[High]","HPA:0031323","1","0","93","13","1","11007","MECOM"
"HPA","Appendix; enterocytes - Microvilli[≥Medium]","HPA:0031322","1","0","172","13","1","11007","MECOM"
"HPA","Appendix; enterocytes - Microvilli[≥Low]","HPA:0031321","1","0","199","13","1","11007","MECOM"
"HPA","Appendix; enterocytes[High]","HPA:0031303","1","0","189","13","1","11007","MECOM"
"HPA","Appendix; enterocytes[≥Medium]","HPA:0031302","1","0","362","13","1","11007","MECOM"
"HPA","Appendix; enterocytes[≥Low]","HPA:0031301","1","0","478","13","1","11007","MECOM"
"HPA","Appendix; endocrine cells[High]","HPA:0031293","1","0","228","13","1","11007","MECOM"
"HPA","Appendix; endocrine cells[≥Medium]","HPA:0031292","1","0","368","13","1","11007","MECOM"
"HPA","Appendix; endocrine cells[≥Low]","HPA:0031291","1","0","419","13","1","11007","MECOM"
"HPA","Appendix","HPA:0030000","1","0","7819","13","7","11007","HSPG2,SP3,KAT2B,MECOM,TMEM245,ADM,PKP2"
"HPA","Adrenal gland; glandular cells[High]","HPA:0020053","1","0","2284","13","3","11007","MECOM,TMEM245,ADM"
"HPA","Adrenal gland; glandular cells[≥Medium]","HPA:0020052","1","0","6004","13","3","11007","MECOM,TMEM245,ADM"
"HPA","Adrenal gland; glandular cells[≥Low]","HPA:0020051","1","0","7398","13","6","11007","KAT2B,MECOM,GNRHR,TMEM245,ADM,PKP2"
"HPA","Breast; glandular cells[≥Low]","HPA:0050051","1","0","6799","13","8","11007","HSPG2,NOS1AP,SP3,KAT2B,MECOM,TMEM245,ADM,PKP2"
"HPA","Breast; adipocytes[≥Medium]","HPA:0050012","1","0","1490","13","1","11007","SP3"
"HPA","Breast; adipocytes[≥Low]","HPA:0050011","1","0","2778","13","3","11007","NOS1AP,SP3,MECOM"
"HPA","Breast","HPA:0050000","1","0","7170","13","8","11007","HSPG2,NOS1AP,SP3,KAT2B,MECOM,TMEM245,ADM,PKP2"
"HPA","Bone marrow; hematopoietic cells[≥Medium]","HPA:0040082","1","0","4261","13","3","11007","SP3,KAT2B,ADM"
"HPA","Bone marrow; hematopoietic cells[≥Low]","HPA:0040081","1","0","6492","13","5","11007","HSPG2,SP3,KAT2B,MECOM,ADM"
"HPA","Bone marrow","HPA:0040000","1","0","6492","13","5","11007","HSPG2,SP3,KAT2B,MECOM,ADM"
"HPA","Appendix; non-germinal center cells[High]","HPA:0030443","1","0","104","13","1","11007","MECOM"
"HPA","Appendix; non-germinal center cells[≥Medium]","HPA:0030442","1","0","262","13","1","11007","MECOM"
"HPA","Appendix; non-germinal center cells[≥Low]","HPA:0030441","1","0","335","13","1","11007","MECOM"
"HPA","Appendix; lymphoid tissue[High]","HPA:0030073","1","0","766","13","1","11007","ADM"
"HPA","Appendix; lymphoid tissue[≥Medium]","HPA:0030072","1","0","2990","13","2","11007","SP3,ADM"
"HPA","Appendix; lymphoid tissue[≥Low]","HPA:0030071","1","0","4732","13","4","11007","HSPG2,SP3,KAT2B,ADM"
"HPA","Appendix; goblet cells[High]","HPA:0030893","1","0","180","13","1","11007","MECOM"
"HPA","Appendix; goblet cells[≥Medium]","HPA:0030892","1","0","314","13","1","11007","MECOM"
"HPA","Appendix; goblet cells[≥Low]","HPA:0030891","1","0","385","13","1","11007","MECOM"
"HPA","Bronchus; ciliated cells (tip of cilia)[≥Low]","HPA:0060881","1","0","581","13","1","11007","ADM"
"HPA","Bronchus; ciliated cells (ciliary rootlets)[High]","HPA:0060873","1","0","159","13","1","11007","ADM"
"HPA","Bronchus; ciliated cells (ciliary rootlets)[≥Medium]","HPA:0060872","1","0","423","13","1","11007","ADM"
"HPA","Bronchus; ciliated cells (ciliary rootlets)[≥Low]","HPA:0060871","1","0","540","13","1","11007","ADM"
"HPA","Bronchus; ciliated cells (cell body)[High]","HPA:0060853","1","0","307","13","1","11007","ADM"
"HPA","Bronchus; ciliated cells (cell body)[≥Medium]","HPA:0060852","1","0","898","13","1","11007","ADM"
"HPA","Bronchus; ciliated cells (cell body)[≥Low]","HPA:0060851","1","0","1201","13","1","11007","ADM"
"HPA","Bronchus; basal cells[High]","HPA:0060843","1","0","160","13","1","11007","ADM"
"HPA","Bronchus; basal cells[≥Medium]","HPA:0060842","1","0","488","13","1","11007","ADM"
"HPA","Bronchus; basal cells[≥Low]","HPA:0060841","1","0","631","13","1","11007","ADM"
"HPA","Bronchus","HPA:0060000","1","0","7426","13","5","11007","HSPG2,SP3,KAT2B,MECOM,ADM"
"HPA","Breast; myoepithelial cells[High]","HPA:0050093","1","0","836","13","1","11007","SP3"
"HPA","Breast; myoepithelial cells[≥Medium]","HPA:0050092","1","0","3771","13","2","11007","SP3,MECOM"
"HPA","Breast; myoepithelial cells[≥Low]","HPA:0050091","1","0","5651","13","7","11007","HSPG2,NOS1AP,SP3,KAT2B,MECOM,TMEM245,ADM"
"HPA","Breast; glandular cells[High]","HPA:0050053","1","0","1349","13","1","11007","MECOM"
"HPA","Breast; glandular cells[≥Medium]","HPA:0050052","1","0","5099","13","3","11007","SP3,MECOM,ADM"
"HPA","Cerebellum; Bergmann glia - cytoplasm/membrane[≥Low]","HPA:0090901","1","0","106","13","1","11007","CRYAB"
"HPA","Cerebellum","HPA:0090000","1","0","7182","13","8","11007","NOS1AP,SP3,KAT2B,CACNA2D2,MECOM,TMEM245,CRYAB,PKP2"
"HPA","Caudate; neuronal cells[≥Medium]","HPA:0080132","1","0","4114","13","5","11007","NOS1AP,KAT2B,CACNA2D2,MECOM,PKP2"
"HPA","Caudate; neuronal cells[≥Low]","HPA:0080131","1","0","6151","13","6","11007","NOS1AP,KAT2B,CACNA2D2,MECOM,TMEM245,PKP2"
"HPA","Caudate; glial cells[High]","HPA:0080123","1","0","684","13","2","11007","MECOM,CRYAB"
"HPA","Caudate; glial cells[≥Medium]","HPA:0080122","1","0","2319","13","3","11007","KAT2B,MECOM,CRYAB"
"HPA","Caudate; glial cells[≥Low]","HPA:0080121","1","0","4575","13","7","11007","NOS1AP,SP3,KAT2B,MECOM,TMEM245,CRYAB,PKP2"
"HPA","Caudate","HPA:0080000","1","0","6952","13","8","11007","NOS1AP,SP3,KAT2B,CACNA2D2,MECOM,TMEM245,CRYAB,PKP2"
"HPA","Bronchus; respiratory epithelial cells[High]","HPA:0060103","1","0","1828","13","1","11007","MECOM"
"HPA","Bronchus; respiratory epithelial cells[≥Medium]","HPA:0060102","1","0","4887","13","3","11007","SP3,KAT2B,MECOM"
"HPA","Bronchus; respiratory epithelial cells[≥Low]","HPA:0060101","1","0","5879","13","4","11007","HSPG2,SP3,KAT2B,MECOM"
"HPA","Bronchus; goblet cells[High]","HPA:0060893","1","0","165","13","1","11007","ADM"
"HPA","Bronchus; goblet cells[≥Medium]","HPA:0060892","1","0","408","13","1","11007","ADM"
"HPA","Bronchus; goblet cells[≥Low]","HPA:0060891","1","0","454","13","1","11007","ADM"
"HPA","Bronchus; ciliated cells (tip of cilia)[High]","HPA:0060883","1","0","266","13","1","11007","ADM"
"HPA","Bronchus; ciliated cells (tip of cilia)[≥Medium]","HPA:0060882","1","0","478","13","1","11007","ADM"
"HPA","Cerebellum; cells in molecular layer[≥Medium]","HPA:0090192","1","0","2792","13","2","11007","KAT2B,MECOM"
"HPA","Cerebellum; cells in molecular layer[≥Low]","HPA:0090191","1","0","4454","13","3","11007","NOS1AP,KAT2B,MECOM"
"HPA","Cerebellum; cells in granular layer[High]","HPA:0090183","1","0","756","13","1","11007","MECOM"
"HPA","Cerebellum; cells in granular layer[≥Medium]","HPA:0090182","1","0","2928","13","1","11007","MECOM"
"HPA","Cerebellum; cells in granular layer[≥Low]","HPA:0090181","1","0","4539","13","2","11007","KAT2B,MECOM"
"HPA","Cerebellum; Purkinje cells - dendrites[High]","HPA:0090953","1","0","108","13","1","11007","PKP2"
"HPA","Cerebellum; Purkinje cells - dendrites[≥Medium]","HPA:0090952","1","0","209","13","2","11007","CACNA2D2,PKP2"
"HPA","Cerebellum; Purkinje cells - dendrites[≥Low]","HPA:0090951","1","0","229","13","2","11007","CACNA2D2,PKP2"
"HPA","Cerebellum; Purkinje cells - cytoplasm/membrane[High]","HPA:0090943","1","0","188","13","1","11007","PKP2"
"HPA","Cerebellum; Purkinje cells - cytoplasm/membrane[≥Medium]","HPA:0090942","1","0","364","13","2","11007","CACNA2D2,PKP2"
"HPA","Cerebellum; Purkinje cells - cytoplasm/membrane[≥Low]","HPA:0090941","1","0","441","13","2","11007","CACNA2D2,PKP2"
"HPA","Cerebellum; Purkinje cells[High]","HPA:0090163","1","0","1549","13","1","11007","MECOM"
"HPA","Cerebellum; Purkinje cells[≥Medium]","HPA:0090162","1","0","4119","13","2","11007","KAT2B,MECOM"
"HPA","Cerebellum; Purkinje cells[≥Low]","HPA:0090161","1","0","5564","13","3","11007","KAT2B,MECOM,TMEM245"
"HPA","Cerebellum; Bergmann glia - cytoplasm/membrane[High]","HPA:0090903","1","0","48","13","1","11007","CRYAB"
"HPA","Cerebellum; Bergmann glia - cytoplasm/membrane[≥Medium]","HPA:0090902","1","0","89","13","1","11007","CRYAB"
"HPA","Cerebellum; processes in white matter[≥Low]","HPA:0091041","1","0","205","13","2","11007","CRYAB,PKP2"
"HPA","Cerebellum; processes in molecular layer[High]","HPA:0091033","1","0","103","13","1","11007","PKP2"
"HPA","Cerebellum; processes in granular layer[High]","HPA:0091023","1","0","113","13","1","11007","PKP2"
"HPA","Cerebellum; processes in granular layer[≥Medium]","HPA:0091022","1","0","175","13","2","11007","CRYAB,PKP2"
"HPA","Cerebellum; processes in granular layer[≥Low]","HPA:0091021","1","0","203","13","2","11007","CRYAB,PKP2"
"HPA","Cerebellum; molecular layer - neuropil[≥Medium]","HPA:0090992","1","0","146","13","1","11007","CACNA2D2"
"HPA","Cerebellum; molecular layer - neuropil[≥Low]","HPA:0090991","1","0","263","13","1","11007","CACNA2D2"
"HPA","Cerebellum; granular cells - nucleus[High]","HPA:0090983","1","0","86","13","1","11007","CRYAB"
"HPA","Cerebellum; granular cells - nucleus[≥Medium]","HPA:0090982","1","0","130","13","2","11007","SP3,CRYAB"
"HPA","Cerebellum; granular cells - nucleus[≥Low]","HPA:0090981","1","0","145","13","2","11007","SP3,CRYAB"
"HPA","Cerebellum; granular cells - cytoplasm/membrane[High]","HPA:0090973","1","0","129","13","1","11007","CRYAB"
"HPA","Cerebellum; granular cells - cytoplasm/membrane[≥Medium]","HPA:0090972","1","0","229","13","1","11007","CRYAB"
"HPA","Cerebellum; granular cells - cytoplasm/membrane[≥Low]","HPA:0090971","1","0","295","13","1","11007","CRYAB"
"HPA","Cerebellum; cells in molecular layer[High]","HPA:0090193","1","0","918","13","2","11007","KAT2B,MECOM"
"HPA","Cerebral cortex; neuronal cells[≥Medium]","HPA:0100132","1","0","4984","13","5","11007","NOS1AP,KAT2B,MECOM,TMEM245,PKP2"
"HPA","Cerebral cortex; neuronal cells[≥Low]","HPA:0100131","1","0","6698","13","6","11007","NOS1AP,KAT2B,CACNA2D2,MECOM,TMEM245,PKP2"
"HPA","Cerebral cortex; glial cells[High]","HPA:0100123","1","0","746","13","1","11007","CRYAB"
"HPA","Cerebral cortex; glial cells[≥Medium]","HPA:0100122","1","0","2683","13","3","11007","KAT2B,MECOM,CRYAB"
"HPA","Cerebral cortex; glial cells[≥Low]","HPA:0100121","1","0","4921","13","6","11007","NOS1AP,SP3,KAT2B,MECOM,TMEM245,CRYAB"
"HPA","Cerebral cortex; endothelial cells[≥Medium]","HPA:0100202","1","0","2491","13","2","11007","SP3,MECOM"
"HPA","Cerebral cortex; endothelial cells[≥Low]","HPA:0100201","1","0","4630","13","5","11007","HSPG2,SP3,KAT2B,MECOM,TMEM245"
"HPA","Cerebral cortex","HPA:0100000","1","0","8092","13","9","11007","HSPG2,NOS1AP,SP3,KAT2B,CACNA2D2,MECOM,TMEM245,CRYAB,PKP2"
"HPA","Cerebellum; white matter cells - nucleus[High]","HPA:0091083","1","0","75","13","1","11007","CRYAB"
"HPA","Cerebellum; white matter cells - nucleus[≥Medium]","HPA:0091082","1","0","113","13","1","11007","CRYAB"
"HPA","Cerebellum; white matter cells - nucleus[≥Low]","HPA:0091081","1","0","120","13","1","11007","CRYAB"
"HPA","Cerebellum; white matter cells - cytoplasm/membrane[High]","HPA:0091073","1","0","119","13","1","11007","CRYAB"
"HPA","Cerebellum; white matter cells - cytoplasm/membrane[≥Medium]","HPA:0091072","1","0","222","13","1","11007","CRYAB"
"HPA","Cerebellum; white matter cells - cytoplasm/membrane[≥Low]","HPA:0091071","1","0","287","13","1","11007","CRYAB"
"HPA","Cerebellum; processes in white matter[High]","HPA:0091043","1","0","98","13","1","11007","PKP2"
"HPA","Cerebellum; processes in white matter[≥Medium]","HPA:0091042","1","0","177","13","2","11007","CRYAB,PKP2"
"HPA","Colon; endothelial cells[≥Medium]","HPA:0130202","1","0","3711","13","5","11007","HSPG2,SP3,MECOM,ADM,PKP2"
"HPA","Colon; endothelial cells[≥Low]","HPA:0130201","1","0","5666","13","7","11007","HSPG2,SP3,KAT2B,MECOM,TMEM245,ADM,PKP2"
"HPA","Colon; endocrine cells[High]","HPA:0131293","1","0","250","13","1","11007","MECOM"
"HPA","Colon; endocrine cells[≥Medium]","HPA:0131292","1","0","401","13","1","11007","MECOM"
"HPA","Colon; endocrine cells[≥Low]","HPA:0131291","1","0","445","13","1","11007","MECOM"
"HPA","Colon","HPA:0130000","1","0","8321","13","8","11007","HSPG2,SP3,KAT2B,MECOM,TMEM245,LDB3,ADM,PKP2"
"HPA","Cervix; squamous epithelial cells[High]","HPA:0630223","1","0","1036","13","1","11007","MECOM"
"HPA","Cervix; squamous epithelial cells[≥Medium]","HPA:0630222","1","0","3727","13","2","11007","MECOM,ADM"
"HPA","Cervix; squamous epithelial cells[≥Low]","HPA:0630221","1","0","5450","13","5","11007","SP3,KAT2B,MECOM,TMEM245,ADM"
"HPA","Cervix; glandular cells[High]","HPA:0630053","1","0","1181","13","1","11007","MECOM"
"HPA","Cervix; glandular cells[≥Medium]","HPA:0630052","1","0","4036","13","1","11007","MECOM"
"HPA","Cervix; glandular cells[≥Low]","HPA:0630051","1","0","5686","13","3","11007","HSPG2,KAT2B,MECOM"
"HPA","Cervix","HPA:0630000","1","0","6916","13","6","11007","HSPG2,SP3,KAT2B,MECOM,TMEM245,ADM"
"HPA","Cerebral cortex; neuropil[≥Medium]","HPA:0100212","1","0","2616","13","2","11007","MECOM,CRYAB"
"HPA","Cerebral cortex; neuropil[≥Low]","HPA:0100211","1","0","4999","13","5","11007","KAT2B,MECOM,TMEM245,CRYAB,PKP2"
"HPA","Cerebral cortex; neuronal cells[High]","HPA:0100133","1","0","1847","13","1","11007","MECOM"
"HPA","Colon; mucosal lymphoid cells[≥Low]","HPA:0131331","1","0","510","13","2","11007","MECOM,LDB3"
"HPA","Colon; goblet cells[High]","HPA:0130893","1","0","205","13","1","11007","MECOM"
"HPA","Colon; goblet cells[≥Medium]","HPA:0130892","1","0","336","13","1","11007","MECOM"
"HPA","Colon; goblet cells[≥Low]","HPA:0130891","1","0","412","13","1","11007","MECOM"
"HPA","Colon; glandular cells[≥Medium]","HPA:0130052","1","0","5977","13","4","11007","SP3,KAT2B,TMEM245,PKP2"
"HPA","Colon; glandular cells[≥Low]","HPA:0130051","1","0","6982","13","6","11007","HSPG2,SP3,KAT2B,TMEM245,ADM,PKP2"
"HPA","Colon; fibroblasts[High]","HPA:0130653","1","0","57","13","1","11007","MECOM"
"HPA","Colon; fibroblasts[≥Medium]","HPA:0130652","1","0","96","13","1","11007","MECOM"
"HPA","Colon; fibroblasts[≥Low]","HPA:0130651","1","0","106","13","1","11007","MECOM"
"HPA","Colon; enterocytes - Microvilli[High]","HPA:0131323","1","0","104","13","1","11007","MECOM"
"HPA","Colon; enterocytes - Microvilli[≥Medium]","HPA:0131322","1","0","207","13","1","11007","MECOM"
"HPA","Colon; enterocytes - Microvilli[≥Low]","HPA:0131321","1","0","221","13","1","11007","MECOM"
"HPA","Colon; enterocytes[High]","HPA:0131303","1","0","217","13","1","11007","MECOM"
"HPA","Colon; enterocytes[≥Medium]","HPA:0131302","1","0","380","13","1","11007","MECOM"
"HPA","Colon; enterocytes[≥Low]","HPA:0131301","1","0","505","13","1","11007","MECOM"
"HPA","Colon; endothelial cells[High]","HPA:0130203","1","0","855","13","2","11007","MECOM,ADM"
"HPA","Duodenum; glands of Brunner[≥Medium]","HPA:0151342","1","0","203","13","1","11007","MECOM"
"HPA","Duodenum; glands of Brunner[≥Low]","HPA:0151341","1","0","266","13","1","11007","MECOM"
"HPA","Duodenum; enterocytes - Microvilli[≥Medium]","HPA:0151322","1","0","202","13","1","11007","MECOM"
"HPA","Duodenum; enterocytes - Microvilli[≥Low]","HPA:0151321","1","0","240","13","1","11007","MECOM"
"HPA","Duodenum; enterocytes[High]","HPA:0151303","1","0","234","13","1","11007","MECOM"
"HPA","Duodenum; enterocytes[≥Medium]","HPA:0151302","1","0","427","13","1","11007","MECOM"
"HPA","Duodenum; enterocytes[≥Low]","HPA:0151301","1","0","539","13","1","11007","MECOM"
"HPA","Duodenum; endocrine cells[High]","HPA:0151293","1","0","303","13","1","11007","MECOM"
"HPA","Duodenum; endocrine cells[≥Medium]","HPA:0151292","1","0","448","13","1","11007","MECOM"
"HPA","Duodenum; endocrine cells[≥Low]","HPA:0151291","1","0","492","13","1","11007","MECOM"
"HPA","Duodenum","HPA:0150000","1","0","7885","13","6","11007","SP3,KAT2B,MECOM,TMEM245,ADM,PKP2"
"HPA","Colon; peripheral nerve/ganglion[High]","HPA:0130243","1","0","855","13","2","11007","MECOM,TMEM245"
"HPA","Colon; peripheral nerve/ganglion[≥Medium]","HPA:0130242","1","0","3428","13","2","11007","MECOM,TMEM245"
"HPA","Colon; peripheral nerve/ganglion[≥Low]","HPA:0130241","1","0","5031","13","3","11007","KAT2B,MECOM,TMEM245"
"HPA","Colon; mucosal lymphoid cells[High]","HPA:0131333","1","0","156","13","1","11007","MECOM"
"HPA","Colon; mucosal lymphoid cells[≥Medium]","HPA:0131332","1","0","366","13","1","11007","MECOM"
"HPA","Endometrium 1; glandular cells[≥Medium]","HPA:0160052","1","0","5149","13","3","11007","MECOM,TMEM245,ADM"
"HPA","Endometrium 1; glandular cells[≥Low]","HPA:0160051","1","0","6811","13","5","11007","KAT2B,MECOM,TMEM245,ADM,PKP2"
"HPA","Endometrium 1; cells in endometrial stroma[High]","HPA:0160253","1","0","434","13","2","11007","SP3,MECOM"
"HPA","Endometrium 1; cells in endometrial stroma[≥Medium]","HPA:0160252","1","0","2236","13","2","11007","SP3,MECOM"
"HPA","Endometrium 1; cells in endometrial stroma[≥Low]","HPA:0160251","1","0","4079","13","2","11007","SP3,MECOM"
"HPA","Endometrium 1","HPA:0160000","1","0","7048","13","6","11007","SP3,KAT2B,MECOM,TMEM245,ADM,PKP2"
"HPA","Duodenum; paneth cells[High]","HPA:0151353","1","0","167","13","1","11007","MECOM"
"HPA","Duodenum; paneth cells[≥Medium]","HPA:0151352","1","0","252","13","1","11007","MECOM"
"HPA","Duodenum; paneth cells[≥Low]","HPA:0151351","1","0","278","13","1","11007","MECOM"
"HPA","Duodenum; goblet cells[High]","HPA:0150893","1","0","207","13","1","11007","MECOM"
"HPA","Duodenum; goblet cells[≥Medium]","HPA:0150892","1","0","335","13","1","11007","MECOM"
"HPA","Duodenum; goblet cells[≥Low]","HPA:0150891","1","0","404","13","1","11007","MECOM"
"HPA","Duodenum; glandular cells[High]","HPA:0150053","1","0","2606","13","1","11007","ADM"
"HPA","Duodenum; glandular cells[≥Medium]","HPA:0150052","1","0","6098","13","5","11007","SP3,KAT2B,TMEM245,ADM,PKP2"
"HPA","Duodenum; glandular cells[≥Low]","HPA:0150051","1","0","7094","13","5","11007","SP3,KAT2B,TMEM245,ADM,PKP2"
"HPA","Duodenum; glands of Brunner[High]","HPA:0151343","1","0","104","13","1","11007","MECOM"
"HPA","Eye","HPA:0200000","1","0","28","13","1","11007","CRYAB"
"HPA","Esophagus; squamous epithelial cells[High]","HPA:0190223","1","0","1654","13","1","11007","MECOM"
"HPA","Esophagus; squamous epithelial cells[≥Medium]","HPA:0190222","1","0","5050","13","2","11007","MECOM,ADM"
"HPA","Esophagus; squamous epithelial cells[≥Low]","HPA:0190221","1","0","6668","13","6","11007","SP3,KAT2B,MECOM,TMEM245,ADM,PKP2"
"HPA","Esophagus","HPA:0190000","1","0","6668","13","6","11007","SP3,KAT2B,MECOM,TMEM245,ADM,PKP2"
"HPA","Epididymis; glandular cells[High]","HPA:0180053","1","0","1842","13","4","11007","MECOM,TMEM245,ADM,CRYAB"
"HPA","Epididymis; glandular cells[≥Medium]","HPA:0180052","1","0","5682","13","5","11007","KAT2B,MECOM,TMEM245,ADM,CRYAB"
"HPA","Epididymis; glandular cells[≥Low]","HPA:0180051","1","0","7324","13","6","11007","KAT2B,MECOM,TMEM245,ADM,CRYAB,PKP2"
"HPA","Epididymis","HPA:0180000","1","0","7324","13","6","11007","KAT2B,MECOM,TMEM245,ADM,CRYAB,PKP2"
"HPA","Endometrium 2; glandular cells[High]","HPA:0170053","1","0","1335","13","2","11007","MECOM,ADM"
"HPA","Endometrium 2; glandular cells[≥Medium]","HPA:0170052","1","0","4882","13","4","11007","MECOM,TMEM245,ADM,PKP2"
"HPA","Endometrium 2; glandular cells[≥Low]","HPA:0170051","1","0","6716","13","5","11007","KAT2B,MECOM,TMEM245,ADM,PKP2"
"HPA","Endometrium 2; cells in endometrial stroma[≥Medium]","HPA:0170252","1","0","1805","13","2","11007","SP3,MECOM"
"HPA","Endometrium 2; cells in endometrial stroma[≥Low]","HPA:0170251","1","0","3516","13","2","11007","SP3,MECOM"
"HPA","Endometrium 2","HPA:0170000","1","0","6909","13","6","11007","SP3,KAT2B,MECOM,TMEM245,ADM,PKP2"
"HPA","Endometrium 1; glandular cells[High]","HPA:0160053","1","0","1474","13","2","11007","MECOM,ADM"
"HPA","Fallopian tube; glandular cells[High]","HPA:0210053","1","0","1648","13","1","11007","MECOM"
"HPA","Fallopian tube; glandular cells[≥Medium]","HPA:0210052","1","0","4651","13","4","11007","SP3,KAT2B,MECOM,TMEM245"
"HPA","Fallopian tube; glandular cells[≥Low]","HPA:0210051","1","0","5710","13","4","11007","SP3,KAT2B,MECOM,TMEM245"
"HPA","Fallopian tube; ciliated cells (tip of cilia)[High]","HPA:0210883","1","0","353","13","1","11007","ADM"
"HPA","Fallopian tube; ciliated cells (tip of cilia)[≥Medium]","HPA:0210882","1","0","640","13","1","11007","ADM"
"HPA","Fallopian tube; ciliated cells (tip of cilia)[≥Low]","HPA:0210881","1","0","777","13","1","11007","ADM"
"HPA","Fallopian tube; ciliated cells (ciliary rootlets)[High]","HPA:0210873","1","0","260","13","2","11007","ADM,PKP2"
"HPA","Fallopian tube; ciliated cells (ciliary rootlets)[≥Medium]","HPA:0210872","1","0","766","13","2","11007","ADM,PKP2"
"HPA","Fallopian tube; ciliated cells (ciliary rootlets)[≥Low]","HPA:0210871","1","0","987","13","2","11007","ADM,PKP2"
"HPA","Fallopian tube; ciliated cells (cell body)[High]","HPA:0210853","1","0","208","13","1","11007","PKP2"
"HPA","Fallopian tube; ciliated cells (cell body)[≥Medium]","HPA:0210852","1","0","659","13","3","11007","NOS1AP,ADM,PKP2"
"HPA","Fallopian tube; ciliated cells (cell body)[≥Low]","HPA:0210851","1","0","989","13","3","11007","NOS1AP,ADM,PKP2"
"HPA","Fallopian tube","HPA:0210000","1","0","7460","13","7","11007","NOS1AP,SP3,KAT2B,MECOM,TMEM245,ADM,PKP2"
"HPA","Eye; lens fiber cells[High]","HPA:0200293","1","0","16","13","1","11007","CRYAB"
"HPA","Eye; lens fiber cells[≥Medium]","HPA:0200292","1","0","21","13","1","11007","CRYAB"
"HPA","Eye; lens fiber cells[≥Low]","HPA:0200291","1","0","21","13","1","11007","CRYAB"
"HPA","Hippocampus; neuronal cells[≥Low]","HPA:0250131","1","0","6215","13","5","11007","NOS1AP,KAT2B,MECOM,TMEM245,PKP2"
"HPA","Hippocampus; glial cells[High]","HPA:0250123","1","0","555","13","1","11007","CRYAB"
"HPA","Hippocampus; glial cells[≥Medium]","HPA:0250122","1","0","2006","13","3","11007","KAT2B,MECOM,CRYAB"
"HPA","Hippocampus; glial cells[≥Low]","HPA:0250121","1","0","4144","13","4","11007","SP3,KAT2B,MECOM,CRYAB"
"HPA","Hippocampus","HPA:0250000","1","0","6820","13","7","11007","NOS1AP,SP3,KAT2B,MECOM,TMEM245,CRYAB,PKP2"
"HPA","Heart muscle; cardiomyocytes[High]","HPA:0241103","1","0","1172","13","4","11007","MECOM,LDB3,CRYAB,PKP2"
"HPA","Heart muscle; cardiomyocytes[≥Medium]","HPA:0241102","1","0","4373","13","7","11007","HSPG2,SP3,MECOM,LDB3,ADM,CRYAB,PKP2"
"HPA","Heart muscle; cardiomyocytes[≥Low]","HPA:0241101","1","0","6319","13","10","11007","HSPG2,SP3,KAT2B,MECOM,TMEM245,MYPN,LDB3,ADM,CRYAB,PKP2"
"HPA","Heart muscle","HPA:0240000","1","0","6319","13","10","11007","HSPG2,SP3,KAT2B,MECOM,TMEM245,MYPN,LDB3,ADM,CRYAB,PKP2"
"HPA","Gallbladder; glandular cells[High]","HPA:0220053","1","0","2868","13","2","11007","MECOM,TMEM245"
"HPA","Gallbladder; glandular cells[≥Medium]","HPA:0220052","1","0","6602","13","5","11007","SP3,KAT2B,MECOM,TMEM245,ADM"
"HPA","Gallbladder; glandular cells[≥Low]","HPA:0220051","1","0","7645","13","7","11007","HSPG2,SP3,KAT2B,MECOM,TMEM245,ADM,PKP2"
"HPA","Gallbladder","HPA:0220000","1","0","7645","13","7","11007","HSPG2,SP3,KAT2B,MECOM,TMEM245,ADM,PKP2"
"HPA","Fallopian tube; non-ciliated cells[High]","HPA:0211093","1","0","170","13","1","11007","PKP2"
"HPA","Fallopian tube; non-ciliated cells[≥Medium]","HPA:0211092","1","0","599","13","3","11007","NOS1AP,ADM,PKP2"
"HPA","Fallopian tube; non-ciliated cells[≥Low]","HPA:0211091","1","0","775","13","3","11007","NOS1AP,ADM,PKP2"
"HPA","Kidney; proximal tubules (cell body)[High]","HPA:0271143","1","0","288","13","1","11007","CRYAB"
"HPA","Kidney; proximal tubules (cell body)[≥Medium]","HPA:0271142","1","0","567","13","1","11007","CRYAB"
"HPA","Kidney; proximal tubules (cell body)[≥Low]","HPA:0271141","1","0","731","13","1","11007","CRYAB"
"HPA","Kidney; distal tubules[≥Low]","HPA:0271131","1","0","705","13","2","11007","CRYAB,PKP2"
"HPA","Kidney; cells in tubules[High]","HPA:0270363","1","0","2162","13","1","11007","MECOM"
"HPA","Kidney; cells in tubules[≥Medium]","HPA:0270362","1","0","5820","13","4","11007","SP3,MECOM,TMEM245,ADM"
"HPA","Kidney; cells in tubules[≥Low]","HPA:0270361","1","0","7007","13","6","11007","HSPG2,SP3,KAT2B,MECOM,TMEM245,ADM"
"HPA","Kidney; cells in glomeruli[High]","HPA:0270353","1","0","853","13","4","11007","SP3,MECOM,TMEM245,ADM"
"HPA","Kidney; cells in glomeruli[≥Medium]","HPA:0270352","1","0","3086","13","5","11007","SP3,KAT2B,MECOM,TMEM245,ADM"
"HPA","Kidney; cells in glomeruli[≥Low]","HPA:0270351","1","0","5163","13","5","11007","SP3,KAT2B,MECOM,TMEM245,ADM"
"HPA","Kidney; bowman's capsule[High]","HPA:0271113","1","0","118","13","1","11007","CRYAB"
"HPA","Kidney; bowman's capsule[≥Medium]","HPA:0271112","1","0","203","13","1","11007","CRYAB"
"HPA","Kidney; bowman's capsule[≥Low]","HPA:0271111","1","0","269","13","1","11007","CRYAB"
"HPA","Kidney","HPA:0270000","1","0","8218","13","8","11007","HSPG2,SP3,KAT2B,MECOM,TMEM245,ADM,CRYAB,PKP2"
"HPA","Hippocampus; neuronal cells[High]","HPA:0250133","1","0","1258","13","1","11007","MECOM"
"HPA","Hippocampus; neuronal cells[≥Medium]","HPA:0250132","1","0","4225","13","3","11007","NOS1AP,MECOM,PKP2"
"HPA","Lung; alveolar cells type II[≥Medium]","HPA:0301372","1","0","1233","13","2","11007","CACNA2D2,MECOM"
"HPA","Lung; alveolar cells type II[≥Low]","HPA:0301371","1","0","1533","13","2","11007","CACNA2D2,MECOM"
"HPA","Lung; alveolar cells type I[High]","HPA:0301363","1","0","506","13","2","11007","SP3,MECOM"
"HPA","Lung; alveolar cells type I[≥Medium]","HPA:0301362","1","0","886","13","3","11007","SP3,KAT2B,MECOM"
"HPA","Lung; alveolar cells type I[≥Low]","HPA:0301361","1","0","1090","13","3","11007","SP3,KAT2B,MECOM"
"HPA","Lung; alveolar cells[≥Medium]","HPA:0301172","1","0","1792","13","1","11007","TMEM245"
"HPA","Lung; alveolar cells[≥Low]","HPA:0301171","1","0","3489","13","2","11007","TMEM245,ADM"
"HPA","Lung","HPA:0300000","1","0","7360","13","8","11007","HSPG2,SP3,KAT2B,CACNA2D2,MECOM,TMEM245,ADM,PKP2"
"HPA","Liver; hepatocytes[High]","HPA:0290403","1","0","871","13","1","11007","ADM"
"HPA","Liver; hepatocytes[≥Medium]","HPA:0290402","1","0","3749","13","3","11007","MECOM,TMEM245,ADM"
"HPA","Liver; hepatocytes[≥Low]","HPA:0290401","1","0","5743","13","5","11007","HSPG2,KAT2B,MECOM,TMEM245,ADM"
"HPA","Liver; cholangiocytes[≥Medium]","HPA:0291162","1","0","1961","13","2","11007","SP3,TMEM245"
"HPA","Liver; cholangiocytes[≥Low]","HPA:0291161","1","0","3961","13","3","11007","SP3,MECOM,TMEM245"
"HPA","Liver","HPA:0290000","1","0","6289","13","6","11007","HSPG2,SP3,KAT2B,MECOM,TMEM245,ADM"
"HPA","Kidney; proximal tubules (microvilli)[≥Medium]","HPA:0271152","1","0","143","13","1","11007","PKP2"
"HPA","Kidney; proximal tubules (microvilli)[≥Low]","HPA:0271151","1","0","151","13","1","11007","PKP2"
"HPA","Nasopharynx; basal cells[≥Low]","HPA:0320841","1","0","657","13","1","11007","ADM"
"HPA","Nasopharynx","HPA:0320000","1","0","7191","13","6","11007","SP3,KAT2B,MECOM,TMEM245,ADM,PKP2"
"HPA","Lymph node; non-germinal center cells[High]","HPA:0310443","1","0","1212","13","3","11007","SP3,MECOM,ADM"
"HPA","Lymph node; non-germinal center cells[≥Medium]","HPA:0310442","1","0","3988","13","3","11007","SP3,MECOM,ADM"
"HPA","Lymph node; non-germinal center cells[≥Low]","HPA:0310441","1","0","6060","13","6","11007","HSPG2,SP3,KAT2B,MECOM,TMEM245,ADM"
"HPA","Lymph node; germinal center cells[High]","HPA:0310433","1","0","944","13","1","11007","MECOM"
"HPA","Lymph node; germinal center cells[≥Medium]","HPA:0310432","1","0","3300","13","2","11007","SP3,MECOM"
"HPA","Lymph node; germinal center cells[≥Low]","HPA:0310431","1","0","5052","13","2","11007","SP3,MECOM"
"HPA","Lymph node","HPA:0310000","1","0","6524","13","6","11007","HSPG2,SP3,KAT2B,MECOM,TMEM245,ADM"
"HPA","Lung; macrophages[High]","HPA:0300413","1","0","1373","13","1","11007","MECOM"
"HPA","Lung; macrophages[≥Medium]","HPA:0300412","1","0","4891","13","4","11007","KAT2B,MECOM,TMEM245,ADM"
"HPA","Lung; macrophages[≥Low]","HPA:0300411","1","0","6769","13","7","11007","HSPG2,SP3,KAT2B,MECOM,TMEM245,ADM,PKP2"
"HPA","Lung; endothelial cells[High]","HPA:0300203","1","0","293","13","2","11007","SP3,MECOM"
"HPA","Lung; endothelial cells[≥Medium]","HPA:0300202","1","0","651","13","2","11007","SP3,MECOM"
"HPA","Lung; endothelial cells[≥Low]","HPA:0300201","1","0","798","13","2","11007","SP3,MECOM"
"HPA","Lung; alveolar cells type II[High]","HPA:0301373","1","0","662","13","1","11007","MECOM"
"HPA","Oral mucosa; squamous epithelial cells[≥Medium]","HPA:0330222","1","0","4355","13","2","11007","MECOM,ADM"
"HPA","Oral mucosa; squamous epithelial cells[≥Low]","HPA:0330221","1","0","6245","13","5","11007","HSPG2,SP3,KAT2B,MECOM,ADM"
"HPA","Oral mucosa","HPA:0330000","1","0","6245","13","5","11007","HSPG2,SP3,KAT2B,MECOM,ADM"
"HPA","Nasopharynx; respiratory epithelial cells[High]","HPA:0320103","1","0","1784","13","1","11007","MECOM"
"HPA","Nasopharynx; respiratory epithelial cells[≥Medium]","HPA:0320102","1","0","4727","13","4","11007","SP3,KAT2B,MECOM,TMEM245"
"HPA","Nasopharynx; respiratory epithelial cells[≥Low]","HPA:0320101","1","0","5739","13","4","11007","SP3,KAT2B,MECOM,TMEM245"
"HPA","Nasopharynx; goblet cells[≥Medium]","HPA:0320892","1","0","343","13","1","11007","ADM"
"HPA","Nasopharynx; goblet cells[≥Low]","HPA:0320891","1","0","377","13","1","11007","ADM"
"HPA","Nasopharynx; ciliated cells (tip of cilia)[≥Medium]","HPA:0320882","1","0","343","13","1","11007","ADM"
"HPA","Nasopharynx; ciliated cells (tip of cilia)[≥Low]","HPA:0320881","1","0","399","13","1","11007","ADM"
"HPA","Nasopharynx; ciliated cells (ciliary rootlets)[High]","HPA:0320873","1","0","158","13","1","11007","PKP2"
"HPA","Nasopharynx; ciliated cells (ciliary rootlets)[≥Medium]","HPA:0320872","1","0","341","13","2","11007","ADM,PKP2"
"HPA","Nasopharynx; ciliated cells (ciliary rootlets)[≥Low]","HPA:0320871","1","0","404","13","2","11007","ADM,PKP2"
"HPA","Nasopharynx; ciliated cells (cell body)[≥Medium]","HPA:0320852","1","0","903","13","1","11007","ADM"
"HPA","Nasopharynx; ciliated cells (cell body)[≥Low]","HPA:0320851","1","0","1148","13","1","11007","ADM"
"HPA","Nasopharynx; basal cells[≥Medium]","HPA:0320842","1","0","531","13","1","11007","ADM"
"HPA","Parathyroid gland; glandular cells[≥Low]","HPA:0360051","1","0","5883","13","6","11007","HSPG2,SP3,KAT2B,MECOM,TMEM245,ADM"
"HPA","Parathyroid gland","HPA:0360000","1","0","5883","13","6","11007","HSPG2,SP3,KAT2B,MECOM,TMEM245,ADM"
"HPA","Pancreas; pancreatic endocrine cells[≥Medium]","HPA:0351182","1","0","3623","13","2","11007","KAT2B,MECOM"
"HPA","Pancreas; pancreatic endocrine cells[≥Low]","HPA:0351181","1","0","5616","13","5","11007","HSPG2,KAT2B,MECOM,TMEM245,PKP2"
"HPA","Pancreas; exocrine glandular cells[High]","HPA:0350473","1","0","1961","13","2","11007","MECOM,ADM"
"HPA","Pancreas; exocrine glandular cells[≥Medium]","HPA:0350472","1","0","5298","13","4","11007","KAT2B,MECOM,TMEM245,ADM"
"HPA","Pancreas; exocrine glandular cells[≥Low]","HPA:0350471","1","0","6931","13","6","11007","HSPG2,KAT2B,MECOM,TMEM245,ADM,PKP2"
"HPA","Pancreas","HPA:0350000","1","0","7394","13","6","11007","HSPG2,KAT2B,MECOM,TMEM245,ADM,PKP2"
"HPA","Ovary; ovarian stroma cells[High]","HPA:0340463","1","0","378","13","1","11007","MECOM"
"HPA","Ovary; ovarian stroma cells[≥Medium]","HPA:0340462","1","0","2065","13","4","11007","SP3,KAT2B,MECOM,TMEM245"
"HPA","Ovary; ovarian stroma cells[≥Low]","HPA:0340461","1","0","3985","13","5","11007","HSPG2,SP3,KAT2B,MECOM,TMEM245"
"HPA","Ovary; follicle cells[High]","HPA:0340453","1","0","619","13","1","11007","MECOM"
"HPA","Ovary; follicle cells[≥Medium]","HPA:0340452","1","0","2248","13","2","11007","MECOM,TMEM245"
"HPA","Ovary; follicle cells[≥Low]","HPA:0340451","1","0","3304","13","2","11007","MECOM,TMEM245"
"HPA","Ovary","HPA:0340000","1","0","5429","13","5","11007","HSPG2,SP3,KAT2B,MECOM,TMEM245"
"HPA","Oral mucosa; squamous epithelial cells[High]","HPA:0330223","1","0","1153","13","1","11007","MECOM"
"HPA","Placenta; hofbauer cells[≥Medium]","HPA:0381202","1","0","381","13","1","11007","MECOM"
"HPA","Placenta; hofbauer cells[≥Low]","HPA:0381201","1","0","436","13","1","11007","MECOM"
"HPA","Placenta; endothelial cells[High]","HPA:0380203","1","0","244","13","1","11007","MECOM"
"HPA","Placenta; endothelial cells[≥Medium]","HPA:0380202","1","0","334","13","1","11007","MECOM"
"HPA","Placenta; endothelial cells[≥Low]","HPA:0380201","1","0","405","13","1","11007","MECOM"
"HPA","Placenta; decidual cells[High]","HPA:0380513","1","0","1203","13","2","11007","SP3,KAT2B"
"HPA","Placenta; decidual cells[≥Medium]","HPA:0380512","1","0","3590","13","5","11007","SP3,KAT2B,TMEM245,ADM,CRYAB"
"HPA","Placenta; decidual cells[≥Low]","HPA:0380511","1","0","4852","13","6","11007","HSPG2,SP3,KAT2B,TMEM245,ADM,CRYAB"
"HPA","Placenta; cytotrophoblasts[≥Medium]","HPA:0381192","1","0","453","13","1","11007","MECOM"
"HPA","Placenta; cytotrophoblasts[≥Low]","HPA:0381191","1","0","516","13","1","11007","MECOM"
"HPA","Placenta","HPA:0380000","1","0","7504","13","9","11007","HSPG2,SP3,KAT2B,MECOM,TMEM245,LDB3,ADM,CRYAB,PKP2"
"HPA","Pituitary gland; cells in anterior [≥Medium]","HPA:0370492","1","0","54","13","1","11007","GNRHR"
"HPA","Pituitary gland; cells in anterior [≥Low]","HPA:0370491","1","0","60","13","1","11007","GNRHR"
"HPA","Pituitary gland","HPA:0370000","1","0","60","13","1","11007","GNRHR"
"HPA","Parathyroid gland; glandular cells[High]","HPA:0360053","1","0","1551","13","2","11007","TMEM245,ADM"
"HPA","Parathyroid gland; glandular cells[≥Medium]","HPA:0360052","1","0","4403","13","5","11007","SP3,KAT2B,MECOM,TMEM245,ADM"
"HPA","Rectum; endothelial cells[≥Low]","HPA:0400201","1","0","254","13","1","11007","MECOM"
"HPA","Rectum; endocrine cells[High]","HPA:0401293","1","0","268","13","1","11007","MECOM"
"HPA","Rectum; endocrine cells[≥Medium]","HPA:0401292","1","0","404","13","1","11007","MECOM"
"HPA","Rectum; endocrine cells[≥Low]","HPA:0401291","1","0","450","13","1","11007","MECOM"
"HPA","Rectum","HPA:0400000","1","0","7956","13","8","11007","HSPG2,SP3,KAT2B,MECOM,TMEM245,LDB3,ADM,PKP2"
"HPA","Prostate; glandular cells[High]","HPA:0390053","1","0","1333","13","1","11007","MECOM"
"HPA","Prostate; glandular cells[≥Medium]","HPA:0390052","1","0","4804","13","4","11007","SP3,KAT2B,MECOM,ADM"
"HPA","Prostate; glandular cells[≥Low]","HPA:0390051","1","0","6665","13","5","11007","SP3,KAT2B,MECOM,TMEM245,ADM"
"HPA","Prostate","HPA:0390000","1","0","6665","13","5","11007","SP3,KAT2B,MECOM,TMEM245,ADM"
"HPA","Placenta; trophoblastic cells[High]","HPA:0380523","1","0","1933","13","3","11007","SP3,KAT2B,ADM"
"HPA","Placenta; trophoblastic cells[≥Medium]","HPA:0380522","1","0","5040","13","4","11007","SP3,KAT2B,ADM,CRYAB"
"HPA","Placenta; trophoblastic cells[≥Low]","HPA:0380521","1","0","6350","13","7","11007","SP3,KAT2B,TMEM245,LDB3,ADM,CRYAB,PKP2"
"HPA","Placenta; syncytiotrophoblasts - microvilli[≥Low]","HPA:0381221","1","0","362","13","1","11007","MECOM"
"HPA","Placenta; syncytiotrophoblasts - cell body[≥Medium]","HPA:0381212","1","0","482","13","1","11007","MECOM"
"HPA","Placenta; syncytiotrophoblasts - cell body[≥Low]","HPA:0381211","1","0","551","13","1","11007","MECOM"
"HPA","Placenta; hofbauer cells[High]","HPA:0381203","1","0","282","13","1","11007","MECOM"
"HPA","Rectum; goblet cells[High]","HPA:0400893","1","0","212","13","1","11007","MECOM"
"HPA","Rectum; goblet cells[≥Medium]","HPA:0400892","1","0","343","13","1","11007","MECOM"
"HPA","Rectum; goblet cells[≥Low]","HPA:0400891","1","0","410","13","1","11007","MECOM"
"HPA","Rectum; glandular cells[≥Medium]","HPA:0400052","1","0","6098","13","4","11007","SP3,KAT2B,ADM,PKP2"
"HPA","Rectum; glandular cells[≥Low]","HPA:0400051","1","0","7049","13","6","11007","HSPG2,SP3,KAT2B,TMEM245,ADM,PKP2"
"HPA","Rectum; fibroblasts[High]","HPA:0400653","1","0","63","13","1","11007","MECOM"
"HPA","Rectum; fibroblasts[≥Medium]","HPA:0400652","1","0","108","13","1","11007","MECOM"
"HPA","Rectum; fibroblasts[≥Low]","HPA:0400651","1","0","122","13","1","11007","MECOM"
"HPA","Rectum; enterocytes - Microvilli[High]","HPA:0401323","1","0","105","13","1","11007","MECOM"
"HPA","Rectum; enterocytes - Microvilli[≥Medium]","HPA:0401322","1","0","178","13","1","11007","MECOM"
"HPA","Rectum; enterocytes - Microvilli[≥Low]","HPA:0401321","1","0","198","13","1","11007","MECOM"
"HPA","Rectum; enterocytes[High]","HPA:0401303","1","0","227","13","1","11007","MECOM"
"HPA","Rectum; enterocytes[≥Medium]","HPA:0401302","1","0","387","13","1","11007","MECOM"
"HPA","Rectum; enterocytes[≥Low]","HPA:0401301","1","0","513","13","1","11007","MECOM"
"HPA","Rectum; endothelial cells[High]","HPA:0400203","1","0","102","13","1","11007","MECOM"
"HPA","Rectum; endothelial cells[≥Medium]","HPA:0400202","1","0","185","13","1","11007","MECOM"
"HPA","Skeletal muscle; myocytes[≥Low]","HPA:0440341","1","0","5892","13","8","11007","SP3,KAT2B,MECOM,MYPN,LDB3,ADM,CRYAB,PKP2"
"HPA","Skeletal muscle","HPA:0440000","1","0","5892","13","8","11007","SP3,KAT2B,MECOM,MYPN,LDB3,ADM,CRYAB,PKP2"
"HPA","Seminal vesicle; glandular cells[High]","HPA:0430053","1","0","1474","13","2","11007","MECOM,TMEM245"
"HPA","Seminal vesicle; glandular cells[≥Medium]","HPA:0430052","1","0","5228","13","5","11007","SP3,MECOM,TMEM245,ADM,CRYAB"
"HPA","Seminal vesicle; glandular cells[≥Low]","HPA:0430051","1","0","6816","13","6","11007","SP3,KAT2B,MECOM,TMEM245,ADM,CRYAB"
"HPA","Seminal vesicle","HPA:0430000","1","0","6816","13","6","11007","SP3,KAT2B,MECOM,TMEM245,ADM,CRYAB"
"HPA","Salivary gland; glandular cells[High]","HPA:0420053","1","0","1479","13","2","11007","KAT2B,MECOM"
"HPA","Salivary gland; glandular cells[≥Medium]","HPA:0420052","1","0","4869","13","6","11007","SP3,KAT2B,MECOM,TMEM245,ADM,CRYAB"
"HPA","Salivary gland; glandular cells[≥Low]","HPA:0420051","1","0","6887","13","7","11007","SP3,KAT2B,MECOM,TMEM245,ADM,CRYAB,PKP2"
"HPA","Salivary gland","HPA:0420000","1","0","6887","13","7","11007","SP3,KAT2B,MECOM,TMEM245,ADM,CRYAB,PKP2"
"HPA","Rectum; peripheral nerve/ganglion[High]","HPA:0400243","1","0","113","13","1","11007","MECOM"
"HPA","Rectum; peripheral nerve/ganglion[≥Medium]","HPA:0400242","1","0","192","13","1","11007","MECOM"
"HPA","Rectum; peripheral nerve/ganglion[≥Low]","HPA:0400241","1","0","260","13","1","11007","MECOM"
"HPA","Rectum; mucosal lymphoid cells[High]","HPA:0401333","1","0","177","13","1","11007","MECOM"
"HPA","Rectum; mucosal lymphoid cells[≥Medium]","HPA:0401332","1","0","399","13","1","11007","MECOM"
"HPA","Rectum; mucosal lymphoid cells[≥Low]","HPA:0401331","1","0","544","13","2","11007","MECOM,LDB3"
"HPA","Skin 1; fibrohistiocytic cells[≥Medium]","HPA:0461442","1","0","698","13","1","11007","KAT2B"
"HPA","Skin 1; fibrohistiocytic cells[≥Low]","HPA:0461441","1","0","884","13","1","11007","KAT2B"
"HPA","Skin 1; fibroblasts[High]","HPA:0460653","1","0","673","13","2","11007","MECOM,ADM"
"HPA","Skin 1; fibroblasts[≥Medium]","HPA:0460652","1","0","2840","13","4","11007","SP3,MECOM,TMEM245,ADM"
"HPA","Skin 1; fibroblasts[≥Low]","HPA:0460651","1","0","4076","13","6","11007","HSPG2,SP3,MECOM,TMEM245,ADM,PKP2"
"HPA","Skin 1; endothelial cells[≥Low]","HPA:0460201","1","0","840","13","1","11007","KAT2B"
"HPA","Skin 1; eccrine glands[≥Low]","HPA:0461421","1","0","246","13","1","11007","KAT2B"
"HPA","Skin 1; cells in spinous layer[≥Medium]","HPA:0461412","1","0","591","13","1","11007","KAT2B"
"HPA","Skin 1; cells in spinous layer[≥Low]","HPA:0461411","1","0","759","13","1","11007","KAT2B"
"HPA","Skin 1; cells in granular layer[≥Low]","HPA:0460181","1","0","710","13","1","11007","KAT2B"
"HPA","Skin 1; Langerhans[High]","HPA:0460643","1","0","566","13","2","11007","MECOM,ADM"
"HPA","Skin 1; Langerhans[≥Medium]","HPA:0460642","1","0","2633","13","2","11007","MECOM,ADM"
"HPA","Skin 1; Langerhans[≥Low]","HPA:0460641","1","0","3953","13","3","11007","SP3,MECOM,ADM"
"HPA","Skin 1","HPA:0460000","1","0","7232","13","7","11007","HSPG2,SP3,KAT2B,MECOM,TMEM245,ADM,PKP2"
"HPA","Skeletal muscle; myocytes[High]","HPA:0440343","1","0","876","13","4","11007","MECOM,MYPN,ADM,CRYAB"
"HPA","Skeletal muscle; myocytes[≥Medium]","HPA:0440342","1","0","3783","13","6","11007","KAT2B,MECOM,MYPN,LDB3,ADM,CRYAB"
"HPA","Skin 2; cells in spinous layer[≥Medium]","HPA:0471412","1","0","682","13","1","11007","KAT2B"
"HPA","Skin 2; cells in spinous layer[≥Low]","HPA:0471411","1","0","870","13","1","11007","KAT2B"
"HPA","Skin 2; cells in granular layer[≥Medium]","HPA:0470182","1","0","562","13","1","11007","KAT2B"
"HPA","Skin 2; cells in granular layer[≥Low]","HPA:0470181","1","0","719","13","1","11007","KAT2B"
"HPA","Skin 2","HPA:0470000","1","0","7023","13","7","11007","HSPG2,SP3,KAT2B,MECOM,TMEM245,ADM,PKP2"
"HPA","Skin 1; vascular mural cells[≥Low]","HPA:0461491","1","0","242","13","1","11007","KAT2B"
"HPA","Skin 1; melanocytes[High]","HPA:0460673","1","0","987","13","3","11007","KAT2B,MECOM,ADM"
"HPA","Skin 1; melanocytes[≥Medium]","HPA:0460672","1","0","3704","13","3","11007","KAT2B,MECOM,ADM"
"HPA","Skin 1; melanocytes[≥Low]","HPA:0460671","1","0","5297","13","6","11007","HSPG2,SP3,KAT2B,MECOM,TMEM245,ADM"
"HPA","Skin 1; lymphocytes[≥Medium]","HPA:0461472","1","0","574","13","1","11007","KAT2B"
"HPA","Skin 1; lymphocytes[≥Low]","HPA:0461471","1","0","712","13","1","11007","KAT2B"
"HPA","Skin 1; langerhans cells[≥Medium]","HPA:0461462","1","0","577","13","1","11007","KAT2B"
"HPA","Skin 1; langerhans cells[≥Low]","HPA:0461461","1","0","715","13","1","11007","KAT2B"
"HPA","Skin 1; keratinocytes[High]","HPA:0460663","1","0","648","13","1","11007","MECOM"
"HPA","Skin 1; keratinocytes[≥Medium]","HPA:0460662","1","0","3282","13","3","11007","SP3,MECOM,ADM"
"HPA","Skin 1; keratinocytes[≥Low]","HPA:0460661","1","0","5150","13","5","11007","SP3,MECOM,TMEM245,ADM,PKP2"
"HPA","Small intestine; endocrine cells[≥Medium]","HPA:0481292","1","0","459","13","1","11007","MECOM"
"HPA","Small intestine; endocrine cells[≥Low]","HPA:0481291","1","0","493","13","1","11007","MECOM"
"HPA","Small intestine","HPA:0480000","1","0","7863","13","6","11007","SP3,KAT2B,MECOM,TMEM245,ADM,PKP2"
"HPA","Skin 2; melanocytes[High]","HPA:0470673","1","0","356","13","1","11007","KAT2B"
"HPA","Skin 2; melanocytes[≥Medium]","HPA:0470672","1","0","639","13","1","11007","KAT2B"
"HPA","Skin 2; melanocytes[≥Low]","HPA:0470671","1","0","723","13","1","11007","KAT2B"
"HPA","Skin 2; lymphocytes[≥Medium]","HPA:0471472","1","0","646","13","1","11007","KAT2B"
"HPA","Skin 2; lymphocytes[≥Low]","HPA:0471471","1","0","801","13","1","11007","KAT2B"
"HPA","Skin 2; langerhans cells[≥Medium]","HPA:0471462","1","0","661","13","1","11007","KAT2B"
"HPA","Skin 2; langerhans cells[≥Low]","HPA:0471461","1","0","788","13","1","11007","KAT2B"
"HPA","Skin 2; fibrohistiocytic cells[≥Medium]","HPA:0471442","1","0","832","13","1","11007","KAT2B"
"HPA","Skin 2; fibrohistiocytic cells[≥Low]","HPA:0471441","1","0","1020","13","1","11007","KAT2B"
"HPA","Skin 2; epidermal cells[High]","HPA:0470683","1","0","1049","13","2","11007","MECOM,ADM"
"HPA","Skin 2; epidermal cells[≥Medium]","HPA:0470682","1","0","4009","13","2","11007","MECOM,ADM"
"HPA","Skin 2; epidermal cells[≥Low]","HPA:0470681","1","0","5681","13","6","11007","HSPG2,SP3,MECOM,TMEM245,ADM,PKP2"
"HPA","Skin 2; endothelial cells[≥Low]","HPA:0470201","1","0","887","13","1","11007","KAT2B"
"HPA","Smooth muscle","HPA:0490000","1","0","5442","13","5","11007","HSPG2,SP3,KAT2B,MECOM,TMEM245"
"HPA","Small intestine; paneth cells[High]","HPA:0481353","1","0","150","13","1","11007","MECOM"
"HPA","Small intestine; paneth cells[≥Medium]","HPA:0481352","1","0","226","13","1","11007","MECOM"
"HPA","Small intestine; paneth cells[≥Low]","HPA:0481351","1","0","260","13","1","11007","MECOM"
"HPA","Small intestine; goblet cells[High]","HPA:0480893","1","0","207","13","1","11007","MECOM"
"HPA","Small intestine; goblet cells[≥Medium]","HPA:0480892","1","0","341","13","1","11007","MECOM"
"HPA","Small intestine; goblet cells[≥Low]","HPA:0480891","1","0","410","13","1","11007","MECOM"
"HPA","Small intestine; glandular cells[High]","HPA:0480053","1","0","2551","13","1","11007","ADM"
"HPA","Small intestine; glandular cells[≥Medium]","HPA:0480052","1","0","6061","13","2","11007","KAT2B,ADM"
"HPA","Small intestine; glandular cells[≥Low]","HPA:0480051","1","0","7066","13","5","11007","SP3,KAT2B,TMEM245,ADM,PKP2"
"HPA","Small intestine; enterocytes - Microvilli[≥Medium]","HPA:0481322","1","0","236","13","1","11007","MECOM"
"HPA","Small intestine; enterocytes - Microvilli[≥Low]","HPA:0481321","1","0","268","13","1","11007","MECOM"
"HPA","Small intestine; enterocytes[High]","HPA:0481303","1","0","245","13","1","11007","MECOM"
"HPA","Small intestine; enterocytes[≥Medium]","HPA:0481302","1","0","441","13","1","11007","MECOM"
"HPA","Small intestine; enterocytes[≥Low]","HPA:0481301","1","0","571","13","1","11007","MECOM"
"HPA","Small intestine; endocrine cells[High]","HPA:0481293","1","0","287","13","1","11007","MECOM"
"HPA","Soft tissue 2; fibroblasts[≥Medium]","HPA:0510652","1","0","2616","13","5","11007","SP3,KAT2B,MECOM,TMEM245,ADM"
"HPA","Soft tissue 2; fibroblasts[≥Low]","HPA:0510651","1","0","4121","13","5","11007","SP3,KAT2B,MECOM,TMEM245,ADM"
"HPA","Soft tissue 2","HPA:0510000","1","0","5196","13","5","11007","SP3,KAT2B,MECOM,TMEM245,ADM"
"HPA","Soft tissue 1; peripheral nerve[High]","HPA:0500703","1","0","241","13","1","11007","MECOM"
"HPA","Soft tissue 1; peripheral nerve[≥Medium]","HPA:0500702","1","0","1352","13","2","11007","MECOM,TMEM245"
"HPA","Soft tissue 1; peripheral nerve[≥Low]","HPA:0500701","1","0","2792","13","2","11007","MECOM,TMEM245"
"HPA","Soft tissue 1; fibroblasts[High]","HPA:0500653","1","0","540","13","2","11007","MECOM,ADM"
"HPA","Soft tissue 1; fibroblasts[≥Medium]","HPA:0500652","1","0","2724","13","3","11007","MECOM,TMEM245,ADM"
"HPA","Soft tissue 1; fibroblasts[≥Low]","HPA:0500651","1","0","4230","13","3","11007","MECOM,TMEM245,ADM"
"HPA","Soft tissue 1; chondrocytes[High]","HPA:0500113","1","0","321","13","2","11007","MECOM,ADM"
"HPA","Soft tissue 1; chondrocytes[≥Medium]","HPA:0500112","1","0","1448","13","2","11007","MECOM,ADM"
"HPA","Soft tissue 1; chondrocytes[≥Low]","HPA:0500111","1","0","2186","13","2","11007","MECOM,ADM"
"HPA","Soft tissue 1","HPA:0500000","1","0","5357","13","3","11007","MECOM,TMEM245,ADM"
"HPA","Smooth muscle; smooth muscle cells[High]","HPA:0490693","1","0","620","13","1","11007","MECOM"
"HPA","Smooth muscle; smooth muscle cells[≥Medium]","HPA:0490692","1","0","3125","13","3","11007","SP3,MECOM,TMEM245"
"HPA","Smooth muscle; smooth muscle cells[≥Low]","HPA:0490691","1","0","5442","13","5","11007","HSPG2,SP3,KAT2B,MECOM,TMEM245"
"HPA","Stomach 2","HPA:0550000","1","0","7593","13","6","11007","HSPG2,KAT2B,MECOM,TMEM245,ADM,PKP2"
"HPA","Stomach 1; glandular cells[High]","HPA:0540053","1","0","2453","13","2","11007","KAT2B,MECOM"
"HPA","Stomach 1; glandular cells[≥Medium]","HPA:0540052","1","0","6340","13","5","11007","KAT2B,MECOM,TMEM245,ADM,PKP2"
"HPA","Stomach 1; glandular cells[≥Low]","HPA:0540051","1","0","7647","13","7","11007","HSPG2,SP3,KAT2B,MECOM,TMEM245,ADM,PKP2"
"HPA","Stomach 1","HPA:0540000","1","0","7647","13","7","11007","HSPG2,SP3,KAT2B,MECOM,TMEM245,ADM,PKP2"
"HPA","Spleen; cells in white pulp[High]","HPA:0530723","1","0","850","13","2","11007","MECOM,ADM"
"HPA","Spleen; cells in white pulp[≥Medium]","HPA:0530722","1","0","2722","13","3","11007","SP3,MECOM,ADM"
"HPA","Spleen; cells in white pulp[≥Low]","HPA:0530721","1","0","4341","13","3","11007","SP3,MECOM,ADM"
"HPA","Spleen; cells in red pulp[High]","HPA:0530713","1","0","822","13","2","11007","MECOM,ADM"
"HPA","Spleen; cells in red pulp[≥Medium]","HPA:0530712","1","0","3150","13","4","11007","SP3,KAT2B,MECOM,ADM"
"HPA","Spleen; cells in red pulp[≥Low]","HPA:0530711","1","0","5338","13","4","11007","SP3,KAT2B,MECOM,ADM"
"HPA","Spleen","HPA:0530000","1","0","5896","13","4","11007","SP3,KAT2B,MECOM,ADM"
"HPA","Soft tissue 2; peripheral nerve[High]","HPA:0510703","1","0","292","13","1","11007","MECOM"
"HPA","Soft tissue 2; peripheral nerve[≥Medium]","HPA:0510702","1","0","1545","13","3","11007","SP3,MECOM,ADM"
"HPA","Soft tissue 2; peripheral nerve[≥Low]","HPA:0510701","1","0","3196","13","5","11007","SP3,KAT2B,MECOM,TMEM245,ADM"
"HPA","Soft tissue 2; fibroblasts[High]","HPA:0510653","1","0","521","13","2","11007","MECOM,ADM"
"HPA","Testis; peritubular cells[≥Medium]","HPA:0570772","1","0","526","13","1","11007","MECOM"
"HPA","Testis; peritubular cells[≥Low]","HPA:0570771","1","0","724","13","1","11007","MECOM"
"HPA","Testis; pachytene spermatocytes[High]","HPA:0570763","1","0","951","13","1","11007","MECOM"
"HPA","Testis; pachytene spermatocytes[≥Medium]","HPA:0570762","1","0","1901","13","2","11007","MECOM,ADM"
"HPA","Testis; pachytene spermatocytes[≥Low]","HPA:0570761","1","0","2366","13","2","11007","MECOM,ADM"
"HPA","Testis; elongated or late spermatids[≥Medium]","HPA:0570752","1","0","1637","13","2","11007","LDB3,ADM"
"HPA","Testis; elongated or late spermatids[≥Low]","HPA:0570751","1","0","2055","13","2","11007","LDB3,ADM"
"HPA","Testis; cells in seminiferous ducts[≥Medium]","HPA:0570742","1","0","2358","13","2","11007","TMEM245,PKP2"
"HPA","Testis; cells in seminiferous ducts[≥Low]","HPA:0570741","1","0","3092","13","2","11007","TMEM245,PKP2"
"HPA","Testis; Leydig cells[High]","HPA:0570733","1","0","1773","13","2","11007","MECOM,TMEM245"
"HPA","Testis; Leydig cells[≥Medium]","HPA:0570732","1","0","5364","13","5","11007","NOS1AP,MECOM,TMEM245,ADM,PKP2"
"HPA","Testis; Leydig cells[≥Low]","HPA:0570731","1","0","7135","13","7","11007","HSPG2,NOS1AP,KAT2B,MECOM,TMEM245,ADM,PKP2"
"HPA","Testis","HPA:0570000","1","0","9015","13","9","11007","HSPG2,NOS1AP,SP3,KAT2B,MECOM,TMEM245,LDB3,ADM,PKP2"
"HPA","Stomach 2; glandular cells[High]","HPA:0550053","1","0","2427","13","1","11007","MECOM"
"HPA","Stomach 2; glandular cells[≥Medium]","HPA:0550052","1","0","6273","13","5","11007","KAT2B,MECOM,TMEM245,ADM,PKP2"
"HPA","Stomach 2; glandular cells[≥Low]","HPA:0550051","1","0","7593","13","6","11007","HSPG2,KAT2B,MECOM,TMEM245,ADM,PKP2"
"HPA","Tonsil; germinal center cells[≥Medium]","HPA:0600432","1","0","4098","13","4","11007","SP3,KAT2B,MECOM,ADM"
"HPA","Tonsil; germinal center cells[≥Low]","HPA:0600431","1","0","5984","13","6","11007","HSPG2,SP3,KAT2B,MECOM,ADM,PKP2"
"HPA","Tonsil","HPA:0600000","1","0","7778","13","7","11007","HSPG2,SP3,KAT2B,MECOM,TMEM245,ADM,PKP2"
"HPA","Thyroid gland; glandular cells[High]","HPA:0590053","1","0","1880","13","5","11007","KAT2B,MECOM,TMEM245,ADM,CRYAB"
"HPA","Thyroid gland; glandular cells[≥Medium]","HPA:0590052","1","0","5592","13","7","11007","SP3,KAT2B,MECOM,TMEM245,ADM,CRYAB,PKP2"
"HPA","Thyroid gland; glandular cells[≥Low]","HPA:0590051","1","0","7112","13","7","11007","SP3,KAT2B,MECOM,TMEM245,ADM,CRYAB,PKP2"
"HPA","Thyroid gland","HPA:0590000","1","0","7112","13","7","11007","SP3,KAT2B,MECOM,TMEM245,ADM,CRYAB,PKP2"
"HPA","Testis; spermatogonia cells[High]","HPA:0570813","1","0","1468","13","1","11007","MECOM"
"HPA","Testis; spermatogonia cells[≥Medium]","HPA:0570812","1","0","2568","13","3","11007","NOS1AP,MECOM,ADM"
"HPA","Testis; spermatogonia cells[≥Low]","HPA:0570811","1","0","3061","13","4","11007","NOS1AP,SP3,MECOM,ADM"
"HPA","Testis; round or early spermatids[≥Medium]","HPA:0570792","1","0","1912","13","1","11007","MECOM"
"HPA","Testis; round or early spermatids[≥Low]","HPA:0570791","1","0","2325","13","1","11007","MECOM"
"HPA","Testis; preleptotene spermatocytes[High]","HPA:0570783","1","0","752","13","1","11007","MECOM"
"HPA","Testis; preleptotene spermatocytes[≥Medium]","HPA:0570782","1","0","1491","13","2","11007","MECOM,ADM"
"HPA","Testis; preleptotene spermatocytes[≥Low]","HPA:0570781","1","0","1901","13","3","11007","SP3,MECOM,ADM"
"HPA","Testis; peritubular cells[High]","HPA:0570773","1","0","217","13","1","11007","MECOM"
"HPA","Vagina; squamous epithelial cells[High]","HPA:0620223","1","0","1140","13","1","11007","MECOM"
"HPA","Vagina; squamous epithelial cells[≥Medium]","HPA:0620222","1","0","4045","13","2","11007","MECOM,ADM"
"HPA","Vagina; squamous epithelial cells[≥Low]","HPA:0620221","1","0","5994","13","4","11007","KAT2B,MECOM,TMEM245,ADM"
"HPA","Vagina","HPA:0620000","1","0","5994","13","4","11007","KAT2B,MECOM,TMEM245,ADM"
"HPA","Urinary bladder; urothelial cells[High]","HPA:0610833","1","0","2035","13","3","11007","KAT2B,MECOM,TMEM245"
"HPA","Urinary bladder; urothelial cells[≥Medium]","HPA:0610832","1","0","5949","13","5","11007","KAT2B,MECOM,TMEM245,ADM,PKP2"
"HPA","Urinary bladder; urothelial cells[≥Low]","HPA:0610831","1","0","7288","13","6","11007","HSPG2,KAT2B,MECOM,TMEM245,ADM,PKP2"
"HPA","Urinary bladder","HPA:0610000","1","0","7288","13","6","11007","HSPG2,KAT2B,MECOM,TMEM245,ADM,PKP2"
"HPA","Tonsil; squamous epithelial cells[High]","HPA:0600223","1","0","1471","13","1","11007","MECOM"
"HPA","Tonsil; squamous epithelial cells[≥Medium]","HPA:0600222","1","0","4936","13","3","11007","SP3,MECOM,ADM"
"HPA","Tonsil; squamous epithelial cells[≥Low]","HPA:0600221","1","0","6637","13","5","11007","HSPG2,SP3,KAT2B,MECOM,ADM"
"HPA","Tonsil; non-germinal center cells[High]","HPA:0600443","1","0","1326","13","3","11007","SP3,MECOM,ADM"
"HPA","Tonsil; non-germinal center cells[≥Medium]","HPA:0600442","1","0","4199","13","4","11007","SP3,KAT2B,MECOM,ADM"
"HPA","Tonsil; non-germinal center cells[≥Low]","HPA:0600441","1","0","6120","13","7","11007","HSPG2,SP3,KAT2B,MECOM,TMEM245,ADM,PKP2"
"HPA","Tonsil; germinal center cells[High]","HPA:0600433","1","0","1230","13","2","11007","SP3,ADM"
"CORUM","alphaB-crystallin-Nav1.5 complex","CORUM:6096","0.0999464112430586","1.000232795395969","2","3","1","3383","CRYAB"
"CORUM","FOXO3-PCAF complex, oxidative stress stimulated","CORUM:1338","0.0999464112430586","1.000232795395969","2","3","1","3383","KAT2B"
"CORUM","CREBBP-KAT2B-MYOD1 complex","CORUM:2641","0.0999464112430586","1.000232795395969","2","3","1","3383","KAT2B"
"CORUM","RNA polymerase II complex, (CBP, RPBI, PCAF, BAF47), chromatin structure modifying","CORUM:3062","0.14987528381055248","0.824269981492827","3","3","1","3383","KAT2B"
"CORUM","Chromatin remodeling complex (TACC2, TACC3, PCAF)","CORUM:5373","0.14987528381055248","0.824269981492827","3","3","1","3383","KAT2B"
"CORUM","KAT2B-KIF11-MYSM1 complex","CORUM:7437","0.14987528381055248","0.824269981492827","3","3","1","3383","KAT2B"
"CORUM","SCRIB-NOS1AP-VANGL1 complex","CORUM:6777","0.14987528381055248","0.824269981492827","3","3","1","3383","NOS1AP"
"CORUM","RNA polymerase II complex (CBP, PCAF, RPB1, BAF47, CYCC, CDK8), chromatin structure modifying","CORUM:3061","0.19977461266646923","0.699459702693608","4","3","1","3383","KAT2B"
"CORUM","EP300-KAT2B-TBX5-WWTR1 complex","CORUM:6653","0.19977461266646923","0.699459702693608","4","3","1","3383","KAT2B"
"CORUM","Multisubunit ACTR coactivator complex","CORUM:4","0.19977461266646923","0.699459702693608","4","3","1","3383","KAT2B"
"CORUM","MASH1 promoter-coactivator complex","CORUM:3137","0.24964440655413436","0.6026781601511827","5","3","1","3383","KAT2B"
"CORUM","CAMK2-delta-MASH1 promoter-coactivator complex","CORUM:3142","0.2994846742168984","0.5236253972256983","6","3","1","3383","KAT2B"
"CORUM","PCAF complex","CORUM:471","0.4985506574853158","0.30229070666309016","10","3","1","3383","KAT2B"
"CORUM","PCAF complex","CORUM:477","0.4985506574853158","0.30229070666309016","10","3","1","3383","KAT2B"
"CORUM","RNA polymerase II complex, chromatin structure modifying","CORUM:3066","0.5482434251734254","0.2610265679094866","11","3","1","3383","KAT2B"
"CORUM","CORUM root","CORUM:0000000","1","0","3383","3","3","3383","NOS1AP,KAT2B,CRYAB"
"HP","Increased left ventricular end-diastolic volume","HP:0033755","0.01294326890127217","1.887956026101887","22","11","3","5200","MYPN,LDB3,CRYAB"
"HP","Abnormal left ventricular end-diastolic volume","HP:0033754","0.01294326890127217","1.887956026101887","22","11","3","5200","MYPN,LDB3,CRYAB"
"HP","Thromboembolic stroke","HP:0001727","0.014885089318058658","1.827248555023059","75","11","4","5200","PRDM16,MYPN,LDB3,CRYAB"
"HP","Lipoatrophy","HP:0100578","0.017411919377996948","1.7591533524135659","78","11","4","5200","PRDM16,MYPN,LDB3,CRYAB"
"HP","Dilated cardiomyopathy","HP:0001644","0.022979811429183615","1.6386535394249755","181","11","5","5200","PRDM16,HSPG2,MYPN,LDB3,CRYAB"
"HP","Abnormal electrophysiology of sinoatrial node origin","HP:0011702","0.024528400342611764","1.6103307740532902","85","11","4","5200","NOS1AP,MYPN,LDB3,PKP2"
"HP","Muscle stiffness","HP:0003552","0.025696922982418907","1.5901188771263297","86","11","4","5200","HSPG2,MYPN,LDB3,CRYAB"
"HP","Myopathy","HP:0003198","0.031829247018126776","1.4971736353262346","340","11","6","5200","PRDM16,HSPG2,MYPN,LDB3,CRYAB,MYO18B"
"HP","Arrhythmia","HP:0011675","0.03695729889815743","1.4322997776167719","545","11","7","5200","PRDM16,HSPG2,NOS1AP,MYPN,LDB3,CRYAB,PKP2"
"HP","Left ventricular systolic dysfunction","HP:0025169","0.03814800609596777","1.4185281566382903","95","11","4","5200","PRDM16,MYPN,LDB3,CRYAB"
"HP","Thromboembolism","HP:0001907","0.048606233791222794","1.3133080285254612","101","11","4","5200","PRDM16,MYPN,LDB3,CRYAB"
"HP","Cardiomyopathy","HP:0001638","0.060408447619177456","1.2189023246593378","587","11","7","5200","PRDM16,HSPG2,MYPN,LDB3,CRYAB,PKP2,MYO18B"
"HP","Orthopnea","HP:0012764","0.06103505968935338","1.2144206263717066","107","11","4","5200","PRDM16,MYPN,LDB3,CRYAB"
"HP","Abnormality of cardiovascular system electrophysiology","HP:0030956","0.06388535980806453","1.194598654878288","592","11","7","5200","PRDM16,HSPG2,NOS1AP,MYPN,LDB3,CRYAB,PKP2"
"HP","Abnormal myocardium morphology","HP:0001637","0.08299524936878823","1.080946765840402","616","11","7","5200","PRDM16,HSPG2,MYPN,LDB3,CRYAB,PKP2,MYO18B"
"HP","Pathological inclusion body by anatomical location","HP:0020067","0.08764516793683982","1.0572720224819265","41","11","3","5200","MYPN,CRYAB,MYO18B"
"HP","Muscle fiber inclusion bodies","HP:0100299","0.08764516793683982","1.0572720224819265","41","11","3","5200","MYPN,CRYAB,MYO18B"
"HP","Pathological inclusion body","HP:6001025","0.09427781697087512","1.0255904822410442","42","11","3","5200","MYPN,CRYAB,MYO18B"
"HP","Lipodystrophy","HP:0009125","0.11594743400705868","0.9357388581420447","126","11","4","5200","PRDM16,MYPN,LDB3,CRYAB"
"HP","Autophagic vacuoles","HP:0003736","0.13797619285235996","0.8601958426190439","8","11","2","5200","LDB3,CRYAB"
"HP","Edema","HP:0000969","0.18271812344407093","0.73821837371265","695","11","7","5200","PRDM16,HSPG2,NOS1AP,MECOM,MYPN,LDB3,CRYAB"
"HP","EMG abnormality","HP:0003457","0.20472514577227058","0.6888288109797203","285","11","5","5200","PRDM16,HSPG2,MYPN,LDB3,CRYAB"
"HP","Exertional dyspnea","HP:0002875","0.24683963900947636","0.6075850973909646","153","11","4","5200","PRDM16,MYPN,LDB3,CRYAB"
"HP","Abnormal left ventricular function","HP:0005162","0.2595650842037896","0.585753727732479","155","11","4","5200","PRDM16,MYPN,LDB3,CRYAB"
"HP","Tachycardia","HP:0001649","0.3461701075304733","0.46071043702407444","167","11","4","5200","MYPN,LDB3,CRYAB,PKP2"
"HP","Abnormal cardiac ventricular function","HP:0030872","0.3878029204869912","0.4113889246368677","172","11","4","5200","PRDM16,MYPN,LDB3,CRYAB"
"HP","Abnormality of fluid regulation","HP:0011032","0.4114314254414868","0.38570253963546697","788","11","7","5200","PRDM16,HSPG2,NOS1AP,MECOM,MYPN,LDB3,CRYAB"
"HP","Mitral regurgitation","HP:0001653","0.41445777878461393","0.38251970485992043","175","11","4","5200","PRDM16,MYPN,LDB3,CRYAB"
"HP","Abnormal mitral valve physiology","HP:0031481","0.5566746504643668","0.25439855489946545","189","11","4","5200","PRDM16,MYPN,LDB3,CRYAB"
"HP","Bifid ribs","HP:0000892","0.663240047287347","0.17832925840649486","17","11","2","5200","PRDM16,HSPG2"
"HP","Atrioventricular valve regurgitation","HP:0034376","0.8167649183672386","0.08790292430841648","209","11","4","5200","PRDM16,MYPN,LDB3,CRYAB"
"HP","Abnormal thrombosis","HP:0001977","0.8317057644802953","0.08003028844891107","210","11","4","5200","PRDM16,MYPN,LDB3,CRYAB"
"HP","Left ventricular noncompaction","HP:0030682","0.8320027742671235","0.0798752255759896","19","11","2","5200","PRDM16,LDB3"
"HP","Progressive distal muscle weakness","HP:0009063","0.8320027742671235","0.0798752255759896","19","11","2","5200","LDB3,CRYAB"
"HP","Abnormal cell morphology","HP:0025461","0.8543412287909853","0.06836863495229806","88","11","3","5200","MYPN,CRYAB,MYO18B"
"HP","Abnormal morphology of left ventricular trabeculae","HP:0031192","0.9233804633357269","0.03461931838705033","20","11","2","5200","PRDM16,LDB3"
"HP","HP root","HP:0000001","1","0","5200","11","11","5200","PRDM16,HSPG2,NOS1AP,CACNA2D2,MECOM,GNRHR,MYPN,LDB3,CRYAB,PKP2,MYO18B"
"HP","Hypogonadotropic hypogonadism","HP:0000044","1","0","170","11","1","5200","GNRHR"
"HP","Abnormal penis morphology","HP:0000036","1","0","708","11","3","5200","PRDM16,HSPG2,GNRHR"
"HP","Abnormal testis morphology","HP:0000035","1","0","963","11","4","5200","PRDM16,HSPG2,MECOM,GNRHR"
"HP","Hydrocele testis","HP:0000034","1","0","36","11","1","5200","MECOM"
"HP","Abnormal male external genitalia morphology","HP:0000032","1","0","1147","11","4","5200","PRDM16,HSPG2,MECOM,GNRHR"
"HP","Cryptorchidism","HP:0000028","1","0","806","11","3","5200","PRDM16,HSPG2,GNRHR"
"HP","Azoospermia","HP:0000027","1","0","145","11","1","5200","GNRHR"
"HP","Male hypogonadism","HP:0000026","1","0","47","11","1","5200","GNRHR"
"HP","Functional abnormality of male internal genitalia","HP:0000025","1","0","309","11","1","5200","GNRHR"
"HP","Inguinal hernia","HP:0000023","1","0","332","11","1","5200","HSPG2"
"HP","Hypoplasia of the uterus","HP:0000013","1","0","53","11","1","5200","GNRHR"
"HP","Abnormal morphology of female internal genitalia","HP:0000008","1","0","484","11","1","5200","GNRHR"
"HP","Autosomal recessive inheritance","HP:0000007","1","0","3190","11","8","5200","HSPG2,NOS1AP,CACNA2D2,GNRHR,MYPN,LDB3,CRYAB,MYO18B"
"HP","Autosomal dominant inheritance","HP:0000006","1","0","2034","11","6","5200","PRDM16,MECOM,MYPN,LDB3,CRYAB,PKP2"
"HP","Mode of inheritance","HP:0000005","1","0","4897","11","11","5200","PRDM16,HSPG2,NOS1AP,CACNA2D2,MECOM,GNRHR,MYPN,LDB3,CRYAB,PKP2,MYO18B"
"HP","Abnormality of body height","HP:0000002","1","0","1568","11","5","5200","PRDM16,HSPG2,GNRHR,MYPN,MYO18B"
"HP","Renal cyst","HP:0000107","1","0","288","11","2","5200","PRDM16,HSPG2"
"HP","Nephrotic syndrome","HP:0000100","1","0","138","11","1","5200","NOS1AP"
"HP","Tall stature","HP:0000098","1","0","176","11","2","5200","HSPG2,MYPN"
"HP","Glomerular sclerosis","HP:0000096","1","0","104","11","1","5200","NOS1AP"
"HP","Abnormal renal glomerulus morphology","HP:0000095","1","0","210","11","1","5200","NOS1AP"
"HP","Proteinuria","HP:0000093","1","0","253","11","1","5200","NOS1AP"
"HP","Renal insufficiency","HP:0000083","1","0","438","11","1","5200","NOS1AP"
"HP","Abnormality of reproductive system physiology","HP:0000080","1","0","848","11","3","5200","PRDM16,HSPG2,GNRHR"
"HP","Abnormality of the urinary system","HP:0000079","1","0","2124","11","3","5200","PRDM16,HSPG2,NOS1AP"
"HP","Abnormality of the genital system","HP:0000078","1","0","1774","11","4","5200","PRDM16,HSPG2,MECOM,GNRHR"
"HP","Abnormality of the kidney","HP:0000077","1","0","1484","11","3","5200","PRDM16,HSPG2,NOS1AP"
"HP","Abnormality of the ureter","HP:0000069","1","0","390","11","1","5200","HSPG2"
"HP","Abnormal female external genitalia morphology","HP:0000055","1","0","154","11","2","5200","PRDM16,HSPG2"
"HP","Micropenis","HP:0000054","1","0","289","11","1","5200","GNRHR"
"HP","Hypoplastic male external genitalia","HP:0000050","1","0","525","11","3","5200","PRDM16,HSPG2,GNRHR"
"HP","Hypospadias","HP:0000047","1","0","390","11","2","5200","PRDM16,HSPG2"
"HP","Abnormality of the dentition","HP:0000164","1","0","1034","11","2","5200","HSPG2,GNRHR"
"HP","Abnormal oral cavity morphology","HP:0000163","1","0","2346","11","6","5200","PRDM16,HSPG2,MECOM,GNRHR,MYPN,MYO18B"
"HP","Narrow mouth","HP:0000160","1","0","241","11","2","5200","PRDM16,HSPG2"
"HP","Abnormal lip morphology","HP:0000159","1","0","1285","11","3","5200","PRDM16,HSPG2,MYO18B"
"HP","Abnormality of the mouth","HP:0000153","1","0","2437","11","6","5200","PRDM16,HSPG2,MECOM,GNRHR,MYPN,MYO18B"
"HP","Abnormality of head or neck","HP:0000152","1","0","3468","11","9","5200","PRDM16,HSPG2,CACNA2D2,MECOM,GNRHR,MYPN,LDB3,CRYAB,MYO18B"
"HP","Decreased fertility","HP:0000144","1","0","399","11","1","5200","GNRHR"
"HP","Amenorrhea","HP:0000141","1","0","199","11","1","5200","GNRHR"
"HP","Abnormality of the menstrual cycle","HP:0000140","1","0","337","11","1","5200","GNRHR"
"HP","Abnormality of the ovary","HP:0000137","1","0","240","11","1","5200","GNRHR"
"HP","Hypogonadism","HP:0000135","1","0","354","11","3","5200","PRDM16,HSPG2,GNRHR"
"HP","Female hypogonadism","HP:0000134","1","0","28","11","1","5200","GNRHR"
"HP","Abnormality of the uterus","HP:0000130","1","0","260","11","1","5200","GNRHR"
"HP","Hydronephrosis","HP:0000126","1","0","277","11","2","5200","PRDM16,HSPG2"
"HP","Abnormality of the genitourinary system","HP:0000119","1","0","2788","11","5","5200","PRDM16,HSPG2,NOS1AP,MECOM,GNRHR"
"HP","Phenotypic abnormality","HP:0000118","1","0","5191","11","11","5200","PRDM16,HSPG2,NOS1AP,CACNA2D2,MECOM,GNRHR,MYPN,LDB3,CRYAB,PKP2,MYO18B"
"HP","Brachycephaly","HP:0000248","1","0","255","11","2","5200","PRDM16,HSPG2"
"HP","Abnormality of skull size","HP:0000240","1","0","1698","11","3","5200","PRDM16,HSPG2,MYO18B"
"HP","Hydrocephalus","HP:0000238","1","0","439","11","1","5200","HSPG2"
"HP","Abnormal cranial suture/fontanelle morphology","HP:0000235","1","0","504","11","3","5200","PRDM16,HSPG2,LDB3"
"HP","Abnormality of the head","HP:0000234","1","0","3437","11","9","5200","PRDM16,HSPG2,CACNA2D2,MECOM,GNRHR,MYPN,LDB3,CRYAB,MYO18B"
"HP","Thin vermilion border","HP:0000233","1","0","440","11","1","5200","MYO18B"
"HP","Everted lower lip vermilion","HP:0000232","1","0","148","11","2","5200","HSPG2,MYO18B"
"HP","Thin upper lip vermilion","HP:0000219","1","0","342","11","1","5200","MYO18B"
"HP","High palate","HP:0000218","1","0","845","11","3","5200","HSPG2,MYPN,MYO18B"
"HP","Trismus","HP:0000211","1","0","15","11","1","5200","HSPG2"
"HP","Pursed lips","HP:0000205","1","0","5","11","1","5200","HSPG2"
"HP","Orofacial cleft","HP:0000202","1","0","683","11","3","5200","HSPG2,MECOM,GNRHR"
"HP","Abnormal lower lip morphology","HP:0000178","1","0","256","11","2","5200","HSPG2,MYO18B"
"HP","Abnormal upper lip morphology","HP:0000177","1","0","1010","11","3","5200","PRDM16,HSPG2,MYO18B"
"HP","Cleft palate","HP:0000175","1","0","642","11","3","5200","HSPG2,MECOM,GNRHR"
"HP","Abnormal palate morphology","HP:0000174","1","0","1226","11","5","5200","HSPG2,MECOM,GNRHR,MYPN,MYO18B"
"HP","Abnormality of the chin","HP:0000306","1","0","433","11","2","5200","PRDM16,HSPG2"
"HP","Abnormality of facial musculature","HP:0000301","1","0","357","11","2","5200","MYPN,CRYAB"
"HP","Mask-like facies","HP:0000298","1","0","60","11","1","5200","HSPG2"
"HP","Low anterior hairline","HP:0000294","1","0","150","11","1","5200","HSPG2"
"HP","Full cheeks","HP:0000293","1","0","163","11","1","5200","HSPG2"
"HP","Abnormal forehead morphology","HP:0000290","1","0","1255","11","3","5200","PRDM16,HSPG2,MYO18B"
"HP","Abnormality of the philtrum","HP:0000288","1","0","757","11","3","5200","PRDM16,HSPG2,MYO18B"
"HP","Epicanthus","HP:0000286","1","0","653","11","2","5200","PRDM16,HSPG2"
"HP","Abnormal mandible morphology","HP:0000277","1","0","1164","11","3","5200","HSPG2,MYPN,MYO18B"
"HP","Long face","HP:0000276","1","0","278","11","1","5200","MYPN"
"HP","Narrow face","HP:0000275","1","0","116","11","1","5200","MYPN"
"HP","Small face","HP:0000274","1","0","151","11","1","5200","MYPN"
"HP","Malar flattening","HP:0000272","1","0","217","11","1","5200","HSPG2"
"HP","Abnormality of the face","HP:0000271","1","0","3127","11","8","5200","PRDM16,HSPG2,CACNA2D2,MECOM,GNRHR,MYPN,CRYAB,MYO18B"
"HP","Delayed cranial suture closure","HP:0000270","1","0","99","11","2","5200","PRDM16,HSPG2"
"HP","Microcephaly","HP:0000252","1","0","1410","11","3","5200","PRDM16,HSPG2,MYO18B"
"HP","Neck muscle weakness","HP:0000467","1","0","95","11","2","5200","MYPN,CRYAB"
"HP","Webbed neck","HP:0000465","1","0","127","11","1","5200","MYO18B"
"HP","Abnormality of the neck","HP:0000464","1","0","732","11","3","5200","PRDM16,HSPG2,MYO18B"
"HP","Depressed nasal ridge","HP:0000457","1","0","133","11","2","5200","PRDM16,HSPG2"
"HP","Abnormal nasal tip morphology","HP:0000436","1","0","402","11","1","5200","MYO18B"
"HP","Wide nasal bridge","HP:0000431","1","0","530","11","2","5200","PRDM16,HSPG2"
"HP","Underdeveloped nasal alae","HP:0000430","1","0","109","11","1","5200","MYO18B"
"HP","Abnormal morphology of the nasal alae","HP:0000429","1","0","596","11","1","5200","MYO18B"
"HP","Prominent nasal bridge","HP:0000426","1","0","247","11","1","5200","HSPG2"
"HP","Abnormal nasal bridge morphology","HP:0000422","1","0","1065","11","3","5200","PRDM16,HSPG2,GNRHR"
"HP","Bulbous nose","HP:0000414","1","0","218","11","1","5200","MYO18B"
"HP","Sensorineural hearing impairment","HP:0000407","1","0","976","11","7","5200","PRDM16,HSPG2,MECOM,GNRHR,MYPN,LDB3,CRYAB"
"HP","Conductive hearing impairment","HP:0000405","1","0","386","11","2","5200","PRDM16,HSPG2"
"HP","Abnormality of the orbital region","HP:0000315","1","0","1725","11","2","5200","PRDM16,HSPG2"
"HP","Abnormal midface morphology","HP:0000309","1","0","667","11","2","5200","PRDM16,HSPG2"
"HP","Pointed chin","HP:0000307","1","0","150","11","2","5200","PRDM16,HSPG2"
"HP","Developmental cataract","HP:0000519","1","0","148","11","2","5200","HSPG2,CRYAB"
"HP","Cataract","HP:0000518","1","0","832","11","3","5200","PRDM16,HSPG2,CRYAB"
"HP","Abnormal lens morphology","HP:0000517","1","0","849","11","3","5200","PRDM16,HSPG2,CRYAB"
"HP","Ptosis","HP:0000508","1","0","791","11","3","5200","HSPG2,MYPN,MYO18B"
"HP","Visual impairment","HP:0000505","1","0","1179","11","2","5200","PRDM16,HSPG2"
"HP","Abnormality of vision","HP:0000504","1","0","1393","11","2","5200","PRDM16,HSPG2"
"HP","Abnormal eyelash morphology","HP:0000499","1","0","307","11","1","5200","HSPG2"
"HP","Abnormality of eye movement","HP:0000496","1","0","1878","11","3","5200","PRDM16,HSPG2,CACNA2D2"
"HP","Abnormal eyelid morphology","HP:0000492","1","0","1450","11","2","5200","PRDM16,HSPG2"
"HP","Deeply set eye","HP:0000490","1","0","290","11","2","5200","PRDM16,HSPG2"
"HP","Strabismus","HP:0000486","1","0","1209","11","3","5200","PRDM16,HSPG2,CACNA2D2"
"HP","Microcornea","HP:0000482","1","0","139","11","1","5200","HSPG2"
"HP","Abnormal cornea morphology","HP:0000481","1","0","756","11","1","5200","HSPG2"
"HP","Abnormal retinal morphology","HP:0000479","1","0","1023","11","1","5200","CRYAB"
"HP","Abnormality of the eye","HP:0000478","1","0","3202","11","7","5200","PRDM16,HSPG2,CACNA2D2,GNRHR,MYPN,CRYAB,MYO18B"
"HP","Short neck","HP:0000470","1","0","408","11","2","5200","HSPG2,MYO18B"
"HP","Abnormal location of ears","HP:0000357","1","0","985","11","3","5200","PRDM16,HSPG2,MYO18B"
"HP","Abnormality of the outer ear","HP:0000356","1","0","1369","11","3","5200","PRDM16,HSPG2,MYO18B"
"HP","Micrognathia","HP:0000347","1","0","885","11","3","5200","HSPG2,MYPN,MYO18B"
"HP","Long philtrum","HP:0000343","1","0","447","11","3","5200","PRDM16,HSPG2,MYO18B"
"HP","Narrow forehead","HP:0000341","1","0","203","11","1","5200","MYO18B"
"HP","Hypertelorism","HP:0000316","1","0","870","11","3","5200","HSPG2,GNRHR,MYPN"
"HP","Retinal dystrophy","HP:0000556","1","0","361","11","1","5200","CRYAB"
"HP","Abnormal uvea morphology","HP:0000553","1","0","615","11","2","5200","PRDM16,HSPG2"
"HP","Abnormal conjugate eye movement","HP:0000549","1","0","1245","11","3","5200","PRDM16,HSPG2,CACNA2D2"
"HP","Myopia","HP:0000545","1","0","475","11","2","5200","HSPG2,CRYAB"
"HP","Hypermetropia","HP:0000540","1","0","307","11","2","5200","PRDM16,HSPG2"
"HP","Abnormality of refraction","HP:0000539","1","0","749","11","3","5200","PRDM16,HSPG2,CRYAB"
"HP","Abnormal eyebrow morphology","HP:0000534","1","0","717","11","2","5200","PRDM16,HSPG2"
"HP","Long eyelashes","HP:0000527","1","0","143","11","1","5200","HSPG2"
"HP","Abnormality iris morphology","HP:0000525","1","0","474","11","2","5200","PRDM16,HSPG2"
"HP","Proptosis","HP:0000520","1","0","289","11","1","5200","HSPG2"
"HP","Tooth malposition","HP:0000692","1","0","442","11","1","5200","HSPG2"
"HP","Dental malocclusion","HP:0000689","1","0","166","11","1","5200","HSPG2"
"HP","Optic atrophy","HP:0000648","1","0","628","11","2","5200","PRDM16,HSPG2"
"HP","Blepharospasm","HP:0000643","1","0","42","11","1","5200","HSPG2"
"HP","Nystagmus","HP:0000639","1","0","1127","11","3","5200","PRDM16,HSPG2,CACNA2D2"
"HP","Abnormality of the pharynx","HP:0000600","1","0","243","11","1","5200","HSPG2"
"HP","Abnormality of the frontal hairline","HP:0000599","1","0","225","11","1","5200","HSPG2"
"HP","Abnormality of the ear","HP:0000598","1","0","2533","11","9","5200","PRDM16,HSPG2,NOS1AP,MECOM,GNRHR,MYPN,LDB3,CRYAB,MYO18B"
"HP","Overfolded helix","HP:0000396","1","0","90","11","1","5200","HSPG2"
"HP","Abnormal pinna morphology","HP:0000377","1","0","1353","11","3","5200","PRDM16,HSPG2,MYO18B"
"HP","Abnormality of the middle ear","HP:0000370","1","0","660","11","2","5200","PRDM16,HSPG2"
"HP","Low-set ears","HP:0000369","1","0","798","11","2","5200","HSPG2,MYO18B"
"HP","Abnormality of the nose","HP:0000366","1","0","1820","11","4","5200","PRDM16,HSPG2,GNRHR,MYO18B"
"HP","Hearing impairment","HP:0000365","1","0","1628","11","8","5200","PRDM16,HSPG2,NOS1AP,MECOM,GNRHR,MYPN,LDB3,CRYAB"
"HP","Hearing abnormality","HP:0000364","1","0","1657","11","8","5200","PRDM16,HSPG2,NOS1AP,MECOM,GNRHR,MYPN,LDB3,CRYAB"
"HP","Posteriorly rotated ears","HP:0000358","1","0","485","11","2","5200","PRDM16,HSPG2"
"HP","Abnormal sternum morphology","HP:0000766","1","0","500","11","2","5200","HSPG2,MYPN"
"HP","Abnormal thorax morphology","HP:0000765","1","0","958","11","3","5200","PRDM16,HSPG2,MYPN"
"HP","Abnormal nonverbal communicative behavior","HP:0000758","1","0","136","11","1","5200","CACNA2D2"
"HP","Hyperactivity","HP:0000752","1","0","591","11","1","5200","HSPG2"
"HP","Delayed speech and language development","HP:0000750","1","0","1199","11","3","5200","PRDM16,HSPG2,CACNA2D2"
"HP","Abnormal diminished volition","HP:0000745","1","0","690","11","2","5200","GNRHR,LDB3"
"HP","Anxiety","HP:0000739","1","0","509","11","2","5200","HSPG2,GNRHR"
"HP","Irritability","HP:0000737","1","0","293","11","1","5200","HSPG2"
"HP","Short attention span","HP:0000736","1","0","535","11","1","5200","HSPG2"
"HP","Disinhibition","HP:0000734","1","0","772","11","1","5200","HSPG2"
"HP","Motor stereotypy","HP:0000733","1","0","305","11","2","5200","PRDM16,HSPG2"
"HP","Autistic behavior","HP:0000729","1","0","671","11","2","5200","PRDM16,HSPG2"
"HP","Autism","HP:0000717","1","0","292","11","2","5200","PRDM16,HSPG2"
"HP","Depression","HP:0000716","1","0","446","11","1","5200","GNRHR"
"HP","Atypical behavior","HP:0000708","1","0","1640","11","3","5200","PRDM16,HSPG2,GNRHR"
"HP","Abnormality of the nervous system","HP:0000707","1","0","4138","11","11","5200","PRDM16,HSPG2,NOS1AP,CACNA2D2,MECOM,GNRHR,MYPN,LDB3,CRYAB,PKP2,MYO18B"
"HP","Abnormal internal genitalia","HP:0000812","1","0","561","11","1","5200","GNRHR"
"HP","Abnormal external genitalia morphology","HP:0000811","1","0","1190","11","4","5200","PRDM16,HSPG2,MECOM,GNRHR"
"HP","Impotence","HP:0000802","1","0","59","11","1","5200","GNRHR"
"HP","Abnormality of the urethra","HP:0000795","1","0","479","11","2","5200","PRDM16,HSPG2"
"HP","Hematuria","HP:0000790","1","0","193","11","1","5200","NOS1AP"
"HP","Infertility","HP:0000789","1","0","343","11","1","5200","GNRHR"
"HP","Nephrolithiasis","HP:0000787","1","0","148","11","1","5200","HSPG2"
"HP","Primary amenorrhea","HP:0000786","1","0","130","11","1","5200","GNRHR"
"HP","Abnormal scapula morphology","HP:0000782","1","0","188","11","2","5200","HSPG2,MYPN"
"HP","Narrow chest","HP:0000774","1","0","136","11","2","5200","HSPG2,MYPN"
"HP","Short ribs","HP:0000773","1","0","72","11","1","5200","HSPG2"
"HP","Abnormal rib morphology","HP:0000772","1","0","341","11","2","5200","PRDM16,HSPG2"
"HP","Gynecomastia","HP:0000771","1","0","104","11","1","5200","GNRHR"
"HP","Abnormality of the breast","HP:0000769","1","0","463","11","1","5200","GNRHR"
"HP","Pectus carinatum","HP:0000768","1","0","188","11","1","5200","HSPG2"
"HP","Pectus excavatum","HP:0000767","1","0","344","11","2","5200","HSPG2,MYPN"
"HP","Abnormal skull morphology","HP:0000929","1","0","2510","11","5","5200","PRDM16,HSPG2,MYPN,LDB3,MYO18B"
"HP","Abnormality of skeletal maturation","HP:0000927","1","0","415","11","2","5200","HSPG2,GNRHR"
"HP","Platyspondyly","HP:0000926","1","0","129","11","1","5200","HSPG2"
"HP","Abnormality of the vertebral column","HP:0000925","1","0","1630","11","4","5200","PRDM16,HSPG2,MYPN,MYO18B"
"HP","Abnormality of the skeletal system","HP:0000924","1","0","3342","11","7","5200","PRDM16,HSPG2,MECOM,GNRHR,MYPN,LDB3,MYO18B"
"HP","Missing ribs","HP:0000921","1","0","70","11","2","5200","PRDM16,HSPG2"
"HP","Sprengel anomaly","HP:0000912","1","0","54","11","1","5200","HSPG2"
"HP","Rib fusion","HP:0000902","1","0","49","11","2","5200","PRDM16,HSPG2"
"HP","11 pairs of ribs","HP:0000878","1","0","50","11","2","5200","PRDM16,HSPG2"
"HP","Secondary amenorrhea","HP:0000869","1","0","73","11","1","5200","GNRHR"
"HP","Delayed puberty","HP:0000823","1","0","210","11","1","5200","GNRHR"
"HP","Hypothyroidism","HP:0000821","1","0","417","11","2","5200","PRDM16,HSPG2"
"HP","Abnormality of the thyroid gland","HP:0000820","1","0","552","11","2","5200","PRDM16,HSPG2"
"HP","Abnormality of the endocrine system","HP:0000818","1","0","1500","11","3","5200","PRDM16,HSPG2,GNRHR"
"HP","Reduced eye contact","HP:0000817","1","0","127","11","1","5200","CACNA2D2"
"HP","Seizure","HP:0001250","1","0","2083","11","4","5200","PRDM16,HSPG2,NOS1AP,CACNA2D2"
"HP","Intellectual disability","HP:0001249","1","0","2060","11","3","5200","PRDM16,HSPG2,MECOM"
"HP","Wrist flexion contracture","HP:0001239","1","0","40","11","1","5200","HSPG2"
"HP","Interphalangeal joint contracture of finger","HP:0001220","1","0","226","11","2","5200","PRDM16,HSPG2"
"HP","Clubbing","HP:0001217","1","0","161","11","1","5200","HSPG2"
"HP","Abnormal fingertip morphology","HP:0001211","1","0","97","11","1","5200","HSPG2"
"HP","Abnormality of prenatal development or birth","HP:0001197","1","0","1087","11","4","5200","HSPG2,NOS1AP,MECOM,MYPN"
"HP","Single umbilical artery","HP:0001195","1","0","48","11","1","5200","HSPG2"
"HP","Abnormalities of placenta or umbilical cord","HP:0001194","1","0","122","11","1","5200","HSPG2"
"HP","Abnormality of the skin","HP:0000951","1","0","2192","11","2","5200","PRDM16,HSPG2"
"HP","Hypoplastic ilia","HP:0000946","1","0","54","11","1","5200","HSPG2"
"HP","Abnormal metaphysis morphology","HP:0000944","1","0","239","11","1","5200","HSPG2"
"HP","Abnormal diaphysis morphology","HP:0000940","1","0","343","11","1","5200","HSPG2"
"HP","Osteoporosis","HP:0000939","1","0","330","11","2","5200","HSPG2,GNRHR"
"HP","Osteopenia","HP:0000938","1","0","333","11","1","5200","GNRHR"
"HP","Gait disturbance","HP:0001288","1","0","1318","11","6","5200","PRDM16,HSPG2,CACNA2D2,MYPN,LDB3,CRYAB"
"HP","Areflexia","HP:0001284","1","0","328","11","1","5200","MYPN"
"HP","Syncope","HP:0001279","1","0","126","11","3","5200","NOS1AP,MYPN,PKP2"
"HP","Hypertonia","HP:0001276","1","0","1192","11","2","5200","HSPG2,CRYAB"
"HP","Agenesis of corpus callosum","HP:0001274","1","0","370","11","2","5200","PRDM16,HSPG2"
"HP","Abnormal corpus callosum morphology","HP:0001273","1","0","979","11","2","5200","PRDM16,HSPG2"
"HP","Cerebellar atrophy","HP:0001272","1","0","485","11","1","5200","CACNA2D2"
"HP","Polyneuropathy","HP:0001271","1","0","74","11","1","5200","LDB3"
"HP","Motor delay","HP:0001270","1","0","1101","11","2","5200","MYPN,MYO18B"
"HP","Hyporeflexia","HP:0001265","1","0","420","11","4","5200","HSPG2,MYPN,LDB3,CRYAB"
"HP","Global developmental delay","HP:0001263","1","0","2042","11","3","5200","PRDM16,HSPG2,CACNA2D2"
"HP","Dysarthria","HP:0001260","1","0","631","11","1","5200","CACNA2D2"
"HP","Mild intellectual disability","HP:0001256","1","0","395","11","1","5200","MECOM"
"HP","Lethargy","HP:0001254","1","0","256","11","1","5200","LDB3"
"HP","Hypotonia","HP:0001252","1","0","1927","11","5","5200","PRDM16,HSPG2,CACNA2D2,MYPN,MYO18B"
"HP","Ataxia","HP:0001251","1","0","1100","11","1","5200","CACNA2D2"
"HP","Congenital hip dislocation","HP:0001374","1","0","91","11","1","5200","HSPG2"
"HP","Joint dislocation","HP:0001373","1","0","402","11","1","5200","HSPG2"
"HP","Flexion contracture","HP:0001371","1","0","713","11","5","5200","PRDM16,HSPG2,GNRHR,MYPN,MYO18B"
"HP","Abnormal joint morphology","HP:0001367","1","0","1294","11","4","5200","PRDM16,HSPG2,MECOM,MYO18B"
"HP","Calvarial skull defect","HP:0001362","1","0","28","11","1","5200","HSPG2"
"HP","Facial diplegia","HP:0001349","1","0","46","11","2","5200","MYPN,CRYAB"
"HP","Absent speech","HP:0001344","1","0","475","11","3","5200","PRDM16,HSPG2,CACNA2D2"
"HP","Dystonia","HP:0001332","1","0","578","11","1","5200","HSPG2"
"HP","Muscle weakness","HP:0001324","1","0","1093","11","4","5200","HSPG2,MYPN,LDB3,CRYAB"
"HP","Abnormal cerebellum morphology","HP:0001317","1","0","1061","11","1","5200","CACNA2D2"
"HP","Reduced tendon reflexes","HP:0001315","1","0","636","11","4","5200","HSPG2,MYPN,LDB3,CRYAB"
"HP","Abnormal nervous system electrophysiology","HP:0001311","1","0","760","11","2","5200","PRDM16,HSPG2"
"HP","Dysmetria","HP:0001310","1","0","192","11","1","5200","CACNA2D2"
"HP","Encephalopathy","HP:0001298","1","0","363","11","1","5200","CACNA2D2"
"HP","Stroke","HP:0001297","1","0","188","11","1","5200","MYPN"
"HP","Generalized hypotonia","HP:0001290","1","0","681","11","3","5200","CACNA2D2,MYPN,MYO18B"
"HP","Abnormality of corneal size","HP:0001120","1","0","187","11","1","5200","HSPG2"
"HP","Posterior polar cataract","HP:0001115","1","0","8","11","1","5200","CRYAB"
"HP","Ocular albinism","HP:0001107","1","0","29","11","2","5200","PRDM16,HSPG2"
"HP","Abnormal fundus morphology","HP:0001098","1","0","1450","11","3","5200","PRDM16,HSPG2,CRYAB"
"HP","Ectopia lentis","HP:0001083","1","0","48","11","1","5200","HSPG2"
"HP","Pterygium","HP:0001059","1","0","54","11","1","5200","HSPG2"
"HP","Telangiectasia","HP:0001009","1","0","164","11","2","5200","PRDM16,HSPG2"
"HP","Hirsutism","HP:0001007","1","0","218","11","2","5200","PRDM16,HSPG2"
"HP","Abnormality of the musculature of the hand","HP:0001421","1","0","136","11","1","5200","LDB3"
"HP","Hepatic steatosis","HP:0001397","1","0","182","11","2","5200","PRDM16,HSPG2"
"HP","Abnormality of the liver","HP:0001392","1","0","1154","11","5","5200","PRDM16,HSPG2,MECOM,MYPN,LDB3"
"HP","Joint stiffness","HP:0001387","1","0","201","11","2","5200","PRDM16,HSPG2"
"HP","Hip dysplasia","HP:0001385","1","0","261","11","3","5200","PRDM16,HSPG2,MECOM"
"HP","Abnormal hip joint morphology","HP:0001384","1","0","401","11","2","5200","HSPG2,MYO18B"
"HP","Joint hypermobility","HP:0001382","1","0","583","11","1","5200","GNRHR"
"HP","Limitation of joint mobility","HP:0001376","1","0","423","11","3","5200","PRDM16,HSPG2,MECOM"
"HP","Abnormal abdomen morphology","HP:0001438","1","0","885","11","3","5200","MECOM,MYPN,LDB3"
"HP","Abnormality of the musculature of the lower limbs","HP:0001437","1","0","107","11","1","5200","LDB3"
"HP","Abnormality of the shoulder girdle musculature","HP:0001435","1","0","152","11","1","5200","MYPN"
"HP","Hepatosplenomegaly","HP:0001433","1","0","177","11","1","5200","MECOM"
"HP","Cardiac arrest","HP:0001695","1","0","167","11","3","5200","NOS1AP,LDB3,PKP2"
"HP","Atrial arrhythmia","HP:0001692","1","0","96","11","1","5200","MYPN"
"HP","Sinus bradycardia","HP:0001688","1","0","32","11","1","5200","NOS1AP"
"HP","Myocardial fibrosis","HP:0001685","1","0","23","11","1","5200","MYPN"
"HP","Abnormal aortic morphology","HP:0001679","1","0","419","11","3","5200","PRDM16,HSPG2,MYPN"
"HP","Atrioventricular block","HP:0001678","1","0","92","11","2","5200","MYPN,PKP2"
"HP","Abnormal cardiac septum morphology","HP:0001671","1","0","828","11","4","5200","PRDM16,HSPG2,MYPN,LDB3"
"HP","Abnormal finger morphology","HP:0001167","1","0","1282","11","3","5200","PRDM16,HSPG2,MECOM"
"HP","Syndactyly","HP:0001159","1","0","436","11","1","5200","MECOM"
"HP","Brachydactyly","HP:0001156","1","0","400","11","2","5200","PRDM16,HSPG2"
"HP","Abnormality of the hand","HP:0001155","1","0","1655","11","4","5200","PRDM16,HSPG2,MECOM,LDB3"
"HP","Lenticonus","HP:0001142","1","0","10","11","1","5200","CRYAB"
"HP","Abnormality of the integument","HP:0001574","1","0","2666","11","4","5200","PRDM16,HSPG2,GNRHR,MYO18B"
"HP","Polyhydramnios","HP:0001561","1","0","333","11","2","5200","HSPG2,MYPN"
"HP","Abnormality of the amniotic fluid","HP:0001560","1","0","515","11","2","5200","HSPG2,MYPN"
"HP","Decreased fetal movement","HP:0001558","1","0","244","11","1","5200","MYPN"
"HP","Prenatal movement abnormality","HP:0001557","1","0","256","11","2","5200","HSPG2,MYPN"
"HP","Abnormal umbilicus morphology","HP:0001551","1","0","329","11","1","5200","HSPG2"
"HP","Overgrowth","HP:0001548","1","0","47","11","1","5200","HSPG2"
"HP","Abnormal rib cage morphology","HP:0001547","1","0","405","11","2","5200","PRDM16,HSPG2"
"HP","Umbilical hernia","HP:0001537","1","0","323","11","1","5200","HSPG2"
"HP","Slender build","HP:0001533","1","0","29","11","1","5200","MYPN"
"HP","Death in infancy","HP:0001522","1","0","248","11","2","5200","HSPG2,CRYAB"
"HP","Obesity","HP:0001513","1","0","355","11","2","5200","PRDM16,HSPG2"
"HP","Growth delay","HP:0001510","1","0","1959","11","5","5200","PRDM16,HSPG2,GNRHR,MYPN,MYO18B"
"HP","Failure to thrive","HP:0001508","1","0","1141","11","2","5200","PRDM16,HSPG2"
"HP","Growth abnormality","HP:0001507","1","0","2718","11","5","5200","PRDM16,HSPG2,GNRHR,MYPN,MYO18B"
"HP","Abnormality of the musculature of the upper limbs","HP:0001446","1","0","302","11","2","5200","MYPN,LDB3"
"HP","Tetralogy of Fallot","HP:0001636","1","0","192","11","2","5200","PRDM16,HSPG2"
"HP","Congestive heart failure","HP:0001635","1","0","262","11","4","5200","PRDM16,MYPN,LDB3,CRYAB"
"HP","Mitral valve prolapse","HP:0001634","1","0","129","11","1","5200","MYPN"
"HP","Abnormal mitral valve morphology","HP:0001633","1","0","170","11","1","5200","MYPN"
"HP","Abnormal heart morphology","HP:0001627","1","0","1623","11","7","5200","PRDM16,HSPG2,MYPN,LDB3,CRYAB,PKP2,MYO18B"
"HP","Abnormality of the cardiovascular system","HP:0001626","1","0","2908","11","9","5200","PRDM16,HSPG2,NOS1AP,MECOM,MYPN,LDB3,CRYAB,PKP2,MYO18B"
"HP","Breech presentation","HP:0001623","1","0","59","11","1","5200","MYPN"
"HP","Weak voice","HP:0001621","1","0","31","11","1","5200","HSPG2"
"HP","Abnormally high-pitched voice","HP:0001620","1","0","48","11","1","5200","HSPG2"
"HP","Dysphonia","HP:0001618","1","0","157","11","2","5200","HSPG2,CRYAB"
"HP","Weak cry","HP:0001612","1","0","51","11","1","5200","CRYAB"
"HP","Hypernasal speech","HP:0001611","1","0","114","11","1","5200","MYPN"
"HP","Abnormality of the voice","HP:0001608","1","0","497","11","4","5200","HSPG2,GNRHR,MYPN,CRYAB"
"HP","Laryngomalacia","HP:0001601","1","0","94","11","1","5200","HSPG2"
"HP","Abnormality of the larynx","HP:0001600","1","0","235","11","1","5200","HSPG2"
"HP","Abnormal hair morphology","HP:0001595","1","0","1401","11","4","5200","PRDM16,HSPG2,GNRHR,MYO18B"
"HP","Talipes","HP:0001883","1","0","491","11","3","5200","HSPG2,MYPN,LDB3"
"HP","Torsade de pointes","HP:0001664","1","0","25","11","1","5200","NOS1AP"
"HP","Ventricular fibrillation","HP:0001663","1","0","56","11","1","5200","PKP2"
"HP","Bradycardia","HP:0001662","1","0","104","11","1","5200","NOS1AP"
"HP","Prolonged QT interval","HP:0001657","1","0","60","11","1","5200","NOS1AP"
"HP","Patent foramen ovale","HP:0001655","1","0","151","11","1","5200","LDB3"
"HP","Abnormal heart valve morphology","HP:0001654","1","0","387","11","3","5200","PRDM16,HSPG2,MYPN"
"HP","Sudden cardiac death","HP:0001645","1","0","113","11","3","5200","NOS1AP,LDB3,PKP2"
"HP","Patent ductus arteriosus","HP:0001643","1","0","409","11","2","5200","PRDM16,HSPG2"
"HP","Cardiomegaly","HP:0001640","1","0","147","11","1","5200","LDB3"
"HP","Hypertrophic cardiomyopathy","HP:0001639","1","0","289","11","1","5200","MYPN"
"HP","Respiratory distress","HP:0002098","1","0","241","11","1","5200","LDB3"
"HP","Dyspnea","HP:0002094","1","0","529","11","5","5200","PRDM16,MYPN,LDB3,CRYAB,PKP2"
"HP","Respiratory insufficiency","HP:0002093","1","0","695","11","3","5200","HSPG2,MYPN,CRYAB"
"HP","Pulmonary arterial hypertension","HP:0002092","1","0","164","11","1","5200","HSPG2"
"HP","Pulmonary hypoplasia","HP:0002089","1","0","143","11","1","5200","HSPG2"
"HP","Abnormal lung morphology","HP:0002088","1","0","1311","11","3","5200","HSPG2,MYPN,LDB3"
"HP","Abnormality of the upper respiratory tract","HP:0002087","1","0","530","11","1","5200","HSPG2"
"HP","Abnormality of the respiratory system","HP:0002086","1","0","2243","11","6","5200","PRDM16,HSPG2,MYPN,LDB3,CRYAB,PKP2"
"HP","Occipital encephalocele","HP:0002085","1","0","38","11","1","5200","HSPG2"
"HP","Encephalocele","HP:0002084","1","0","122","11","1","5200","HSPG2"
"HP","Chorea","HP:0002072","1","0","259","11","1","5200","CACNA2D2"
"HP","Abnormality of extrapyramidal motor function","HP:0002071","1","0","325","11","1","5200","MYPN"
"HP","Abnormal granulocyte morphology","HP:0001911","1","0","330","11","1","5200","MECOM"
"HP","Congenital thrombocytopenia","HP:0001905","1","0","6","11","1","5200","MECOM"
"HP","Anemia","HP:0001903","1","0","664","11","1","5200","MECOM"
"HP","Abnormal right ventricle morphology","HP:0001707","1","0","75","11","1","5200","PKP2"
"HP","Sudden death","HP:0001699","1","0","133","11","3","5200","NOS1AP,LDB3,PKP2"
"HP","Abnormal intestine morphology","HP:0002242","1","0","781","11","2","5200","PRDM16,HSPG2"
"HP","Hepatomegaly","HP:0002240","1","0","682","11","3","5200","MECOM,MYPN,LDB3"
"HP","Sparse body hair","HP:0002231","1","0","65","11","1","5200","GNRHR"
"HP","Generalized hirsutism","HP:0002230","1","0","88","11","2","5200","PRDM16,HSPG2"
"HP","Sparse pubic hair","HP:0002225","1","0","65","11","1","5200","GNRHR"
"HP","Sparse axillary hair","HP:0002215","1","0","59","11","1","5200","GNRHR"
"HP","Recurrent respiratory infections","HP:0002205","1","0","696","11","2","5200","MYPN,LDB3"
"HP","Abnormal speech pattern","HP:0002167","1","0","1799","11","3","5200","PRDM16,HSPG2,CACNA2D2"
"HP","Low posterior hairline","HP:0002162","1","0","112","11","1","5200","MYO18B"
"HP","Increased circulating lactate concentration","HP:0002151","1","0","227","11","1","5200","LDB3"
"HP","Cerebral cortical atrophy","HP:0002120","1","0","334","11","2","5200","PRDM16,HSPG2"
"HP","Ventriculomegaly","HP:0002119","1","0","790","11","2","5200","PRDM16,HSPG2"
"HP","Abnormal cerebral ventricle morphology","HP:0002118","1","0","1007","11","2","5200","PRDM16,HSPG2"
"HP","Apnea","HP:0002104","1","0","249","11","2","5200","HSPG2,CRYAB"
"HP","Abnormal toe morphology","HP:0001780","1","0","769","11","2","5200","PRDM16,HSPG2"
"HP","Short foot","HP:0001773","1","0","153","11","2","5200","PRDM16,HSPG2"
"HP","Pes planus","HP:0001763","1","0","390","11","2","5200","HSPG2,MYPN"
"HP","Talipes equinovarus","HP:0001762","1","0","422","11","3","5200","HSPG2,MYPN,LDB3"
"HP","Pes cavus","HP:0001761","1","0","316","11","1","5200","MYPN"
"HP","Abnormal foot morphology","HP:0001760","1","0","1603","11","4","5200","PRDM16,HSPG2,MYPN,LDB3"
"HP","Splenomegaly","HP:0001744","1","0","507","11","1","5200","MECOM"
"HP","Abnormality of the spleen","HP:0001743","1","0","652","11","3","5200","PRDM16,HSPG2,MECOM"
"HP","Annular pancreas","HP:0001734","1","0","26","11","2","5200","PRDM16,HSPG2"
"HP","Abnormality of the pancreas","HP:0001732","1","0","334","11","2","5200","PRDM16,HSPG2"
"HP","Ventricular hypertrophy","HP:0001714","1","0","170","11","2","5200","MYPN,LDB3"
"HP","Abnormal cardiac ventricle morphology","HP:0001713","1","0","757","11","3","5200","MYPN,LDB3,PKP2"
"HP","Left ventricular hypertrophy","HP:0001712","1","0","109","11","2","5200","MYPN,LDB3"
"HP","Abnormal left ventricle morphology","HP:0001711","1","0","137","11","2","5200","MYPN,LDB3"
"HP","Conotruncal defect","HP:0001710","1","0","276","11","2","5200","PRDM16,HSPG2"
"HP","Abnormal stomach morphology","HP:0002577","1","0","285","11","2","5200","PRDM16,HSPG2"
"HP","Inability to walk","HP:0002540","1","0","405","11","2","5200","CACNA2D2,LDB3"
"HP","Abnormal cerebral cortex morphology","HP:0002538","1","0","717","11","2","5200","PRDM16,HSPG2"
"HP","Abnormality of the autonomic nervous system","HP:0002270","1","0","306","11","1","5200","NOS1AP"
"HP","Abnormal leukocyte morphology","HP:0001881","1","0","661","11","1","5200","MECOM"
"HP","Abnormal erythrocyte morphology","HP:0001877","1","0","731","11","1","5200","MECOM"
"HP","Decreased total neutrophil count","HP:0001875","1","0","224","11","1","5200","MECOM"
"HP","Abnormality of neutrophils","HP:0001874","1","0","281","11","1","5200","MECOM"
"HP","Thrombocytopenia","HP:0001873","1","0","436","11","1","5200","MECOM"
"HP","Abnormality of thrombocytes","HP:0001872","1","0","501","11","1","5200","MECOM"
"HP","Abnormality of blood and blood-forming tissues","HP:0001871","1","0","1558","11","5","5200","PRDM16,MECOM,MYPN,LDB3,CRYAB"
"HP","Abnormal metatarsal morphology","HP:0001832","1","0","159","11","1","5200","HSPG2"
"HP","Foot polydactyly","HP:0001829","1","0","135","11","2","5200","PRDM16,HSPG2"
"HP","Weight loss","HP:0001824","1","0","401","11","1","5200","HSPG2"
"HP","Hydrops fetalis","HP:0001789","1","0","133","11","2","5200","HSPG2,MECOM"
"HP","Abnormal delivery","HP:0001787","1","0","116","11","1","5200","MYPN"
"HP","EEG abnormality","HP:0002353","1","0","574","11","2","5200","PRDM16,HSPG2"
"HP","Abnormal cerebellar vermis morphology","HP:0002334","1","0","395","11","1","5200","CACNA2D2"
"HP","Clumsiness","HP:0002312","1","0","102","11","1","5200","MYPN"
"HP","Incoordination","HP:0002311","1","0","171","11","1","5200","MYPN"
"HP","Abnormal calvaria morphology","HP:0002683","1","0","1017","11","2","5200","PRDM16,HSPG2"
"HP","Coxa valga","HP:0002673","1","0","98","11","1","5200","HSPG2"
"HP","Neoplasm","HP:0002664","1","0","988","11","2","5200","PRDM16,HSPG2"
"HP","Skeletal dysplasia","HP:0002652","1","0","186","11","1","5200","HSPG2"
"HP","Scoliosis","HP:0002650","1","0","1175","11","4","5200","PRDM16,HSPG2,MYPN,MYO18B"
"HP","Wormian bones","HP:0002645","1","0","63","11","1","5200","HSPG2"
"HP","Abnormal pelvic girdle bone morphology","HP:0002644","1","0","656","11","4","5200","PRDM16,HSPG2,MECOM,MYO18B"
"HP","Vascular dilatation","HP:0002617","1","0","221","11","4","5200","PRDM16,HSPG2,MYPN,PKP2"
"HP","Aortic root aneurysm","HP:0002616","1","0","75","11","1","5200","MYPN"
"HP","Hyporeflexia of lower limbs","HP:0002600","1","0","44","11","1","5200","LDB3"
"HP","Abnormality of the vasculature","HP:0002597","1","0","2067","11","5","5200","PRDM16,HSPG2,MECOM,MYPN,PKP2"
"HP","Polyphagia","HP:0002591","1","0","80","11","2","5200","PRDM16,HSPG2"
"HP","Recurrent lower respiratory tract infections","HP:0002783","1","0","271","11","1","5200","LDB3"
"HP","Generalized joint hypermobility","HP:0002761","1","0","51","11","1","5200","GNRHR"
"HP","Kyphoscoliosis","HP:0002751","1","0","202","11","1","5200","HSPG2"
"HP","Delayed skeletal maturation","HP:0002750","1","0","363","11","2","5200","HSPG2,GNRHR"
"HP","Respiratory insufficiency due to muscle weakness","HP:0002747","1","0","109","11","2","5200","MYPN,CRYAB"
"HP","Waddling gait","HP:0002515","1","0","136","11","2","5200","HSPG2,MYPN"
"HP","Loss of ambulation","HP:0002505","1","0","152","11","1","5200","LDB3"
"HP","Abnormal cerebral white matter morphology","HP:0002500","1","0","1170","11","2","5200","PRDM16,HSPG2"
"HP","Upper motor neuron dysfunction","HP:0002493","1","0","1266","11","2","5200","PRDM16,HSPG2"
"HP","Myotonia","HP:0002486","1","0","35","11","1","5200","HSPG2"
"HP","Bulbar signs","HP:0002483","1","0","43","11","1","5200","MYPN"
"HP","Poor speech","HP:0002465","1","0","197","11","2","5200","PRDM16,HSPG2"
"HP","Language impairment","HP:0002463","1","0","1255","11","3","5200","PRDM16,HSPG2,CACNA2D2"
"HP","Distal muscle weakness","HP:0002460","1","0","246","11","2","5200","LDB3,CRYAB"
"HP","Poor head control","HP:0002421","1","0","253","11","1","5200","MYPN"
"HP","Frequent falls","HP:0002359","1","0","145","11","1","5200","MYPN"
"HP","Limited elbow movement","HP:0002996","1","0","168","11","1","5200","MECOM"
"HP","Micromelia","HP:0002983","1","0","94","11","1","5200","HSPG2"
"HP","Abnormality of the calf","HP:0002981","1","0","325","11","1","5200","HSPG2"
"HP","Bowing of the legs","HP:0002979","1","0","259","11","1","5200","HSPG2"
"HP","Aplasia/Hypoplasia involving the central nervous system","HP:0002977","1","0","1968","11","3","5200","PRDM16,HSPG2,MYO18B"
"HP","Radioulnar synostosis","HP:0002974","1","0","79","11","1","5200","MECOM"
"HP","Abnormal forearm morphology","HP:0002973","1","0","242","11","1","5200","MECOM"
"HP","Fused cervical vertebrae","HP:0002949","1","0","36","11","1","5200","MYO18B"
"HP","Vertebral fusion","HP:0002948","1","0","74","11","1","5200","MYO18B"
"HP","Cervical kyphosis","HP:0002947","1","0","9","11","1","5200","HSPG2"
"HP","Thoracolumbar scoliosis","HP:0002944","1","0","45","11","1","5200","MYO18B"
"HP","Thoracic scoliosis","HP:0002943","1","0","64","11","1","5200","MYPN"
"HP","Lumbar hyperlordosis","HP:0002938","1","0","104","11","2","5200","HSPG2,MYPN"
"HP","Recurrent infections","HP:0002719","1","0","1074","11","2","5200","MYPN,LDB3"
"HP","Abnormality of the immune system","HP:0002715","1","0","2219","11","5","5200","PRDM16,HSPG2,MECOM,MYPN,LDB3"
"HP","Hypoventilation","HP:0002791","1","0","56","11","1","5200","MYPN"
"HP","Limb joint contracture","HP:0003121","1","0","486","11","2","5200","PRDM16,HSPG2"
"HP","Abnormal circulating lipid concentration","HP:0003119","1","0","346","11","1","5200","LDB3"
"HP","Abnormal circulating hormone concentration","HP:0003117","1","0","530","11","1","5200","GNRHR"
"HP","Abnormal EKG","HP:0003115","1","0","147","11","2","5200","NOS1AP,PKP2"
"HP","Abnormal circulating amino acid concentration","HP:0003112","1","0","186","11","1","5200","LDB3"
"HP","Abnormal blood ion concentration","HP:0003111","1","0","399","11","1","5200","NOS1AP"
"HP","Abnormality of urine homeostasis","HP:0003110","1","0","785","11","1","5200","NOS1AP"
"HP","Hypoproteinemia","HP:0003075","1","0","18","11","1","5200","NOS1AP"
"HP","Shoulder flexion contracture","HP:0003044","1","0","9","11","1","5200","HSPG2"
"HP","Abnormal shoulder morphology","HP:0003043","1","0","104","11","1","5200","HSPG2"
"HP","Elbow dislocation","HP:0003042","1","0","80","11","1","5200","HSPG2"
"HP","Short long bone","HP:0003026","1","0","283","11","1","5200","HSPG2"
"HP","Abnormality of the wrist","HP:0003019","1","0","168","11","1","5200","HSPG2"
"HP","Metaphyseal widening","HP:0003016","1","0","99","11","1","5200","HSPG2"
"HP","Abnormality of the musculature","HP:0003011","1","0","2987","11","8","5200","PRDM16,HSPG2,CACNA2D2,GNRHR,MYPN,LDB3,CRYAB,MYO18B"
"HP","Neuroblastoma","HP:0003006","1","0","62","11","2","5200","PRDM16,HSPG2"
"HP","Hip contracture","HP:0003273","1","0","66","11","1","5200","HSPG2"
"HP","Abnormal hip bone morphology","HP:0003272","1","0","595","11","4","5200","PRDM16,HSPG2,MECOM,MYO18B"
"HP","Visceromegaly","HP:0003271","1","0","782","11","3","5200","MECOM,MYPN,LDB3"
"HP","Abnormality of the coagulation cascade","HP:0003256","1","0","165","11","1","5200","LDB3"
"HP","External genital hypoplasia","HP:0003241","1","0","556","11","3","5200","PRDM16,HSPG2,GNRHR"
"HP","Elevated circulating creatine kinase concentration","HP:0003236","1","0","318","11","4","5200","HSPG2,MYPN,LDB3,CRYAB"
"HP","Skeletal muscle atrophy","HP:0003202","1","0","597","11","3","5200","HSPG2,MYPN,LDB3"
"HP","Breast hypoplasia","HP:0003187","1","0","47","11","1","5200","GNRHR"
"HP","Protrusio acetabuli","HP:0003179","1","0","13","11","1","5200","HSPG2"
"HP","Squared iliac bones","HP:0003177","1","0","14","11","1","5200","HSPG2"
"HP","Hypoplastic ischia","HP:0003175","1","0","16","11","1","5200","HSPG2"
"HP","Abnormal ischium morphology","HP:0003174","1","0","26","11","1","5200","HSPG2"
"HP","Hypoplastic pubic bone","HP:0003173","1","0","20","11","1","5200","HSPG2"
"HP","Abnormal pubic bone morphology","HP:0003172","1","0","46","11","1","5200","HSPG2"
"HP","Abnormal acetabulum morphology","HP:0003170","1","0","94","11","2","5200","HSPG2,MYO18B"
"HP","Abnormal synaptic transmission at the neuromuscular junction","HP:0003398","1","0","124","11","2","5200","MYPN,LDB3"
"HP","Gowers sign","HP:0003391","1","0","83","11","1","5200","MYPN"
"HP","Easy fatigability","HP:0003388","1","0","103","11","1","5200","MYPN"
"HP","Abnormal femoral neck morphology","HP:0003367","1","0","168","11","1","5200","HSPG2"
"HP","Abnormal femoral neck/head morphology","HP:0003366","1","0","210","11","1","5200","HSPG2"
"HP","Abnormal enchondral ossification","HP:0003336","1","0","153","11","1","5200","HSPG2"
"HP","Abnormal bone structure","HP:0003330","1","0","858","11","2","5200","HSPG2,GNRHR"
"HP","Axial muscle weakness","HP:0003327","1","0","51","11","1","5200","CRYAB"
"HP","Myalgia","HP:0003326","1","0","191","11","1","5200","HSPG2"
"HP","Limb-girdle muscle weakness","HP:0003325","1","0","99","11","2","5200","LDB3,CRYAB"
"HP","Generalized muscle weakness","HP:0003324","1","0","132","11","1","5200","LDB3"
"HP","Progressive muscle weakness","HP:0003323","1","0","86","11","2","5200","LDB3,CRYAB"
"HP","Abnormality of the cervical spine","HP:0003319","1","0","450","11","2","5200","HSPG2,MYO18B"
"HP","Abnormal form of the vertebral bodies","HP:0003312","1","0","354","11","1","5200","HSPG2"
"HP","Hyperlordosis","HP:0003307","1","0","228","11","2","5200","HSPG2,MYPN"
"HP","Spinal rigidity","HP:0003306","1","0","64","11","2","5200","HSPG2,MYPN"
"HP","Proximal muscle weakness","HP:0003701","1","0","272","11","4","5200","HSPG2,MYPN,LDB3,CRYAB"
"HP","Generalized amyotrophy","HP:0003700","1","0","93","11","1","5200","MYPN"
"HP","Distal amyotrophy","HP:0003693","1","0","236","11","1","5200","LDB3"
"HP","Scapular winging","HP:0003691","1","0","107","11","1","5200","MYPN"
"HP","Limb muscle weakness","HP:0003690","1","0","373","11","4","5200","HSPG2,MYPN,LDB3,CRYAB"
"HP","Pace of progression","HP:0003679","1","0","447","11","2","5200","MYPN,CRYAB"
"HP","Rapidly progressive","HP:0003678","1","0","37","11","1","5200","CRYAB"
"HP","Slowly progressive","HP:0003677","1","0","157","11","1","5200","MYPN"
"HP","Progressive","HP:0003676","1","0","426","11","2","5200","MYPN,CRYAB"
"HP","Onset","HP:0003674","1","0","3528","11","9","5200","PRDM16,HSPG2,NOS1AP,CACNA2D2,GNRHR,MYPN,LDB3,CRYAB,PKP2"
"HP","Neonatal onset","HP:0003623","1","0","553","11","4","5200","NOS1AP,CACNA2D2,LDB3,CRYAB"
"HP","Juvenile onset","HP:0003621","1","0","760","11","4","5200","PRDM16,GNRHR,MYPN,LDB3"
"HP","EMG: neuropathic changes","HP:0003445","1","0","54","11","1","5200","LDB3"
"HP","Vertebral segmentation defect","HP:0003422","1","0","164","11","1","5200","MYO18B"
"HP","Coronal cleft vertebrae","HP:0003417","1","0","18","11","1","5200","HSPG2"
"HP","Spinal canal stenosis","HP:0003416","1","0","46","11","2","5200","PRDM16,HSPG2"
"HP","Abnormal scalp morphology","HP:0001965","1","0","473","11","2","5200","HSPG2,MYO18B"
"HP","Palpitations","HP:0001962","1","0","112","11","1","5200","PKP2"
"HP","Acidosis","HP:0001941","1","0","423","11","1","5200","LDB3"
"HP","Abnormality of metabolism/homeostasis","HP:0001939","1","0","2763","11","7","5200","PRDM16,HSPG2,NOS1AP,MECOM,MYPN,LDB3,CRYAB"
"HP","Abnormality of coagulation","HP:0001928","1","0","235","11","1","5200","LDB3"
"HP","Neonatal death","HP:0003811","1","0","92","11","1","5200","HSPG2"
"HP","Abnormal muscle tone","HP:0003808","1","0","2268","11","6","5200","PRDM16,HSPG2,CACNA2D2,MYPN,CRYAB,MYO18B"
"HP","Type 1 muscle fiber predominance","HP:0003803","1","0","69","11","1","5200","MYPN"
"HP","Nemaline bodies","HP:0003798","1","0","21","11","2","5200","MYPN,MYO18B"
"HP","Eunuchoid habitus","HP:0003782","1","0","22","11","1","5200","GNRHR"
"HP","Stage 5 chronic kidney disease","HP:0003774","1","0","145","11","1","5200","NOS1AP"
"HP","Quadriceps muscle weakness","HP:0003731","1","0","22","11","1","5200","HSPG2"
"HP","Myofibrillar myopathy","HP:0003715","1","0","10","11","1","5200","LDB3"
"HP","Skeletal muscle hypertrophy","HP:0003712","1","0","225","11","1","5200","HSPG2"
"HP","Bradykinesia","HP:0002067","1","0","127","11","1","5200","MYPN"
"HP","Gait ataxia","HP:0002066","1","0","278","11","1","5200","CACNA2D2"
"HP","Rigidity","HP:0002063","1","0","230","11","1","5200","CRYAB"
"HP","Abnormal cerebral morphology","HP:0002060","1","0","2155","11","3","5200","PRDM16,HSPG2,MYO18B"
"HP","Cerebral atrophy","HP:0002059","1","0","693","11","2","5200","PRDM16,HSPG2"
"HP","Malignant hyperthermia","HP:0002047","1","0","28","11","1","5200","HSPG2"
"HP","Pyloric stenosis","HP:0002021","1","0","113","11","2","5200","PRDM16,HSPG2"
"HP","Gastroesophageal reflux","HP:0002020","1","0","540","11","2","5200","PRDM16,HSPG2"
"HP","Constipation","HP:0002019","1","0","493","11","2","5200","PRDM16,HSPG2"
"HP","Dysphagia","HP:0002015","1","0","591","11","4","5200","PRDM16,HSPG2,MYPN,CRYAB"
"HP","Abnormality of the abdominal organs","HP:0002012","1","0","1408","11","5","5200","PRDM16,HSPG2,MECOM,MYPN,LDB3"
"HP","Morphological central nervous system abnormality","HP:0002011","1","0","2974","11","5","5200","PRDM16,HSPG2,CACNA2D2,MYPN,MYO18B"
"HP","Frontal bossing","HP:0002007","1","0","447","11","2","5200","PRDM16,HSPG2"
"HP","Deep philtrum","HP:0002002","1","0","83","11","1","5200","HSPG2"
"HP","Abnormal facial shape","HP:0001999","1","0","1152","11","3","5200","HSPG2,CACNA2D2,MYPN"
"HP","Fetal akinesia sequence","HP:0001989","1","0","34","11","1","5200","MYPN"
"HP","Abnormal circulating carboxylic acid concentration","HP:0004354","1","0","415","11","1","5200","LDB3"
"HP","Reduced bone mineral density","HP:0004349","1","0","600","11","2","5200","HSPG2,GNRHR"
"HP","Abnormality of bone mineral density","HP:0004348","1","0","674","11","2","5200","HSPG2,GNRHR"
"HP","Weakness of muscles of respiration","HP:0004347","1","0","122","11","2","5200","MYPN,CRYAB"
"HP","Abnormal posterior eye segment morphology","HP:0004329","1","0","1456","11","3","5200","PRDM16,HSPG2,CRYAB"
"HP","Abnormal anterior eye segment morphology","HP:0004328","1","0","1352","11","3","5200","PRDM16,HSPG2,CRYAB"
"HP","Cachexia","HP:0004326","1","0","102","11","1","5200","HSPG2"
"HP","Decreased body weight","HP:0004325","1","0","1633","11","4","5200","PRDM16,HSPG2,GNRHR,MYPN"
"HP","Increased body weight","HP:0004324","1","0","423","11","2","5200","PRDM16,HSPG2"
"HP","Abnormality of body weight","HP:0004323","1","0","1870","11","4","5200","PRDM16,HSPG2,GNRHR,MYPN"
"HP","Short stature","HP:0004322","1","0","1449","11","3","5200","PRDM16,HSPG2,MYO18B"
"HP","Clinodactyly of the 5th finger","HP:0004209","1","0","436","11","3","5200","PRDM16,HSPG2,MECOM"
"HP","Abnormal 5th finger morphology","HP:0004207","1","0","527","11","3","5200","PRDM16,HSPG2,MECOM"
"HP","Abnormal 4th finger morphology","HP:0004188","1","0","22","11","1","5200","MECOM"
"HP","Deviation of finger","HP:0004097","1","0","557","11","3","5200","PRDM16,HSPG2,MECOM"
"HP","Neuromuscular dysphagia","HP:0002068","1","0","11","11","1","5200","MYPN"
"HP","Elevated pulmonary artery pressure","HP:0004890","1","0","172","11","1","5200","HSPG2"
"HP","Amegakaryocytic thrombocytopenia","HP:0004859","1","0","6","11","1","5200","MECOM"
"HP","Ventricular tachycardia","HP:0004756","1","0","72","11","2","5200","CRYAB,PKP2"
"HP","Supraventricular tachycardia","HP:0004755","1","0","58","11","1","5200","PKP2"
"HP","Paroxysmal ventricular tachycardia","HP:0004751","1","0","27","11","1","5200","PKP2"
"HP","Thickened glomerular basement membrane","HP:0004722","1","0","12","11","1","5200","NOS1AP"
"HP","Decreased facial expression","HP:0004673","1","0","163","11","1","5200","HSPG2"
"HP","Cervical C2/C3 vertebral fusion","HP:0004602","1","0","12","11","1","5200","MYO18B"
"HP","Neuroblastic tumor","HP:0004376","1","0","62","11","2","5200","PRDM16,HSPG2"
"HP","Neoplasm of the nervous system","HP:0004375","1","0","197","11","2","5200","PRDM16,HSPG2"
"HP","Hemiplegia/hemiparesis","HP:0004374","1","0","240","11","2","5200","PRDM16,HSPG2"
"HP","Focal dystonia","HP:0004373","1","0","148","11","1","5200","HSPG2"
"HP","Reduced consciousness","HP:0004372","1","0","356","11","3","5200","NOS1AP,MYPN,PKP2"
"HP","Abnormality of temperature regulation","HP:0004370","1","0","576","11","1","5200","HSPG2"
"HP","Abnormality of acid-base homeostasis","HP:0004360","1","0","454","11","1","5200","LDB3"
"HP","Abnormal circulating fatty-acid concentration","HP:0004359","1","0","84","11","1","5200","LDB3"
"HP","Prolonged QTc interval","HP:0005184","1","0","34","11","1","5200","NOS1AP"
"HP","Tricuspid regurgitation","HP:0005180","1","0","80","11","2","5200","MYPN,LDB3"
"HP","Abnormal atrioventricular conduction","HP:0005150","1","0","97","11","2","5200","MYPN,PKP2"
"HP","Ventricular septal hypertrophy","HP:0005144","1","0","16","11","1","5200","MYPN"
"HP","Abnormal T-wave","HP:0005135","1","0","41","11","1","5200","NOS1AP"
"HP","Abnormal cardiac atrium morphology","HP:0005120","1","0","595","11","2","5200","MYPN,LDB3"
"HP","Supraventricular arrhythmia","HP:0005115","1","0","137","11","2","5200","MYPN,PKP2"
"HP","Aortic arch aneurysm","HP:0005113","1","0","43","11","2","5200","PRDM16,HSPG2"
"HP","Ventricular arrhythmia","HP:0004308","1","0","131","11","3","5200","NOS1AP,LDB3,PKP2"
"HP","Abnormal endocardium morphology","HP:0004306","1","0","66","11","1","5200","LDB3"
"HP","Involuntary movements","HP:0004305","1","0","1117","11","1","5200","CACNA2D2"
"HP","Abnormal muscle fiber morphology","HP:0004303","1","0","291","11","4","5200","MYPN,LDB3,CRYAB,MYO18B"
"HP","Functional motor deficit","HP:0004302","1","0","345","11","1","5200","MYPN"
"HP","Hernia of the abdominal wall","HP:0004299","1","0","532","11","1","5200","HSPG2"
"HP","Abnormal abdominal wall morphology","HP:0004298","1","0","572","11","1","5200","HSPG2"
"HP","Aplasia/hypoplasia involving bones of the hand","HP:0005927","1","0","557","11","1","5200","MECOM"
"HP","Abnormal hand morphology","HP:0005922","1","0","1100","11","3","5200","PRDM16,HSPG2,MECOM"
"HP","Abnormal finger phalanx morphology","HP:0005918","1","0","693","11","3","5200","PRDM16,HSPG2,MECOM"
"HP","Abnormal cervical curvature","HP:0005905","1","0","12","11","1","5200","HSPG2"
"HP","Flexion contracture of toe","HP:0005830","1","0","34","11","1","5200","HSPG2"
"HP","Short middle phalanx of finger","HP:0005819","1","0","55","11","1","5200","MECOM"
"HP","Lower-limb joint contracture","HP:0005750","1","0","237","11","1","5200","HSPG2"
"HP","Positional foot deformity","HP:0005656","1","0","495","11","3","5200","HSPG2,MYPN,LDB3"
"HP","Broad long bones","HP:0005622","1","0","161","11","1","5200","HSPG2"
"HP","Abnormal facial expression","HP:0005346","1","0","196","11","1","5200","HSPG2"
"HP","Atrial fibrillation","HP:0005110","1","0","87","11","1","5200","MYPN"
"HP","Abnormal nasal morphology","HP:0005105","1","0","1562","11","4","5200","PRDM16,HSPG2,GNRHR,MYO18B"
"HP","Aortic aneurysm","HP:0004942","1","0","175","11","3","5200","PRDM16,HSPG2,MYPN"
"HP","Depressed nasal bridge","HP:0005280","1","0","635","11","3","5200","PRDM16,HSPG2,GNRHR"
"HP","Miscarriage","HP:0005268","1","0","35","11","1","5200","HSPG2"
"HP","Thoracic hypoplasia","HP:0005257","1","0","157","11","2","5200","HSPG2,MYPN"
"HP","Abnormal limb epiphysis morphology","HP:0006505","1","0","138","11","1","5200","HSPG2"
"HP","Abnormal lower limb epiphysis morphology","HP:0006500","1","0","93","11","1","5200","HSPG2"
"HP","Abnormal femoral epiphysis morphology","HP:0006499","1","0","86","11","1","5200","HSPG2"
"HP","Aplasia/hypoplasia involving bones of the upper limbs","HP:0006496","1","0","593","11","1","5200","MECOM"
"HP","Aplasia/Hypoplasia involving bones of the feet","HP:0006494","1","0","300","11","2","5200","PRDM16,HSPG2"
"HP","Aplasia/hypoplasia involving bones of the lower limbs","HP:0006493","1","0","401","11","2","5200","PRDM16,HSPG2"
"HP","Bowing of the long bones","HP:0006487","1","0","315","11","1","5200","HSPG2"
"HP","Abnormal number of teeth","HP:0006483","1","0","421","11","1","5200","HSPG2"
"HP","Anterior bowing of long bones","HP:0006473","1","0","1","11","1","5200","HSPG2"
"HP","Finger syndactyly","HP:0006101","1","0","212","11","1","5200","MECOM"
"HP","Abnormal cheek morphology","HP:0004426","1","0","298","11","1","5200","HSPG2"
"HP","Abnormality of the sense of smell","HP:0004408","1","0","128","11","1","5200","GNRHR"
"HP","Abnormal nipple morphology","HP:0004404","1","0","265","11","1","5200","GNRHR"
"HP","Abnormality of the pylorus","HP:0004400","1","0","116","11","2","5200","PRDM16,HSPG2"
"HP","Abnormality of the anus","HP:0004378","1","0","239","11","2","5200","PRDM16,HSPG2"
"HP","Abnormal epiphysis morphology","HP:0005930","1","0","286","11","1","5200","HSPG2"
"HP","Abnormality of connective tissue","HP:0003549","1","0","1600","11","7","5200","PRDM16,HSPG2,GNRHR,MYPN,LDB3,CRYAB,MYO18B"
"HP","Exercise intolerance","HP:0003546","1","0","169","11","1","5200","MYPN"
"HP","Severe short stature","HP:0003510","1","0","108","11","1","5200","HSPG2"
"HP","Proportionate short stature","HP:0003508","1","0","156","11","1","5200","HSPG2"
"HP","Disproportionate short stature","HP:0003498","1","0","142","11","1","5200","HSPG2"
"HP","Upper limb muscle weakness","HP:0003484","1","0","184","11","1","5200","LDB3"
"HP","Fatigable weakness","HP:0003473","1","0","123","11","2","5200","MYPN,LDB3"
"HP","Abnormal vertebral morphology","HP:0003468","1","0","494","11","2","5200","HSPG2,MYO18B"
"HP","EMG: myopathic abnormalities","HP:0003458","1","0","135","11","3","5200","MYPN,LDB3,CRYAB"
"HP","Endocardial fibrosis","HP:0006685","1","0","6","11","1","5200","LDB3"
"HP","Premature ventricular contraction","HP:0006682","1","0","31","11","1","5200","PKP2"
"HP","Prolonged QRS complex","HP:0006677","1","0","6","11","1","5200","PKP2"
"HP","Reduced systolic function","HP:0006673","1","0","25","11","1","5200","MYPN"
"HP","Wide intermamillary distance","HP:0006610","1","0","127","11","1","5200","GNRHR"
"HP","Lipid accumulation in hepatocytes","HP:0006561","1","0","189","11","2","5200","PRDM16,HSPG2"
"HP","Infantile onset","HP:0003593","1","0","1444","11","5","5200","HSPG2,NOS1AP,CACNA2D2,LDB3,CRYAB"
"HP","Late onset","HP:0003584","1","0","147","11","2","5200","MYPN,LDB3"
"HP","Adult onset","HP:0003581","1","0","959","11","5","5200","PRDM16,MYPN,LDB3,CRYAB,PKP2"
"HP","Congenital onset","HP:0003577","1","0","1148","11","2","5200","HSPG2,CRYAB"
"HP","Muscular dystrophy","HP:0003560","1","0","81","11","1","5200","CRYAB"
"HP","Aplasia/Hypoplasia of the ribs","HP:0006712","1","0","139","11","2","5200","PRDM16,HSPG2"
"HP","Aplasia/Hypoplasia involving bones of the thorax","HP:0006711","1","0","197","11","2","5200","PRDM16,HSPG2"
"HP","Abnormal atrioventricular valve morphology","HP:0006705","1","0","195","11","1","5200","MYPN"
"HP","Aplasia/Hypoplasia of the lungs","HP:0006703","1","0","169","11","1","5200","HSPG2"
"HP","Dilatation of the ventricular cavity","HP:0006698","1","0","11","11","1","5200","PKP2"
"HP","Abnormal optic nerve morphology","HP:0000587","1","0","931","11","2","5200","PRDM16,HSPG2"
"HP","Blepharophimosis","HP:0000581","1","0","135","11","1","5200","HSPG2"
"HP","Increased variability in muscle fiber diameter","HP:0003557","1","0","122","11","2","5200","MYPN,CRYAB"
"HP","Muscle fiber splitting","HP:0003555","1","0","24","11","1","5200","LDB3"
"HP","Difficulty climbing stairs","HP:0003551","1","0","73","11","1","5200","MYPN"
"HP","Long eyelashes in irregular rows","HP:0007740","1","0","2","11","1","5200","HSPG2"
"HP","Iris hypopigmentation","HP:0007730","1","0","56","11","2","5200","PRDM16,HSPG2"
"HP","Ocular anterior segment dysgenesis","HP:0007700","1","0","340","11","2","5200","HSPG2,CRYAB"
"HP","Lower limb amyotrophy","HP:0007210","1","0","95","11","1","5200","MYPN"
"HP","Loss of consciousness","HP:0007185","1","0","145","11","3","5200","NOS1AP,MYPN,PKP2"
"HP","Distal upper limb amyotrophy","HP:0007149","1","0","75","11","1","5200","LDB3"
"HP","Central hypoventilation","HP:0007110","1","0","14","11","1","5200","MYPN"
"HP","Generalized edema","HP:0007430","1","0","26","11","1","5200","NOS1AP"
"HP","Aplasia/Hypoplasia of the corpus callosum","HP:0007370","1","0","785","11","2","5200","PRDM16,HSPG2"
"HP","Atrophy/Degeneration affecting the cerebrum","HP:0007369","1","0","715","11","2","5200","PRDM16,HSPG2"
"HP","Atrophy/Degeneration affecting the central nervous system","HP:0007367","1","0","906","11","2","5200","PRDM16,HSPG2"
"HP","Aplasia/Hypoplasia of the cerebrum","HP:0007364","1","0","1664","11","3","5200","PRDM16,HSPG2,MYO18B"
"HP","Lower limb muscle weakness","HP:0007340","1","0","242","11","1","5200","MYPN"
"HP","Attention deficit hyperactivity disorder","HP:0007018","1","0","438","11","1","5200","HSPG2"
"HP","Poor fine motor coordination","HP:0007010","1","0","70","11","1","5200","MYPN"
"HP","Middle age onset","HP:0003596","1","0","277","11","2","5200","MYPN,CRYAB"
"HP","Abnormality of the upper limb","HP:0002817","1","0","1804","11","5","5200","PRDM16,HSPG2,MECOM,MYPN,LDB3"
"HP","Abnormality of the knee","HP:0002815","1","0","449","11","1","5200","HSPG2"
"HP","Abnormality of the lower limb","HP:0002814","1","0","1926","11","5","5200","PRDM16,HSPG2,MYPN,LDB3,MYO18B"
"HP","Abnormal limb bone morphology","HP:0002813","1","0","1833","11","3","5200","PRDM16,HSPG2,MECOM"
"HP","Coxa vara","HP:0002812","1","0","69","11","1","5200","HSPG2"
"HP","Kyphosis","HP:0002808","1","0","484","11","2","5200","PRDM16,HSPG2"
"HP","Arthrogryposis multiplex congenita","HP:0002804","1","0","133","11","2","5200","HSPG2,MYPN"
"HP","Congenital contracture","HP:0002803","1","0","169","11","2","5200","HSPG2,MYPN"
"HP","Abnormal respiratory system physiology","HP:0002795","1","0","1540","11","6","5200","PRDM16,HSPG2,MYPN,LDB3,CRYAB,PKP2"
"HP","Abnormal pattern of respiration","HP:0002793","1","0","803","11","6","5200","PRDM16,HSPG2,MYPN,LDB3,CRYAB,PKP2"
"HP","Reduced vital capacity","HP:0002792","1","0","30","11","1","5200","MYPN"
"HP","Sparse hair","HP:0008070","1","0","411","11","1","5200","GNRHR"
"HP","Abnormal blistering of the skin","HP:0008066","1","0","123","11","2","5200","PRDM16,HSPG2"
"HP","Aplasia/Hypoplasia affecting the eye","HP:0008056","1","0","495","11","1","5200","HSPG2"
"HP","Abnormality of the palpebral fissures","HP:0008050","1","0","930","11","1","5200","HSPG2"
"HP","Abnormal iris pigmentation","HP:0008034","1","0","143","11","2","5200","PRDM16,HSPG2"
"HP","Abnormal cerebrospinal fluid morphology","HP:0002921","1","0","674","11","1","5200","HSPG2"
"HP","Elevated circulating hepatic transaminase concentration","HP:0002910","1","0","376","11","1","5200","LDB3"
"HP","Microscopic hematuria","HP:0002907","1","0","36","11","1","5200","NOS1AP"
"HP","Hypokalemia","HP:0002900","1","0","82","11","1","5200","NOS1AP"
"HP","Anisospondyly","HP:0002879","1","0","4","11","1","5200","HSPG2"
"HP","Absence of pubertal development","HP:0008197","1","0","31","11","1","5200","GNRHR"
"HP","Absence of secondary sex characteristics","HP:0008187","1","0","43","11","1","5200","GNRHR"
"HP","Mildly elevated creatine kinase","HP:0008180","1","0","64","11","1","5200","MYPN"
"HP","Pes valgus","HP:0008081","1","0","62","11","1","5200","MYPN"
"HP","Respiratory failure","HP:0002878","1","0","278","11","1","5200","CRYAB"
"HP","Abnormal ilium morphology","HP:0002867","1","0","107","11","1","5200","HSPG2"
"HP","Genu valgum","HP:0002857","1","0","171","11","1","5200","HSPG2"
"HP","Hip dislocation","HP:0002827","1","0","273","11","1","5200","HSPG2"
"HP","Abnormal femur morphology","HP:0002823","1","0","315","11","1","5200","HSPG2"
"HP","Abnormal morphology of the radius","HP:0002818","1","0","219","11","1","5200","MECOM"
"HP","Intrinsic hand muscle atrophy","HP:0008954","1","0","31","11","1","5200","LDB3"
"HP","Axial hypotonia","HP:0008936","1","0","357","11","1","5200","CACNA2D2"
"HP","Postnatal growth retardation","HP:0008897","1","0","267","11","1","5200","MYPN"
"HP","Disproportionate short-limb short stature","HP:0008873","1","0","112","11","1","5200","HSPG2"
"HP","Feeding difficulties in infancy","HP:0008872","1","0","630","11","2","5200","PRDM16,HSPG2"
"HP","Aplasia/hypoplasia of the uterus","HP:0008684","1","0","81","11","1","5200","GNRHR"
"HP","Abnormal spermatogenesis","HP:0008669","1","0","189","11","1","5200","GNRHR"
"HP","High hypermetropia","HP:0008499","1","0","74","11","2","5200","PRDM16,HSPG2"
"HP","Multiple rows of eyelashes","HP:0008496","1","0","9","11","1","5200","HSPG2"
"HP","Vertebral clefting","HP:0008428","1","0","42","11","1","5200","HSPG2"
"HP","Puberty and gonadal disorders","HP:0008373","1","0","577","11","3","5200","PRDM16,HSPG2,GNRHR"
"HP","Foot joint contracture","HP:0008366","1","0","155","11","1","5200","HSPG2"
"HP","Microtia","HP:0008551","1","0","196","11","2","5200","PRDM16,HSPG2"
"HP","Abnormally folded helix","HP:0008544","1","0","98","11","1","5200","HSPG2"
"HP","Congenital sensorineural hearing impairment","HP:0008527","1","0","58","11","1","5200","GNRHR"
"HP","Abnormality of thyroid physiology","HP:0002926","1","0","440","11","2","5200","PRDM16,HSPG2"
"HP","Hypoplasia of the ovary","HP:0008724","1","0","93","11","1","5200","GNRHR"
"HP","Aplasia/hypoplasia involving the skeleton","HP:0009115","1","0","1279","11","5","5200","PRDM16,HSPG2,MECOM,MYPN,MYO18B"
"HP","Aplasia/Hypoplasia of the pubic bone","HP:0009104","1","0","21","11","1","5200","HSPG2"
"HP","Aplasia/Hypoplasia involving the pelvis","HP:0009103","1","0","77","11","1","5200","HSPG2"
"HP","Weakness of long finger extensor muscles","HP:0009077","1","0","21","11","1","5200","LDB3"
"HP","Progressive proximal muscle weakness","HP:0009073","1","0","26","11","2","5200","LDB3,CRYAB"
"HP","Decreased Achilles reflex","HP:0009072","1","0","13","11","1","5200","LDB3"
"HP","Increased muscle lipid content","HP:0009058","1","0","44","11","1","5200","MYPN"
"HP","Generalized limb muscle atrophy","HP:0009055","1","0","20","11","1","5200","MYPN"
"HP","Difficulty running","HP:0009046","1","0","57","11","1","5200","MYPN"
"HP","Foot dorsiflexor weakness","HP:0009027","1","0","147","11","2","5200","LDB3,CRYAB"
"HP","Weakness of the intrinsic hand muscles","HP:0009005","1","0","27","11","1","5200","LDB3"
"HP","Proximal upper limb muscle weakness","HP:0008997","1","0","70","11","1","5200","LDB3"
"HP","Proximal lower limb muscle weakness","HP:0008994","1","0","77","11","1","5200","HSPG2"
"HP","Leg muscle stiffness","HP:0008969","1","0","15","11","1","5200","LDB3"
"HP","Abnormality of the middle phalanx of the 4th finger","HP:0009283","1","0","4","11","1","5200","MECOM"
"HP","Short 4th finger","HP:0009280","1","0","5","11","1","5200","MECOM"
"HP","Aplasia/Hypoplasia of the 4th finger","HP:0009272","1","0","6","11","1","5200","MECOM"
"HP","Aplasia/Hypoplasia of the phalanges of the 4th finger","HP:0009408","1","0","5","11","1","5200","MECOM"
"HP","Short finger","HP:0009381","1","0","335","11","1","5200","MECOM"
"HP","Deviation of the 5th finger","HP:0009179","1","0","437","11","3","5200","PRDM16,HSPG2,MECOM"
"HP","Abnormal 4th finger phalanx morphology","HP:0009172","1","0","5","11","1","5200","MECOM"
"HP","Limited pronation/supination of forearm","HP:0006394","1","0","11","11","1","5200","MECOM"
"HP","Aplasia/Hypoplasia of fingers","HP:0006265","1","0","384","11","1","5200","MECOM"
"HP","Abnormal phalangeal joint morphology of the hand","HP:0006261","1","0","234","11","2","5200","PRDM16,HSPG2"
"HP","Acetabular dysplasia","HP:0008807","1","0","24","11","1","5200","MYO18B"
"HP","Aplasia/Hypoplasia of the external ear","HP:0008772","1","0","213","11","2","5200","PRDM16,HSPG2"
"HP","Aplasia/Hypoplasia of the ear","HP:0008771","1","0","220","11","2","5200","PRDM16,HSPG2"
"HP","Abnormal sexual behavior","HP:0008768","1","0","47","11","1","5200","GNRHR"
"HP","Hypoplasia of penis","HP:0008736","1","0","423","11","3","5200","PRDM16,HSPG2,GNRHR"
"HP","Decreased testicular size","HP:0008734","1","0","190","11","2","5200","HSPG2,GNRHR"
"HP","Abnormal ventricular septum morphology","HP:0010438","1","0","558","11","1","5200","MYPN"
"HP","Metatarsus valgus","HP:0010508","1","0","21","11","1","5200","HSPG2"
"HP","Aplasia/Hypoplasia of the breasts","HP:0010311","1","0","74","11","1","5200","GNRHR"
"HP","Aplasia/Hypoplasia involving the nose","HP:0009924","1","0","127","11","1","5200","MYO18B"
"HP","Abnormality of secondary sexual hair","HP:0009888","1","0","91","11","1","5200","GNRHR"
"HP","Aplasia/Hypoplasia of the phalanges of the hand","HP:0009767","1","0","238","11","1","5200","MECOM"
"HP","Distichiasis","HP:0009743","1","0","9","11","1","5200","HSPG2"
"HP","Aplasia/Hypoplasia of the middle phalanges of the hand","HP:0009843","1","0","62","11","1","5200","MECOM"
"HP","Abnormal middle phalanx morphology of the hand","HP:0009833","1","0","68","11","1","5200","MECOM"
"HP","Peripheral neuropathy","HP:0009830","1","0","499","11","1","5200","LDB3"
"HP","Limb undergrowth","HP:0009826","1","0","250","11","1","5200","HSPG2"
"HP","Deviation of the hand or of fingers of the hand","HP:0009484","1","0","583","11","3","5200","PRDM16,HSPG2,MECOM"
"HP","Abnormality of the hairline","HP:0009553","1","0","304","11","2","5200","HSPG2,MYO18B"
"HP","Joint contracture of the hand","HP:0009473","1","0","295","11","2","5200","PRDM16,HSPG2"
"HP","Aplasia/Hypoplasia of the middle phalanx of the 4th finger","HP:0009299","1","0","4","11","1","5200","MECOM"
"HP","Short middle phalanx of the 4th finger","HP:0009295","1","0","4","11","1","5200","MECOM"
"HP","Cerebellar vermis atrophy","HP:0006855","1","0","64","11","1","5200","CACNA2D2"
"HP","Cranial nerve paralysis","HP:0006824","1","0","296","11","4","5200","PRDM16,HSPG2,MYPN,CRYAB"
"HP","Facial palsy","HP:0010628","1","0","195","11","2","5200","MYPN,CRYAB"
"HP","Abdominal wall defect","HP:0010866","1","0","537","11","1","5200","HSPG2"
"HP","Abnormal seventh cranial physiology","HP:0010827","1","0","196","11","2","5200","MYPN,CRYAB"
"HP","Overlapping fingers","HP:0010557","1","0","40","11","1","5200","MECOM"
"HP","Weakness due to upper motor neuron dysfunction","HP:0010549","1","0","567","11","2","5200","PRDM16,HSPG2"
"HP","Percussion myotonia","HP:0010548","1","0","11","11","1","5200","HSPG2"
"HP","Polar cataract","HP:0010696","1","0","18","11","1","5200","CRYAB"
"HP","Abnormal curvature of the vertebral column","HP:0010674","1","0","1278","11","4","5200","PRDM16,HSPG2,MYPN,MYO18B"
"HP","Abnormal zygomatic bone morphology","HP:0010668","1","0","256","11","1","5200","HSPG2"
"HP","Aplasia/Hypoplasia of the testes","HP:0010468","1","0","212","11","2","5200","HSPG2,GNRHR"
"HP","Aplasia/Hypoplasia of the ovary","HP:0010462","1","0","96","11","1","5200","GNRHR"
"HP","Abnormality of the male genitalia","HP:0010461","1","0","1196","11","4","5200","PRDM16,HSPG2,MECOM,GNRHR"
"HP","Abnormality of the female genitalia","HP:0010460","1","0","577","11","3","5200","PRDM16,HSPG2,GNRHR"
"HP","Polydactyly","HP:0010442","1","0","275","11","2","5200","PRDM16,HSPG2"
"HP","Childhood onset","HP:0011463","1","0","1000","11","2","5200","HSPG2,MYPN"
"HP","Young adult onset","HP:0011462","1","0","659","11","3","5200","PRDM16,MYPN,PKP2"
"HP","Fetal onset","HP:0011461","1","0","233","11","1","5200","LDB3"
"HP","Abdominal symptom","HP:0011458","1","0","2010","11","4","5200","PRDM16,HSPG2,MYPN,LDB3"
"HP","Abnormal hair quantity","HP:0011362","1","0","920","11","3","5200","PRDM16,HSPG2,GNRHR"
"HP","Congenital abnormal hair pattern","HP:0011361","1","0","334","11","2","5200","HSPG2,MYO18B"
"HP","Regional abnormality of skin","HP:0011356","1","0","572","11","1","5200","HSPG2"
"HP","Localized skin lesion","HP:0011355","1","0","920","11","2","5200","PRDM16,HSPG2"
"HP","Generalized abnormality of skin","HP:0011354","1","0","1129","11","2","5200","PRDM16,HSPG2"
"HP","Abnormality of upper lip vermillion","HP:0011339","1","0","494","11","1","5200","MYO18B"
"HP","Abnormality of mouth shape","HP:0011338","1","0","302","11","1","5200","HSPG2"
"HP","Abnormality of mouth size","HP:0011337","1","0","443","11","2","5200","PRDM16,HSPG2"
"HP","Abnormality of cranial sutures","HP:0011329","1","0","409","11","2","5200","PRDM16,HSPG2"
"HP","Abnormal fontanelle morphology","HP:0011328","1","0","222","11","1","5200","LDB3"
"HP","Abnormal long bone morphology","HP:0011314","1","0","806","11","2","5200","HSPG2,MECOM"
"HP","Abnormal digit morphology","HP:0011297","1","0","1606","11","3","5200","PRDM16,HSPG2,MECOM"
"HP","Decreased patellar reflex","HP:0011808","1","0","13","11","1","5200","LDB3"
"HP","Abnormal skeletal muscle morphology","HP:0011805","1","0","1971","11","7","5200","PRDM16,HSPG2,GNRHR,MYPN,LDB3,CRYAB,MYO18B"
"HP","Abnormal muscle physiology","HP:0011804","1","0","2631","11","7","5200","PRDM16,HSPG2,CACNA2D2,MYPN,LDB3,CRYAB,MYO18B"
"HP","Midface retrusion","HP:0011800","1","0","304","11","2","5200","PRDM16,HSPG2"
"HP","Abnormality of facial soft tissue","HP:0011799","1","0","547","11","2","5200","MYPN,CRYAB"
"HP","Neoplasm by anatomical site","HP:0011793","1","0","957","11","2","5200","PRDM16,HSPG2"
"HP","Neoplasm by histology","HP:0011792","1","0","360","11","2","5200","PRDM16,HSPG2"
"HP","Functional abnormality of the middle ear","HP:0011452","1","0","391","11","2","5200","PRDM16,HSPG2"
"HP","Abnormality of mental function","HP:0011446","1","0","3342","11","9","5200","PRDM16,HSPG2,NOS1AP,CACNA2D2,MECOM,GNRHR,MYPN,LDB3,PKP2"
"HP","Abnormality of coordination","HP:0011443","1","0","1198","11","2","5200","CACNA2D2,MYPN"
"HP","Abnormal central motor function","HP:0011442","1","0","2084","11","4","5200","PRDM16,HSPG2,CACNA2D2,MYPN"
"HP","Fetal ultrasound soft marker","HP:0011425","1","0","136","11","1","5200","HSPG2"
"HP","Age of death","HP:0011420","1","0","455","11","2","5200","HSPG2,CRYAB"
"HP","Abnormal umbilical cord blood vessel morphology","HP:0011403","1","0","48","11","1","5200","HSPG2"
"HP","Functional abnormality of the inner ear","HP:0011389","1","0","1104","11","7","5200","PRDM16,HSPG2,MECOM,GNRHR,MYPN,LDB3,CRYAB"
"HP","Abnormality of lens shape","HP:0011526","1","0","22","11","1","5200","CRYAB"
"HP","Feeding difficulties","HP:0011968","1","0","1253","11","4","5200","PRDM16,HSPG2,MYPN,LDB3"
"HP","Non-obstructive azoospermia","HP:0011961","1","0","67","11","1","5200","GNRHR"
"HP","Respiratory tract infection","HP:0011947","1","0","850","11","2","5200","MYPN,LDB3"
"HP","Short digit","HP:0011927","1","0","628","11","3","5200","PRDM16,HSPG2,MECOM"
"HP","Duplication involving bones of the feet","HP:0009136","1","0","139","11","2","5200","PRDM16,HSPG2"
"HP","Hand muscle atrophy","HP:0009130","1","0","57","11","1","5200","LDB3"
"HP","Upper limb amyotrophy","HP:0009129","1","0","91","11","1","5200","LDB3"
"HP","Abnormality of the musculature of the limbs","HP:0009127","1","0","678","11","4","5200","HSPG2,MYPN,LDB3,CRYAB"
"HP","Abnormal adipose tissue morphology","HP:0009124","1","0","249","11","4","5200","PRDM16,MYPN,LDB3,CRYAB"
"HP","Aplasia/hypoplasia affecting bones of the axial skeleton","HP:0009122","1","0","997","11","4","5200","PRDM16,HSPG2,MYPN,MYO18B"
"HP","Abnormal axial skeleton morphology","HP:0009121","1","0","2809","11","5","5200","PRDM16,HSPG2,MYPN,LDB3,MYO18B"
"HP","Aplasia/Hypoplasia of the mandible","HP:0009118","1","0","887","11","3","5200","HSPG2,MYPN,MYO18B"
"HP","Aplasia/Hypoplasia involving bones of the skull","HP:0009116","1","0","896","11","3","5200","HSPG2,MYPN,MYO18B"
"HP","Abnormal facial skeleton morphology","HP:0011821","1","0","1440","11","3","5200","HSPG2,MYPN,MYO18B"
"HP","Cephalocele","HP:0011815","1","0","122","11","1","5200","HSPG2"
"HP","ST segment elevation","HP:0012251","1","0","26","11","1","5200","PKP2"
"HP","Abnormal ST segment","HP:0012249","1","0","40","11","1","5200","PKP2"
"HP","Abnormal reproductive system morphology","HP:0012243","1","0","1442","11","4","5200","PRDM16,HSPG2,MECOM,GNRHR"
"HP","Abnormality of joint mobility","HP:0011729","1","0","1400","11","6","5200","PRDM16,HSPG2,MECOM,GNRHR,MYPN,MYO18B"
"HP","Trifascicular block","HP:0011715","1","0","22","11","1","5200","PKP2"
"HP","Left bundle branch block","HP:0011713","1","0","17","11","1","5200","LDB3"
"HP","Complete right bundle branch block","HP:0011712","1","0","57","11","1","5200","PKP2"
"HP","Bundle branch block","HP:0011710","1","0","77","11","2","5200","LDB3,PKP2"
"HP","First degree atrioventricular block","HP:0011705","1","0","44","11","2","5200","MYPN,PKP2"
"HP","Sick sinus syndrome","HP:0011704","1","0","29","11","1","5200","PKP2"
"HP","Sinus tachycardia","HP:0011703","1","0","30","11","2","5200","MYPN,LDB3"
"HP","Right ventricular cardiomyopathy","HP:0011663","1","0","7","11","1","5200","PKP2"
"HP","Abnormal pancreas morphology","HP:0012090","1","0","109","11","2","5200","PRDM16,HSPG2"
"HP","Abnormality of skeletal muscle fiber size","HP:0012084","1","0","127","11","2","5200","MYPN,CRYAB"
"HP","Nephrotic range proteinuria","HP:0012593","1","0","5","11","1","5200","NOS1AP"
"HP","Abnormal nephron morphology","HP:0012575","1","0","270","11","1","5200","NOS1AP"
"HP","Camptodactyly","HP:0012385","1","0","341","11","3","5200","PRDM16,HSPG2,GNRHR"
"HP","Abnormal circulating enzyme concentration or activity","HP:0012379","1","0","657","11","2","5200","HSPG2,LDB3"
"HP","Fatigue","HP:0012378","1","0","509","11","4","5200","PRDM16,MYPN,LDB3,CRYAB"
"HP","Abnormal eye physiology","HP:0012373","1","0","2608","11","6","5200","PRDM16,HSPG2,CACNA2D2,MYPN,CRYAB,MYO18B"
"HP","Abnormal eye morphology","HP:0012372","1","0","2612","11","5","5200","PRDM16,HSPG2,GNRHR,MYPN,CRYAB"
"HP","Flat face","HP:0012368","1","0","113","11","1","5200","HSPG2"
"HP","Abnormal homeostasis","HP:0012337","1","0","1796","11","7","5200","PRDM16,HSPG2,NOS1AP,MECOM,MYPN,LDB3,CRYAB"
"HP","Abnormal autonomic nervous system physiology","HP:0012332","1","0","135","11","1","5200","NOS1AP"
"HP","Abnormal circulating aldolase concentration","HP:0012400","1","0","26","11","1","5200","HSPG2"
"HP","Peripheral edema","HP:0012398","1","0","11","11","1","5200","MYPN"
"HP","Abnormal renal physiology","HP:0012211","1","0","747","11","1","5200","NOS1AP"
"HP","Abnormal renal morphology","HP:0012210","1","0","1174","11","3","5200","PRDM16,HSPG2,NOS1AP"
"HP","Craniofacial dystonia","HP:0012179","1","0","130","11","1","5200","HSPG2"
"HP","Abnormal respiratory system morphology","HP:0012252","1","0","1527","11","3","5200","HSPG2,MYPN,LDB3"
"HP","Macule","HP:0012733","1","0","241","11","2","5200","PRDM16,HSPG2"
"HP","Thoracic aortic aneurysm","HP:0012727","1","0","128","11","3","5200","PRDM16,HSPG2,MYPN"
"HP","Heart block","HP:0012722","1","0","135","11","3","5200","MYPN,LDB3,PKP2"
"HP","Functional abnormality of the gastrointestinal tract","HP:0012719","1","0","1310","11","4","5200","PRDM16,HSPG2,MYPN,CRYAB"
"HP","Abnormal gastrointestinal tract morphology","HP:0012718","1","0","1000","11","2","5200","PRDM16,HSPG2"
"HP","Abnormal involuntary eye movements","HP:0012547","1","0","1148","11","3","5200","PRDM16,HSPG2,CACNA2D2"
"HP","Elevated circulating aldolase concentration","HP:0012544","1","0","9","11","1","5200","HSPG2"
"HP","Abnormal synaptic transmission","HP:0012535","1","0","124","11","2","5200","MYPN,LDB3"
"HP","Pain","HP:0012531","1","0","875","11","1","5200","HSPG2"
"HP","Eclabion","HP:0012472","1","0","182","11","2","5200","HSPG2,MYO18B"
"HP","Brain atrophy","HP:0012444","1","0","818","11","2","5200","PRDM16,HSPG2"
"HP","Abnormal brain morphology","HP:0012443","1","0","2752","11","5","5200","PRDM16,HSPG2,CACNA2D2,MYPN,MYO18B"
"HP","Abnormal nervous system morphology","HP:0012639","1","0","3055","11","5","5200","PRDM16,HSPG2,CACNA2D2,MYPN,MYO18B"
"HP","Abnormal nervous system physiology","HP:0012638","1","0","3904","11","11","5200","PRDM16,HSPG2,NOS1AP,CACNA2D2,MECOM,GNRHR,MYPN,LDB3,CRYAB,PKP2,MYO18B"
"HP","Chronic kidney disease","HP:0012622","1","0","205","11","1","5200","NOS1AP"
"HP","Abnormal urine cytology","HP:0012614","1","0","193","11","1","5200","NOS1AP"
"HP","Abnormal digestive system morphology","HP:0025033","1","0","1072","11","2","5200","PRDM16,HSPG2"
"HP","Abnormality of digestive system physiology","HP:0025032","1","0","2452","11","5","5200","PRDM16,HSPG2,MYPN,LDB3,CRYAB"
"HP","Abnormality of the digestive system","HP:0025031","1","0","3094","11","6","5200","PRDM16,HSPG2,MECOM,MYPN,LDB3,CRYAB"
"HP","Abnormal vascular morphology","HP:0025015","1","0","1200","11","4","5200","PRDM16,HSPG2,MYPN,PKP2"
"HP","Abnormal elbow physiology","HP:0020301","1","0","217","11","2","5200","HSPG2,MECOM"
"HP","Abnormal urine protein level","HP:0020129","1","0","272","11","1","5200","NOS1AP"
"HP","Aplasia/hypoplasia of the extremities","HP:0009815","1","0","749","11","3","5200","PRDM16,HSPG2,MECOM"
"HP","Abnormality of the elbow","HP:0009811","1","0","285","11","2","5200","HSPG2,MECOM"
"HP","Abnormality of upper limb joint","HP:0009810","1","0","579","11","3","5200","PRDM16,HSPG2,MECOM"
"HP","Short phalanx of finger","HP:0009803","1","0","204","11","1","5200","MECOM"
"HP","Abnormal male reproductive system physiology","HP:0012874","1","0","379","11","1","5200","GNRHR"
"HP","Severely reduced left ventricular ejection fraction","HP:0012666","1","0","19","11","1","5200","LDB3"
"HP","Moderately reduced left ventricular ejection fraction","HP:0012665","1","0","3","11","1","5200","CRYAB"
"HP","Reduced left ventricular ejection fraction","HP:0012664","1","0","64","11","2","5200","LDB3,CRYAB"
"HP","Profound global developmental delay","HP:0012736","1","0","80","11","1","5200","CACNA2D2"
"HP","Clinodactyly","HP:0030084","1","0","600","11","3","5200","PRDM16,HSPG2,MECOM"
"HP","Peripheral primitive neuroectodermal neoplasm","HP:0030067","1","0","63","11","2","5200","PRDM16,HSPG2"
"HP","Abnormal right atrium morphology","HP:0025580","1","0","27","11","1","5200","MYPN"
"HP","Abnormal left atrium morphology","HP:0025579","1","0","28","11","2","5200","MYPN,LDB3"
"HP","Abnormal neck morphology","HP:0025668","1","0","681","11","2","5200","HSPG2,MYO18B"
"HP","Abnormal cry","HP:0025429","1","0","63","11","1","5200","CRYAB"
"HP","Abnormal larynx morphology","HP:0025423","1","0","167","11","1","5200","HSPG2"
"HP","Abnormal spleen morphology","HP:0025408","1","0","625","11","1","5200","MECOM"
"HP","Abnormal cellular phenotype","HP:0025354","1","0","739","11","3","5200","MYPN,CRYAB,MYO18B"
"HP","Abnormal esophagus physiology","HP:0025270","1","0","969","11","4","5200","PRDM16,HSPG2,MYPN,CRYAB"
"HP","Abnormal hair pattern","HP:0010720","1","0","385","11","2","5200","HSPG2,MYO18B"
"HP","Left ventricular diastolic dysfunction","HP:0025168","1","0","7","11","1","5200","PRDM16"
"HP","Constitutional symptom","HP:0025142","1","0","1333","11","7","5200","PRDM16,HSPG2,NOS1AP,MYPN,LDB3,CRYAB,PKP2"
"HP","Abnormal QRS complex","HP:0025074","1","0","11","11","1","5200","PKP2"
"HP","Abnormal musculoskeletal physiology","HP:0011843","1","0","1730","11","6","5200","PRDM16,HSPG2,MECOM,GNRHR,MYPN,MYO18B"
"HP","Abnormal skeletal morphology","HP:0011842","1","0","3272","11","7","5200","PRDM16,HSPG2,MECOM,GNRHR,MYPN,LDB3,MYO18B"
"HP","Hand muscle weakness","HP:0030237","1","0","54","11","1","5200","LDB3"
"HP","Abnormality of muscle size","HP:0030236","1","0","265","11","1","5200","HSPG2"
"HP","Accumulation of muscle fiber desmin","HP:0030225","1","0","1","11","1","5200","CRYAB"
"HP","Abnormal muscle fiber desmin","HP:0030224","1","0","1","11","1","5200","CRYAB"
"HP","Fatiguable weakness of proximal limb muscles","HP:0030200","1","0","21","11","1","5200","MYPN"
"HP","Fatigable weakness of distal limb muscles","HP:0030198","1","0","8","11","1","5200","LDB3"
"HP","Fatigable weakness of skeletal muscles","HP:0030197","1","0","44","11","2","5200","MYPN,LDB3"
"HP","Fatigable weakness of bulbar muscles","HP:0030192","1","0","63","11","1","5200","MYPN"
"HP","Abnormal peripheral nervous system synaptic transmission","HP:0030191","1","0","124","11","2","5200","MYPN,LDB3"
"HP","Abnormality of central nervous system electrophysiology","HP:0030178","1","0","648","11","2","5200","PRDM16,HSPG2"
"HP","Abnormal vascular physiology","HP:0030163","1","0","360","11","2","5200","HSPG2,MYPN"
"HP","Abnormality of the posterior hairline","HP:0030141","1","0","112","11","1","5200","MYO18B"
"HP","Abnormal muscle fiber protein expression","HP:0030089","1","0","33","11","1","5200","CRYAB"
"HP","Abnormal circulating testosterone concentration","HP:0030087","1","0","87","11","1","5200","GNRHR"
"HP","Abnormal morphology of myocardial trabeculae","HP:0030681","1","0","21","11","2","5200","PRDM16,LDB3"
"HP","Abnormal cardiovascular system morphology","HP:0030680","1","0","2046","11","7","5200","PRDM16,HSPG2,MYPN,LDB3,CRYAB,PKP2,MYO18B"
"HP","Antenatal onset","HP:0030674","1","0","291","11","1","5200","LDB3"
"HP","Abnormal ocular adnexa morphology","HP:0030669","1","0","1674","11","2","5200","PRDM16,HSPG2"
"HP","Horizontal eyebrow","HP:0011228","1","0","37","11","2","5200","PRDM16,HSPG2"
"HP","Abnormal shape of the frontal region","HP:0011218","1","0","450","11","2","5200","PRDM16,HSPG2"
"HP","Decreased circulating androgen concentration","HP:0030349","1","0","72","11","1","5200","GNRHR"
"HP","Abnormal circulating androgen level","HP:0030347","1","0","104","11","1","5200","GNRHR"
"HP","Weakness of facial musculature","HP:0030319","1","0","256","11","2","5200","MYPN,CRYAB"
"HP","Lower extremity joint dislocation","HP:0030311","1","0","329","11","1","5200","HSPG2"
"HP","Upper extremity joint dislocation","HP:0030310","1","0","91","11","1","5200","HSPG2"
"HP","Abnormal leukocyte count","HP:0011893","1","0","505","11","1","5200","MECOM"
"HP","Abnormal platelet morphology","HP:0011875","1","0","475","11","1","5200","MECOM"
"HP","Abnormal platelet count","HP:0011873","1","0","471","11","1","5200","MECOM"
"HP","Abnormal bone ossification","HP:0011849","1","0","783","11","2","5200","HSPG2,GNRHR"
"HP","Abnormal appendicular skeleton morphology","HP:0011844","1","0","1956","11","4","5200","PRDM16,HSPG2,MECOM,MYO18B"
"HP","Abnormal circulating monocarboxylic acid concentration","HP:0010996","1","0","135","11","1","5200","LDB3"
"HP","Abnormal cerebral subcortex morphology","HP:0010993","1","0","1261","11","2","5200","PRDM16,HSPG2"
"HP","Abnormal cellular immune system morphology","HP:0010987","1","0","661","11","1","5200","MECOM"
"HP","Storage in hepatocytes","HP:0031137","1","0","198","11","2","5200","PRDM16,HSPG2"
"HP","Abnormal breast morphology","HP:0031093","1","0","459","11","1","5200","GNRHR"
"HP","Abnormal ovarian physiology","HP:0031066","1","0","96","11","1","5200","GNRHR"
"HP","Abnormal ovarian morphology","HP:0031065","1","0","180","11","1","5200","GNRHR"
"HP","Abnormal metencephalon morphology","HP:0011283","1","0","1068","11","1","5200","CACNA2D2"
"HP","Abnormal hindbrain morphology","HP:0011282","1","0","1068","11","1","5200","CACNA2D2"
"HP","Abnormality of the urinary system physiology","HP:0011277","1","0","1161","11","1","5200","NOS1AP"
"HP","Vascular skin abnormality","HP:0011276","1","0","599","11","2","5200","PRDM16,HSPG2"
"HP","Abnormal morphology of the great vessels","HP:0030962","1","0","775","11","3","5200","PRDM16,HSPG2,MYPN"
"HP","Pulmonary venous hypertension","HP:0030950","1","0","9","11","1","5200","MYPN"
"HP","Right atrial enlargement","HP:0030718","1","0","27","11","1","5200","MYPN"
"HP","Ankle weakness","HP:0031374","1","0","17","11","1","5200","LDB3"
"HP","Congenital malformation of the great arteries","HP:0011603","1","0","559","11","2","5200","PRDM16,HSPG2"
"HP","Abnormal ventriculoarterial connection","HP:0011563","1","0","292","11","2","5200","PRDM16,HSPG2"
"HP","Abnormal connection of the cardiac segments","HP:0011545","1","0","296","11","2","5200","PRDM16,HSPG2"
"HP","Abnormality of the umbilical cord","HP:0010881","1","0","72","11","1","5200","HSPG2"
"HP","Abnormal circulating protein concentration","HP:0010876","1","0","730","11","5","5200","HSPG2,NOS1AP,MYPN,LDB3,CRYAB"
"HP","Abnormal circulating potassium concentration","HP:0011042","1","0","118","11","1","5200","NOS1AP"
"HP","Abnormal helix morphology","HP:0011039","1","0","195","11","1","5200","HSPG2"
"HP","Abnormal renal cortex morphology","HP:0011035","1","0","249","11","1","5200","NOS1AP"
"HP","Abnormal cardiovascular system physiology","HP:0011025","1","0","1536","11","7","5200","PRDM16,HSPG2,NOS1AP,MYPN,LDB3,CRYAB,PKP2"
"HP","Abnormality of the gastrointestinal tract","HP:0011024","1","0","1839","11","4","5200","PRDM16,HSPG2,MYPN,CRYAB"
"HP","Abnormal circulating enzyme concentration","HP:0011021","1","0","346","11","4","5200","HSPG2,MYPN,LDB3,CRYAB"
"HP","Abnormal systemic arterial morphology","HP:0011004","1","0","575","11","3","5200","PRDM16,HSPG2,MYPN"
"HP","High myopia","HP:0011003","1","0","108","11","1","5200","CRYAB"
"HP","Increased bone mineral density","HP:0011001","1","0","116","11","1","5200","HSPG2"
"HP","Abnormal atrioventricular valve physiology","HP:0031650","1","0","225","11","4","5200","PRDM16,MYPN,LDB3,CRYAB"
"HP","Abnormal QT interval","HP:0031547","1","0","68","11","1","5200","NOS1AP"
"HP","Cardiac conduction abnormality","HP:0031546","1","0","161","11","3","5200","MYPN,LDB3,PKP2"
"HP","Abnormal circulating fatty-acid anion concentration","HP:0010966","1","0","48","11","1","5200","LDB3"
"HP","Abnormal fetal cardiovascular morphology","HP:0010948","1","0","58","11","1","5200","HSPG2"
"HP","Dilatation of the renal pelvis","HP:0010946","1","0","297","11","2","5200","PRDM16,HSPG2"
"HP","Abnormal renal pelvis morphology","HP:0010944","1","0","315","11","2","5200","PRDM16,HSPG2"
"HP","Abnormal external nose morphology","HP:0010938","1","0","957","11","3","5200","PRDM16,HSPG2,MYO18B"
"HP","Abnormality of the lower urinary tract","HP:0010936","1","0","904","11","2","5200","PRDM16,HSPG2"
"HP","Abnormality of the upper urinary tract","HP:0010935","1","0","1519","11","3","5200","PRDM16,HSPG2,NOS1AP"
"HP","Abnormal blood monovalent inorganic cation concentration","HP:0010930","1","0","158","11","1","5200","NOS1AP"
"HP","Abnormal blood cation concentration","HP:0010929","1","0","374","11","1","5200","NOS1AP"
"HP","Dysregulated negative emotional state","HP:0031467","1","0","297","11","1","5200","HSPG2"
"HP","Abnormal prosody","HP:0031434","1","0","79","11","1","5200","HSPG2"
"HP","Restricted or repetitive behaviors or interests","HP:0031432","1","0","312","11","2","5200","PRDM16,HSPG2"
"HP","Abnormality of the ocular adnexa","HP:0032039","1","0","1697","11","2","5200","PRDM16,HSPG2"
"HP","Abnormal circulating acylcarnitine concentration","HP:0012071","1","0","29","11","1","5200","LDB3"
"HP","Abnormal atrial septum morphology","HP:0011994","1","0","576","11","1","5200","LDB3"
"HP","Abnormal neutrophil morphology","HP:0011992","1","0","251","11","1","5200","MECOM"
"HP","Abnormal total neutrophil count","HP:0011991","1","0","242","11","1","5200","MECOM"
"HP","Abnormal reflex","HP:0031826","1","0","1231","11","4","5200","HSPG2,MYPN,LDB3,CRYAB"
"HP","Abnormal oral morphology","HP:0031816","1","0","2346","11","6","5200","PRDM16,HSPG2,MECOM,GNRHR,MYPN,MYO18B"
"HP","Clinical course","HP:0031797","1","0","3659","11","9","5200","PRDM16,HSPG2,NOS1AP,CACNA2D2,GNRHR,MYPN,LDB3,CRYAB,PKP2"
"HP","Abnormal cranial nerve physiology","HP:0031910","1","0","300","11","4","5200","PRDM16,HSPG2,MYPN,CRYAB"
"HP","Abnormal eyelid physiology","HP:0031879","1","0","45","11","1","5200","HSPG2"
"HP","Abnormality of immune system physiology","HP:0010978","1","0","1903","11","3","5200","HSPG2,MYPN,LDB3"
"HP","Abnormal myeloid leukocyte morphology","HP:0010974","1","0","360","11","1","5200","MECOM"
"HP","Abnormal ear physiology","HP:0031704","1","0","1746","11","8","5200","PRDM16,HSPG2,NOS1AP,MECOM,GNRHR,MYPN,LDB3,CRYAB"
"HP","Abnormal ear morphology","HP:0031703","1","0","1728","11","3","5200","PRDM16,HSPG2,MYO18B"
"HP","Abnormal heart valve physiology","HP:0031653","1","0","417","11","4","5200","PRDM16,MYPN,LDB3,CRYAB"
"HP","Abnormal tricuspid valve physiology","HP:0031651","1","0","83","11","2","5200","MYPN,LDB3"
"HP","Abnormality of pulmonary circulation","HP:0030875","1","0","214","11","2","5200","HSPG2,MYPN"
"HP","Intercostal retractions","HP:0030864","1","0","1","11","1","5200","LDB3"
"HP","Abnormal jaw morphology","HP:0030791","1","0","1223","11","3","5200","HSPG2,MYPN,MYO18B"
"HP","Clinical modifier","HP:0012823","1","0","3680","11","9","5200","PRDM16,HSPG2,NOS1AP,CACNA2D2,GNRHR,MYPN,LDB3,CRYAB,PKP2"
"HP","Abnormal optic disc morphology","HP:0012795","1","0","795","11","2","5200","PRDM16,HSPG2"
"HP","Flexion contracture of finger","HP:0012785","1","0","250","11","2","5200","PRDM16,HSPG2"
"HP","Abnormal placental size","HP:0012767","1","0","16","11","1","5200","HSPG2"
"HP","Neurodevelopmental abnormality","HP:0012759","1","0","2987","11","6","5200","PRDM16,HSPG2,CACNA2D2,MECOM,MYPN,MYO18B"
"HP","Neurodevelopmental delay","HP:0012758","1","0","2582","11","5","5200","PRDM16,HSPG2,CACNA2D2,MYPN,MYO18B"
"HP","Abnormal circulating metabolite concentration","HP:0032180","1","0","1509","11","5","5200","HSPG2,NOS1AP,MYPN,LDB3,CRYAB"
"HP","Abnormal peripheral nervous system physiology","HP:0032120","1","0","561","11","1","5200","LDB3"
"HP","Unusual infection","HP:0032101","1","0","1185","11","2","5200","MYPN,LDB3"
"HP","Abnormal male urethral meatus morphology","HP:0032076","1","0","413","11","2","5200","PRDM16,HSPG2"
"HP","Abnormal ocular adnexa physiology","HP:0032040","1","0","45","11","1","5200","HSPG2"
"HP","Epsilon wave","HP:0034304","1","0","2","11","1","5200","PKP2"
"HP","Prenatal death","HP:0034241","1","0","68","11","1","5200","HSPG2"
"HP","Open neural tube defect","HP:0034237","1","0","153","11","1","5200","HSPG2"
"HP","Abnormal fetal physiology","HP:0034059","1","0","321","11","2","5200","HSPG2,MYPN"
"HP","Abnormal fetal morphology","HP:0034058","1","0","336","11","2","5200","HSPG2,MECOM"
"HP","Fetal anomaly","HP:0034057","1","0","610","11","3","5200","HSPG2,MECOM,MYPN"
"HP","Abnormal circulating sex hormone concentration","HP:0033799","1","0","128","11","1","5200","GNRHR"
"HP","Abnormal libido","HP:0031845","1","0","41","11","1","5200","GNRHR"
"HP","Wrist drop","HP:0031189","1","0","7","11","1","5200","LDB3"
"HP","Abnormal glomerular basement membrane morphology","HP:0033282","1","0","15","11","1","5200","NOS1AP"
"HP","Abnormal urine metabolite level","HP:0033354","1","0","631","11","1","5200","NOS1AP"
"HP","Abnormal blood vessel morphology","HP:0033353","1","0","1020","11","4","5200","PRDM16,HSPG2,MYPN,PKP2"
"HP","Abnormality of the musculoskeletal system","HP:0033127","1","0","3881","11","9","5200","PRDM16,HSPG2,CACNA2D2,MECOM,GNRHR,MYPN,LDB3,CRYAB,MYO18B"
"HP","Increased placental thickness","HP:0032548","1","0","1","11","1","5200","HSPG2"
"HP","Abnormality on pulmonary function testing","HP:0030878","1","0","221","11","1","5200","MYPN"
"HP","Abnormal enzyme concentration or activity","HP:0034684","1","0","743","11","2","5200","HSPG2,LDB3"
"HP","Finger joint contracture","HP:0034681","1","0","255","11","2","5200","PRDM16,HSPG2"
"HP","Toe joint contracture","HP:0034675","1","0","35","11","1","5200","HSPG2"
"HP","Abnormal knee morphology","HP:0034669","1","0","381","11","1","5200","HSPG2"
"HP","Shoulder contracture","HP:0034665","1","0","14","11","1","5200","HSPG2"
"HP","Abnormal liver metabolite concentration","HP:0034644","1","0","209","11","2","5200","PRDM16,HSPG2"
"HP","Abnormal eye contact","HP:0034435","1","0","128","11","1","5200","CACNA2D2"
"HP","Abnormal communication","HP:0034434","1","0","1845","11","3","5200","PRDM16,HSPG2,CACNA2D2"
"HP","Abnormal joint physiology","HP:0034430","1","0","1400","11","6","5200","PRDM16,HSPG2,MECOM,GNRHR,MYPN,MYO18B"
"HP","Joint contracture","HP:0034392","1","0","876","11","5","5200","PRDM16,HSPG2,GNRHR,MYPN,MYO18B"
"HP","Abnormal muscle tissue metabolite concentration","HP:0034370","1","0","62","11","1","5200","MYPN"
"HP","Fibrofatty replacement of right ventricular myocardium","HP:0034364","1","0","1","11","1","5200","PKP2"
"HP","Mendelian inheritance","HP:0034345","1","0","4850","11","11","5200","PRDM16,HSPG2,NOS1AP,CACNA2D2,MECOM,GNRHR,MYPN,LDB3,CRYAB,PKP2,MYO18B"
"HP","Second trimester onset","HP:0034198","1","0","65","11","1","5200","LDB3"
"HP","Abnormal left ventricular ejection fraction","HP:0034314","1","0","64","11","2","5200","LDB3,CRYAB"
"HP","Neural tube defect","HP:0045005","1","0","316","11","1","5200","HSPG2"
"HP","Male sexual dysfunction","HP:0040307","1","0","97","11","1","5200","GNRHR"
"HP","Abnormal consumption behavior","HP:0040202","1","0","177","11","2","5200","PRDM16,HSPG2"
"HP","Abnormal circulating creatine kinase concentration","HP:0040081","1","0","340","11","4","5200","HSPG2,MYPN,LDB3,CRYAB"
"HP","Abnormal forearm bone morphology","HP:0040072","1","0","239","11","1","5200","MECOM"
"HP","Abnormal morphology of ulna","HP:0040071","1","0","160","11","1","5200","MECOM"
"HP","Abnormal upper limb bone morphology","HP:0040070","1","0","471","11","1","5200","MECOM"
"HP","Abnormal lower limb bone morphology","HP:0040069","1","0","815","11","2","5200","PRDM16,HSPG2"
"HP","Abnormality of limb bone","HP:0040068","1","0","1833","11","3","5200","PRDM16,HSPG2,MECOM"
"HP","Abnormality of limbs","HP:0040064","1","0","2558","11","7","5200","PRDM16,HSPG2,MECOM,MYPN,LDB3,CRYAB,MYO18B"
"HP","Finger clinodactyly","HP:0040019","1","0","469","11","3","5200","PRDM16,HSPG2,MECOM"
"HP","Mortality/Aging","HP:0040006","1","0","455","11","2","5200","HSPG2,CRYAB"
"HP","Decreased head circumference","HP:0040195","1","0","1422","11","3","5200","PRDM16,HSPG2,MYO18B"
"HP","Decreased serum testosterone concentration","HP:0040171","1","0","69","11","1","5200","GNRHR"
"HP","Abnormal intermamillary distance","HP:0040157","1","0","127","11","1","5200","GNRHR"
"HP","Digestive system neoplasm","HP:0034930","1","0","353","11","1","5200","HSPG2"
"HP","EMG: myotonic discharges","HP:0100284","1","0","9","11","1","5200","HSPG2"
"HP","Abnormal tendon morphology","HP:0100261","1","0","907","11","5","5200","PRDM16,HSPG2,GNRHR,MYPN,MYO18B"
"HP","Synostosis of joints","HP:0100240","1","0","200","11","2","5200","MECOM,MYO18B"
"HP","Synostosis involving bones of the upper limbs","HP:0100238","1","0","125","11","1","5200","MECOM"
"HP","Abnormality of the scalp hair","HP:0100037","1","0","458","11","2","5200","HSPG2,MYO18B"
"HP","Abnormality of the axillary hair","HP:0100134","1","0","69","11","1","5200","GNRHR"
"HP","Abnormality of the pubic hair","HP:0100133","1","0","71","11","1","5200","GNRHR"
"HP","Abnormality of movement","HP:0100022","1","0","2107","11","6","5200","PRDM16,HSPG2,CACNA2D2,MYPN,LDB3,CRYAB"
"HP","Posterior capsular cataract","HP:0100020","1","0","2","11","1","5200","CRYAB"
"HP","Capsular cataract","HP:0100017","1","0","2","11","1","5200","CRYAB"
"HP","Neoplasm of the central nervous system","HP:0100006","1","0","180","11","2","5200","PRDM16,HSPG2"
"HP","Abnormal cervical spine morphology","HP:0046508","1","0","23","11","1","5200","HSPG2"
"HP","Increased libido","HP:0046503","1","0","18","11","1","5200","GNRHR"
"HP","Aplasia/hypoplasia involving bones of the extremities","HP:0045060","1","0","704","11","3","5200","PRDM16,HSPG2,MECOM"
"HP","Abnormality of the testis size","HP:0045058","1","0","230","11","2","5200","HSPG2,GNRHR"
"HP","Narrow palpebral fissure","HP:0045025","1","0","81","11","1","5200","HSPG2"
"HP","Clubbing of fingers","HP:0100759","1","0","41","11","1","5200","HSPG2"
"HP","Abnormal eating behavior","HP:0100738","1","0","133","11","2","5200","PRDM16,HSPG2"
"HP","Large face","HP:0100729","1","0","301","11","1","5200","MYPN"
"HP","Self-injurious behavior","HP:0100716","1","0","240","11","2","5200","PRDM16,HSPG2"
"HP","Abnormal thoracic spine morphology","HP:0100711","1","0","119","11","1","5200","MYPN"
"HP","Abnormally ossified vertebrae","HP:0100569","1","0","27","11","1","5200","HSPG2"
"HP","Lower limb asymmetry","HP:0100559","1","0","51","11","2","5200","PRDM16,HSPG2"
"HP","Asymmetric growth","HP:0100555","1","0","80","11","2","5200","PRDM16,HSPG2"
"HP","Abnormal forebrain morphology","HP:0100547","1","0","2182","11","3","5200","PRDM16,HSPG2,MYO18B"
"HP","Cognitive impairment","HP:0100543","1","0","1064","11","1","5200","HSPG2"
"HP","Thin corpus callosum","HP:0033725","1","0","903","11","2","5200","PRDM16,HSPG2"
"HP","Abnormal muscle fiber-type distribution","HP:0033684","1","0","90","11","1","5200","MYPN"
"HP","Muscle fiber cytoplasmatic inclusion bodies","HP:0100303","1","0","33","11","2","5200","MYPN,MYO18B"
"HP","Abnormal renal corpuscle morphology","HP:0031263","1","0","211","11","1","5200","NOS1AP"
"HP","Abnormality of globe location","HP:0100886","1","0","1174","11","4","5200","PRDM16,HSPG2,GNRHR,MYPN"
"HP","Abnormal cerebral vascular morphology","HP:0100659","1","0","380","11","1","5200","MYPN"
"HP","Neoplasm of the oral cavity","HP:0100649","1","0","65","11","1","5200","HSPG2"
"HP","Abnormal wrist morphology","HP:0025798","1","0","146","11","1","5200","HSPG2"
"HP","Abnormal cognitive process","HP:0025792","1","0","1881","11","3","5200","PRDM16,HSPG2,CACNA2D2"
"HP","Diagnostic behavioral phenotype","HP:0025783","1","0","721","11","2","5200","PRDM16,HSPG2"
"HP","Abnormal volitional state","HP:0025780","1","0","1244","11","3","5200","HSPG2,GNRHR,LDB3"
"HP","Abnormal affect","HP:0025766","1","0","1394","11","3","5200","HSPG2,GNRHR,LDB3"
"HP","Erectile dysfunction","HP:0100639","1","0","76","11","1","5200","GNRHR"
"HP","Displacement of the urethral meatus","HP:0100627","1","0","410","11","2","5200","PRDM16,HSPG2"
"HP","Odontogenic neoplasm","HP:0100612","1","0","8","11","1","5200","HSPG2"
"HP","Pulmonary edema","HP:0100598","1","0","28","11","1","5200","MYPN"
"HP","Abnormal placenta morphology","HP:0100767","1","0","40","11","1","5200","HSPG2"
"HP","Abnormality of the lymphatic system","HP:0100763","1","0","814","11","3","5200","PRDM16,HSPG2,MECOM"
"HP","Abnormal cardiac exercise stress test","HP:0500018","1","0","19","11","1","5200","NOS1AP"
"HP","Abnormal cardiac test","HP:0500015","1","0","25","11","1","5200","NOS1AP"
"HP","Abnormal circulating hepatic transaminase concentration","HP:0430135","1","0","377","11","1","5200","LDB3"
"HP","Pre-capillary pulmonary hypertension","HP:0033578","1","0","164","11","1","5200","HSPG2"
"HP","Pediatric onset","HP:0410280","1","0","2227","11","8","5200","PRDM16,HSPG2,NOS1AP,CACNA2D2,GNRHR,MYPN,LDB3,CRYAB"
"HP","Abnormal skin morphology","HP:0011121","1","0","2047","11","2","5200","PRDM16,HSPG2"
"HP","Concave nasal ridge","HP:0011120","1","0","24","11","1","5200","HSPG2"
"HP","Abnormal nasal dorsum morphology","HP:0011119","1","0","269","11","2","5200","PRDM16,HSPG2"
"HP","Supernumerary tooth","HP:0011069","1","0","54","11","1","5200","HSPG2"
"HP","Epileptic encephalopathy","HP:0200134","1","0","132","11","1","5200","CACNA2D2"
"HP","Abnormal size of the palpebral fissures","HP:0200007","1","0","321","11","1","5200","HSPG2"
"HP","Interstitial cardiac fibrosis","HP:0031329","1","0","10","11","1","5200","MYPN"
"HP","Left atrial enlargement","HP:0031295","1","0","26","11","2","5200","MYPN,LDB3"
"HP","Podocyte foot process effacement","HP:0031266","1","0","10","11","1","5200","NOS1AP"
"HP","Abnormal glomerular visceral epithelial cell morphology","HP:0031265","1","0","10","11","1","5200","NOS1AP"
"HP","Abnormal Bowman capsule morphology","HP:0031264","1","0","13","11","1","5200","NOS1AP"
"HP","Abnormal immune system morphology","HP:0032251","1","0","689","11","1","5200","MECOM"
"HP","Abnormal tissue metabolite concentration","HP:0032243","1","0","280","11","3","5200","PRDM16,HSPG2,MYPN"
"HP","Sunken fontanelle","HP:6000084","1","0","1","11","1","5200","LDB3"
"HP","Abnormally increased volition","HP:5200263","1","0","823","11","1","5200","HSPG2"
"HP","Recurrent maladaptive behavior","HP:5200241","1","0","1046","11","2","5200","PRDM16,HSPG2"
"HP","Maladaptive fear-related cognitions","HP:5200230","1","0","509","11","2","5200","HSPG2,GNRHR"
"HP","Craniofacial cleft","HP:5201015","1","0","688","11","3","5200","HSPG2,MECOM,GNRHR"
"HP","Abnormal experience of reality","HP:5200423","1","0","636","11","2","5200","HSPG2,GNRHR"
"HP","Reduced attention regulation","HP:5200044","1","0","550","11","1","5200","HSPG2"
"HP","Abnormal judgment","HP:5200401","1","0","529","11","2","5200","HSPG2,GNRHR"
"HP","Abnormality of lower limb joint","HP:0100491","1","0","782","11","2","5200","HSPG2,MYO18B"
"HP","Camptodactyly of finger","HP:0100490","1","0","211","11","2","5200","PRDM16,HSPG2"
"HP","Abnormal Intonation","HP:5200010","1","0","70","11","1","5200","HSPG2"
"HP","Abnormal pitch","HP:5200005","1","0","61","11","1","5200","HSPG2"
"HP","Left ventricular dilatation","HP:4000141","1","0","3","11","1","5200","LDB3"
"HP","Elevated circulating aspartate aminotransferase concentration","HP:0031956","1","0","95","11","1","5200","LDB3"
"HP","Tip-toe gait","HP:0030051","1","0","98","11","1","5200","MYPN"
"HP","Flexion contracture of digit","HP:0030044","1","0","348","11","3","5200","PRDM16,HSPG2,GNRHR"
"HP","Increased female libido","HP:0030019","1","0","18","11","1","5200","GNRHR"
"HP","Female sexual dysfunction","HP:0030014","1","0","45","11","1","5200","GNRHR"
"HP","Abnormal female reproductive system physiology","HP:0030012","1","0","392","11","1","5200","GNRHR"
"HP","Upper-limb joint contracture","HP:0100360","1","0","369","11","2","5200","PRDM16,HSPG2"
"HP","Abnormal emotional state","HP:0100851","1","0","658","11","2","5200","HSPG2,GNRHR"
"HP","Malignant neoplasm of the central nervous system","HP:0100836","1","0","98","11","2","5200","PRDM16,HSPG2"
"HP","Testicular torsion","HP:0100813","1","0","2","11","1","5200","HSPG2"
"HP","Abnormally straight spine","HP:0100795","1","0","1","11","1","5200","HSPG2"
"HP","Hernia","HP:0100790","1","0","619","11","1","5200","HSPG2"
"HP","Elbow instability","HP:6001426","1","0","80","11","1","5200","HSPG2"
"HP","Echophenomenon","HP:6000768","1","0","305","11","2","5200","PRDM16,HSPG2"
"HP","Abnormal language feature","HP:4000072","1","0","1799","11","3","5200","PRDM16,HSPG2,CACNA2D2"
"HP","Abnormal lung development","HP:4000059","1","0","256","11","1","5200","HSPG2"
"HP","Abnormal circulating organic compound concentration","HP:0430071","1","0","797","11","1","5200","LDB3"
"HP","Abnormal frontal bone morphology","HP:0430000","1","0","450","11","2","5200","PRDM16,HSPG2"
"HP","Abnormal granulocyte count","HP:0032309","1","0","286","11","1","5200","MECOM"
"HP","Abnormal skin adnexa morphology","HP:0011138","1","0","1561","11","4","5200","PRDM16,HSPG2,GNRHR,MYO18B"
"HP","Primitive neuroectodermal tumor","HP:0030065","1","0","68","11","2","5200","PRDM16,HSPG2"
"HP","Neuroepithelial neoplasm","HP:0030063","1","0","92","11","2","5200","PRDM16,HSPG2"
"HP","Neuroectodermal neoplasm","HP:0030061","1","0","93","11","2","5200","PRDM16,HSPG2"
"HP","Nervous tissue neoplasm","HP:0030060","1","0","93","11","2","5200","PRDM16,HSPG2"
"HP","Abnormal neural tube morphology","HP:0410043","1","0","316","11","1","5200","HSPG2"
"HP","Abnormal liver morphology","HP:0410042","1","0","926","11","5","5200","PRDM16,HSPG2,MECOM,MYPN,LDB3"
"HP","Abnormality of the peripheral nervous system","HP:0410008","1","0","811","11","2","5200","NOS1AP,LDB3"
